Country,Year,co2-emissions,coal-lignite,electricity,natural-gas,oil-products
0,1990,-0.3962702706070942,-0.19466858570003034,-0.4347956710443209,-0.22598799173688505,-0.25389296951936946
0,1991,-0.3866067738568754,-0.19499870925522844,-0.4334250359378719,-0.19812860894355983,-0.24725192253643222
0,1992,-0.3782425747397512,-0.19596037352471854,-0.42863438160414924,-0.18817730450408324,-0.23750972175583399
0,1993,-0.36989533445467837,-0.19877360034292835,-0.4288839860804035,-0.125718611607827,-0.2483387827158586
0,1994,-0.37279484947508507,-0.197295220943563,-0.42736884311928097,-0.12127025958348711,-0.2596061390220445
0,1995,-0.3746283566313083,-0.19888842592734507,-0.4246450890099798,-0.1201973607475055,-0.2643397107874789
0,1996,-0.3799647431737329,-0.20161553355724235,-0.42214466522153776,-0.12852071351373898,-0.2664511067565347
0,1997,-0.37848064960067596,-0.202189661479326,-0.421089319979831,-0.10951533839699641,-0.2703800119727832
0,1998,-0.3666670138510205,-0.1981851192227926,-0.4167497053137258,-0.0907240550889119,-0.2627359916417757
0,1999,-0.3551943027577189,-0.19769711048902153,-0.41107010872246597,-0.06277500991418289,-0.25631243510577817
0,2000,-0.31653007073830897,-0.1988597195312409,-0.4040943204650435,0.03787802761557588,-0.22948241435688643
0,2001,-0.3535291146378065,-0.19809900003448006,-0.40165082401329105,-0.062234595833068694,-0.2500529307422115
0,2002,-0.34478090497420333,-0.19524271362211398,-0.3969521292234516,-0.04889381037317608,-0.23687897672901537
0,2003,-0.3399891614693282,-0.19416622376820716,-0.3883648594351243,-0.03888333948120222,-0.23164748647980135
0,2004,-0.32918060669647237,-0.1990032515117618,-0.3842135428826845,-0.01348509755969564,-0.22405109488094577
0,2005,-0.3174726047034748,-0.19652014824875008,-0.3770056662526046,-0.015895613247967705,-0.2078510036447798
0,2006,-0.30319388627260224,-0.19466858570003034,-0.3718690688728453,0.0467637525971447,-0.21467492169986618
0,2007,-0.29049547219136324,-0.19278831675520644,-0.36480132107153973,0.06973867042256768,-0.19609521231158247
0,2008,-0.28047112793296325,-0.1928026699532585,-0.3560345112213453,0.07105066894229282,-0.1749188595105265
0,2009,-0.2611910010423997,-0.20068257568385642,-0.3650771997031892,0.10112965313649137,-0.15822615185699032
0,2010,-0.25786556866077376,-0.2026489638169929,-0.34058530784897467,0.0962805651626122,-0.15646817588188364
0,2011,-0.23544245637537745,-0.20365368768063927,-0.3293312112880358,0.1508227407239026,-0.1449042421740716
0,2012,-0.20641313956201987,-0.20372545367089973,-0.3079265326927558,0.2501698792156643,-0.12171186187862719
0,2013,-0.19569170210262046,-0.20562007581377573,-0.29750007202676537,0.2694448514247909,-0.10714807925916524
0,2014,-0.1714628873454396,-0.20671091886573462,-0.2861540159219433,0.3469735338267876,-0.09777758346524786
0,2015,-0.1495611629478951,-0.20688315724235973,-0.266509705738141,0.41490224193684844,-0.09031021762603311
0,2016,-0.1599539429911791,-0.20995474162550717,-0.2572480659613372,0.4050951634025228,-0.09613250502982688
0,2017,-0.15232336764600418,-0.20472730689493565,-0.23870727030413277,0.4385588988350267,-0.1034224604495354
0,2018,-0.131480025742229,-0.2012897159614599,-0.23155632101074242,0.5230519694742243,-0.0968711775037708
0,2019,-0.11713688157271337,-0.20276320813153353,-0.21259951789311424,0.5577060529230745,-0.0888377111441318
0,2020,-0.1453682758044126,-0.2067071941761951,-0.22784728607412172,0.513983808994167,-0.12618178191096532
0,2021,-0.11503365851613626,-0.20333935264329847,-0.20767749278241562,0.6206830187817715,-0.12289252822044079
0,2022,-0.08649956656972792,-0.20575096262681275,-0.18186306504222885,0.6916892771229504,-0.09695146378270729
0,2023,-0.08697598632659868,-0.2062156315894902,-0.16417266311097806,0.7180895888455052,-0.08405471146491804
0,2024,-0.08614103551603142,-0.2062156315894902,-0.14486282146137247,0.7400760456091223,-0.09377064321710112
1,1990,-0.2336492615785941,-0.19330759110143955,-0.31065904485385537,-0.0558680259847827,-0.06848072997838708
1,1991,-0.24502119652294152,-0.1935622933527816,-0.30645080096472616,-0.0628829417034543,-0.08004116063682484
1,1992,-0.21670275608316228,-0.1897023791740069,-0.29393992397071744,-0.012806041904491623,-0.04837788923858502
1,1993,-0.20451875558114652,-0.19218548193287122,-0.27712884354369616,0.013534319789853552,-0.039494767285025024
1,1994,-0.19047842771126866,-0.18531030006591964,-0.259897376630352,0.02422471475868,-0.032536903203946074
1,1995,-0.19138586257493734,-0.18739151479176766,-0.24544221213709932,0.044164770424768525,-0.037062873639094114
1,1996,-0.16069414634745366,-0.18785081662528716,-0.2309520154366531,0.17222882816948137,-0.03825759895024266
1,1997,-0.17311468169684124,-0.19000379683724822,-0.2137555807305025,0.14505345436918596,-0.04442997678613596
1,1998,-0.15669865131244032,-0.1897310855701111,-0.19235090213522255,0.16926520840421966,-0.024621193816665325
1,1999,-0.13459791302959442,-0.18875506860671631,-0.17942839670668922,0.23397923370057275,-0.018636516204609592
1,2000,-0.13455497856093304,-0.19274525665690276,-0.16348436340770922,0.2776905222446461,-0.01881381856504206
1,2001,-0.18078163072369308,-0.1957004584826884,-0.15741503351142078,0.22296578073081347,-0.0710531229996349
1,2002,-0.20426688590368608,-0.19832864486362317,-0.1650170224724285,0.20649343145412943,-0.10376115306859267
1,2003,-0.1781513135042762,-0.19669238662537517,-0.14134838748726328,0.2951742323530086,-0.09160047522244168
1,2004,-0.1294586739821995,-0.1939365720952263,-0.1164755203798185,0.36816256642350165,-0.04460284227325878
1,2005,-0.10770439958332327,-0.19103722708969229,-0.09445339913275168,0.3886520986103806,-0.01471725069644476
1,2006,-0.08888431721353457,-0.18908519116092604,-0.05764768644999233,0.4268918097329986,0.01374905752431979
1,2007,-0.07330775114571687,-0.18965932008399802,-0.06230697000673899,0.48493344139860295,0.0019109440772709374
1,2008,-0.04099858554494616,-0.18858283072693213,-0.021017134803200867,0.5019290372859201,0.039086491073793465
1,2009,-0.06999503607091473,-0.19244383950511532,-0.023929187026167576,0.4830316229957658,0.015571546379246917
1,2010,-0.05040189938838202,-0.1883675312583215,0.00399148210711901,0.4831792304535871,0.039796132751818196
1,2011,-0.02547594004009517,-0.1844204022981439,0.01814887283922616,0.5344051177992821,0.05673076370468097
1,2012,-0.007461540576311811,-0.18315732135909435,0.03505191281013051,0.5739078012634728,0.07618139697054047
1,2013,-0.004889075812281234,-0.18475052584603552,0.03974622857407079,0.5150594849241792,0.09029358943125944
1,2014,-0.018543658612061784,-0.1791814854986652,0.06304702538370344,0.5316965026498176,0.0703913660066569
1,2015,0.004089530562619093,-0.18047327382750078,0.07565424094749462,0.5434403050910663,0.09866413558796014
1,2016,0.0013654295507408171,-0.18693221194995335,0.07416099311586806,0.5504850631492585,0.09589008175568173
1,2017,-0.00902011525288913,-0.18611407966098414,0.07512437881369162,0.5754596490932461,0.07240739350104532
1,2018,-0.0437370239892336,-0.18396110045001143,0.07399896915759771,0.5253405932202823,0.035247974724477917
1,2019,-0.06897658537922788,-0.19505612254427776,0.0603145132226039,0.48233652971771507,0.020022935086856552
1,2020,-0.09588691717984442,-0.19098968880090283,0.05551026639249015,0.4401976892873008,0.01190634949418946
1,2021,-0.016788561190983847,-0.1827410786228902,0.07540025744534104,0.663884549955547,0.043962439043501327
1,2022,-0.043743002684981803,-0.18163588137189082,0.05503340798817107,0.46281001122243015,0.05606303927031956
1,2023,-0.06780035017952661,-0.18554764673182234,0.05450354585436814,0.42628051066181233,0.04721511393116761
1,2024,-0.08907963726226491,-0.19242397532873015,0.0519377716753572,0.4216214195399017,0.024864567947715417
2,1990,0.29740518842114827,1.140681195076249,0.09849961906361061,-0.1385324028223246,0.11729222963610919
2,1991,0.2995280307683154,1.1962567779339452,0.1099288766605175,-0.16643753172861095,0.10809914426169798
2,1992,0.31542506365556017,1.235699366181091,0.11700976153952065,-0.1521067994083224,0.1054541161890604
2,1993,0.32443314586549066,1.2099640820736923,0.13506886434781326,-0.13694531767665993,0.11719546031637855
2,1994,0.3283149723488183,1.2172555066841542,0.1517485739978585,-0.11809120970677543,0.1301625491602849
2,1995,0.3586753339297912,1.249851619460453,0.17197967365215336,-0.08464836133950175,0.1486132327889278
2,1996,0.4131142980183709,1.3579312007926978,0.18961838997412295,-0.08385420881849659,0.16799935317496686
2,1997,0.43851717951789576,1.4403472640078037,0.2123849456240535,-0.07996090963141843,0.16996699600948995
2,1998,0.4936609900354244,1.5853432707300268,0.2548965290534679,-0.06040170157375974,0.1769182588101412
2,1999,0.5140064955111253,1.6220300449511709,0.27855640598683473,-0.040543008963248875,0.1841598295699844
2,2000,0.5305472293529601,1.625403046493412,0.29780222481381,-0.01402917183915372,0.20159443534145552
2,2001,0.5165860421818914,1.6282162733116214,0.3336357937469474,0.015325193925741073,0.19775591899213998
2,2002,0.5413990969293019,1.656161949919043,0.37614299815046254,0.07244745025803896,0.18933698817557393
2,2003,0.5095732146134083,1.660117339934418,0.3588414668227312,0.03310396326695285,0.22767376700886413
2,2004,0.5483013883576155,1.7371869913008828,0.3784376077216423,0.05247530728738445,0.2478662983926586
2,2005,0.5493929359847991,1.7645785456337104,0.38016294392592637,0.04578417583160387,0.2518822251614804
2,2006,0.563239948700394,1.8029711507001418,0.39704408876733466,0.047220603778583246,0.25755935858567813
2,2007,0.5940581431205989,1.8147993591153777,0.43921410817661166,0.13231264352348548,0.26573636610291756
2,2008,0.6066719252081826,1.8027442450684754,0.4429975865535187,0.1557993078658999,0.2843967165909769
2,2009,0.625036333268323,1.8641543718525617,0.4760066837816734,0.17644300377482383,0.271494140626891
2,2010,0.6512378600257797,1.7013435696961667,0.4859602096505504,0.19504703299385412,0.3053311460927063
2,2011,0.6479895792940326,1.6313883300811336,0.49861559449923276,0.20492575360076595,0.3409261275336283
2,2012,0.6517348679481596,1.612571287434843,0.48887226187351723,0.23991055094891595,0.35987678598087947
2,2013,0.6268618660765528,1.4561357818651044,0.48793077130518964,0.26507335287022626,0.3829562687366381
2,2014,0.5988289959986256,1.3833076549487942,0.4877468522174233,0.28345414105800604,0.3769726991332933
2,2015,0.6118468040791453,1.4545856364754777,0.5053899475652921,0.2914902082348435,0.3541996525566817
2,2016,0.6252250778921834,1.4888467202258195,0.5238387836786134,0.29855035833517785,0.3568285524093641
2,2017,0.667609164203658,1.504419940112338,0.5254486274538319,0.329387237901145,0.36628841467005274
2,2018,0.6576188525694887,1.3745378509389674,0.5417201199305282,0.3588587387230952,0.3866140683813567
2,2019,0.6513046373415785,1.3208568902241469,0.5565916027950434,0.37852850110697295,0.3849844891653126
2,2020,0.6016496637608529,1.2381681162460507,0.5615613724251208,0.41264054435288,0.3456531959049306
2,2021,0.5777958795716208,1.2116290530477352,0.557551997618178,0.3756650298756015,0.3418986914533612
2,2022,0.5572162944896427,1.1530249454010475,0.577710098910733,0.37499483895160163,0.3382020873114306
2,2023,0.5687363441151828,1.1012019812040108,0.5918624708321735,0.3834556527874726,0.38565401900529084
2,2024,0.5737678621311062,1.1163986811076154,0.6145657286185059,0.34769924223023485,0.39905121732990484
3,1990,-0.38844956036479134,-0.207084102015089,-0.4134435407598313,-0.15086482196809675,-0.2598178093542118
3,1991,-0.3934341498407158,-0.20780176191769353,-0.4121123168864751,-0.15058631672017003,-0.26283378648581684
3,1992,-0.44028485862841554,-0.20995474162550717,-0.42710172253942996,-0.4926170763121979,-0.21836924047302914
3,1993,-0.41652115850363436,-0.20986862243719462,-0.4236072598718699,-0.39305828580446933,-0.2243528294302379
3,1994,-0.4442514838257548,-0.20983991604109048,-0.42691780345166364,-0.40533898231592663,-0.2665923278308411
3,1995,-0.4568959123125387,-0.20995474162550717,-0.43038161293792926,-0.4207596920210354,-0.2786075146175989
3,1996,-0.4650235856157643,-0.20995474162550717,-0.4294970497062912,-0.41891825848730696,-0.2918493686551265
3,1997,-0.4723970418825252,-0.20995474162550717,-0.43222518284149164,-0.4273135851379326,-0.3005423292184838
3,1998,-0.46849943099377417,-0.20995474162550717,-0.42361163889776915,-0.4330409984806655,-0.29107521087163735
3,1999,-0.4701743249529165,-0.20995474162550717,-0.4236028808459707,-0.4195343061418501,-0.2964619347288575
3,2000,-0.46512962860965684,-0.20995474162550717,-0.42232420528340486,-0.4228664530099385,-0.2868487059989718
3,2001,-0.47068947712159376,-0.20995474162550717,-0.4195479028633134,-0.35894754418796315,-0.3257015878708254
3,2002,-0.4728239070302168,-0.20995474162550717,-0.4225081243711712,-0.3583723630609986,-0.3292014116010838
3,2003,-0.46388158507399285,-0.20995474162550717,-0.4134785729670249,-0.35301396836281884,-0.3168310668955164
3,2004,-0.4587328152998398,-0.20995474162550717,-0.4109956652821796,-0.33354442268656403,-0.31200872912893923
3,2005,-0.4549464535624003,-0.20995474162550717,-0.4064020671139209,-0.3346874655624193,-0.30508972276819823
3,2006,-0.4514973229479185,-0.20995474162550717,-0.3995094803485832,-0.31067258610234705,-0.3121054984486699
3,2007,-0.46897389110432136,-0.20983991604109048,-0.4159264484446766,-0.3469498026338748,-0.3256532032109601
3,2008,-0.46231362767900935,-0.20986862243719462,-0.4169161082978953,-0.30809433517585805,-0.3265563835284461
3,2009,-0.4760157932669634,-0.20986862243719462,-0.4309377492271274,-0.3320818889577882,-0.3358946228824533
3,2010,-0.47837581359107295,-0.20982556284303835,-0.43101219266741375,-0.34241313011411145,-0.33574463043687086
3,2011,-0.46979846749287507,-0.20983991604109048,-0.42598507093513444,-0.329162555013061,-0.3282385568697639
3,2012,-0.4649075268227533,-0.20986862243719462,-0.4108511574275061,-0.31938020621745405,-0.3237678142982081
3,2013,-0.4629341453738666,-0.20988297563524672,-0.40805733890381773,-0.3181198093131492,-0.319558348889925
3,2014,-0.4590604046224844,-0.2099116820313509,-0.40257041945212263,-0.30243596796628786,-0.32011315965638076
3,2015,-0.45677558156090503,-0.20988297563524672,-0.3996837655793713,-0.2935898896159519,-0.31710685945674877
3,2016,-0.45493966455651264,-0.20992603522940298,-0.3993023524235511,-0.2982617876456284,-0.31492954976280924
3,2017,-0.4557991758747322,-0.20992603522940298,-0.4022503126588913,-0.30580221093723653,-0.30949272681594253
3,2018,-0.454165644568657,-0.2099403884274551,-0.3986722105966566,-0.300915794135181,-0.3087088953261243
3,2019,-0.4486016660085541,-0.20993608246803946,-0.394973247419604,-0.26587219778317156,-0.3064767496843374
3,2020,-0.4522223284386331,-0.20993608246803946,-0.3934475947963234,-0.2634302092784896,-0.3140537874192469
3,2021,-0.4462573711003376,-0.20995187098589677,-0.38722105787025374,-0.2520658989018694,-0.3052509404548695
3,2022,-0.4386835538955194,-0.20969781938037477,-0.388197142743185,-0.23245112456566727,-0.3002706106456121
3,2023,-0.43553651475806976,-0.20969781938037477,-0.3882546507253964,-0.2234597530346103,-0.29671844774840045
3,2024,-0.439623724261154,-0.20969781938037477,-0.38445587498897954,-0.25216339395151727,-0.292596056669224
4,1990,-0.23289049420874444,0.028597512460471902,-0.23093887835895552,-0.34085973670324515,-0.10028229602427598
4,1991,-0.22082280707729307,0.020026959640432378,-0.2192249840786008,-0.32599897059543803,-0.07462068525370465
4,1992,-0.22522189874640428,-0.0056270684029969915,-0.21008157800107533,-0.3186909731269783,-0.06730976314805444
4,1993,-0.231650709424874,-0.015991700999496133,-0.20669659098099524,-0.3072715397876732,-0.0749432496528068
4,1994,-0.22260890336156758,-0.0022232645802356867,-0.19278004667334395,-0.3014655610249867,-0.03640809371406873
4,1995,-0.21894831238664642,-0.011928703995888341,-0.18399134169365358,-0.26526884126852207,-0.038066074725453744
4,1996,-0.20510888201119745,-0.021562543616205427,-0.17708999687651747,-0.23002470397581848,-0.015167228033192297
4,1997,-0.21739480201443373,-0.03498096887078836,-0.16869978325365406,-0.24732320705819985,-0.014907563691915043
4,1998,-0.20899865989841043,-0.03564950448091494,-0.15903965212002322,-0.21425107098689222,-0.014383396543374071
4,1999,-0.220716393828855,-0.058600268166208336,-0.15674942157474267,-0.19183673102484036,-0.020166976219275566
4,2000,-0.21612317273128337,-0.043256699448523124,-0.14310437687284167,-0.18978752455041334,-0.020010532485711045
4,2001,-0.20481873769671444,-0.052442746201861325,-0.1402580100383629,-0.18982328889050462,-0.010680357241681393
4,2002,-0.22378006218350843,-0.07318311738713272,-0.13753425592906177,-0.17936217833344636,-0.029995513459918025
4,2003,-0.20930171387410587,-0.07784790675406227,-0.1304095807910666,-0.1564937781588949,-0.014915627801892579
4,2004,-0.2153347923636923,-0.08756904623229424,-0.1272798909809098,-0.15399241636571312,-0.009846528270002337
4,2005,-0.22300469569078488,-0.09677977498477021,-0.12511971750483541,-0.15161901869810113,-0.010864218949169648
4,2006,-0.23182622541198739,-0.09952168296793808,-0.11373074694620117,-0.14989047019343743,-0.02930200000184842
4,2007,-0.24494027747919728,-0.10915223170567259,-0.1127726160794567,-0.14505501398925416,-0.04402061353287938
4,2008,-0.23841960452930375,-0.11090332186802769,-0.11213897103184267,-0.1427092348367241,-0.016888109102402255
4,2009,-0.2604291712568577,-0.14529358440083756,-0.13597357109858754,-0.13538504516281707,-0.04424208624930288
4,2010,-0.24315049041755477,-0.12798513811873366,-0.10910912301218761,-0.08604044798329918,-0.03539151588207832
4,2011,-0.2745061434617455,-0.13284111568980753,-0.11951062323055264,-0.15095382170147686,-0.05815570806593459
4,2012,-0.2779943938196209,-0.1367032862168759,-0.12177414171784808,-0.14531852197049167,-0.05790880114664182
4,2013,-0.27771650048776514,-0.13204852783038368,-0.12329016048415047,-0.14226020963130528,-0.04749269672481484
4,2014,-0.2992697030580946,-0.1356584104175631,-0.13056065718458898,-0.19353109760299875,-0.048347702049295005
4,2015,-0.2825969917598876,-0.13765345291509226,-0.12818065660837488,-0.16537304899059266,-0.041265091025329347
4,2016,-0.2881142374202185,-0.14213069241788315,-0.127011018790699,-0.16044710732133316,-0.04691688701597765
4,2017,-0.28967716701509855,-0.14407378136988372,-0.12663617417372766,-0.15144903047645697,-0.057836820900982217
4,2018,-0.2872509519570221,-0.14408715241806166,-0.12436521134240348,-0.13901740161796866,-0.055502583626879536
4,2019,-0.28873464972579344,-0.14411129605868406,-0.1284228167406004,-0.13536173428562084,-0.07299262209033634
4,2020,-0.308939304714897,-0.15854098003279454,-0.14066832476511784,-0.1382781479803316,-0.09981935159868462
4,2021,-0.2988457282551754,-0.15320686625595042,-0.13268842586900917,-0.1366104579663069,-0.07986342120163159
4,2022,-0.31704137656998893,-0.15133537973782155,-0.1491842164312882,-0.20341880821024932,-0.09780916251991997
4,2023,-0.32554392535832766,-0.15893203065906183,-0.15872523806046082,-0.22574389358251123,-0.09932153796155022
4,2024,-0.32769285863108455,-0.15477511618935968,-0.14970613428269888,-0.23847207331261905,-0.09067697549375071
5,1990,0.04546757793097682,0.008004922549134543,0.45020546318359866,-0.4747492545377553,0.531975766547769
5,1991,0.0808662169878353,0.04156833096895424,0.4835517454059916,-0.4749907940141901,0.5465282045773145
5,1992,0.08936680418033674,0.03165479787247434,0.505543213471764,-0.467767177803542,0.5745716340965002
5,1993,0.11308716078099165,0.03360169897004093,0.5528892414938931,-0.4588668140658254,0.6099126880039831
5,1994,0.14475391960909573,0.04453899950539124,0.5921296925766064,-0.45567983486286706,0.668801155938426
5,1995,0.19017359019597097,0.05859895060972846,0.6568473163408538,-0.44807988062959214,0.7242436022715588
5,1996,0.25756303358872457,0.06485639334775944,0.7163057300001647,-0.43275676263213364,0.8189010122401816
5,1997,0.3029954857644032,0.0720013599820606,0.7934203760850416,-0.41861206450455385,0.9086146824921592
5,1998,0.3301022692717492,0.06049097914355054,0.8471991931530924,-0.4110334584573274,0.9710335661644716
5,1999,0.36325684180731804,0.07877557484755887,0.8849026061451875,-0.3919457403372548,1.006053177455063
5,2000,0.3919451360816623,0.09976983161199775,0.9539948767827339,-0.34118341360289905,1.0258455983615171
5,2001,0.4189463880925748,0.09498270913575162,0.8564564539039973,-0.277171792658656,1.0364844633381314
5,2002,0.41141591434264435,0.07360025333746578,0.9142858699288061,-0.20818665431327923,0.9998220183539004
5,2003,0.39444801558892856,0.08583745713709982,0.9939622461647141,-0.1994046205210889,0.9543595981316243
5,2004,0.4450742376065394,0.101847787642902,1.0695398541589727,-0.11856696928157108,0.9974092465029587
5,2005,0.45842471459676426,0.09514456806800412,1.136617772882888,-0.08995186070212814,1.0200686464808368
5,2006,0.47212889332783003,0.09607321980112428,1.2013529127507323,-0.06819439942964435,1.0454296998406913
5,2007,0.5296968825539453,0.11104017961145436,1.293518270851153,-0.060731683535252635,1.1232410340576306
5,2008,0.5935886589695613,0.10848531091464404,1.3606531169117577,0.03998600850082442,1.1904514280168979
5,2009,0.5150555568204301,0.049348643860759545,1.3543867308500053,-0.07987124725001458,1.1848658303050552
5,2010,0.6751110317455853,0.1261956662316544,1.5202642319116262,0.08837929653196681,1.3460559651381594
5,2011,0.7395864198787488,0.15008921436998637,1.5904600170757706,0.06558309352117882,1.4313749538909668
5,2012,0.8435148218621277,0.15571484072650044,1.6658843591635573,0.17753603090050812,1.5463059525802603
5,2013,0.9342114368971681,0.19149233987191214,1.7370041187924323,0.31851762172044934,1.6047225281578936
5,2014,1.0112030216070398,0.21471625444176995,1.8156645610197262,0.40420314103750027,1.6812563079181968
5,2015,0.939342993795709,0.21466833862493725,1.7704511186105067,0.39240308368622145,1.5528965297235646
5,2016,0.8059005719226228,0.17394770700176693,1.7604056331977467,0.25863961954337317,1.398766299710361
5,2017,0.8205144377182337,0.18199151546949166,1.7886109390144806,0.294041621441729,1.4211222607442549
5,2018,0.7524940811779435,0.1697909666862446,1.8336535994136318,0.2644359570296342,1.3117599128347435
5,2019,0.7518692486763621,0.1558786873007278,1.8662028989223707,0.2546200610845224,1.3320342094063715
5,2020,0.680973170134763,0.12545835289151383,1.8473818456076176,0.18687616727082448,1.2437477794741392
5,2021,0.863764697704571,0.20113533154876506,1.973614374311035,0.47951509916415436,1.3639628348855604
5,2022,0.7837191900856475,0.12552611000823602,2.051360598543302,0.2408592618971197,1.4059607025103038
5,2023,0.7869502422165076,0.1216188941019448,2.1826508496119823,0.16589855340484866,1.4551668370176614
5,2024,0.8060574388780057,0.1387951706842017,2.335226631936774,0.20726962195516027,1.4460009943205425
6,1990,0.7412701276972665,0.4987057058003782,1.406278187755502,0.9868372247256738,0.8291109829329721
6,1991,0.7205118479979024,0.5290340132844463,1.4280025352414234,0.9974277548502605,0.7717011774719573
6,1992,0.7626357981958338,0.5533770371807927,1.4478789337978832,1.072153725398172,0.80132256898052
6,1993,0.7566842453878204,0.5105470941933532,1.4885557053755336,1.1624382539382485,0.815235978451186
6,1994,0.8039410660525114,0.5417940063527552,1.5151670457649598,1.2574596399884062,0.8407787320100965
6,1995,0.8297348679385285,0.5536928075379387,1.555156310276436,1.3258397097463503,0.8509209644684188
6,1996,0.876668353389837,0.5651466595835073,1.5880778269866067,1.416698199517046,0.8912337382501376
6,1997,0.920498829468455,0.6118232596489068,1.6138527734292865,1.4313381755609516,0.9395198605855679
6,1998,0.9374534735884192,0.6468020033018524,1.6016747024036166,1.36794443211577,0.9448948510984722
6,1999,0.9676987899769628,0.6440036338291151,1.643275448445998,1.457276221609909,0.9843978516040229
6,2000,1.0264743940028356,0.7025349671907012,1.497988127162406,1.5566361690133,0.9798134385706125
6,2001,1.0089583445213155,0.695071304203614,1.518109751169221,1.4608358791464577,1.0030268900371444
6,2002,1.0520260742159793,0.6862871469957345,1.5898819856570765,1.5560933151394947,1.058793197735458
6,2003,1.1207540671139762,0.6907807062808793,1.6261228039988394,1.657701531507882,1.1632879348245988
6,2004,1.0815962294372312,0.6507060731720213,1.6324023271382893,1.5972477382556685,1.1792710008001104
6,2005,1.1179517174422333,0.6436873593245487,1.7553697534136685,1.7405465221841343,1.2403001851102367
6,2006,1.093339710249954,0.6387785655907336,1.7150389248820552,1.725730881066458,1.2340746922075654
6,2007,1.1825453021492898,0.7050903405913937,1.778744993663588,1.7281255375929296,1.2869591254403623
6,2008,1.1268682843657725,0.6299657019867498,1.7422239176642762,1.6857073018626827,1.2384293115954441
6,2009,1.0474527009971308,0.5015906986088485,1.6878320369703377,1.6376183779697755,1.2030117405740284
6,2010,1.0893858167900727,0.5204220944531919,1.7023090965930863,1.7128298672632474,1.2827174035921691
6,2011,1.1241635834185668,0.48732361974507005,1.7391761156384344,1.964254773734801,1.2852979187849864
6,2012,1.119395296914953,0.42737031148148624,1.72167314911934,1.955397106369181,1.3145383815635958
6,2013,1.1433492785670447,0.4056395696306208,1.768760814613416,2.0755660456363287,1.2789111436827638
6,2014,1.1579211296623517,0.39458760713051083,1.8003029381653397,2.184979158824057,1.2403969544299673
6,2015,1.143828320541371,0.34834160300667366,1.7958757429812502,2.186553435058092,1.2720889066417533
6,2016,1.1383185906245472,0.3477100622923817,1.7723559948766578,2.2088153234694947,1.2784111688641555
6,2017,1.1694886588082865,0.3499577731073391,1.8570157025858534,2.3407623619536992,1.2707872302656165
6,2018,1.2085362423104793,0.2378305899244047,1.8995316650411667,2.6695439454425154,1.2998976512067282
6,2019,1.1949810712068842,0.22028604440461977,1.9264845694507304,2.6628656228983636,1.302151715099434
6,2020,1.036775452919982,0.14551342350319926,1.8736997912617976,2.479063840502291,1.095438368218757
6,2021,1.0583902396833178,0.12095175734092553,1.9082196524251758,2.6498712870247125,1.1265656391934749
6,2022,1.1027392962533404,0.0654452564254541,1.9579172173551738,2.7600389061022135,1.193549991311605
6,2023,1.0859891684437732,0.03740127328475374,1.9410738362913464,2.7200563340350787,1.2150915636073103
6,2024,1.0698648737620255,-0.019525130556517625,1.9792980104848017,2.8546932985148916,1.1814028934392602
7,1990,-0.4658056019459602,-0.15627968753459673,-0.42053756271653214,-0.5320465659956509,-0.2838649853072769
7,1991,-0.46852674433504576,-0.16725639885141008,-0.41413980587780375,-0.5372030678486289,-0.2786071856019119
7,1992,-0.4656804681630232,-0.17194830101993794,-0.4038885062477812,-0.5320447361511325,-0.26981730572637835
7,1993,-0.4599528904713287,-0.17162093030839115,-0.3993562144421113,-0.534083792892853,-0.26052745103223646
7,1994,-0.4505808124319219,-0.16443224856086225,-0.393624069540061,-0.5318160055863268,-0.2498828258618656
7,1995,-0.44075240390716425,-0.1595032503332921,-0.38257140817048524,-0.5319953303491344,-0.2387382258728864
7,1996,-0.42319310333012566,-0.1412298001100256,-0.3704809176627995,-0.5311773898493896,-0.22357769911508546
7,1997,-0.40433376894099793,-0.12057152550297215,-0.3599230862198331,-0.5083067731615183,-0.2151748965184745
7,1998,-0.4016540044338735,-0.125433126654354,-0.3529210238070155,-0.4845511216748924,-0.21241697090615114
7,1999,-0.3939440425794661,-0.12172833816034877,-0.33624569318286945,-0.4524605284067495,-0.2085945827767907
7,2000,-0.40457007392752425,-0.14386897392250883,-0.32713294028663836,-0.4166413219581886,-0.226513035146915
7,2001,-0.4107011958452828,-0.15837989172501474,-0.31490669997607745,-0.3967844591921962,-0.23293206668904776
7,2002,-0.4083245535334125,-0.15747911096691594,-0.30866220904382113,-0.3969515849915475,-0.22827101112202172
7,2003,-0.40431107486310097,-0.1579271589759287,-0.2932524169045433,-0.38165286492100164,-0.22385187885432228
7,2004,-0.3849941165816562,-0.14356893718627142,-0.2815779338572814,-0.3654666702590099,-0.21322338190390652
7,2005,-0.38155115673824924,-0.14379516565764425,-0.2756093215566745,-0.3715704216243696,-0.2077075306792598
7,2006,-0.37908358758855815,-0.12734188123891743,-0.2648237807669498,-0.3867233640816128,-0.20715917120078614
7,2007,-0.35366068223256747,-0.128271629864723,-0.2549052871052663,-0.4586905390438819,-0.15016204187943663
7,2008,-0.3427516598687464,-0.10544390269042454,-0.2526369516894817,-0.4988989325440196,-0.13879164681108594
7,2009,-0.35116390029240385,-0.11426063468741451,-0.2509729218477864,-0.48709460555553097,-0.15066201669804494
7,2010,-0.3331096186883195,-0.08967677665747473,-0.24765799924209353,-0.43812613639742415,-0.16206466820630588
7,2011,-0.31351449962603706,-0.0724448735562729,-0.23363635831286148,-0.42841210179717243,-0.1544682766074503
7,2012,-0.30760394582303296,-0.05110839562395289,-0.2141277979319343,-0.4480286449830757,-0.1529844803715804
7,2013,-0.29223929046006036,-0.03023834881527665,-0.2004739951782349,-0.445996907619429,-0.1483556812444646
7,2014,-0.3133836431952252,-0.0540790107797997,-0.1927187403107552,-0.4672084652772434,-0.1516297098953514
7,2015,-0.2985785604396921,-0.036481485820515885,-0.19354637620570359,-0.45968475456557034,-0.15203291539422908
7,2016,-0.284289122334987,-0.027453828393171023,-0.17960793676855633,-0.4501756625513845,-0.13695302973620369
7,2017,-0.2796322820447047,-0.022860733754659072,-0.18170860804071245,-0.44355853732730793,-0.1351143158920017
7,2018,-0.282684751464679,-0.032870496183702254,-0.16696984469315002,-0.4380396500161562,-0.13166094143521412
7,2019,-0.2655495158492031,-0.007502108028069803,-0.16203398186060997,-0.41409854866717133,-0.13456329525723548
7,2020,-0.2874938075357942,-0.024858034218203925,-0.16083524541583397,-0.42355372187282847,-0.14985086400362277
7,2021,-0.2741626415657029,-0.030277662728888762,-0.15276091720523508,-0.4110893248303719,-0.13125210718757208
7,2022,-0.2724381088612491,-0.05840423772883638,-0.13945879840052627,-0.4054067981836247,-0.1011379787339942
7,2023,-0.30427632438857305,-0.10936568754625663,-0.13038110821244472,-0.4018473216634906,-0.10720525778631979
7,2024,-0.305707224267427,-0.11750924876282057,-0.1220190861894207,-0.40661103354586187,-0.1047153838938039
8,1990,3.6685784069222502,3.8226776410286445,1.8784028650775362,-0.1904548509813744,1.267233206039377
8,1991,3.6685784069222502,3.8226776410286445,2.076641367534231,-0.18713185333587828,1.4182252819203374
8,1992,3.6685784069222502,3.8226776410286445,2.336711715687601,-0.18974365141187208,1.5561851061103067
8,1993,3.6685784069222502,3.8226776410286445,2.6491333184658834,-0.1416998636837529,1.8552441939036872
8,1994,3.6685784069222502,3.8226776410286445,3.003615465005963,-0.10368728360574919,1.7883765939698113
8,1995,3.6685784069222502,3.8226776410286445,3.225233586738476,-0.09251547287246956,2.032402429337006
8,1996,3.6685784069222502,3.8226776410286445,3.5271980756694736,-0.07105261656745525,2.221875491304341
8,1997,3.6685784069222502,3.8226776410286445,3.6808975057054245,-0.04096204335797274,2.533893929621694
8,1998,3.6685784069222502,3.8226776410286445,3.716784138579652,0.00645959723387502,2.567781713175216
8,1999,3.6685784069222502,3.8226776410286445,3.716784138579652,0.06702074136450378,2.7328540444157396
8,2000,3.6685784069222502,3.8226776410286445,3.716784138579652,0.1584714908110026,2.923763784024346
8,2001,3.6685784069222502,3.8226776410286445,3.716784138579652,0.26245179562346715,2.9988083914754604
8,2002,3.6685784069222502,3.8226776410286445,3.716784138579652,0.09880977625600688,3.199830524995919
8,2003,3.6685784069222502,3.8226776410286445,3.716784138579652,0.20616220393980608,3.607253553391865
8,2004,3.6685784069222502,3.8226776410286445,3.716784138579652,0.3371627614463275,3.7943842562517074
8,2005,3.6685784069222502,3.8226776410286445,3.716784138579652,0.49479252167435006,3.7943842562517074
8,2006,3.6685784069222502,3.8226776410286445,3.716784138579652,0.7385213460805926,3.7943842562517074
8,2007,3.6685784069222502,3.8226776410286445,3.716784138579652,1.038294160439231,3.7943842562517074
8,2008,3.6685784069222502,3.8226776410286445,3.716784138579652,1.2830833187490953,3.7943842562517074
8,2009,3.6685784069222502,3.8226776410286445,3.716784138579652,1.4700391736442031,3.7943842562517074
8,2010,3.6685784069222502,3.8226776410286445,3.716784138579652,1.9054651575877624,3.7943842562517074
8,2011,3.6685784069222502,3.8226776410286445,3.716784138579652,2.483970377054775,3.7943842562517074
8,2012,3.6685784069222502,3.8226776410286445,3.716784138579652,2.875797798090274,3.7943842562517074
8,2013,3.6685784069222502,3.8226776410286445,3.716784138579652,3.4020834239966264,3.7943842562517074
8,2014,3.6685784069222502,3.8226776410286445,3.716784138579652,3.621502293173357,3.7943842562517074
8,2015,3.6685784069222502,3.8226776410286445,3.716784138579652,3.621502293173357,3.7943842562517074
8,2016,3.6685784069222502,3.8226776410286445,3.716784138579652,3.621502293173357,3.7943842562517074
8,2017,3.6685784069222502,3.8226776410286445,3.716784138579652,3.621502293173357,3.7943842562517074
8,2018,3.6685784069222502,3.8226776410286445,3.716784138579652,3.621502293173357,3.7943842562517074
8,2019,3.6685784069222502,3.8226776410286445,3.716784138579652,3.621502293173357,3.7943842562517074
8,2020,3.6685784069222502,3.8226776410286445,3.716784138579652,3.621502293173357,3.7943842562517074
8,2021,3.6685784069222502,3.8226776410286445,3.716784138579652,3.621502293173357,3.7943842562517074
8,2022,3.6685784069222502,3.8226776410286445,3.716784138579652,3.621502293173357,3.7943842562517074
8,2023,3.6685784069222502,3.8226776410286445,3.716784138579652,3.621502293173357,3.7943842562517074
8,2024,3.6685784069222502,3.8226776410286445,3.716784138579652,3.621502293173357,3.7943842562517074
9,1990,-0.4180147050495601,-0.15333998945849833,-0.3723484926377921,-0.46513313843703846,-0.25268636887792084
9,1991,-0.4118266572523082,-0.14192312403258842,-0.3672607286548726,-0.4625923992058506,-0.25005829996444273
9,1992,-0.39350333754318056,-0.13338648510622825,-0.3764739971444175,-0.463110774706283,-0.22822788160559346
9,1993,-0.39144010014574954,-0.13205957065412469,-0.36817096026067525,-0.45631959574724645,-0.22861127005988258
9,1994,-0.3921256398862293,-0.13870546907694536,-0.35732526096692635,-0.4581103678986998,-0.22397820537150395
9,1995,-0.3857200009206249,-0.13623835628020334,-0.35056259029243503,-0.451349951675605,-0.19174197060305065
9,1996,-0.3834013483493955,-0.14478508845264296,-0.3467850232238956,-0.44172963561575873,-0.18679605031730326
9,1997,-0.3666287022198288,-0.1418659569471261,-0.34394394834587755,-0.4116626998040058,-0.17748006678610512
9,1998,-0.3760605666655184,-0.1461962808991399,-0.33979012329132335,-0.4095244866658327,-0.18992852317928058
9,1999,-0.39740193576125843,-0.15668856049315355,-0.34462708867614916,-0.43482540395411967,-0.20833181762930672
9,2000,-0.38742221547423517,-0.14214683950181614,-0.3339546636209311,-0.4127969300688552,-0.20505939091168346
9,2001,-0.3868418607649712,-0.14238767670791747,-0.337076447631578,-0.4126387372368704,-0.2022301676139188
9,2002,-0.38793679688693467,-0.1486631740314281,-0.333030821344582,-0.39902442971975394,-0.204376561961383
9,2003,-0.3821434633446105,-0.13949415049038671,-0.32593839988636875,-0.3906802343162953,-0.20625938931613136
9,2004,-0.37787328639703177,-0.14358424266231004,-0.3172303369992521,-0.3821601864855842,-0.19909840167778411
9,2005,-0.37196242469863433,-0.13331019969109265,-0.31316793570759666,-0.3755989949626852,-0.20491914465197447
9,2006,-0.3672392491284512,-0.14002425418345785,-0.3005217790106796,-0.3460063160767579,-0.199164468139129
9,2007,-0.37230392941465623,-0.15520924400211109,-0.2946934804323344,-0.33879477151542836,-0.20722800787707463
9,2008,-0.3542061240714821,-0.12731974549139602,-0.27662839010585716,-0.31880137070280146,-0.19639862132043875
9,2009,-0.34660020764332705,-0.12853434001692904,-0.27095862992895203,-0.28908734377706036,-0.20629141219938385
9,2010,-0.33836167012266055,-0.1303785645306347,-0.2620766395365633,-0.2781685791429208,-0.20897084163977114
9,2011,-0.3314065399001345,-0.14472900985395537,-0.25898864684578266,-0.2840018784555663,-0.17993629029697905
9,2012,-0.3133966113428083,-0.12992620089461346,-0.24942380587033863,-0.27456662458239456,-0.17187422407563302
9,2013,-0.3216145502700797,-0.12241673874916964,-0.2173827239008215,-0.27670586892589,-0.18268451935282207
9,2014,-0.28832106708546007,-0.11045596126576519,-0.19639241841089788,-0.26133656221447593,-0.14580611140068192
9,2015,-0.29033821316386016,-0.1250052844164133,-0.19024928211419004,-0.26949236105229407,-0.13599169763501176
9,2016,-0.28315507362258385,-0.1256116105131593,-0.18934124277987072,-0.2753834182981146,-0.10672513458912161
9,2017,-0.31539282148983,-0.1375587516865356,-0.18217357846169915,-0.29605572123885615,-0.14325264455366912
9,2018,-0.30351478741559423,-0.12552958548695106,-0.17826994913442643,-0.28164218469306057,-0.15011175133816126
9,2019,-0.30693271755571055,-0.110786915545408,-0.15945228502510486,-0.26645952131748946,-0.1532003408413703
9,2020,-0.32852325251405023,-0.1091866323230592,-0.16943971458834053,-0.30343731038166694,-0.18619249384959374
9,2021,-0.3035957967808285,-0.11694079025430557,-0.13395163095113818,-0.30333467332104547,-0.1412132815428775
9,2022,-0.2878589861993466,-0.11133348830861066,-0.13940180099997967,-0.29018823686248857,-0.11832289708941429
9,2023,-0.2693925279851922,-0.09104595130910512,-0.12627793286304373,-0.26874154168817604,-0.10967171602692823
9,2024,-0.26276245335587495,-0.07890560022542795,-0.11660023164420692,-0.2502595303958443,-0.11569525262554718
10,1990,-0.07850095075196195,1.0070242148151785,-0.25752394459298666,-0.4120118160077945,-0.24302833238094496
10,1991,-0.11975036782770102,0.9268328972981463,-0.2721017218114169,-0.41734276069133486,-0.26639812309589556
10,1992,-0.13235473763777364,0.846885584148,-0.2789330022141658,-0.3960885091657139,-0.25797919227932953
10,1993,-0.14668883267299415,0.82162395557632,-0.280575136926365,-0.39458193556573995,-0.26473691644051955
10,1994,-0.1682377883073013,0.7502024420691155,-0.2738358160674993,-0.39877715909520983,-0.2629950686853679
10,1995,-0.16772609534859126,0.7345861625884406,-0.2613862454360793,-0.3774459874618564,-0.2583662695582521
10,1996,-0.15804601312325267,0.7355334736598786,-0.25266760487077605,-0.3490892174493555,-0.254301958129565
10,1997,-0.17313882411768589,0.7162714818739726,-0.25697218732968774,-0.34597700685677985,-0.25885011615690534
10,1998,-0.18956172438723698,0.6380752588861811,-0.2612067053742122,-0.3460929650834741,-0.25322136739257284
10,1999,-0.21087863205771543,0.5334117386903341,-0.2656645537395958,-0.3438560082136103,-0.2550761126874102
10,2000,-0.17941594078245657,0.672869376509565,-0.26078631888788917,-0.3503821817428721,-0.2592371934358279
10,2001,-0.17806283105479734,0.6443165709560126,-0.2542922234793785,-0.3351071094695246,-0.25272139257396453
10,2002,-0.1887660348333517,0.6203059996976926,-0.25475640022469354,-0.3430571718195291,-0.2556728568257492
10,2003,-0.17945354130982313,0.6418214435777769,-0.24977306875140617,-0.34060030502362637,-0.24754423396837505
10,2004,-0.17793139212330308,0.6256597425711226,-0.24932202908378878,-0.34192144826493115,-0.2343352218251421
10,2005,-0.1827871861411509,0.6070867042917168,-0.2446627455270421,-0.34442467610938315,-0.22914193499959754
10,2006,-0.17986934470183355,0.6114931360937088,-0.23740669961207098,-0.34908601298179676,-0.23048057725587145
10,2007,-0.17671981280922086,0.629822170006229,-0.2362725756944377,-0.3614370288505921,-0.23081926987492868
10,2008,-0.19322213529120064,0.5803466963206715,-0.23322321473537574,-0.36310805060987345,-0.22985157667762224
10,2009,-0.2158614098015863,0.5354068332195747,-0.24745351624870457,-0.3732905131209907,-0.23888337985248237
10,2010,-0.20697242121799325,0.538273831007065,-0.2437924316456801,-0.34940780509116104,-0.24209289562354874
10,2011,-0.21700682896625864,0.5484405360200462,-0.2456548488767126,-0.3676572391550207,-0.2465604125511135
10,2012,-0.22824340096295775,0.5149507325205968,-0.244620220806535,-0.3700827555322661,-0.24783454192756696
10,2013,-0.24163532586694048,0.473094663217549,-0.24833003520976576,-0.36822851551507735,-0.2533826495921239
10,2014,-0.25160531452710444,0.45449956793337526,-0.24849315830353677,-0.3901085784885603,-0.24477018013609658
10,2015,-0.24781779820231573,0.4515326279779879,-0.2428057101188397,-0.38208897842088996,-0.24712490024954223
10,2016,-0.24272868568557496,0.45222560069008033,-0.2373579216425798,-0.36764906406402764,-0.2587049621773093
10,2017,-0.23991953897445606,0.44882338105721337,-0.2307501948910109,-0.3621790476088828,-0.236577044398902
10,2018,-0.24343818160822256,0.442638754541275,-0.2276223223766023,-0.3728266173266728,-0.23557709476168537
10,2019,-0.25890950228099796,0.3877803467836337,-0.22678125600922097,-0.36316427690420944,-0.23454488868455847
10,2020,-0.2839797700258378,0.2938579488909672,-0.23320433675472432,-0.35997801584985617,-0.24912479952397557
10,2021,-0.26873542541175316,0.30200691305779703,-0.2211515233858753,-0.34521316313188344,-0.23591578738074262
10,2022,-0.2731713832716802,0.33477559636642756,-0.23023902243974567,-0.3877088137074548,-0.2343513500450972
10,2023,-0.30657151795351173,0.23148128568300605,-0.24060870903495304,-0.40762079017258135,-0.2367705830383633
10,2024,-0.3293069291500527,0.15510734380554425,-0.24071086809638728,-0.4080428085074493,-0.2330812029012408
11,1990,-0.39339703732727915,-0.06590604597472262,-0.363369379602502,-0.5167550279722317,-0.26481755754029507
11,1991,-0.36144201269289644,-0.015253610048893737,-0.3591042083766831,-0.5104246042888536,-0.2596403989347056
11,1992,-0.3797840949056593,-0.05011752811742261,-0.35692345347888244,-0.5076675470815112,-0.2631724791048741
11,1993,-0.3723278073436653,-0.03860626327964566,-0.35529445584438085,-0.5004812355778596,-0.261349990249947
11,1994,-0.3601588534769415,-0.0208370040911571,-0.3525444275796844,-0.49311342527390867,-0.25578575436543494
11,1995,-0.37497262672034043,-0.05173943949730887,-0.3519532590832927,-0.48184610062678074,-0.248737722245053
11,1996,-0.3375877379082322,0.0061613614448259415,-0.34780632155675223,-0.4671501088312687,-0.23370622124689291
11,1997,-0.3689096497555245,-0.05095001360444388,-0.34750854779560675,-0.4625404799611845,-0.23954463687064179
11,1998,-0.3792527325038249,-0.07523562470858174,-0.34693051637691263,-0.4545650213609743,-0.2455120782540315
11,1999,-0.3896538821250087,-0.09682283457892649,-0.3463568639841177,-0.44942335835994757,-0.24609269417241536
11,2000,-0.4021422297970509,-0.11449162138105042,-0.34530589776831017,-0.4509110045302573,-0.2511730834582742
11,2001,-0.3963248914742346,-0.1092957636861935,-0.34441695551077295,-0.44604165749174535,-0.2516085453970621
11,2002,-0.3956349983321335,-0.11001342358879804,-0.34459649557264005,-0.4461574519903509,-0.2547212918483978
11,2003,-0.37357334293378125,-0.0711593164617879,-0.3446753180388256,-0.4445198014899125,-0.2633176330844701
11,2004,-0.3908035213232176,-0.10338224608873203,-0.34219241035398035,-0.44463410528111785,-0.26481755754029507
11,2005,-0.4012158857811224,-0.11938606191681343,-0.3398802846792038,-0.4489833389165621,-0.26634973843603027
11,2006,-0.37650858350721617,-0.0755801014618319,-0.3380586099051374,-0.4463893163333106,-0.2645917624609236
11,2007,-0.39130244104386747,-0.09571763832891549,-0.33899134242166656,-0.45873989854357816,-0.26497883973984615
11,2008,-0.40058065788895,-0.10900869972515168,-0.34037073557991393,-0.458035332819964,-0.27025102581741106
11,2009,-0.40595410448440516,-0.11177886694920523,-0.34783057698120784,-0.4622174936016266,-0.2754501994432393
11,2010,-0.40495280204549566,-0.1138887870628626,-0.3450539943034588,-0.44991154952079154,-0.27682616240048935
11,2011,-0.42120691529732296,-0.12982083690068352,-0.34682758299412614,-0.4676882892797605,-0.28153673160277753
11,2012,-0.43647787463278476,-0.146786316998255,-0.3485312517782609,-0.4738442336604583,-0.2897129327090192
11,2013,-0.4313103552560664,-0.13050979040718388,-0.3483428135357665,-0.4785272786835615,-0.29248390605128627
11,2014,-0.44396705749692544,-0.14754703649501583,-0.351049524476268,-0.4899468514456158,-0.2955776857159548
11,2015,-0.45080888473407266,-0.16447224151885315,-0.34945731941737146,-0.4890070855148193,-0.2925332745325689
11,2016,-0.4484406281028972,-0.15791614559779762,-0.34857970132080957,-0.4946224054914618,-0.2918657597650669
11,2017,-0.4533043787386165,-0.17128745572434304,-0.34711027101104885,-0.4886267332672843,-0.29209507079638863
11,2018,-0.4533377298267273,-0.1700950637961656,-0.34881049350180093,-0.4903930630443933,-0.2919729640431085
11,2019,-0.4641919586651827,-0.18714344796568597,-0.347069384046228,-0.49332573474914043,-0.29441021225806446
11,2020,-0.4721023338594488,-0.19002637391363672,-0.348422857750178,-0.5022239620511395,-0.2994350882108378
11,2021,-0.46587610969098414,-0.18325538191134533,-0.3380479557351247,-0.4940425698531043,-0.29782060500867163
11,2022,-0.46844541703005216,-0.18350387882922115,-0.3436341608410324,-0.5082296982389369,-0.29613804459007503
11,2023,-0.47561807999917327,-0.19292378223842205,-0.3409266660548949,-0.5094488441207169,-0.30001478482068417
11,2024,-0.4824643188555053,-0.19829705183227422,-0.33142217916967504,-0.5091404635909765,-0.3075879571674953
12,1990,-0.3489206093610774,-0.1950417688493847,-0.36403499153918006,-0.40673271389080884,-0.1027289469914658
12,1991,-0.33636887555508277,-0.19479776448249914,-0.35777298450332695,-0.3828904497636433,-0.09634217188924325
12,1992,-0.3331393413426261,-0.19430975574872808,-0.3554214475954576,-0.37564426547060104,-0.09722922398677415
12,1993,-0.31796105158427823,-0.1890564852616628,-0.34220554743167797,-0.35999909483789627,-0.0813106708910832
12,1994,-0.32072568210602925,-0.18601360727461952,-0.3364383703224341,-0.34678395772568643,-0.09168111632221726
12,1995,-0.3031937939622083,-0.19135299694999736,-0.2959367597807517,-0.29137443586265327,-0.07784310360073511
12,1996,-0.314530624015671,-0.19033391988829887,-0.2755786683753801,-0.26251351816956586,-0.09122952616347421
12,1997,-0.26102568840536144,-0.18993203034284034,-0.27878849435949227,-0.2549574802047336,-0.008394988474042674
12,1998,-0.22699690778167025,-0.18723362910904723,-0.2725527614790343,-0.24594122631418222,0.043570136221313296
12,1999,-0.21937420097822752,-0.19198453766428933,-0.24673840380326195,-0.18468169152568034,0.04036062045024696
12,2000,-0.19258957283547232,-0.1874202206837244,-0.22666057005543902,-0.05959352024477985,0.03368353738883247
12,2001,-0.2023788909472705,-0.19010426871946545,-0.21223167971758156,-0.026823444712121017,0.0029915348142631353
12,2002,-0.16777936577980815,-0.18864024251815215,-0.1728467207801946,0.09234212950577148,0.013039415846295057
12,2003,-0.16037760047313226,-0.18786516982333926,-0.12788288284722935,0.1573333265446127,0.0004594042813112747
12,2004,-0.13862124762517478,-0.18864024251815215,-0.10403470780019695,0.1500291981510703,0.044166880359652314
12,2005,-0.09706325514468965,-0.18945837480712135,-0.07339466358350842,0.2863910415101103,0.06743990175487224
12,2006,-0.07446474448464581,-0.19019038790777798,-0.0455528169164074,0.35101383052351426,0.08363263458980008
12,2007,-0.04967874714858379,-0.19024780069998634,-0.020228910141345254,0.44147280424101565,0.09043874341085541
12,2008,-0.026647312929522236,-0.190664043443497,0.003378418481231285,0.46854352404689104,0.12074366870650216
12,2009,-0.015289945555040419,-0.19169747370324752,0.03649699135686591,0.4496546490311561,0.15485485391155426
12,2010,-0.007895460106614188,-0.18205212461224243,0.06607293228004928,0.45164978950443413,0.16459629876443924
12,2011,0.017616656968635163,-0.1981994724208447,0.10506377888650842,0.5847105933521994,0.15795147214293487
12,2012,0.03833350578608891,-0.2000940945637207,0.12441469433506451,0.5876755514202533,0.19548183997846985
12,2013,0.04125326208290514,-0.20152941436892982,0.11274021128780261,0.5564266866305949,0.1945625314410287
12,2014,0.03998361937726394,-0.2009122268526899,0.1523879117791415,0.44857443081710074,0.23636687756466704
12,2015,0.05602170441829836,-0.2018595379241279,0.1854933475770785,0.47895167966780633,0.2505113264652963
12,2016,0.07779906261373457,-0.20023762654424163,0.22083208658360648,0.6112640771075275,0.22857694732635023
12,2017,0.09666476151096438,-0.16989496586212138,0.17411225926506277,0.7797049247194273,0.17626950116244702
12,2018,0.04883697972560592,-0.13013660725782952,0.2354361379574319,0.7089234890051104,0.12063731922411818
12,2019,0.07370622329640919,-0.14758665132163962,0.19484039587502036,0.9067702637407457,0.07306447331023641
12,2020,0.04439600805279992,-0.1771561052246937,0.19963891056023186,0.7834744843306346,0.1050437981451825
12,2021,0.12858050353313988,-0.1569196748230312,0.20231414506257,0.8563651531537988,0.20364917056373624
12,2022,0.09136672561207852,-0.16245270349332977,0.2649726676475224,0.6687840897925407,0.2189495773732078
12,2023,0.08294515640781498,-0.15600695964291164,0.29284388982131043,0.6861456410462757,0.20493668233023807
12,2024,0.10758144962133755,-0.14068509090953646,0.3368594161216284,0.7009474511774859,0.23504036494093147
13,1990,0.5075811270272468,0.23799401523488262,0.9257545387588061,0.08915324848321428,0.912332832323128
13,1991,0.589930385307888,0.2709372628431416,1.0288630825813223,0.17794482869352388,1.0017799401941534
13,1992,0.5532483868423815,0.21574250900457453,1.0686071216424438,0.18776477447482337,0.9914578794228848
13,1993,0.5014489687045993,0.12406045155875596,1.0699821357747916,0.19594896971292303,0.9467504537073272
13,1994,0.4789709463529062,0.12070645169099292,1.1008586473900368,0.1950194005103294,0.9358961616775399
13,1995,0.49990399816537834,0.14672151258275679,1.1212123597695094,0.21187805013036565,0.9721685283565763
13,1996,0.5471737884324029,0.1548663505133888,1.1925642077710419,0.2980938959703997,0.9908127506246805
13,1997,0.5171581483875837,0.1226198495084307,1.1813407643913976,0.2888555545948068,0.9932964964977671
13,1998,0.5831231760507573,0.1791385027299115,1.232527198127123,0.297233612366485,1.0515193705357047
13,1999,0.5720209505794059,0.14039320217754678,1.2663770683279236,0.3429189964574,1.036681408177006
13,2000,0.5656350488839079,0.12804856238692652,1.3073472346408201,0.3728844054627398,1.0089892545140866
13,2001,0.5786875952232479,0.08340982620596075,1.3556566483607728,0.4180220854187779,1.0582609664769398
13,2002,0.5597432678639167,0.0922087903429231,1.3469905561062603,0.4148148247974708,1.0061506878019877
13,2003,0.5781326652095219,0.09350278549869792,1.4238555977148832,0.46526444448207366,1.0138438487205739
13,2004,0.5808524471706136,0.08319909745288488,1.4751821602793824,0.4927411318740447,1.0147202561929343
13,2005,0.5881362319273991,0.10839219671604725,1.4856480321784664,0.5312558069012971,0.9958200468177026
13,2006,0.5575116580754611,0.08542361604252882,1.4653118359025905,0.4796561948722757,0.9876988751979479
13,2007,0.5289991089231612,0.09945135181165275,1.4739210008204138,0.4673696415176128,0.9546013324888544
13,2008,0.5171388755671193,0.07777634254064401,1.5285449698870104,0.4975810828257505,0.9158320270528081
13,2009,0.47966398869376453,0.028999666283778987,1.4704790864636443,0.48545846731566233,0.8649462834779474
13,2010,0.4870559354103904,0.04350443652960747,1.5762106667997802,0.5583440468772246,0.8311821291816692
13,2011,0.4531330094546614,0.018949719502869927,1.435779133481136,0.4409786883217756,0.8495571069458431
13,2012,0.46782611318346423,0.04768196878456171,1.497962198950057,0.4676530153217634,0.8220154134468849
13,2013,0.46719859995455787,0.05952775812654851,1.5201809997663602,0.4787535687351083,0.802762544414115
13,2014,0.36246142030792844,-0.004274185654669551,1.4086760284832294,0.3060770091867318,0.7750878576134068
13,2015,0.38228752353630174,-0.012126363707763634,1.4502575681180168,0.3631576898214371,0.7754831280280666
13,2016,0.38941089513866556,-0.022752957883179856,1.486545574842869,0.4503121225720842,0.7557314292803051
13,2017,0.4063997734409302,0.0034496519705706523,1.4698615387152352,0.44800712408110377,0.7649623514587311
13,2018,0.385855612310773,-0.020385890066009618,1.4625646846579101,0.40063012855883867,0.7204816240028623
13,2019,0.364336370557534,-0.057835763221677064,1.4394349720111332,0.4175300432940417,0.7098374504226502
13,2020,0.259019188456795,-0.08790559499274112,1.351496074547582,0.34850438851431953,0.5855993367472447
13,2021,0.33727388245813944,-0.05313480950152458,1.4459832184539134,0.4026769148876641,0.669673747473945
13,2022,0.31036069894931373,-0.07777800206858373,1.3718478207444262,0.3174419180625222,0.6389220866137618
13,2023,0.24111395965258917,-0.10664904389128538,1.297537437160007,0.21571489794784077,0.6000025951934934
13,2024,0.22221196742019275,-0.11370682828463849,1.3062429904741413,0.1653741026025199,0.5911906849709019
14,1990,2.3966814668959167,3.8226776410286445,1.616541495331394,1.0522823890702377,1.538898049359095
14,1991,2.3260700723635863,3.8226776410286445,1.6167779627299508,1.1396892710732307,1.6634562920723892
14,1992,2.176266376640966,3.8226776410286445,1.5941077456498025,1.1177666248919347,1.68082638496404
14,1993,2.1561440031108896,3.8226776410286445,1.5559489139641909,1.1735837489584875,1.7055832025951299
14,1994,2.1122850695851136,3.8226776410286445,1.546792370808968,1.2456160171243065,1.6786490752701004
14,1995,2.1075775280566043,3.729782825702672,1.5796613392083483,1.3629349646157978,1.6778426642723452
14,1996,2.1897519549389535,3.702870579355002,1.6106604635487711,1.5792492994124485,1.7115345157585644
14,1997,2.0968042923846504,3.528694520992878,1.6247565479182895,1.4735155580320363,1.6895356237397978
14,1998,2.0690975106293146,3.3445716963806547,1.6449000670546003,1.4897559498850423,1.6915839076740966
14,1999,1.9742751699582959,3.183804267954453,1.658803474284554,1.5035920999661772,1.6184101737377743
14,2000,1.9529349362678765,3.2960161882145473,1.7059174139340256,1.4699403054444724,1.5320758123180847
14,2001,2.017447537290683,3.365914901884114,1.7550763586784222,1.5624141411831975,1.5999272336692212
14,2002,1.9723351038873413,3.418275368378142,1.8114475590787986,1.5491674342870227,1.5248664979981514
14,2003,1.981835862232419,3.443683546961203,1.8387770597156934,1.530610380029812,1.4933035715460063
14,2004,1.9313524874078272,3.427325534494875,1.867919477074856,1.5378751511526683,1.4571602306266105
14,2005,1.8720617590625792,3.2885571694887967,1.8725831396575021,1.5618287805415878,1.4192589137321083
14,2006,1.9128614874341454,3.3116846195093523,1.8951701552455655,1.6029154190999448,1.4164042188000543
14,2007,1.8090056824179201,3.432639951932152,1.8994834957562756,1.5286868037458672,1.2170110354950616
14,2008,1.832876746635154,3.240108949507437,1.887997310822679,1.599506054715258,1.3173608200557398
14,2009,1.6680436074199223,3.031718351553667,1.7605983103373113,1.4503153684958554,1.22951040596027
14,2010,1.778779469198471,3.1256488587687548,1.905040479622358,1.626609613710533,1.249654552684199
14,2011,1.693552153790843,3.1822192880593194,1.874422330535165,1.4242867311877991,1.1970281709706836
14,2012,1.7527955820675558,3.3394066778620286,1.8670436718950167,1.4288008699819978,1.1931573981814578
14,2013,1.8037392193604285,3.337646645854356,1.8593103121570331,1.466962594525665,1.2249138632730643
14,2014,1.6886104985375445,3.2245624026472983,1.8084523053637471,1.2706940837041554,1.1800774117978658
14,2015,1.6943102121559417,3.2248294918505334,1.823883992632521,1.3210499268818063,1.179029077500784
14,2016,1.7185249925021797,3.1114057299840745,1.833522228636656,1.5034333568187062,1.180706412376115
14,2017,1.6600809401832342,2.979899993471181,1.8368809415013405,1.638036831220349,1.2077211808009198
14,2018,1.5984866671801,2.8861879633890797,1.7952407842258666,1.6314126573706311,1.1184514833494004
14,2019,1.454565097603732,2.256935995705266,1.7327696007479079,1.6512779581616401,1.144804994756046
14,2020,1.295159673506451,1.7951711659677483,1.6683059604858137,1.5895364236900846,1.0668089230531463
14,2021,1.3702533213044938,2.1287683807917097,1.7439755280239555,1.729431296872217,1.0253110131086551
14,2022,1.3458206151909349,2.2436212515322445,1.6452416310747378,1.4561470889955093,1.0133438739019653
14,2023,1.1477638553172302,1.7122151924075584,1.5391258656593874,1.2928877857442782,0.9220262150805467
14,2024,1.1028356957390097,1.5216549730829332,1.5437520864094145,1.3042741924882544,0.9331217836556203
15,1990,1.1378427246092124,3.3390094946588125,0.4576559378484942,-0.2664839329070534,0.4685783483027619
15,1991,1.2709687886224497,3.6148748841493767,0.5455937843458291,-0.23161964342292035,0.5122874799850772
15,1992,1.3557367470613186,3.755781871391104,0.6139880382550432,-0.17948256320942696,0.5650428698765984
15,1993,1.4442102314214307,3.8226776410286445,0.6937449885674963,-0.18324432315123548,0.5825710216680271
15,1994,1.5544431002272565,3.8226776410286445,0.7983669237407759,-0.15491700897211053,0.6416146386666199
15,1995,1.6548535879404633,3.8226776410286445,0.8925764111309422,-0.08027429917276621,0.6820529005318261
15,1996,1.8402003332657833,3.8226776410286445,0.9307571379460496,-0.07163461325530289,0.8183216989990614
15,1997,1.9833436978555326,3.8226776410286445,1.0035698289875545,0.006193962364821364,0.889660132928995
15,1998,2.013491528888991,3.8226776410286445,1.0797999118407937,0.02568680745132963,0.9481136047629658
15,1999,2.1258400127756274,3.8226776410286445,1.0876734004075517,0.06182251274293161,1.0279305507406333
15,2000,2.3731523936195758,3.8226776410286445,1.1398319778928994,0.08885270841197565,1.2999409418339587
15,2001,2.3928462614082133,3.8226776410286445,1.2063800344830116,0.0954372652240242,1.24919517972164
15,2002,2.5423804226646216,3.8226776410286445,1.2479982966289895,0.14304337500660858,1.3156192623975675
15,2003,2.702415491609789,3.8226776410286445,1.3547852222068324,0.1684095982919575,1.4616456984036383
15,2004,2.8716330828140197,3.8226776410286445,1.4832220518303103,0.19298723899017478,1.5189022476815373
15,2005,3.026821432161999,3.8226776410286445,1.587858875691647,0.17856927157723634,1.413079874439711
15,2006,3.29235882168047,3.8226776410286445,1.8121525822485698,0.17305251780379818,1.5462905086418577
15,2007,3.6685784069222502,3.8226776410286445,2.0411230884658353,0.2131707935962212,1.9569581545433972
15,2008,3.6685784069222502,3.8226776410286445,2.275904562051337,0.30101314973224147,1.948622968473585
15,2009,3.6685784069222502,3.8226776410286445,2.497351901773781,0.6420275115941099,2.0599717277581493
15,2010,3.6685784069222502,3.8226776410286445,2.5509862109871584,0.6943881721383336,2.1170949750320416
15,2011,3.6685784069222502,3.8226776410286445,2.8934742055893343,0.9170127440190641,2.2075967151162605
15,2012,3.6685784069222502,3.8226776410286445,2.948330263028588,0.7360902006245793,2.36290454505168
15,2013,3.6685784069222502,3.8226776410286445,3.4392322034063834,0.6936152269053488,2.185971411011927
15,2014,3.6685784069222502,3.8226776410286445,3.696254749533912,0.6420998995113218,2.294187402920814
15,2015,3.6685784069222502,3.8226776410286445,3.716784138579652,0.6585926060610543,2.7439158045769734
15,2016,3.6685784069222502,3.8226776410286445,3.716784138579652,0.7429984777006835,2.8446038917118375
15,2017,3.6685784069222502,3.8226776410286445,3.716784138579652,0.8135771293070219,3.0115051005339053
15,2018,3.6685784069222502,3.8226776410286445,3.716784138579652,0.8604549198688625,3.1441970827113424
15,2019,3.6685784069222502,3.8226776410286445,3.716784138579652,0.8637018819921908,3.188781351787554
15,2020,3.6685784069222502,3.8226776410286445,3.716784138579652,0.8657767380548103,2.872514263871292
15,2021,3.6685784069222502,3.8226776410286445,3.716784138579652,0.9830811638774788,3.118664217822074
15,2022,3.6685784069222502,3.8226776410286445,3.716784138579652,0.9272724398387647,3.323446506060959
15,2023,3.6685784069222502,3.8226776410286445,3.716784138579652,1.111658367584093,3.5102672265289616
15,2024,3.6685784069222502,3.8226776410286445,3.716784138579652,1.226375961079293,3.591929225827021
16,1990,-0.15963788830975864,-0.13767203623517726,-0.316089036968861,-0.19873864840584318,0.13596538340326592
16,1991,-0.14035598394957371,-0.12870128745262044,-0.3046072310611638,-0.22422188373434013,0.16085706548090856
16,1992,-0.0899362950373908,-0.10643947727382741,-0.2509816798995848,-0.17608685052764636,0.20716870099380932
16,1993,-0.05799071382014609,-0.11741967378367697,-0.2711208200099965,-0.1375861871744443,0.251784285515042
16,1994,-0.023016586255035044,-0.047447833279733696,-0.28227419897525385,0.017202531678989948,0.2564275508321918
16,1995,0.0020040127945956843,-0.10457356152705559,-0.26397862876840456,0.03504853132556427,0.29123020873627026
16,1996,0.10229766673576414,-0.06287752118573144,-0.2408617510465382,0.31650601618073115,0.3264679270188265
16,1997,0.16003791007196586,0.00395096894480394,-0.22071385288432813,0.3172635903080629,0.3572649691108387
16,1998,0.19728620696849633,0.02438992297098144,-0.19397114171792584,0.522242141285178,0.3741312825517011
16,1999,0.2282315244594811,0.07982197384815659,-0.17539531385352783,0.3727352203393832,0.384580115510033
16,2000,0.2824859507628291,0.11293480175433034,-0.1430124173289585,0.3163612463394718,0.4866093246712693
16,2001,0.29808546519214935,0.18128473087838734,-0.11948391117256753,0.3215993788360895,0.4923539846921315
16,2002,0.31468054967064707,0.2120292811059661,-0.10823857266342703,0.2641798294440985,0.50715969061092
16,2003,0.35320699613958295,0.23100420893083035,-0.09373085985938398,0.32788941989595755,0.5361421018702481
16,2004,0.42829177185001543,0.3103773941588932,-0.05144260675082873,0.3053577017768467,0.6205894615551903
16,2005,0.44910655610642536,0.38156925649726425,-0.02107844116578968,0.2765552655729977,0.6273633139363355
16,2006,0.4848098862167583,0.5303975670993951,0.003352144325836096,0.28210865488312065,0.5609795606011135
16,2007,0.5789007389183664,0.6514380862726779,0.04116941199131016,0.24213633829777104,0.6384480027985466
16,2008,0.6943740401607561,0.8681857300573028,0.07519882225397796,0.28983336297508316,0.6088201255370275
16,2009,0.7530758944085195,0.9702656746037736,0.0995637223571157,0.35402387400866825,0.5855496410915856
16,2010,0.8173621300841066,1.0607769415202593,0.15525179471721698,0.2999688418996875,0.6077748199226919
16,2011,0.9158797168680126,0.9146900917460776,0.2102873922183376,0.4234629793101555,0.76388377091137
16,2012,0.9865509880057766,0.9724186543115874,0.2721367540186105,0.42496178943813223,0.8146284913240107
16,2013,0.9692726084655365,0.9170870758207769,0.37274925307858414,0.60223965674288,0.7930553982954971
16,2014,0.8939300295581418,0.8435987017940711,0.3788273410266709,0.6365277730446915,0.7265201459099023
16,2015,0.9609922658441609,0.9387761933972915,0.4419378622859128,0.8106941028546131,0.7280353504761597
16,2016,0.9181144074447363,1.0204875145880397,0.4551362463460957,0.5030812313362016,0.6890377824068625
16,2017,1.0140205237122146,1.1247778516345326,0.5814974176933536,0.46947611587033367,0.7681574837492379
16,2018,1.2743676318880572,1.5913285543177482,0.6128468641057122,0.5127814844258661,0.7734400611555273
16,2019,1.3797098751979795,1.8272413345078233,0.6404172111670628,0.5731524627212512,0.7422309448791892
16,2020,1.3522022111156922,1.8556913198302907,0.6058739465420728,0.4952966101700426,0.6643758052083816
16,2021,1.3046943619769045,1.8000276138998095,0.642251191003906,0.42975318646440075,0.6385719821417315
16,2022,1.827571195962406,2.6585613572269216,0.7983421734863936,0.4073163113879837,0.8070105465901625
16,2023,1.950369538243366,2.8842005510686053,0.8624416963397882,0.43933182137080873,0.8448040815136665
16,2024,2.167961046991235,3.2356108014371943,0.94581319488962,0.5276475460608774,0.8676060386273791
17,1990,-0.025593153731170853,-0.1947288772470736,-0.2619905510101686,-0.06832187859776255,0.35189312121379007
17,1991,0.03643503288722377,-0.18850363276286586,-0.24276662731268936,0.05074976390649093,0.39761701656514187
17,1992,0.08240706894412814,-0.19079078029835797,-0.22196187526559955,0.08831403207747547,0.46519497643784957
17,1993,0.08807292819853169,-0.18629788264050526,-0.20822925004571458,0.189739263994018,0.46537147270723683
17,1994,0.1792762115775272,-0.18598765974504788,-0.19160646773235887,0.347548714953752,0.5353517537960107
17,1995,0.19925524335681638,-0.18742592498348354,-0.1809829509009045,0.44880255143373365,0.5203685721612789
17,1996,0.21946377499550432,-0.1861999850358457,-0.15039107596910717,0.4421291084749645,0.5704143733855401
17,1997,0.2579103030306209,-0.18548608328718047,-0.13476671156076864,0.5576417033908426,0.588881054641264
17,1998,0.26467162567009,-0.18189317140335076,-0.114496200673381,0.655390777669829,0.5750276319606344
17,1999,0.33583935188073877,-0.1869982148881372,-0.07719565806401228,0.8534690069988096,0.5966067984819456
17,2000,0.3755104317159074,-0.18503005353671448,-0.05310663659252396,0.9296112772039973,0.6280729556143602
17,2001,0.4129792022503722,-0.1854871131472558,-0.021428763237725516,1.023252350539075,0.661393858041612
17,2002,0.4795270260819802,-0.18708213381928737,0.015674723206179287,1.2235599438383253,0.6737476174521648
17,2003,0.5217699691194796,-0.18436134878022165,0.06303826733190507,1.4062979769570898,0.6707482909120115
17,2004,0.6046886976816785,-0.18387482596909593,0.07868014784384034,1.6582059604430976,0.7186314088442357
17,2005,0.7189452045261373,-0.1789210674759142,0.11124696345617605,1.7941496018372327,0.8441878577198043
17,2006,0.8259184953139707,-0.17945015809868542,0.16131718349019625,2.033387992491812,0.9521034718990122
17,2007,0.9089808317615196,-0.1771938448477782,0.19636208985888787,2.368172265094229,0.9813760372003135
17,2008,0.9418799073140964,-0.18579139152421933,0.23873660977765737,2.4965394075955425,1.0109115684412007
17,2009,1.0015444950233319,-0.1842305805077376,0.2732818692912508,2.672524785951041,1.0378688637944804
17,2010,0.9937201911876213,-0.18643520451626844,0.33409953258967245,2.8728845893670876,0.8721571881646926
17,2011,1.0321323771093143,-0.18254575672862117,0.3496770414208897,3.0717591723980395,0.8695017656056507
17,2012,1.054733884786625,-0.1865786861653997,0.39388068045775404,3.0481012431479724,0.9226022954454662
17,2013,1.091225513172796,-0.18286393294623018,0.42179872217550113,3.0744962635878994,0.9632058966370443
17,2014,1.1955387754082356,-0.17770790134209052,0.49172300773389505,3.5611495859438578,1.0001561901378728
17,2015,1.1748416308410745,-0.17906429427327686,0.5417271044768373,3.621502293173357,0.8083949973869018
17,2016,1.1827513948710695,-0.17780668237707217,0.5763783364171912,3.621502293173357,0.8039579211570257
17,2017,1.2543354129606323,-0.17355425899635915,0.6266232795845892,3.621502293173357,0.8868257187389984
17,2018,1.2184862714566895,-0.17236003551635876,0.6579003713520153,3.621502293173357,0.8048069898320644
17,2019,1.3946509408278454,-0.1694411135220795,0.7262718105362945,3.621502293173357,0.9052180777567919
17,2020,1.4561370580529527,-0.16960304053492695,0.7848165273046597,3.621502293173357,0.8367719444230304
17,2021,1.5860343286667689,-0.1615502590401059,0.8552135943942613,3.621502293173357,0.9004453020101367
17,2022,1.6137682191141303,-0.16236941181366726,0.9051172888313861,3.621502293173357,0.8923261625460962
17,2023,1.6787251580743827,-0.17056509466552386,0.9718088676659808,3.621502293173357,0.9257032618504906
17,2024,1.7395014491988707,-0.17056509466552386,1.0433032679234038,3.621502293173357,0.9476435874617813
18,1990,0.6465097588187226,0.11278085077940612,0.46826018696599203,0.5343348737226341,1.035649202099879
18,1991,0.646211291480718,0.09396984070507067,0.4897568251051552,0.6000965742570372,1.018085570568767
18,1992,0.640636346979464,0.05528114184142255,0.5089457165954409,0.5889546156840758,1.0555030408646162
18,1993,0.6266741822185224,0.02111179053213917,0.5128649447752232,0.6195685409391561,1.041374720183942
18,1994,0.6154157803299983,0.031236437828274243,0.5461061303760353,0.5828807529962805,1.0244723456709894
18,1995,0.6858715178512345,0.047686531178428665,0.5763651993394936,0.6960810268832686,1.077389035343697
18,1996,0.6781183886832267,0.02753308673091809,0.5872645948025974,0.7377801408551908,1.0660992813751218
18,1997,0.6856103819472378,0.030335858630673215,0.6210706747444062,0.7794084808065767,1.0708732344818337
18,1998,0.7172644184243168,0.04068348569141552,0.6523150245351841,0.882437269531154,1.0684701297085226
18,1999,0.7365437885417682,0.040422898926197534,0.6806692172324911,1.0081463843441831,1.0324074298889023
18,2000,0.7425641557611907,0.05674346670704219,0.7333707939293393,1.0752766438879082,1.0018605812939292
18,2001,0.7423657119123687,0.07503114893691173,0.7603981417791894,1.0797738182293095,0.9828776664067677
18,2002,0.7664016460395674,0.08623516387031832,0.7843470344219033,1.068601462224575,1.0150050805573416
18,2003,0.8161499575564414,0.11111239933274532,0.8230050750600235,1.2360394588826413,1.000199374638553
18,2004,0.8405223799776961,0.15196874889668005,0.8435952548380526,1.303902330362137,0.9714105020186863
18,2005,0.8514989102421365,0.14808578378390105,0.867044938528258,1.4349990951950171,0.9245580230490994
18,2006,0.8335828125445203,0.15198985365406975,0.9008553974959658,1.3936958487069127,0.9187679920852159
18,2007,0.8102393454415392,0.1543007185404564,0.9069334854440527,1.4032915145953235,0.8727864369932047
18,2008,0.7738672381774054,0.14426783310204483,0.9072925655677869,1.402967667334121,0.8166924879893411
18,2009,0.6355995315003106,0.0725305492376944,0.8235612113492218,1.2439889499269912,0.7084237474307052
18,2010,0.6508862427667057,0.10007433629965691,0.8672113415124274,1.3615704556076822,0.6891989092442171
18,2011,0.6335458180450997,0.13699076168963475,0.8843245747264933,1.2415088622641235,0.6529104143452256
18,2012,0.5771082878201348,0.14815754977416154,0.8555587535946615,1.171928438593267,0.5615117918596321
18,2013,0.4908803374564524,0.10053363863732381,0.8120618893379276,1.0596076885929848,0.4751774304399422
18,2014,0.4364901821623038,0.09565355129961291,0.784894412659303,0.8705444974192993,0.4811287436033768
18,2015,0.4671322246308001,0.07673603626695703,0.8115845755149151,1.0005970257609058,0.4893057511206162
18,2016,0.455190836102765,0.04362320836078328,0.8042672232373552,1.0792163174782048,0.4558074382738582
18,2017,0.4443918625565246,0.011854049680162316,0.8321682524394839,1.1776108975242516,0.44760988340439595
18,2018,0.431259407144453,-0.006013423032503052,0.8390102833508153,1.1204688730121735,0.4515735386123432
18,2019,0.4072242352779042,-0.05720226667593467,0.8318312863965408,1.1616241125695366,0.43598990413224004
18,2020,0.3022579980393871,-0.09784294507088469,0.7530567968187278,1.0874487800422006,0.3151279752529171
18,2021,0.4004860457954583,-0.08614646693732934,0.827817891643822,1.2063378784354613,0.40620630741842223
18,2022,0.41450241069137417,-0.04450064009900939,0.8057752896926246,1.0286819823247528,0.46538193992198773
18,2023,0.3368572479514654,-0.10787218863732,0.768634901197467,0.8666617899730272,0.4425068500977202
18,2024,0.31456577029416627,-0.16409478035150096,0.7941011508960418,0.8702245399810653,0.4428025630417549
19,1990,2.6052751451219884,1.5382289957813382,2.903348908992026,0.7918666813371854,3.130656589608464
19,1991,2.6396970634801065,1.547410986857187,3.006115888794405,0.8880853956505791,3.1608486173644246
19,1992,2.675946933342806,1.5357213575461148,3.040609475802388,0.9041703389158836,3.2202811078989955
19,1993,2.6572285912815143,1.5738663467685174,3.0733251782952964,0.9389581230042144,3.198749934258927
19,1994,2.8165677758388523,1.6284768910036385,3.3051551884247385,1.0131613679680231,3.336791368854691
19,1995,2.849394466514209,1.6962146862927485,3.381306448811792,1.0700451345647504,3.4105134622694866
19,1996,2.892977998591258,1.745490130688193,3.4704896902748588,1.1390485713553113,3.4106102315892173
19,1997,2.867153481876428,1.7734140916595678,3.518313032120001,1.1953717955812215,3.3871436715545364
19,1998,2.75770833336753,1.6543088035138993,3.5598656088774905,1.2400169520904156,3.3057445454411094
19,1999,2.858772215568994,1.7739274591056116,3.6523024665836616,1.3487152060196042,3.4062556122013388
19,2000,2.9016697387958645,1.9121845803404698,3.716784138579652,1.4087090983495145,3.3350011364396743
19,2001,2.8711763331941356,1.972715929014069,3.716784138579652,1.4012439426624321,3.2433928470946642
19,2002,2.9890891341654293,2.077625442515239,3.716784138579652,1.4511596613329207,3.286632604794307
19,2003,3.0266314685061366,2.174661379582241,3.716784138579652,1.517947156411645,3.250553776754732
19,2004,3.015313340686486,2.2302332134582663,3.716784138579652,1.507063241215934,3.2150878210734506
19,2005,3.050810218710016,2.32395313659513,3.716784138579652,1.49264894599597,3.1713158321152894
19,2006,2.972175170221477,2.2973874145044184,3.716784138579652,1.6952493310782006,3.016275253686842
19,2007,3.0852919128841103,2.4059351407844742,3.716784138579652,1.8907676079258764,2.9482948065760644
19,2008,2.899068342024045,2.3122754262116967,3.716784138579652,1.840457252787577,2.667986343756298
19,2009,2.7304741580718277,2.2165235833044865,3.716784138579652,1.8135780567079656,2.581539084796922
19,2010,2.9043733850025193,2.430343778617101,3.716784138579652,1.9434671300570927,2.5825712908740495
19,2011,3.078848717180378,2.353558205996107,3.716784138579652,2.3576115702795413,2.6225047634828953
19,2012,3.2130403009821347,2.4730012055090302,3.716784138579652,2.4690070150289176,2.650729148404333
19,2013,3.227309872494176,2.6379700910332233,3.716784138579652,2.459842543732372,2.5959738416567433
19,2014,3.090928525260642,2.6067767953102834,3.716784138579652,2.483564648069493,2.425595326050989
19,2015,2.9806145634369434,2.573105045483579,3.716784138579652,2.3375589141500748,2.3666950667749367
19,2016,2.9588123237360198,2.542567359918877,3.716784138579652,2.402323211139572,2.302069289414822
19,2017,2.9221929952816508,2.5674347986164157,3.716784138579652,2.3291641388925974,2.2686762938443703
19,2018,2.806379793855164,2.483373919529514,3.716784138579652,2.2094330289631703,2.164426108954409
19,2019,2.6974144689430526,2.4418410097000933,3.6353432261943666,2.0910928539962543,2.0854450223459713
19,2020,2.5302962986686177,2.260411808661338,3.5711071069809175,2.077913949025407,1.8992245949457525
19,2021,2.5628929359622243,2.3960550686101834,3.6165122281117967,1.9458059482681356,1.925518367425684
19,2022,2.4712993302682347,2.2680460121618378,3.542294745561829,1.8325455162263895,1.8867499006570756
19,2023,2.2823501156558157,2.034875179552458,3.502111077005245,1.728338203614728,1.7925890777009161
19,2024,2.224485564867763,2.041782704337914,3.5098144196732046,1.668281604359814,1.690627553255642
20,1990,0.18864209252787636,1.0870145875594814,-0.06704507602967127,-0.25889808576265727,-0.07495615222877085
20,1991,0.21870595360638573,1.0799671673159046,-0.08335256847828465,-0.27356914979772956,-0.022200744755614624
20,1992,0.231031167000091,1.0934448202868179,-0.10431934448364481,-0.14175780876017027,-0.05302177308982481
20,1993,0.11984399259302679,0.9816334074610297,-0.16498199026523494,-0.2653570965512294,-0.12242243092929934
20,1994,0.0496945280994982,0.9312249759020863,-0.22091090904979202,-0.33392808008726466,-0.19530589400133555
20,1995,-0.023971326864380672,0.7322609445040018,-0.24960228674133747,-0.28366713075096295,-0.2148207450005903
20,1996,-0.09082926694146869,0.6327645756069076,-0.2768442068602483,-0.34193060011459747,-0.23281916914936202
20,1997,-0.15990999050826066,0.496136483349054,-0.30815862106541336,-0.3647188737991387,-0.2553019077667817
20,1998,-0.15486359358402774,0.49765792234257555,-0.32135700512559623,-0.3645371092436399,-0.24823774742644467
20,1999,-0.18845995605683669,0.4539811406700629,-0.3226619548435572,-0.36398937578445195,-0.2746235152730004
20,2000,-0.19669683195338858,0.46883670065397703,-0.30903880527115213,-0.3135613016857108,-0.2773943434612878
20,2001,-0.1768884275413594,0.47846769654693005,-0.30069676093317993,-0.30762528423803065,-0.2559954212248513
20,2002,-0.16063676280515085,0.5199197325213687,-0.29165407245133596,-0.28241856842707586,-0.2641998467160145
20,2003,-0.11714063438196454,0.6104884122300624,-0.28863692360678855,-0.22444848071885548,-0.2673303342093008
20,2004,-0.06225715315135529,0.6910529128964489,-0.28238805364863306,-0.17244003206325234,-0.24242029848863741
20,2005,-0.030501925039364722,0.7132142506888773,-0.26900575050068387,-0.0699553198045612,-0.2445492235227116
20,2006,0.0289965064511214,0.7833296231733414,-0.2545593440592296,-0.03180001185411874,-0.20433673270864236
20,2007,0.05332107137395772,0.846584166988906,-0.23584338736605728,-0.09960428980498771,-0.17761227224302942
20,2008,0.17064563063833285,1.0159088444094229,-0.23033457278486616,0.044943667249464796,-0.20033693415977571
20,2009,0.07922338460569238,0.8938061885802854,-0.23516901737758078,0.02606577130084042,-0.24149615148520978
20,2010,0.18781366134471514,0.9837720339707912,-0.21382126611899044,0.11713042355394734,-0.2345287604646034
20,2011,0.18026157225031314,1.0769529957249653,-0.17756731069953002,0.11189401849033052,-0.2212874918814602
20,2012,0.17718276479218392,1.0941624801894225,-0.15976219139339093,0.1163478600482258,-0.21525553761825006
20,2013,0.2302053958794706,1.0872155323322104,-0.16862533981336772,0.15995244497459749,-0.2073043251803821
20,2014,0.06401629533012271,0.9163741524735294,-0.15252366158201658,-0.22449278534504713,-0.21301371504449013
20,2015,0.05707572933487594,0.8460892687200697,-0.1447289954814441,-0.24419516023570018,-0.19222282670036117
20,2016,0.0882634707778109,0.9005886487878201,-0.13936445228752803,-0.20930823506457832,-0.17277864472248372
20,2017,0.1583085965462145,1.046364464760213,-0.10113723773347459,-0.1903244845355669,-0.15873902925156272
20,2018,0.10881257606160233,0.8924231144159858,-0.07241800505818435,-0.1577195951974577,-0.17873479635190487
20,2019,0.10273823357760363,0.8845013710155168,-0.13655191780714654,-0.08371464679681444,-0.1937148805848481
20,2020,0.09941983995265322,0.8686305069585414,-0.13923186414135208,-0.133688053366407,-0.16359759100015903
20,2021,0.16070744290805608,0.9075458878880355,-0.03670368137930801,-0.03694906020665805,-0.13841655279958998
20,2022,0.12667485235310952,0.8646347488592158,-0.07427878891255654,-0.046480200059523503,-0.11983676896083638
20,2023,0.1619027298985999,0.9225109981204359,-0.09476255836123505,0.013456083316967326,-0.12509717524720423
20,2024,0.1591245176112239,0.9013433937124731,-0.07862766922403562,0.0014581399974364368,-0.11140309347727735
21,1990,-0.4518491167500193,-0.20995474162550717,-0.42650179599123983,-0.4023995821338441,-0.30781913368764097
21,1991,-0.5082831051783887,-0.20995474162550717,-0.4538663288353282,-0.5428003889187395,-0.3188309661699497
21,1992,-0.4613742942688168,-0.20995474162550717,-0.43240910192925797,-0.4429003478574086,-0.3225727131995346
21,1993,-0.42339060009148377,-0.20995474162550717,-0.4293437837998193,-0.33777678696750635,-0.30026974456020056
21,1994,-0.40890308128854036,-0.20995474162550717,-0.41007606984334805,-0.32903440145367285,-0.2824492114518897
21,1995,-0.41648672708745577,-0.20995474162550717,-0.4063670349067273,-0.31623065818063306,-0.26940138635171007
21,1996,-0.4203218840509229,-0.20995474162550717,-0.3962514850795799,-0.31565344724964284,-0.2728688520342724
21,1997,-0.41069372128727394,-0.20995474162550717,-0.39209141047534174,-0.31625391938011,-0.2604662976606327
21,1998,-0.41552111925914526,-0.20995474162550717,-0.39144331464226045,-0.3415194950461201,-0.23815760995450255
21,1999,-0.40845021306266055,-0.20995474162550717,-0.3869154018624897,-0.36040956982991107,-0.22746460012426634
21,2000,-0.40742841359965654,-0.20995474162550717,-0.385084969036625,-0.33715592581780157,-0.24994733874168604
21,2001,-0.3952942961198927,-0.20995474162550717,-0.37810918077920247,-0.33934441986186187,-0.2407058687074095
21,2002,-0.38916373024138784,-0.20995474162550717,-0.371308553557748,-0.35805336016661643,-0.22086815816262745
21,2003,-0.3856204127836469,-0.20995474162550717,-0.35869695896805764,-0.32880939502100115,-0.1974822392277217
21,2004,-0.3766314424245545,-0.20995474162550717,-0.3536129098990887,-0.3072404077339171,-0.192417978161818
21,2005,-0.3503333941403901,-0.20995474162550717,-0.3455336071150684,-0.2749985473189161,-0.17949927397777696
21,2006,-0.3422379920193909,-0.20995474162550717,-0.3315382403412315,-0.2719085498754353,-0.16432261900002093
21,2007,-0.3416612657427487,-0.20995474162550717,-0.32935748544343096,-0.27969331840507317,-0.17175772839932543
21,2008,-0.32881973963072764,-0.20995474162550717,-0.3202184583918047,-0.26437629988934286,-0.12767930326201693
21,2009,-0.30110189462983783,-0.20995474162550717,-0.31467461160342,-0.24592780745438034,-0.10792223381701035
21,2010,-0.3091294657463779,-0.20995474162550717,-0.3004252613274297,-0.22807096474704835,-0.11479285551788614
21,2011,-0.30448080310625514,-0.20995474162550717,-0.2996063834842796,-0.17058944894096262,-0.13519505376109697
21,2012,-0.30740880143918764,-0.20995474162550717,-0.27810059265550413,-0.1434247971164737,-0.13364674464540666
21,2013,-0.28817621305390184,-0.20995474162550717,-0.2787509273969472,-0.1358638795662591,-0.11090595450870526
21,2014,-0.2941053912572429,-0.20995474162550717,-0.26315576933974594,-0.13939669938320345,-0.12248601643647238
21,2015,-0.2808499671750842,-0.20995474162550717,-0.25185661593036396,-0.08005606154637752,-0.10442241008675214
21,2016,-0.27616789091208616,-0.20995474162550717,-0.24591733642526714,-0.05291458775245561,-0.08102036293189124
21,2017,-0.27614675479786566,-0.20995474162550717,-0.22954196909711133,-0.0445704967483464,-0.10746659547505873
21,2018,-0.2694829358900481,-0.20995474162550717,-0.2318120561232556,-0.01422893840502511,-0.10045659369733087
21,2019,-0.2670258589202214,-0.20995474162550717,-0.226704360314431,0.02640572774480348,-0.10936354832151851
21,2020,-0.2701390535306918,-0.20995474162550717,-0.2270117679325547,0.030760703413315292,-0.16097522307655834
21,2021,-0.24404786510784574,-0.20995474162550717,-0.20513853356606065,0.05885391532822252,-0.09287642708775014
21,2022,-0.2600253380259542,-0.20995474162550717,-0.19470243882414062,0.01584245437421549,-0.06651020664378003
21,2023,-0.26083718041519377,-0.20995474162550717,-0.17888926059204827,0.07238178159033924,-0.07253422959965157
21,2024,-0.24995842201834578,-0.20995474162550717,-0.13409350436167172,0.1196587657592323,-0.06965000042684039
22,1990,-0.398317729331349,-0.17915277860572004,-0.4025222501672315,-0.43017301969687544,-0.18266228980433677
22,1991,-0.37796094991849855,-0.1748037595959365,-0.3918374269731883,-0.34020386635642136,-0.16795675187231915
22,1992,-0.36263179914258437,-0.17263642669007076,-0.3770450774856974,-0.30845137375594717,-0.15571243592000253
22,1993,-0.3453508881431165,-0.17836335271285503,-0.36524798171325795,-0.3161228753123084,-0.13371226167685266
22,1994,-0.33175270181886446,-0.17488987878424905,-0.33637268493394623,-0.26568486656774515,-0.1254549220295686
22,1995,-0.28642013353491796,-0.1740430400991757,-0.3226094065327669,-0.1950224278455367,-0.09146040379491971
22,1996,-0.2647794729735503,-0.1728804310569563,-0.30222066194610087,-0.15579760136677392,-0.07771968564171079
22,1997,-0.26503559460345616,-0.17484681919009276,-0.26815621947623947,-0.13694958731386966,-0.035104402113758836
22,1998,-0.2556134789673926,-0.17595201544010378,-0.24171566109688183,-0.13389252707172086,-0.06018109610729155
22,1999,-0.23627209779993585,-0.1817937670473048,-0.24370373885511773,-0.05415095269875156,0.004192052152319995
22,2000,-0.20928993322053668,-0.16264660084581548,-0.22197063331739797,0.02271532598756764,-0.025863333740132517
22,2001,-0.1920853775760084,-0.1503028505210173,-0.20512452068318318,0.05494681752761007,0.0017943852462735648
22,2002,-0.17330435564916755,-0.1345860986539777,-0.18838350467054918,0.050918109785172264,0.04294708331038474
22,2003,-0.15449814642778215,-0.10054031287441803,-0.16848083195869418,0.07316901894647891,0.048277259175222666
22,2004,-0.10595695320483925,-0.019412305652506564,-0.15145916417618055,0.06980576472157715,0.08836570667553213
22,2005,-0.09046930793735579,-0.05310844752751732,-0.13641721021243536,0.21895090231343756,0.08248871679881475
22,2006,-0.059496847558512596,-0.05001705573105795,-0.1097975058835415,0.3259217825902506,0.07364002824263338
22,2007,-0.046341117724372806,-0.028559024643182024,-0.09873608646216732,0.24692739472897984,0.12182425944349436
22,2008,-0.016132165475584423,-0.00951233082805736,-0.08328250406389759,0.33610608723174284,0.05773071334189759
22,2009,-0.017984361735212694,0.07451129056888292,-0.06781140556203093,0.24821438537361928,0.03274498788498492
22,2010,-0.0018688905141414436,0.12649857391355626,-0.004346183204954063,0.18951663291094054,0.036097931916112096
22,2011,0.013408090393627017,0.12636939513108744,-0.019725322162937504,0.2387772672438256,0.08172305334711534
22,2012,0.017144162851039202,0.1516453769008196,0.019738459240635036,0.2574441211246558,0.04724091908309578
22,2013,0.07598877512746613,0.133086691819466,0.04917865036094331,0.38044382986183767,0.07752165204880987
22,2014,0.0795259644796412,0.13968916292342784,0.07219918951302731,0.37890737041451705,0.08248753097298743
22,2015,0.13422575430508102,0.18892063224209973,0.08912850363932691,0.5231601132852647,0.0565533532851748
22,2016,0.12996062997606173,0.21966518246967848,0.14091048489734342,0.46865148487347935,0.06261433834430412
22,2017,0.13473513668629308,0.2650288237432632,0.15184053354174173,0.44993583513882396,0.07246545509288374
22,2018,0.13783333188127853,0.29997514352180915,0.17962983189805237,0.44441885391571206,0.0552018084529368
22,2019,0.16866405328584752,0.26948249192004453,0.20521763628990367,0.5485352479247024,0.09289321656472342
22,2020,0.1437220436240187,0.3544234549108901,0.1764106479355936,0.47389394367271137,0.0019268948868065479
22,2021,0.15196571981514045,0.3157196401206833,0.190726546268174,0.645674278878959,-0.017394228772813474
22,2022,0.19676573123554028,0.33336777267081036,0.22938280902177896,0.7647401646923577,0.015694572441064484
22,2023,0.20551255911067784,0.3896417914813789,0.261839779814923,0.7480617907685547,-0.041844138706696024
22,2024,0.20873632004088644,0.38182175619366593,0.3017744807946185,0.778599221043685,-0.0196727709659811
23,1990,0.24503574103615192,-0.10236316902703357,-0.0510222202645057,0.08462567547646312,0.7233746073290898
23,1991,0.30140362869109566,-0.10371236964393012,-0.040784057712180764,0.12845411138225785,0.8104024822068492
23,1992,0.3102125358784289,-0.10442628748205846,-0.02507211278585824,0.13464325549181172,0.8140474599167035
23,1993,0.3332851408875358,-0.08206774698137703,-0.008606975404873731,0.13368075727510978,0.8602386818681311
23,1994,0.4076599074573915,-0.06472908373445113,0.028956308758446885,0.16083138029162372,0.9773456869621657
23,1995,0.35130684171915655,-0.051251430763537775,0.04739638681996973,0.150728808705289,0.8608999388862905
23,1996,0.39186405673967395,-0.03042494038995378,-0.0024500649906012907,0.20622860289789874,0.8776087747597817
23,1997,0.4468672250637963,-0.030683297954891477,0.03576569403169983,0.25470301403602535,0.9208969171192899
23,1998,0.5180213850939995,-0.022171851510001554,0.07699860189854836,0.3749164795197883,0.992409444400236
23,1999,0.48768867984395925,-0.02359281811715856,0.11111121365330089,0.3361737914789251,0.9717330664177884
23,2000,0.560576827366206,-0.02050688053595901,0.15980160262648366,0.4501249190723966,1.0363749719978588
23,2001,0.5592946186242866,0.0033481346266161236,0.17278541441760578,0.4594748146134775,1.0149405676775212
23,2002,0.5735476739916938,0.01936630365274962,0.18886957654536013,0.5844727135648015,0.9570886426985509
23,2003,0.6443456187445621,0.06981779480584922,0.28749399784709784,0.7180464838259042,0.948524557902389
23,2004,0.6701011982674087,0.03980525767892707,0.32821455968374025,0.7777524806182464,1.0014412475750962
23,2005,0.7234345067188758,0.09935667639705235,0.3622001796874161,0.7714870929870905,1.039390949129464
23,2006,0.7650252003580366,0.12034105194920929,0.3819889977258919,0.9100520691463385,1.0348750475420339
23,2007,0.7874277055288051,0.09529472134831064,0.4227314546920303,0.9554907682283651,1.0797114990172325
23,2008,0.787701118374861,0.062325425422657725,0.4500084070181348,1.0335549851260932,1.0714377221802622
23,2009,0.7632460714109593,0.06506688625060718,0.4353912185666117,1.0330627569506314,1.0225369592763769
23,2010,0.8073472054909694,0.1285223748389011,0.4783888738708371,1.0804545100820113,1.0416972845830443
23,2011,0.8621634322243917,0.16502255748536834,0.5566157925341105,1.1477629009003196,1.0650186906381296
23,2012,0.8679806302089899,0.12507760730639927,0.6184038479717945,1.2270549434699238,1.0570513499803067
23,2013,0.8375206426054012,0.12853672803695318,0.589668680021257,1.1509968461125848,1.043890722496939
23,2014,0.7875708604041403,0.1166522800498219,0.6346675501614158,1.126859977017949,0.9907321095249049
23,2015,0.8121490139160001,0.14098095074811604,0.6568735904962492,1.1919554758652848,0.9663139845128723
23,2016,0.8240297295291261,0.09871078248470823,0.7109983506103364,1.2159380280721979,1.0033927621896643
23,2017,0.8272329024148208,0.10136612412434509,0.7182193643181141,1.260147071637829,0.9728297853747356
23,2018,0.7408050498476041,0.058564887533009896,0.8409284280654409,1.2374246723559519,0.8661888499279491
23,2019,0.7845055002534632,0.04889083204590062,0.7546003114886511,1.2279003316374455,0.9403889031411142
23,2020,0.5874917501998775,-0.0211948257476187,0.8403109854136541,1.1206976706279996,0.7159270630721999
23,2021,0.6144234785599295,-0.04429012970827368,0.8141722776685542,1.264768648943248,0.7146666426827083
23,2022,0.6282779645278461,0.012179707836964272,0.8363443236253316,1.0684190127360256,0.7761885279842432
23,2023,0.6609400796924788,0.004296122692460338,0.8830720830005067,1.231257783486265,0.721914411192486
23,2024,0.6742150224292958,-0.014889302187309703,0.9057912989821544,1.240995537184579,0.7351937109851854
24,1990,-0.08985127740941103,-0.030123976961890443,-0.16540237675155797,0.4591917150530151,-0.03287373946488654
24,1991,-0.0696870921873847,-0.045559477885728596,-0.155628390944548,0.5786527795902986,-0.038217857403451204
24,1992,-0.07319863239526828,-0.04582546816881689,-0.14818404691591133,0.5488704763309694,-0.03182872758111526
24,1993,-0.06084399784590265,-0.04510781484202441,-0.14216288630451407,0.5797863559520479,-0.037710495860103485
24,1994,-0.06424460955783291,-0.030183408528394042,-0.1275281817493943,0.5413188777662231,-0.023830888459357158
24,1995,-0.04921787651086113,-0.0109476506332665,-0.12347320376673698,0.5706536654582951,-0.011940164758814755
24,1996,-0.019408937567383575,-0.01588559791840423,-0.10783132325480166,0.6934701350494697,-0.002210783814456293
24,1997,-0.04385303030276543,-0.015310575685883586,-0.09401111751693268,0.6141900939030851,-0.003212862376707055
24,1998,-0.042134037382819754,-0.010445288701443213,-0.07965229159346233,0.5994664912608287,-0.003466494763721029
24,1999,-0.057921235623215134,-0.03926695754526034,-0.07036875668716264,0.5727986839572197,-0.0014297747631303044
24,2000,-0.05508857172734752,-0.028401139464609083,-0.05803741975502101,0.57598852179282,-0.005778055760566895
24,2001,-0.03981387485129819,-0.017061659272426626,-0.0490691747134634,0.5990131057910949,-0.0004594042813112174
24,2002,-0.0395976245793107,-0.017722813844883868,-0.04255318417545675,0.5871921210550314,0.006041268310234252
24,2003,-0.030874232772033456,-0.012985804756663302,-0.03521393676840086,0.5950788705193473,0.04063994509164947
24,2004,-0.024946207930631816,-0.01617176099319697,-0.024257613968607438,0.6228186410390646,0.04136829550482211
24,2005,-0.03719606902756992,-0.025386967873669924,-0.014733232637851762,0.5888631420276951,0.037107542357081844
24,2006,-0.04827862798648362,-0.031960732581527575,-0.009745522138665176,0.5433677832072964,0.03515785023136878
24,2007,-0.04715816370166059,-0.016258781067758563,0.0003481325589862245,0.5157733097763948,0.04234679460949856
24,2008,-0.042885142396319915,-0.0260472149840661,0.0038863854855382537,0.5600417385526318,0.022659415202917962
24,2009,-0.05754323863985676,-0.036941285729791065,-0.01334070240190674,0.5869869289744589,0.007789018993889595
24,2010,-0.023637279286006525,-0.03632365763414468,0.0019902672711854816,0.7370434853011268,0.026342068434587456
24,2011,-0.06290383386063375,-0.03860626327964566,0.004871666312857783,0.5752484722395229,0.010071000835337584
24,2012,-0.0685559620514661,-0.02152641132868805,-0.012886295263372798,0.5298954268955446,0.01576687525112335
24,2013,-0.07212649294715406,-0.021855180266606558,-0.00668260371541935,0.5256214443494448,-0.007045314515319612
24,2014,-0.09584228106977424,-0.00015741869963632665,-0.0199430254355161,0.3962800843171275,-0.0201456708407148
24,2015,-0.06839227174538902,0.047797735094692324,-0.010153489707538254,0.3781449946740259,-0.010916038919885731
24,2016,-0.06581012296585254,0.02688363324735363,-0.0052262316608899925,0.41662282857840066,0.0029978248200457328
24,2017,-0.07494580738081782,0.002305274315745334,-0.0012594297437388427,0.44870487852810853,0.012580938937631209
24,2018,-0.08777270605483863,-0.021620287268986838,0.00817593912756386,0.4290571554255313,0.008873415990790813
24,2019,-0.10529423384301824,-0.06399497506687893,0.006739412818409656,0.474209016481774,-0.004129380732095917
24,2020,-0.15261216852455994,-0.11898316719376019,-0.0019505932965386624,0.4464383989808942,-0.016311363956807504
24,2021,-0.14092005796104504,-0.08329684049070467,0.003312846947416653,0.4115428113054535,-0.014169084756610616
24,2022,-0.1796477611701808,-0.08407242944691647,-0.012688757405060066,0.21057734886483365,-0.03734483685728146
24,2023,-0.20901860118517213,-0.12445631522924748,-0.02326400423402757,0.16483553737013043,-0.04508849523254695
24,2024,-0.2178766582759208,-0.11702727897991665,-0.005602750531850999,0.1743374376333256,-0.048716099790827354
25,1990,-0.48479102098763294,-0.1786217102777927,-0.3636321211564539,-0.4550088918727706,-0.3171697595145736
25,1991,-0.48380489962511736,-0.17918098816088826,-0.36093902022844704,-0.4458242922865223,-0.31892773548968034
25,1992,-0.4784670068969475,-0.17572236427127033,-0.3638204192701193,-0.4384719770114102,-0.31366993578431535
25,1993,-0.4795795047698505,-0.1768137041641652,-0.35888087805582397,-0.44172849030606953,-0.3137828333240011
25,1994,-0.4785655824514101,-0.1786217102777927,-0.3560345112213453,-0.44939614878652695,-0.3079444177002522
25,1995,-0.4784107991765281,-0.17902310298231527,-0.3532100395163626,-0.454740514676732,-0.3045897479495899
25,1996,-0.474998184459442,-0.1793967829726056,-0.34998707645455285,-0.4393832395815958,-0.30425105533053265
25,1997,-0.46797003419629946,-0.17689982335247775,-0.34415421395682105,-0.4299247732657536,-0.3020737456365931
25,1998,-0.4692553066149118,-0.1798847917063767,-0.3453978573121933,-0.44618416170848313,-0.3024285664756055
25,1999,-0.4648885507227229,-0.17883751239599438,-0.34055465466768026,-0.42935081203513475,-0.30039641076126194
25,2000,-0.462255325916556,-0.1805019792226166,-0.3378440376360767,-0.4208280062163907,-0.29684820237113835
25,2001,-0.45562445870992857,-0.1741578656835924,-0.33466924385915814,-0.41307678483625765,-0.2978158955684448
25,2002,-0.4560102047587234,-0.17389850713029847,-0.3311309909326062,-0.4199594400183022,-0.2936548148200271
25,2003,-0.45029685473855613,-0.1579105496360458,-0.3300931617944962,-0.45590551568680865,-0.2900904782099483
25,2004,-0.45204097304652807,-0.15535517623535328,-0.32426467832266365,-0.4653816704996625,-0.2871067575182535
25,2005,-0.44807903629493584,-0.14902541589438117,-0.3217554964824232,-0.4729901640073569,-0.286429372280139
25,2006,-0.4477114752237432,-0.14992966006517855,-0.31799391323501214,-0.47228750371227396,-0.2851713711236406
25,2007,-0.4511015712528102,-0.16446845601007473,-0.3160934159947602,-0.4620117068448596,-0.2848165502846282
25,2008,-0.4481970021129967,-0.15255680676261588,-0.31817783232277846,-0.46957262439507436,-0.2834617798083992
25,2009,-0.4572607200619311,-0.16538755752634454,-0.3175866638263867,-0.46733045491180647,-0.2878809120760986
25,2010,-0.45739495485895276,-0.17118725783422992,-0.3120778492451956,-0.45787381844048264,-0.2869777317586126
25,2011,-0.45933723576162805,-0.1686739430393374,-0.3131507105904991,-0.4671560097343813,-0.2873486808175801
25,2012,-0.4544717417716096,-0.16093806613019632,-0.31467023257752075,-0.459547516226687,-0.28796155317587413
25,2013,-0.45504856726944914,-0.16726833061858876,-0.3170042533817934,-0.4506935085501044,-0.2866712955794656
25,2014,-0.4534644605875176,-0.16627745580557415,-0.31357985512862047,-0.43673850430426997,-0.28426819080615456
25,2015,-0.4544344670089785,-0.16940695712835033,-0.3113421728941303,-0.44722107360226865,-0.2819618553525742
25,2016,-0.4571401054258698,-0.17600942823231214,-0.3135973712322173,-0.4455882423436429,-0.2796232634590836
25,2017,-0.4515316825483169,-0.17442872488403344,-0.31490528555071207,-0.44172009558936703,-0.2755355822396816
25,2018,-0.45334906992784263,-0.1742581940411356,-0.3147554484215192,-0.4552022545927756,-0.27430001543714083
25,2019,-0.4490414635246975,-0.1716625334958403,-0.3132169959055352,-0.4471731884010655,-0.2727044990216419
25,2020,-0.4561962275211502,-0.17283823265468315,-0.31705977943019514,-0.4528331500151594,-0.28130942047073026
25,2021,-0.45534490771210406,-0.16427801403550576,-0.31650590709738696,-0.46991914571122134,-0.2815065879596815
25,2022,-0.4630039702243726,-0.17871938329369624,-0.3188246932705561,-0.47608328804517147,-0.2824320090924855
25,2023,-0.46384188608580784,-0.18278462034239717,-0.31908425869810675,-0.47172911277126434,-0.28188470179143577
25,2024,-0.46361462456737035,-0.17627564155875108,-0.3168186311472039,-0.49132246500137977,-0.2829508523095439
26,1990,-0.4655499610323611,-0.2083328302456209,-0.4553070283561644,-0.4717416000976045,-0.26980117750642324
26,1991,-0.4506555082170403,-0.20827541745341252,-0.453463458452602,-0.4513998285342242,-0.24673782297061966
26,1992,-0.429899176378252,-0.20856248141445435,-0.4516811949116284,-0.4455138286665595,-0.21702964181331186
26,1993,-0.44067231956537595,-0.20955285208004862,-0.44599284026857017,-0.43453476155588944,-0.2387382258728864
26,1994,-0.45828561727840567,-0.2095959116742049,-0.447757587705947,-0.4371331407720813,-0.2686722021095657
26,1995,-0.45130826829484927,-0.20966767766446537,-0.4484538528239195,-0.4396516167776345,-0.2549793433676795
26,1996,-0.4400833100920232,-0.20983991604109048,-0.4501353987692115,-0.43796815982066506,-0.23512550460294235
26,1997,-0.4248551738228938,-0.20981120964498629,-0.4510506151821439,-0.4212677788489903,-0.22746460012426634
26,1998,-0.43675998382750836,-0.2097825032488821,-0.4524606615216856,-0.41914698905211256,-0.24662492543093392
26,1999,-0.43111873472748935,-0.20972509045667373,-0.45221981509722975,-0.410546719815421,-0.24188322876413235
26,2000,-0.4170812467125832,-0.20909354974238173,-0.45172936419651954,-0.3872387702876413,-0.2282064982422013
26,2001,-0.4003833810150001,-0.2091222561384859,-0.45021422123539706,-0.397526766118512,-0.19030518134769892
26,2002,-0.395689431452638,-0.20922272852485055,-0.4335345115853518,-0.3872729273853191,-0.1856925104405382
26,2003,-0.3854968368924925,-0.2091509625345901,-0.433429414963771,-0.3165854236896157,-0.19609521231158247
26,2004,-0.3860349964740443,-0.2091509625345901,-0.41955228188921256,-0.30887689868157975,-0.19935311274251416
26,2005,-0.3785274868463699,-0.20902178375212127,-0.414078499515215,-0.3086512178576382,-0.18593443373986482
26,2006,-0.3951408656041552,-0.2088064857813399,-0.4229153737797966,-0.29641870725183334,-0.21994884962518632
26,2007,-0.4048171057655208,-0.2083328302456209,-0.4036345227456277,-0.28876324773483225,-0.2441411795578474
26,2008,-0.38823355633830653,-0.20649562089495327,-0.4086879186333023,-0.3077033583970837,-0.2109493028902364
26,2009,-0.41564866113013155,-0.20649562089495327,-0.4107285447023285,-0.34060274294237924,-0.2392059442515845
26,2010,-0.37549686911739566,-0.20649562089495327,-0.39835779653709413,-0.3144457254993807,-0.1881278716537594
26,2011,-0.34549367008631604,-0.2057923141904008,-0.38608338694164207,-0.24218638536233308,-0.17717681030424148
26,2012,-0.33224236641462734,-0.2044144071774001,-0.37855146239502147,-0.2064519617097934,-0.15804874143748412
26,2013,-0.29581667749707524,-0.20302214696634727,-0.3860395966826501,-0.19724540398932375,-0.10193866421366554
26,2014,-0.26944347125702006,-0.20302214696634727,-0.38194082844100075,-0.14684843621048435,-0.07255304745545989
26,2015,-0.28771674803693575,-0.20267767021309707,-0.3801848390554224,-0.13833782935519656,-0.10393856348809884
26,2016,-0.2769129623082278,-0.20233319345984688,-0.37769755234467783,-0.12977354706070107,-0.08929413976886137
26,2017,-0.28317247134474866,-0.2033723219392241,-0.3751879282228216,-0.16019924592461782,-0.08844942424871259
26,2018,-0.26907766849991055,-0.20224358644440768,-0.3724232433584407,-0.14383776496667075,-0.07211139228020921
26,2019,-0.2563972860039112,-0.20215492674003993,-0.36977308753742727,-0.14058205009416969,-0.05363014567475143
26,2020,-0.2763496325858083,-0.20073595522741217,-0.3677477442687892,-0.13158895593574013,-0.0919618279905359
26,2021,-0.24879602377358026,-0.19121520624869728,-0.36485861624640487,-0.12329204930238351,-0.054145119737918
26,2022,-0.24317002406449156,-0.1902908602941426,-0.3478495206472477,-0.14458867277217158,-0.03719668302877368
26,2023,-0.2540474998170244,-0.19097909614074035,-0.3397000564869018,-0.1563617060348491,-0.05069082925087611
26,2024,-0.2520807371433059,-0.1908283875611934,-0.344055114115588,-0.13395282726363972,-0.050576731835972125
27,1990,-0.46664570913695164,-0.19162570771298706,-0.061952268908904,-0.5120250168431547,-0.25425357346969973
27,1991,-0.4713599050581163,-0.19336244467729008,-0.05229651680117232,-0.5130912067708178,-0.26043068171250583
27,1992,-0.4623567093699413,-0.1933193850831338,-0.049940600867403796,-0.47876454288313997,-0.2622854270073432
27,1993,-0.45713979281034145,-0.1921711292389665,-0.04341147325169955,-0.4671987056290504,-0.2591404241160973
27,1994,-0.4521733019493293,-0.1898172047584236,-0.03907185858559432,-0.46235449894760794,-0.25623734452417796
27,1995,-0.45434749130318874,-0.1880948209921727,-0.030129887699431954,-0.4751951267817912,-0.25083439083921694
27,1996,-0.4513408226692662,-0.18823835297269362,-0.033738205040371116,-0.4862974036990368,-0.2419638698639079
27,1997,-0.4459253854359155,-0.18836753175516244,-0.030440798538275006,-0.4618445821844413,-0.24452825683676996
27,1998,-0.4408042665116605,-0.18642985001813014,-0.0060890355128348575,-0.44965293742516943,-0.24296381950112456
27,1999,-0.4361787299056815,-0.18764987185255788,-0.007100590495549576,-0.4371831577932957,-0.241981804444498
27,2000,-0.45293556816056313,-0.18740586748567234,-0.00406154652150614,-0.46920588071589,-0.2506785922344506
27,2001,-0.44938578225372733,-0.18984591115452779,0.008493120731494537,-0.4584157463944195,-0.24401994372844485
27,2002,-0.4505162736807568,-0.19258737198247713,-0.006049624279742074,-0.45971097310195014,-0.24408223091391149
27,2003,-0.4426213314752469,-0.19307538071624825,-0.03190777221450638,-0.4484962216147146,-0.2342651285812172
27,2004,-0.4410548514750586,-0.1906209838493407,-0.009430232273922968,-0.44079651085724486,-0.2395673292761186
27,2005,-0.44617063368532567,-0.19340550427144634,0.010489956541528846,-0.4517103685201684,-0.241725285106112
27,2006,-0.44139853654837574,-0.19541495199873907,-0.002739080699948371,-0.43990561856088495,-0.2355644341090206
27,2007,-0.4395692852539364,-0.19387915980716533,0.013581548826362661,-0.4354202303766372,-0.23271854518506208
27,2008,-0.4363200832552893,-0.19363515544027982,0.020785046430543384,-0.43055364241244587,-0.23808662965848013
27,2009,-0.4366075440629186,-0.1982281788169489,0.006907913355984876,-0.4257234906972887,-0.2397800766255464
27,2010,-0.4286439143635538,-0.19462552610587408,0.03823974294715109,-0.42035553734818165,-0.23161239121944105
27,2011,-0.4321477542223329,-0.1941379711031335,0.013522151719065928,-0.42910371699504113,-0.2360258463537163
27,2012,-0.43288673970907127,-0.19370692143054025,0.030088663549616815,-0.4306062982900532,-0.2367348106465029
27,2013,-0.4312387713993426,-0.19364905490730136,0.033799765386462066,-0.4314150131530523,-0.23515285806398623
27,2014,-0.43095376720617734,-0.19333419201221644,0.022833940100467354,-0.422312972999411,-0.23757097821007545
27,2015,-0.42817837883631943,-0.19373562782664444,0.03595314261434077,-0.4158948127908324,-0.23370972107062316
27,2016,-0.4304720446336299,-0.1933050318850817,0.05129113624497543,-0.42196537559917563,-0.2379102030603912
27,2017,-0.43113336843451755,-0.19254431238832087,0.05719719416061228,-0.4185612553023352,-0.23892337783797102
27,2018,-0.432286855853965,-0.1929482919293879,0.06924478335156359,-0.4206208303192447,-0.23609963296001094
27,2019,-0.4355866620513219,-0.1933399388627444,0.06258958358022124,-0.41944628604349016,-0.2420487365573117
27,2020,-0.4400904442871251,-0.19351134475388249,0.06441107443520006,-0.4282006292563634,-0.24739959609181766
27,2021,-0.43950577116876344,-0.1920192001838541,0.08882603118339172,-0.4383639651293572,-0.24386003242758997
27,2022,-0.4416208733466707,-0.1928110952805151,0.05867330686389535,-0.44596891736611266,-0.24574164733687248
27,2023,-0.44536419023384927,-0.19446215755191412,0.0678172865938135,-0.4459370927150666,-0.2463695189397248
27,2024,-0.44912428821419237,-0.1938875128372024,0.07983631917382257,-0.43951356208424924,-0.24908701041158762
28,1990,-0.43652764433880303,-0.17392821451475896,-0.39121560529550214,-0.5644537223654847,-0.21441687018058447
28,1991,-0.42529035633507273,-0.16949307631666286,-0.3919556606724666,-0.5644537223654847,-0.20086916541829428
28,1992,-0.41125308107978076,-0.17279431186864375,-0.3944517054350095,-0.5644537223654847,-0.1760800913472942
28,1993,-0.3955313962015211,-0.1678137521445682,-0.3927920546192134,-0.5644537223654847,-0.15351671163009897
28,1994,-0.3920916313844312,-0.16812952250171423,-0.3703977161707148,-0.5643018452704538,-0.14730734694738262
28,1995,-0.3819191890152321,-0.16475652095947282,-0.36232279241259363,-0.564287816462479,-0.12930825347748276
28,1996,-0.36902689928409604,-0.1503028505210173,-0.34554236516686687,-0.5642060834073219,-0.12166347721876186
28,1997,-0.35675683792286383,-0.13836098974167763,-0.3317265384548971,-0.5643213636119839,-0.11013179995086007
28,1998,-0.34207735432354835,-0.12819892552079726,-0.3403970097353091,-0.5642396305568267,-0.09340683585741373
28,1999,-0.3532141906422385,-0.11810862729017732,-0.3319805219570505,-0.5642890363588248,-0.11863137186720168
28,2000,-0.35590965019506315,-0.08963188235482894,-0.32855174467797854,-0.564209133148186,-0.14427524159582245
28,2001,-0.35349495571860323,-0.0947272676633212,-0.3210490136373526,-0.5612313661685031,-0.1398238528882128
28,2002,-0.34849768407519505,-0.08815350295546355,-0.3376790943272069,-0.5239732919802715,-0.1549359949861484
28,2003,-0.3391567404046494,-0.08805303056909891,-0.3025578469403391,-0.5027599053812719,-0.15667784274130003
28,2004,-0.33075653074279293,-0.07981429488719873,-0.29153145972615846,-0.5055071541368662,-0.14845293441079388
28,2005,-0.33190026760673136,-0.05719365475710341,-0.2873494899924244,-0.4898082402844629,-0.1769269841771369
28,2006,-0.3538764896616861,-0.07292475982219507,-0.2855628474255516,-0.5000613554160103,-0.1875061787719719
28,2007,-0.34469318251941494,-0.06333907697549251,-0.2795443847320108,-0.47941272028097165,-0.18821889126307606
28,2008,-0.33480771289788697,-0.03710217730256902,-0.27431094037756226,-0.47207142921157486,-0.19455718009764755
28,2009,-0.33231437572126465,-0.04497908321477405,-0.2670268686968363,-0.47142596375116735,-0.18362817892738423
28,2010,-0.31521540037187246,-0.018761531652824744,-0.247759154740365,-0.4768335027055686,-0.17457015126687708
28,2011,-0.31365547322703413,0.00015741869963630117,-0.2441193084129516,-0.4698527316874088,-0.18890134882636644
28,2012,-0.3059043904949775,0.009900369537395634,-0.23048915239910786,-0.4737632010985362,-0.18108682305261806
28,2013,-0.2784980126423802,0.062057020619083636,-0.22016997786764772,-0.4809200979453164,-0.16911349060946562
28,2014,-0.2608135622714413,0.07945166133841264,-0.21238056659815435,-0.4766026350653499,-0.15351816316989494
28,2015,-0.2351554952480909,0.10590891130783184,-0.19283566030226373,-0.4818673692938428,-0.11884819965627814
28,2016,-0.20341263733201634,0.14592419215725613,-0.1650454861407733,-0.4698313109785226,-0.09823625391255118
28,2017,-0.16702035898097953,0.21087528398257804,-0.14911415201690095,-0.47111179335416864,-0.08295784599509823
28,2018,-0.15131644641848768,0.23465996847469792,-0.12799016898175966,-0.46024435371253297,-0.0814203427867779
28,2019,-0.12940162144224848,0.2654475782964329,-0.10828104921464929,-0.45952318984669505,-0.07559208794160079
28,2020,-0.16086569805382825,0.2672058450578142,-0.12524977457404154,-0.4692961348883373,-0.12001356031735433
28,2021,-0.13631306116115835,0.30438349865234005,-0.10163412580225656,-0.4828432015875507,-0.09509062202072692
28,2022,-0.11946589053765881,0.30878705981472154,-0.08982695827024897,-0.4888529004695327,-0.07831566044541974
28,2023,-0.07311494265567729,0.4039965418608435,-0.06867380847807421,-0.4911095956180658,-0.07206897527204363
28,2024,-0.03493320120317889,0.4629370185376447,-0.035854222593788836,-0.4835427062208803,-0.0511831891594268
29,1990,0.514378665861927,2.4277050152297623,-0.011606608145824383,-0.2870793935776335,-0.1762736299867555
29,1991,0.5229480756474121,2.421696813411176,-0.03946597091652215,-0.31060947289681,-0.1812895063927939
29,1992,0.5001567874403436,2.2927083421411933,-0.058685515588102234,-0.3196010074668623,-0.1765639379459474
29,1993,0.5028306863267905,2.3142372116261143,-0.05478380351191684,-0.3137382250281952,-0.16524192753746203
29,1994,0.4818485158816594,2.240516267180592,-0.051858614211252534,-0.29686734712445056,-0.15829066473681075
29,1995,0.48540543661385593,2.207833112467381,-0.03518766261300567,-0.29000753197884194,-0.15092006821732667
29,1996,0.5342594889283452,2.248116593059052,-0.019935515406098957,-0.2647745400862128,-0.11864750008715681
29,1997,0.4999533627623688,2.152814933298439,-0.013112993055148476,-0.2609138961054528,-0.09845496870336233
29,1998,0.4182393908328465,1.970686811917006,-0.013945007975996088,-0.26643230793868605,-0.08958444772805325
29,1999,0.39089407764679573,1.889536370679384,-0.02110471532118487,-0.27601640342603573,-0.07956882313593158
29,2000,0.34971003629595065,1.8180516707485763,-0.013257500909822015,-0.2555137509966515,-0.08432664802268829
29,2001,0.34615622991577344,1.8083938013114536,-0.01185183359617946,-0.24844803232870577,-0.09087470532446187
29,2002,0.32712255302393983,1.7499524090886214,-0.018341549978790922,-0.25391397119464604,-0.09182627030181323
29,2003,0.3585209125331889,1.8092242182573943,-0.001679356432342431,-0.22203839855033292,-0.0762947944850448
29,2004,0.3696636574786247,1.7937086468522303,0.012929073967382151,-0.20388936537540844,-0.05800539305595301
29,2005,0.37300423488483664,1.7598913719231646,0.016699415266591664,-0.18755330064845183,-0.048812307681541794
29,2006,0.40868646563660904,1.8029094939588388,0.041309540820084485,-0.188503250699651,-0.02945844373541294
29,2007,0.40359772199416116,1.7611102195269486,0.056469728483108036,-0.18771332588799186,-0.013378608440170874
29,2008,0.38932995019316413,1.7222746862976577,0.06789460705411564,-0.18457147950344982,-0.007975654755209885
29,2009,0.35872299708955663,1.6205073135676693,0.04579366334086326,-0.19154180868310625,-0.005749960401405095
29,2010,0.4092087443953269,1.7062111285945398,0.07697670676905238,-0.1602065889240466,0.01137820919091897
29,2011,0.3948721367522485,1.7574758775602655,0.08995613953427531,-0.1646719889973007,0.006023640165823306
29,2012,0.37571593533565323,1.7309686017689077,0.09385347258456149,-0.13898664530960464,-0.01463660959666924
29,2013,0.3621695233700896,1.7547397141408034,0.09912144074129671,-0.13941336260406278,-0.03795801565175455
29,2014,0.32005120668705817,1.662778774221057,0.10712192105913149,-0.15132289554151257,-0.03886119596924052
29,2015,0.3301205941412081,1.6430144205033277,0.1185905898891311,-0.1356128839776702,-0.011749658224705042
29,2016,0.36418315190846356,1.6297377123051429,0.13976755913765276,-0.118867913845846,0.024264656935049766
29,2017,0.40376422697031283,1.651405357497372,0.15142655794933513,-0.0994635024623833,0.07368366793075286
29,2018,0.3994301330858302,1.6088892328321438,0.1732054330657531,-0.09703426367210802,0.08193544587570417
29,2019,0.3458999871794308,1.4086590053614982,0.17584773729332928,-0.0834240684569953,0.09149006142862907
29,2020,0.2997573391347755,1.2702248358395516,0.159379376949283,-0.07108011464014889,0.07586100988113227
29,2021,0.388392050397055,1.4473867038732628,0.19911086572217715,-0.0353226390515125,0.09824420512498903
29,2022,0.3377414546147748,1.4116795784787686,0.1811263333459219,-0.10904007255493377,0.11097917662730149
29,2023,0.2550044094460918,1.0741418214140772,0.15649061238604836,-0.09587122704987758,0.09916336850845056
29,2024,0.23665474481868873,0.9877878983812098,0.16117104195494508,-0.06298728507964417,0.1110370540881828
30,1990,-0.4336120455466379,-0.14681502339435917,-0.3848966709229594,-0.5644537223654847,-0.20764301779943936
30,1991,-0.4283891358991779,-0.14365731982289917,-0.3791776630986068,-0.5644537223654847,-0.20675596570190846
30,1992,-0.4154293263682429,-0.14230811920600261,-0.3757664019231316,-0.5644537223654847,-0.18488609944278284
30,1993,-0.4185265732257155,-0.13844710892999018,-0.374273154091505,-0.5644537223654847,-0.19615972519140293
30,1994,-0.41656384903259314,-0.13480139662475907,-0.3696532817678511,-0.5644537223654847,-0.1941598259169696
30,1995,-0.40400993894310894,-0.12854340227404745,-0.3615082935953428,-0.5644537223654847,-0.17646716862621678
30,1996,-0.4100997001371132,-0.13190205061823673,-0.3553820363623648,-0.5644537223654847,-0.18624086991901187
30,1997,-0.40236241006279394,-0.13152886746888232,-0.34772312006466743,-0.5621399432724278,-0.17178998483923563
30,1998,-0.3883892511708035,-0.13840404933583392,-0.3390833019655498,-0.5457738219320605,-0.14566226851196168
30,1999,-0.367323279918011,-0.12264423787463806,-0.32888455064631755,-0.5123449350288878,-0.14166246996309503
30,2000,-0.36920383520192707,-0.12237152711164832,-0.3192594517198803,-0.5115693646433347,-0.14764603956643987
30,2001,-0.3689374856532548,-0.13593529927087425,-0.31224425222936514,-0.5055229691981258,-0.14145280310367864
30,2002,-0.356344979153123,-0.12829939790716188,-0.305342907412229,-0.4923027864284166,-0.13359835998554134
30,2003,-0.37130624761641234,-0.13296418727409143,-0.29795986974618116,-0.49451212272721246,-0.1516297098953514
30,2004,-0.36758869387471105,-0.13210299539096598,-0.2905374208470405,-0.4773031277728797,-0.15179099209490246
30,2005,-0.3576237174431772,-0.1316006334591428,-0.28383751122126755,-0.4657872331566178,-0.1418237521626461
30,2006,-0.3732865941720238,-0.1315862802610907,-0.27719452893218416,-0.46853816851121555,-0.17296734489595847
30,2007,-0.38124654033439637,-0.14213588082937756,-0.2722418506401912,-0.4637850139552747,-0.1709997020614354
30,2008,-0.3868570208633472,-0.1504607356995903,-0.27438319430489905,-0.45504695324283745,-0.1821765584903248
30,2009,-0.38604268973832473,-0.14291095352419045,-0.276196111027167,-0.4544678270507519,-0.19536944241360263
30,2010,-0.4032927440044756,-0.17137334526148676,-0.2681387033726427,-0.44530573773553656,-0.20175621751582518
30,2011,-0.40528332171160464,-0.15654649167367685,-0.2747028631955405,-0.4444876367096679,-0.21761025773169573
30,2012,-0.4089450272433312,-0.1401264331020848,-0.28347843109753335,-0.4603664741078926,-0.23667381371863266
30,2013,-0.4133333688386714,-0.14625524867032766,-0.28714367577516203,-0.465626815333014,-0.23598030026056305
30,2014,-0.4163979941263577,-0.14494910764758737,-0.2877304652456546,-0.4699088419286162,-0.2384963025735598
30,2015,-0.40343982126874145,-0.13082556076432988,-0.284621356857224,-0.45477718856442356,-0.23693186523791437
30,2016,-0.40499339561540093,-0.14090150579689772,-0.2823866436022935,-0.4474223045096956,-0.23830276393409852
30,2017,-0.39148678410466187,-0.13167518396982536,-0.28106739198574565,-0.4188433380618697,-0.23648606511013526
30,2018,-0.4027511836636381,-0.14461413271144768,-0.27565308992053694,-0.431667313916351,-0.24543804972443756
30,2019,-0.4179680428024187,-0.179581508631536,-0.2760319063139989,-0.4239736388081676,-0.2380039241465503
30,2020,-0.4364360247378904,-0.1962152145561334,-0.28317504780421093,-0.42591637498823687,-0.25356165670540565
30,2021,-0.4415074247530541,-0.2052401466613369,-0.27907084957044664,-0.4310105395040694,-0.2505700493141527
30,2022,-0.4398435919267875,-0.20982119947083053,-0.2731429140414174,-0.4357075068384616,-0.2457283254271896
30,2023,-0.4459283462607431,-0.20985589115052242,-0.26981476239848307,-0.46194799151399274,-0.2506248691337801
30,2024,-0.45163596970930575,-0.20983047245695494,-0.2655670097752294,-0.4875012058476861,-0.253045062494117
31,1990,-0.5211704857355233,-0.20995474162550717,-0.47079126393572857,-0.4392411216573299,-0.3746991200944417
31,1991,-0.5152293627423734,-0.20995474162550717,-0.47164079496017297,-0.41629914103323934,-0.3743926839152947
31,1992,-0.5118080208253675,-0.20995474162550717,-0.46966147525373547,-0.402719864861859,-0.3628932630873031
31,1993,-0.5117301996774183,-0.20995474162550717,-0.46831273527678247,-0.39892659717512247,-0.36321582748640524
31,1994,-0.510703782637708,-0.20995474162550717,-0.4673537286048581,-0.39536693963857406,-0.3622320060691437
31,1995,-0.5093840531495645,-0.20995474162550717,-0.4673143173717653,-0.39172188935783164,-0.3598934141756531
31,1996,-0.5065936028494599,-0.20995474162550717,-0.46435847488980664,-0.38351442674443303,-0.3573290272027911
31,1997,-0.5011605675026847,-0.20995474162550717,-0.46312796861213207,-0.36476461991209985,-0.35361953661311635
31,1998,-0.4844561774545175,-0.20995474162550717,-0.4565112604784438,-0.3031231327241584,-0.34095888394835705
31,1999,-0.4756700004621695,-0.20995474162550717,-0.4547946823259582,-0.26571702859516777,-0.3438780917602315
31,2000,-0.469819683045886,-0.20995474162550717,-0.4525482420396696,-0.2374664323297541,-0.3409266275084468
31,2001,-0.4670766694268373,-0.20995474162550717,-0.4492376984598759,-0.2326026304049287,-0.32555643389122946
31,2002,-0.46081667818440597,-0.20995474162550717,-0.44521337365851293,-0.22514097578448283,-0.3065735190040681
31,2003,-0.4667228113380335,-0.20995474162550717,-0.4452484058657066,-0.24819087630171247,-0.3119442162491189
31,2004,-0.45334565094468166,-0.20995474162550717,-0.441035782950678,-0.2000556113630951,-0.3355559302633961
31,2005,-0.44665953452485396,-0.20995474162550717,-0.436678652180976,-0.17970240699976345,-0.3297497710795574
31,2006,-0.43270801469800374,-0.20995474162550717,-0.426484279887643,-0.1246606061265654,-0.32939495024054505
31,2007,-0.4179925655958108,-0.20995474162550717,-0.41741093822450476,-0.08077641010974153,-0.3148472958410382
31,2008,-0.40762396224708386,-0.20995474162550717,-0.41000162640306165,-0.036267880446259365,-0.2971707667702405
31,2009,-0.3961260483211807,-0.20995474162550717,-0.39724114493279866,0.010954303160742218,-0.29121945360680584
31,2010,-0.37491460111968256,-0.20995474162550717,-0.38197148162229516,0.08630425047474168,-0.2875260912370862
31,2011,-0.35549382168228205,-0.20995474162550717,-0.36821696127291415,0.24986124470096271,-0.28230054797163145
31,2012,-0.33457946521231385,-0.20995474162550717,-0.35759782346735897,0.4586410154612394,-0.25902752657641154
31,2013,-0.3298690802144869,-0.20995474162550717,-0.35811454852346436,0.5585151491743136,-0.25814047447888067
31,2014,-0.31173291818987264,-0.20995474162550717,-0.3418333302302461,0.6599861272038171,-0.24673782297061966
31,2015,-0.3022301453443405,-0.20995474162550717,-0.33047413704772644,0.7038694584451649,-0.24797969590716296
31,2016,-0.2960727087152013,-0.20995474162550717,-0.3271635934679327,0.6710951132752966,-0.2421896649432794
31,2017,-0.2898370051229519,-0.20995474162550717,-0.3144819344638553,0.6267045845104298,-0.23777217775401546
31,2018,-0.2937004750241568,-0.20995474162550717,-0.3064332848611293,0.6894109450324128,-0.24563105613264036
31,2019,-0.28327071743647314,-0.20995474162550717,-0.2985847523629709,0.7307085132255756,-0.24386951582092364
31,2020,-0.29161256761124904,-0.20995474162550717,-0.30108461563609773,0.7099534987253723,-0.2512596274865534
31,2021,-0.28631200431323217,-0.20995474162550717,-0.29094865079020826,0.7447450864505084,-0.24689344416496653
31,2022,-0.2705119990601516,-0.20995474162550717,-0.2787078064282736,0.7164223028522654,-0.23401656045526914
31,2023,-0.25666139115333414,-0.20995474162550717,-0.25946781398915736,0.772795954707623,-0.22327580298031197
31,2024,-0.2488572050398945,-0.20995474162550717,-0.2469284364650319,0.7491075453438981,-0.1967741567341339
32,1990,-0.03466368988588981,0.46397096651431824,-0.23753369136314773,0.2622371033933011,-0.10938990183292516
32,1991,-0.12305300325839652,0.35930744631847117,-0.2747860646876253,0.11774525901186589,-0.15287158283189467
32,1992,-0.18269379552913223,0.4194836541915508,-0.2851161867838334,0.04930442660168356,-0.1926921579010548
32,1993,-0.19853830107003512,0.4354411667505179,-0.30284248362378696,0.013892163062735625,-0.20496573328689155
32,1994,-0.2070289317734963,0.4193615726467468,-0.3104576096624923,-0.008522141220709021,-0.2069011196815044
32,1995,-0.18973703592373217,0.4360951394277175,-0.3010032927461238,-0.009047832103762204,-0.20504637438666706
32,1996,-0.18111520809855075,0.44075056359293974,-0.287695433038461,-0.004017512371447864,-0.17748324648338853
32,1997,-0.21157019555383752,0.3326108405749183,-0.2851030497061358,-0.08076897512905923,-0.17217706211815823
32,1998,-0.25425955527608224,0.2401897387541785,-0.29697020989296236,-0.13076664430849844,-0.19893377902368137
32,1999,-0.29325373865245713,0.19130326311874687,-0.3190098472436261,-0.16735917613973528,-0.23033542327627546
32,2000,-0.28560589208936266,0.24944399979974038,-0.3089205715718738,-0.16764583626553686,-0.22723880504489485
32,2001,-0.27382204349759287,0.28412300312566147,-0.304545924698575,-0.18057918520673188,-0.20394965542971977
32,2002,-0.2708502934094391,0.28971639060259663,-0.30797470197764704,-0.16834118438062534,-0.21309435614426567
32,2003,-0.2519433282673046,0.3348146517956051,-0.2950872287563073,-0.13728262329286878,-0.22083590172271722
32,2004,-0.2573522718209538,0.309665512595445,-0.2908001624009924,-0.1627430642695875,-0.21364271562273932
32,2005,-0.2691371104977518,0.3130896248796561,-0.286057677352161,-0.16225709441504946,-0.2159651792962748
32,2006,-0.2570723078161276,0.384640725560786,-0.28177499002274525,-0.14821487535799463,-0.22172295382024812
32,2007,-0.26556736606993553,0.37000810401855627,-0.282541319555105,-0.19552676313808914,-0.22112620968190916
32,2008,-0.2687418906138243,0.3710787557283149,-0.2800452747925621,-0.19339126997052222,-0.22444862299266127
32,2009,-0.3102375780459908,0.2945888763015932,-0.3029432012194685,-0.25720603129295255,-0.24338315321995735
32,2010,-0.3176989826980365,0.2644193614581591,-0.2884617625708207,-0.24977124737582937,-0.2511085705784538
32,2011,-0.29424176607866853,0.3566521046788343,-0.2828653674716456,-0.2425094622444871,-0.24336702500000224
32,2012,-0.30399969059692367,0.3033299739153168,-0.2845688085464336,-0.2508405596450008,-0.24093166378678102
32,2013,-0.33317556565463263,0.18167226722579385,-0.2929283689880027,-0.273076438158541,-0.2513827503176906
32,2014,-0.3357709199712759,0.1813708500666999,-0.28917992281828914,-0.2871345665148406,-0.24849579894572638
32,2015,-0.3322615105228227,0.19783396823244828,-0.2848446871780831,-0.30245496528949367,-0.24559271935380705
32,2016,-0.3371103368809208,0.15296587112161195,-0.28333830226875895,-0.3031887246251568,-0.23902853383207834
32,2017,-0.32799648954772415,0.17851009980973964,-0.27581203104457425,-0.2911140171224832,-0.23225837481330294
32,2018,-0.32621117389525084,0.16565220564126176,-0.2717968189961075,-0.2916375244390758,-0.22992105704918883
32,2019,-0.3309179381549898,0.12817962895716203,-0.27249109165729585,-0.309790801580231,-0.22372882053606483
32,2020,-0.3476250705184903,0.03735693176106458,-0.279306809001999,-0.30123795045344726,-0.22736907267747225
32,2021,-0.33146675261059305,0.07327233806122263,-0.27247320333649766,-0.2853605881055898,-0.22060463917678094
32,2022,-0.34213467659607344,0.07605705505698572,-0.29093472110882296,-0.33256153313798853,-0.21512018959638676
32,2023,-0.3557601628952275,0.01143501965916469,-0.29885097962153845,-0.3424201139708708,-0.20909597687875509
32,2024,-0.3619586335667323,-0.057194646319375535,-0.2920315522011515,-0.3342077023057963,-0.20153728879738206
33,1990,3.6685784069222502,3.8226776410286445,3.527583429948603,3.621502293173357,3.0631599890963392
33,1991,3.6685784069222502,3.8226776410286445,3.4448285985055587,3.621502293173357,3.1821862523650317
33,1992,3.6685784069222502,3.8226776410286445,3.181263787684628,3.621502293173357,2.7840450145532505
33,1993,3.6685784069222502,3.8226776410286445,2.9327409308274435,3.621502293173357,2.414644264701471
33,1994,3.6685784069222502,3.504078786333541,2.605356196551601,3.621502293173357,1.7927723596724405
33,1995,3.6685784069222502,3.5661563679088344,2.5623541622214767,3.621502293173357,1.671391376290302
33,1996,3.6685784069222502,3.576734674873225,2.4923685703004934,3.621502293173357,1.5492201101303635
33,1997,3.6685784069222502,3.1437704556319033,2.4350909115389836,3.621502293173357,1.4692080109330758
33,1998,3.6685784069222502,3.0141323708254175,2.3553532289404866,3.621502293173357,1.4300970775419404
33,1999,3.6685784069222502,3.099419073650942,2.4405515568352834,3.621502293173357,1.4890941061377232
33,2000,3.6685784069222502,3.119700142498546,2.54431695454268,3.621502293173357,1.5333983263544033
33,2001,3.6685784069222502,3.03948011858541,2.5759335215348895,3.621502293173357,1.5488007764115308
33,2002,3.6685784069222502,2.946571867594226,2.5725266393853135,3.621502293173357,1.5008354502650414
33,2003,3.6685784069222502,2.9839619485199225,2.66847985488854,3.621502293173357,1.5192216210138638
33,2004,3.6685784069222502,2.8769732102396364,2.746557886671241,3.621502293173357,1.506786763428476
33,2005,3.6685784069222502,2.8540655061485,2.8376722785558544,3.621502293173357,1.5086898933831787
33,2006,3.6685784069222502,2.9400124560844207,3.0038694485081163,3.621502293173357,1.5662998950628224
33,2007,3.6685784069222502,2.8070444293298498,3.104083456211263,3.621502293173357,1.598072488374384
33,2008,3.6685784069222502,3.055372421009237,3.2033647313978806,3.621502293173357,1.6615531621176867
33,2009,3.6685784069222502,2.7100024572996633,3.0482027067115975,3.621502293173357,1.5677998195186473
33,2010,3.6685784069222502,2.838520992658085,3.235292209228933,3.621502293173357,1.6631659841131974
33,2011,3.6685784069222502,2.961269542399567,3.25971841569466,3.621502293173357,1.6577952868681465
33,2012,3.6685784069222502,3.1167290305017636,3.3407303948298233,3.621502293173357,1.879542183030918
33,2013,3.6685784069222502,2.7648984714395515,3.3275976961581284,3.621502293173357,1.8696394559784821
33,2014,3.6685784069222502,2.6481401736951513,3.3511873860643826,3.621502293173357,1.7706928265538984
33,2015,3.6685784069222502,2.975350029688668,3.3498282502799452,3.621502293173357,1.755645197335783
33,2016,3.6685784069222502,2.8772746273987297,3.4447250389220683,3.621502293173357,1.6496666640107724
33,2017,3.6685784069222502,2.8653342737051863,3.472709256479205,3.621502293173357,1.7593632358820341
33,2018,3.6685784069222502,3.2214110089103056,3.5659774810103895,3.621502293173357,1.7404255929082866
33,2019,3.6685784069222502,3.163658556942259,3.588123371045471,3.621502293173357,1.8235743889635438
33,2020,3.6685784069222502,3.014761992451102,3.5064747253348236,3.621502293173357,1.7909815466415053
33,2021,3.6685784069222502,3.1569974592020724,3.716784138579652,3.621502293173357,1.9336889236549408
33,2022,3.6685784069222502,3.1435515698584484,3.716784138579652,3.621502293173357,1.9988285461028263
33,2023,3.6685784069222502,3.1332402415618055,3.716784138579652,3.621502293173357,2.055228984835199
33,2024,3.6685784069222502,3.0730627318644337,3.716784138579652,3.621502293173357,1.9403109735406994
34,1990,-0.011990961968267665,-0.20995474162550717,-0.20527340756375595,0.23334867970991824,0.20473943823270147
34,1991,0.051585676362113586,-0.20995474162550717,-0.1871748935223705,0.27261997933475174,0.3510707778853908
34,1992,0.09472399294421972,-0.20995474162550717,-0.16666791523642618,0.3459264053011073,0.3963265630794221
34,1993,0.1542519966502203,-0.20995474162550717,-0.1330807865895774,0.388529815197139,0.418535121957605
34,1994,0.20862496987612503,-0.20995474162550717,-0.09666480721184666,0.45350596548549915,0.4658230628659799
34,1995,0.19749897567872873,-0.20995474162550717,-0.08468379235164086,0.45731409150972574,0.4436467604277073
34,1996,0.13327928536956535,-0.20995474162550717,-0.058886950779465375,0.4949193359989603,0.3326523506966581
34,1997,0.13231429011016113,-0.20995474162550717,-0.06478549866568507,0.5265743835753408,0.3644572004481299
34,1998,0.15081217502320873,-0.20995474162550717,-0.027301036968550033,0.5475190767085855,0.40453582703657176
34,1999,0.17050128321594485,-0.20995474162550717,-0.005401528446660784,0.5351426671298497,0.44169524581313924
34,2000,0.250999801860782,-0.20995474162550717,0.010139634469593012,0.621063510551455,0.4732097876054191
34,2001,0.28120137258819,-0.20995474162550717,0.048596239916349995,0.713410566638942,0.5564152743538181
34,2002,0.31708900571985327,-0.20995474162550717,0.07349100215329067,0.7998074258135759,0.6425399689140916
34,2003,0.35936124401182123,-0.20995474162550717,0.1329012465277102,0.8650215839784505,0.7030530501856546
34,2004,0.4354275455078641,-0.20995474162550717,0.14249131324695388,0.9987818397939097,0.7174394223856103
34,2005,0.4847005578650584,-0.20995474162550717,0.18146026472391705,1.1311143655233338,0.7811458912082845
34,2006,0.5403376503996699,-0.20995474162550717,0.22466811327130398,1.183976133868519,0.8220631852343918
34,2007,0.5721205976284593,-0.20995474162550717,0.2536966759570876,1.2068010044434294,0.870302691120118
34,2008,0.6675879362998154,-0.20995474162550717,0.3032584910842108,1.35008148992671,0.9648785729368679
34,2009,0.7219625570999412,-0.20995474162550717,0.35744455756088706,1.302717794411279,0.9201066343414898
34,2010,0.8435929660135552,-0.20995474162550717,0.439730833232717,1.521923408550226,0.978732713878305
34,2011,0.9132866587685494,-0.20995474162550717,0.4721312458608832,1.6314066657778274,1.0501162153996104
34,2012,1.0082922926857125,-0.20995474162550717,0.5658949484145114,1.7996785577458572,1.1678683492918494
34,2013,1.0310689975452165,-0.20995474162550717,0.6375533282289874,1.8163392920862989,1.2131402627058359
34,2014,1.1527830121085005,-0.20995474162550717,0.7329416493912179,1.8722709173862981,1.3858951102397756
34,2015,1.231219596266296,-0.20995474162550717,0.8297794281260827,1.9215385478247264,1.654896561895615
34,2016,1.195413467109051,-0.20799495596347467,0.8512366550321532,2.07410159667029,1.8252578098549315
34,2017,1.0945217204764615,-0.20699898755064008,0.9578587978654092,2.198817662968883,1.6220793102310391
34,2018,1.0258903282847343,-0.20735566452223456,0.8790171077561474,2.300303889702707,1.5510340510287146
34,2019,1.1546349398188354,-0.20719088980859654,0.8309967141245678,2.3273419431242393,1.6899923426724868
34,2020,1.1022407625847668,-0.2076216292821398,0.8269595981885532,2.348762442188341,1.5763745489399796
34,2021,1.1954488384894055,-0.20710577534414765,0.8885234037099393,2.4344455217127017,1.715985259337376
34,2022,1.2812789197202017,-0.20718708621111276,0.9784079461707628,2.582656104753369,1.7283149931850965
34,2023,1.409370302887503,-0.20718708621111276,1.0574564235103805,2.598959301559579,1.7868913587177815
34,2024,1.3982549969156388,-0.20718708621111276,1.100887255563656,2.6466832049377587,1.8198181436666139
35,1990,-0.45824535164872915,-0.2094667328917361,-0.4282139951178262,-0.5644537223654847,-0.19722418770844
35,1991,-0.4541285232124209,-0.20966767766446537,-0.42453999238839907,-0.5644537223654847,-0.19195025978311986
35,1992,-0.4516166400993212,-0.20955285208004862,-0.42081344134818155,-0.5530958774394966,-0.19541782707346797
35,1993,-0.43683393536293086,-0.20950979248589235,-0.4143937893799573,-0.5306461249908676,-0.17814450350154795
35,1994,-0.43647158579602346,-0.2094236732975798,-0.40740048501893805,-0.5241782345663374,-0.1795637868575974
35,1995,-0.4371819670895874,-0.20969638406056954,-0.40157638057300465,-0.5225100263136884,-0.17566075762846142
35,1996,-0.43340862258011054,-0.2099403884274551,-0.38446314735893883,-0.5270443810303951,-0.16295172030383678
35,1997,-0.4337953983188757,-0.20995474162550717,-0.3712384891433608,-0.5275732060962257,-0.13745300455481202
35,1998,-0.4298037605858306,-0.20995474162550717,-0.3755649667317684,-0.5240672239988851,-0.14427524159582245
35,1999,-0.4300449500862389,-0.20995474162550717,-0.3706079094138763,-0.5315592174055718,-0.14258177850053616
35,2000,-0.4198766227591322,-0.20995474162550717,-0.36220455871331525,-0.5308675361775995,-0.13243712814877362
35,2001,-0.420769699803708,-0.20995474162550717,-0.36016393264428903,-0.5137731286862862,-0.13535633596064803
35,2002,-0.4166278555613982,-0.20995474162550717,-0.35364356308038314,-0.4821887924015799,-0.12227634957705595
35,2003,-0.4280460054339512,-0.20977676196966125,-0.3497068187970041,-0.43719962512291816,-0.1454962099515364
35,2004,-0.4239933792110122,-0.20982699816284356,-0.3445176731064545,-0.41442782003904294,-0.12282093879747606
35,2005,-0.4306447096022938,-0.2099116820313509,-0.3321942184209314,-0.42218281699836574,-0.1260082056508959
35,2006,-0.42642585087810053,-0.20985426923914255,-0.3289441053985466,-0.41104343720943465,-0.1219687792630105
35,2007,-0.4361315575132761,-0.20977676196966125,-0.3229041149757828,-0.4025026623175196,-0.14885888170706388
35,2008,-0.4360813187267313,-0.2098628811579738,-0.32145334369537854,-0.39679775606236356,-0.20022887508607654
35,2009,-0.43127879491368576,-0.20980175846517965,-0.31976785662677726,-0.39624142233393894,-0.19412434383306834
35,2010,-0.41930887098770975,-0.20966112729547035,-0.3047526147210171,-0.38299395796857,-0.1598841328683755
35,2011,-0.4117953494095016,-0.20976869974960902,-0.301444260654173,-0.37703696013358956,-0.13925936518978405
35,2012,-0.4149240781288855,-0.20937529010226602,-0.2962183311460701,-0.3633359383069153,-0.1560327139430957
35,2013,-0.418171815084027,-0.2037906120659645,-0.29294238187088006,-0.3367029783046692,-0.171273881800672
35,2014,-0.4231675646035252,-0.20088105617036536,-0.2865748403108562,-0.32350986032149803,-0.18211204561050431
35,2015,-0.42574657892836676,-0.20047959297230175,-0.28171018043943713,-0.3215838269762001,-0.18828915385331035
35,2016,-0.4172271277253375,-0.20003168596869195,-0.27685296491204675,-0.31581030155160245,-0.167030659657074
35,2017,-0.40345144735933786,-0.1890337148574826,-0.27240956733213045,-0.312587579385717,-0.07200678464558034
35,2018,-0.4120494400195897,-0.19883501312019725,-0.26880475321191066,-0.3101997542787809,-0.15331257675012688
35,2019,-0.4121195078944546,-0.19928869656124212,-0.2632464556380586,-0.3045666389235652,-0.16786774690013298
35,2020,-0.4158532305607522,-0.19986689122889342,-0.2674095955604262,-0.3027677797722993,-0.1833935939681373
35,2021,-0.4101432855021943,-0.1991464964283217,-0.25556914743158465,-0.29210570272704117,-0.17143622846274037
35,2022,-0.40498291580058693,-0.19627819638918598,-0.24943238053644853,-0.29651611597503186,-0.167849082002568
35,2023,-0.4094243771061013,-0.20214229592575408,-0.24573558673455415,-0.29155369963064354,-0.17132969404089707
35,2024,-0.4055745771877842,-0.20211875668094867,-0.23438880997095488,-0.28166483712875595,-0.18907862474968865
36,1990,0.2651310317017887,1.714306755228063,0.12515912873792812,-0.5217573502684346,-0.18430842978190254
36,1991,0.24376290939573056,1.6737733239289585,0.13060663695653046,-0.5211474020956196,-0.18172903213503502
36,1992,0.2839711138656568,1.7257295086778524,0.13233635218671372,-0.5208424280092121,-0.16757738268266215
36,1993,0.2523939912431149,1.7298347353020038,0.1638916128163346,-0.5157841278120573,-0.19091810450353616
36,1994,0.3100732005912047,1.798357469816459,0.16849396903639177,-0.5157841278120573,-0.15744085993780607
36,1995,0.35120477456252236,1.9236184434886168,0.20754612200543973,-0.5157841278120573,-0.13298548762724724
36,1996,0.33206258345965617,1.9098719071997206,0.23170082886541596,-0.5206509042829482,-0.13400156548441902
36,1997,0.33538914898287064,1.9220457169186342,0.2560175596836625,-0.5253438455245868,-0.14209793190188294
36,1998,0.43585419861559405,2.061458396907335,0.27357745353944657,-0.5315268901524125,-0.10655133512082628
36,1999,0.36704249097395486,1.9220286925902215,0.26914587932945816,-0.5213743028159068,-0.10868026015490041
36,2000,0.3851761926940196,1.982192105233186,0.2923634746470061,-0.5247924523763621,-0.10993826131139879
36,2001,0.6363532164561565,2.1863158280441937,0.30409050600505844,-0.5129265206224191,-0.10511592354482169
36,2002,0.6743524133929327,2.2821968907529833,0.3459934048344842,-0.513362023617809,-0.09776145524529273
36,2003,0.7056473044448708,2.2972307010890223,0.3887764878696489,-0.5338233450230611,-0.08360087812470843
36,2004,0.742388726228134,2.407494455153795,0.4220264315222594,-0.48555021678196336,-0.07535935772764857
36,2005,0.7492186203912042,2.3609470338708634,0.40372648228951086,-0.486161384851124,-0.07253691923550476
36,2006,0.7704594668818913,2.3904141494718063,0.43189237687315263,-0.48850541567925204,-0.06710170911063358
36,2007,0.8117420037449361,2.4633283955764287,0.469893563626393,-0.4665863181409721,-0.0052364058400353845
36,2008,0.9431973650131739,2.6761432630947803,0.44498566431175457,-0.4637598183081474,0.01789852449809715
36,2009,0.9284818458252171,2.6328396645716223,0.40930536128508915,-0.47719148702170655,0.017859205062242783
36,2010,0.8986478320822507,2.565637991291732,0.44552428449735604,-0.45452520297172827,-0.014894661115950987
36,2011,0.8418692521274038,2.4079394042934092,0.4580176453877679,-0.45534070367878193,0.007717103261109588
36,2012,0.9020598481377645,2.519277161583479,0.4256829181480898,-0.44971332183639073,0.008491257818954772
36,2013,0.9336122790517732,2.5524761086779653,0.4248946934862341,-0.4480914696448757,0.03811879787648704
36,2014,0.9745552232767126,2.6553024195231445,0.43514599311625674,-0.45359320216366694,0.02855476344310836
36,2015,0.8895824289192791,2.4551901322808924,0.4165964394072538,-0.4426318235500086,0.04474749627803614
36,2016,0.9154930009723774,2.5378358466648323,0.4709313927645029,-0.43123921157816997,0.019751932669797124
36,2017,0.924473563683888,2.495795329570258,0.46625897213005857,-0.45134127350963404,0.060282970486667184
36,2018,0.9249559170928263,2.5251808041806805,0.4697192959117084,-0.4436053496296752,0.046693736964678816
36,2019,0.9605324599042107,2.612756842095513,0.447661533772848,-0.4424310286115179,0.024975217921611968
36,2020,0.8934866441737791,2.5183419215516025,0.4020512246254101,-0.44589820275636316,-0.023208742374588864
36,2021,0.8677895659960245,2.4448651879685173,0.40311749553673526,-0.4763532895331943,0.008903543505667154
36,2022,0.8061753091721322,2.3013950553780145,0.3664688453759026,-0.4785110592678935,0.032685765061309796
36,2023,0.7561060856405031,2.1794664145052645,0.3324009726157648,-0.47649309636383336,0.04268606918726705
36,2024,0.8154099704944787,2.3392413864829926,0.36114150667645173,-0.476881098068101,0.01330477347657523
37,1990,0.22013056966640668,0.4542112886798324,-0.0764643607388462,-0.4806895397928006,0.39514920302269924
37,1991,0.2855434076968988,0.4544260898096777,-0.03271789200585802,-0.46520478552954614,0.5457545209634921
37,1992,0.3388464114701096,0.40881161909364844,0.014886498544323678,-0.43378208551063574,0.7339869760595504
37,1993,0.410735992498439,0.45046510398823664,0.06957177397350853,-0.40127367774411454,0.834401273500049
37,1994,0.4724667331624622,0.4613873908649419,0.15192811405972562,-0.34782269946399036,0.9247354334686054
37,1995,0.5502877663103847,0.474577972568329,0.22518921735330855,-0.3030451842012955,1.0351814837211808
37,1996,0.6245669316517893,0.5729260856212562,0.30926651461791044,-0.2291835102142629,1.0797114990172325
37,1997,0.6840852631376315,0.6157278336664961,0.3894596159099237,-0.166865715345927,1.176513075187787
37,1998,0.4995508040569753,0.6401569767511547,0.35743579950908866,-0.19832196251434225,0.8972206902251922
37,1999,0.6105320325107979,0.6872196153346685,0.44827869178795154,-0.12237426577628208,1.0142147977795413
37,2000,0.7150213479513543,0.7950838986961317,0.662443711440029,-0.07101784952160495,1.0594544547536175
37,2001,0.745872941842294,0.8565739928331614,0.7432367392802324,-0.03728893546128086,1.055761092383898
37,2002,0.7870760477446782,0.92452203241176,0.8273753429074231,0.0253814094509422,1.0597447627128096
37,2003,0.807953464058109,0.9681404003037077,0.9030273943419681,0.05185377009928589,1.067615334050902
37,2004,0.867301485938039,1.034481385847892,0.9900649131144278,0.15836962946614241,1.040761847825648
37,2005,0.854575310229871,1.0540606458202368,1.0762835540437377,0.20868852387886166,1.0303752741745589
37,2006,0.8781372257409932,1.0984817918147458,1.1363944425620287,0.2801238240344361,1.0116826672465895
37,2007,0.9571635172447485,1.195252054070299,1.2296764522667452,0.33427929245416166,1.0583738640166254
37,2008,0.9950740165900083,1.3501379110913478,1.2970521447518057,0.3601325557070984,0.9769424814632882
37,2009,1.0208208098823848,1.414325420086783,1.3261639089296742,0.3136850023472359,1.0140857720199006
37,2010,1.1988758209622707,1.6028695265399853,1.517890799874261,0.5458904418933883,1.0565029905018328
37,2011,1.2930989950124696,1.7518972840855527,1.6163531972177285,0.6318669064888726,1.0493259326218103
37,2012,1.2999917637337592,1.706728266656559,1.6671936879074174,0.7242161095939279,1.1021297247548318
37,2013,1.2983312399828264,1.70433128258186,1.6916899587875311,0.793250653741303,1.105210214766257
37,2014,1.2491532668886627,1.756118614835676,1.6955610176824223,0.6619117335853941,1.115080685378783
37,2015,1.2885555603082695,1.7910384551736052,1.7288372354904278,0.563284333937554,1.192415500063523
37,2016,1.2935181885374345,1.7116662636274145,1.831731207043884,0.6064613451947826,1.2628151801675667
37,2017,1.3673977494731586,1.8726253132620598,1.8678251572360134,0.6551414320766786,1.2740723228753927
37,2018,1.4278814213906295,1.9154369999825653,1.8989139508897743,0.8543534885745712,1.226399804562188
37,2019,1.353436540172254,1.7788916395582843,1.8672273983056435,0.815745355710579,1.257842188698389
37,2020,1.207329595950664,1.5401822684106883,1.8223362434445534,0.8302231959411353,1.1716181120467524
37,2021,1.2584772160649487,1.5496964144141518,1.928132874210421,0.9773078196074882,1.245103830269886
37,2022,1.1937839353376993,1.447212915855396,1.954141975925983,0.9572489316375409,1.1980159711850555
37,2023,1.1319235454960384,1.394965315053022,1.9470018527464055,0.895526591565957,1.1069129186886308
37,2024,1.0896371624836347,1.2924003407197557,1.9541365004048896,0.9662488590699672,1.147832684941646
38,1990,0.07653006256480085,0.4727264173260937,0.07582502295756328,-0.4313719606102449,0.319862672272258
38,1991,0.10132264496495712,0.4749798694202718,0.08858550442782626,-0.4150918642493747,0.3616831466158515
38,1992,0.14129253192305888,0.4678319767903308,0.09811864381038043,-0.4067528274860386,0.38764958074357436
38,1993,0.09565386818815758,0.42915010803994563,0.09745741089960148,-0.40905988358998036,0.3515223680441338
38,1994,0.12514737100127185,0.41004600143261255,0.12328052662717216,-0.39876869869463505,0.40821306118633627
38,1995,0.1602277910777956,0.41290228784497873,0.14753595108283005,-0.3577294415506056,0.4550171554960579
38,1996,0.12922756840077873,0.32177383341225324,0.17371814693413495,-0.33306744605224065,0.4359374712891659
38,1997,0.18181431878900794,0.3780527229745019,0.22593365175617214,-0.2617254627081497,0.4739839421632643
38,1998,0.20283509202542083,0.3572692921950742,0.25322812018587343,-0.25365950694393996,0.5365775638090361
38,1999,0.26864108456252206,0.412945347439135,0.3056844714323664,-0.20869413551302385,0.569930722676198
38,2000,0.31460503279524954,0.4465031244849234,0.362861412598195,-0.15705347800343922,0.5967680806814968
38,2001,0.31824430061976433,0.38732488891615263,0.41798459061729965,-0.12541546620924754,0.6320566259432717
38,2002,0.37338262023836627,0.4489718745498832,0.43799235995073543,-0.062487113833966254,0.6412497113176829
38,2003,0.3897656103577575,0.3998643066131788,0.49229228110079076,0.004563036479016079,0.6693934551393453
38,2004,0.4392170835464633,0.43126002815360287,0.5482211998853481,0.09603238520328933,0.693214836013039
38,2005,0.4859989162719163,0.4201219464651805,0.5982778449390803,0.2151350304086263,0.705359385639235
38,2006,0.46683808618193523,0.34717899396445434,0.6226733982235126,0.27383614020943264,0.6843926996975951
38,2007,0.4941985521235678,0.38554509235769335,0.6384510285383229,0.2881308463874753,0.6910697827590097
38,2008,0.4117024297876657,0.15836267358919817,0.6529762574459628,0.3701500123479997,0.6379918108867513
38,2009,0.30863466271596673,0.0589237174843122,0.5925500790629293,0.26615983550610905,0.5671082841840542
38,2010,0.2632230752121391,-0.001675484691615722,0.6057221889677172,0.26437707966667306,0.5429965953511687
38,2011,0.27056669787429743,0.1444831310728262,0.599880568418187,0.20629158044889714,0.48141905156256876
38,2012,0.2609441655554112,0.19837938975842773,0.585289654122059,0.18650408017683098,0.4134708608917013
38,2013,0.1806503443124755,0.09361539717621595,0.5400893487905373,0.122237082195606,0.3699246670129113
38,2014,0.17777955720254124,0.12128836302064731,0.5318786752295409,0.0667645590482111,0.3484096215927981
38,2015,0.2254272841882806,0.16406089321587825,0.5548203919154393,0.08922687145971013,0.38785924760299073
38,2016,0.19898468722767537,0.07459740975719553,0.5604080289628159,0.10212120133395902,0.4141159896899056
38,2017,0.24775477573260365,0.13551238229026938,0.589839462031326,0.15708574435027478,0.42018020039302595
38,2018,0.23331520232505226,0.08984050608851606,0.5864544750112458,0.15308028935707055,0.43064741514389066
38,2019,0.17722844925463907,-0.0814218530690329,0.5706724656705362,0.25634789536052066,0.4225349205064716
38,2020,0.05522253140461226,-0.1387198196929799,0.5050177303638602,0.17539369278987396,0.30902450846242585
38,2021,0.1053991264763721,-0.13567352564480023,0.5394062207502623,0.21804731782675618,0.3681967056551409
38,2022,0.12660439482075578,-0.12104469115318313,0.525489676442611,0.1916709760419242,0.38963759351990057
38,2023,0.07231393216793579,-0.14896422908120668,0.5163999572226098,0.10678458324177915,0.36269167646608425
38,2024,0.07580334178498667,-0.15650189835751502,0.5246622567656022,0.08149668867157359,0.3831066310304279
39,1990,-0.3966031292262156,-0.13993984152740763,0.08272636777469934,-0.550183654839475,-0.14751701380679902
39,1991,-0.3954795744947513,-0.13953795198194907,0.08972405116161783,-0.54965193466757,-0.1479202193056767
39,1992,-0.394747939869135,-0.14426015414108698,0.0797311140596479,-0.5476872762020999,-0.12855022713959274
39,1993,-0.3956885141470077,-0.143154957891076,0.0821176831747109,-0.5458067516538143,-0.1337112575252271
39,1994,-0.38943796433793815,-0.14258082996899238,0.07780434266400078,-0.5457564632171485,-0.11708306275151138
39,1995,-0.39105571301248604,-0.1420067020469087,0.08996051856017452,-0.5459946575123242,-0.11880878228670785
39,1996,-0.3745250497317724,-0.1357056481020408,0.08956640622924669,-0.5455486027705797,-0.09760017304574162
39,1997,-0.3917311348669198,-0.14662843181968202,0.08843223852135434,-0.5446321228783404,-0.11858298720733637
39,1998,-0.3898438505330372,-0.14591077191707746,0.09212375735437835,-0.5438466998141672,-0.11676049835240924
39,1999,-0.3956215813741859,-0.14985790138140245,0.09126108925223633,-0.5441589558264097,-0.12153445145912102
39,2000,-0.40508811931498684,-0.15015931854049636,0.10318079774985324,-0.5457943379016881,-0.14469457531465524
39,2001,-0.4052159584004905,-0.144575924498233,0.11676453608916551,-0.5440301572560775,-0.14493649861398183
39,2002,-0.4015801181428082,-0.13805957258258372,0.10864144304615324,-0.5438580180951642,-0.13869487749135528
39,2003,-0.39348886510849507,-0.13930830081311563,0.09971698826358763,-0.5429803418698477,-0.14356559991779771
39,2004,-0.39899316619609093,-0.1367964911539997,0.10320707190524843,-0.5438444787324298,-0.15219419759378017
39,2005,-0.4066666830264291,-0.14446109891381628,0.1032245880088453,-0.5454479525868725,-0.16272726386672157
39,2006,-0.40842009970211773,-0.1396384243683137,0.1029574674289942,-0.545191260331611,-0.16676901191569146
39,2007,-0.41464704755197745,-0.14377809111833736,0.1042011107843664,-0.5431103566898775,-0.17252165766571903
39,2008,-0.4172712443364945,-0.14140672640733296,0.09375713401477917,-0.5462365162534158,-0.17846982582626242
39,2009,-0.42442331730090427,-0.15952463563583427,0.0704957484382393,-0.5360254934855878,-0.19611374363631087
39,2010,-0.4117264173283869,-0.14338481921218754,0.10854948350227,-0.5284292387720816,-0.18341460903873869
39,2011,-0.42183575170145904,-0.14991131940543329,0.07494921777772373,-0.5342490517550166,-0.19907354617781234
39,2012,-0.42894200969109875,-0.15927821496936703,0.08876504448969348,-0.5374101474944345,-0.20669916211122658
39,2013,-0.4345987613571861,-0.1587755805211129,0.07661324761941896,-0.5395387057773006,-0.21232208858815524
39,2014,-0.43848813448255564,-0.16333147208683496,0.06568319897502066,-0.543132326542836,-0.21585281398784753
39,2015,-0.4387670940452118,-0.1643643349586997,0.07632423191007189,-0.542089000904392,-0.22019014392393466
39,2016,-0.44004500715141665,-0.16488480307762401,0.08850668196164069,-0.5431028680589627,-0.21770767218022458
39,2017,-0.44133585672348924,-0.16518023631619133,0.08827021456308398,-0.5391329315079354,-0.22009008444733316
39,2018,-0.44837830424525743,-0.16366493304112992,0.08763963483359957,-0.5388775632123525,-0.23781904636120496
39,2019,-0.45099212299657443,-0.16570865743157864,0.07334211527271797,-0.5397943447622091,-0.2375900901507222
39,2020,-0.4544749806869379,-0.1748468191900928,0.06750049472318786,-0.5408623006913011,-0.2502758705821716
39,2021,-0.44650760855740707,-0.1740434938302062,0.08784544905086186,-0.5374359765771863,-0.2334167680833586
39,2022,-0.4552971747589741,-0.1760411271771498,0.06387466127865189,-0.5459874519924206,-0.250469731786032
39,2023,-0.45827704534439984,-0.1757441218336757,0.057411219051435626,-0.5462042998170075,-0.2492255202575952
39,2024,-0.45539039513851753,-0.17589234808927287,0.06554829399234802,-0.5446908119326219,-0.2402674999798337
40,1990,-0.17563524107796796,0.03848526029907072,-0.14470710035194814,-0.5171522415636813,0.06718185023559055
40,1991,-0.14714877298294615,0.06297031834664554,-0.10845752395838691,-0.4879601220127554,0.08671312460122557
40,1992,-0.1193868082841634,0.1048247407074787,-0.08241545693585628,-0.48385883049874734,0.09442241373976692
40,1993,-0.08745278354327479,0.13374594524799024,-0.045806800418560854,-0.4861528455767046,0.12808200878607603
40,1994,-0.06024417074197772,0.150138787946286,-0.013993177260887248,-0.46161219079166577,0.15430649443308062
40,1995,-0.03298700089683795,0.16215142103401423,0.017478881876648898,-0.4541043387324859,0.19941712564751607
40,1996,-0.005889503239190897,0.21538843359757576,0.049485182173887206,-0.44941200743902016,0.19840104779034426
40,1997,0.03599707509161599,0.27648898941048616,0.08723238542497408,-0.43350028945479513,0.20707803012619208
40,1998,0.06923031354748727,0.3168511906278064,0.1344295265665304,-0.40137004955541933,0.22614158611312896
40,1999,0.09791263123763845,0.3532078412937529,0.1635106375631044,-0.40420508866266347,0.2571238966468902
40,2000,0.15912317583187055,0.44720692072392765,0.22726925465542758,-0.38918633480343967,0.2761874526338272
40,2001,0.17331144433963008,0.4972565369445375,0.23944732568109728,-0.3704737348096483,0.3138791026689132
40,2002,0.2004722394933595,0.5406452463611676,0.2805269676414739,-0.3430888916947732,0.3150242062857258
40,2003,0.23433757840507002,0.6040863817514096,0.3214621017471769,-0.3388345031893885,0.341780923191249
40,2004,0.26844178000090657,0.6288030856380462,0.3646874663981606,-0.2963119663215907,0.3655861758449874
40,2005,0.2946308487779263,0.6600074496571965,0.4000524795600838,-0.2805210180755831,0.35497380711452675
40,2006,0.3204702754918505,0.6985878450328605,0.42972038002715035,-0.27434346298131274,0.36089286383805125
40,2007,0.3305554271380843,0.7373127660709176,0.46086401222224666,-0.24730629032494217,0.396294306639512
40,2008,0.292950092734879,0.701558949723159,0.4488523441807465,-0.2202849763210648,0.3559253720918782
40,2009,0.2511708630597541,0.6667955040409949,0.41013737620593677,-0.23235524071290087,0.34481302854280915
40,2010,0.3065546061714511,0.7103144005349346,0.48332403605923324,-0.14829035369101895,0.37547277467746826
40,2011,0.32147302204465494,0.7712016603537762,0.5039229738890607,-0.11059128697384217,0.31392748732877856
40,2012,0.3076827008687448,0.7686037388128321,0.5016152272401835,-0.09137486978930551,0.31008897097946286
40,2013,0.31141468716088866,0.7797987437590114,0.5196042656340888,-0.08106491582421356,0.3265881399935378
40,2014,0.32536715408693073,0.7835013574025462,0.5437283193127708,-0.05643215886507975,0.34705485111656903
40,2015,0.32763280932241934,0.7389638879943282,0.5382457788869748,-0.018628791010351583,0.3672635107203186
40,2016,0.34422504020960004,0.7586139129685768,0.5617129786807771,0.007573972545608096,0.3645862262077708
40,2017,0.36856568881609464,0.7799834769688029,0.5848836264616596,0.06390109617018697,0.35511923527386197
40,2018,0.3506759944002662,0.7571683787105095,0.6058382462911236,0.07243996863375111,0.35046732440755063
40,2019,0.32372008565779525,0.7160138998858769,0.6018547865594519,0.0593164439072535,0.3034589984485374
40,2020,0.32043774045489243,0.6997140339864785,0.6275997717069292,0.11524945012991623,0.29397784693750806
40,2021,0.34968706390308446,0.7295247943520252,0.6809790070407039,0.17219755344996351,0.3244230071056645
40,2022,0.31899249783716516,0.6690262655145414,0.6666536543912067,0.19952519806498473,0.24975315497342657
40,2023,0.2957552114546231,0.6237254720087434,0.6388001699205075,0.18926412088685332,0.20827465838202888
40,2024,0.27942869559627703,0.5853320308228842,0.6667003934715887,0.24716490402899216,0.21656605491502598
41,1990,-0.3071740329045279,-0.026477810925628845,-0.32066511903352285,-0.451021050718906,-0.10000327781905263
41,1991,-0.2802622419725488,0.006304893425346848,-0.2983364659735122,-0.41837845435436566,-0.08468146886170062
41,1992,-0.2580256030474202,0.020887742646271207,-0.2727060273855062,-0.4083441969633862,-0.055940980901699265
41,1993,-0.20981826432225337,0.031279458035985044,-0.2421623217386,-0.35752514504895855,0.004055997331300206
41,1994,-0.16945605222287508,0.05711521452974872,-0.21465766006573725,-0.3317578844883889,0.04803765314887806
41,1995,-0.12609293833666932,0.09038592761449551,-0.1783248821800913,-0.3227940861406996,0.10613150142717488
41,1996,-0.07716071979873072,0.14910486084559949,-0.13947416440240648,-0.29036192189578036,0.15106472222210404
41,1997,-0.0634988639533129,0.16358723768015923,-0.11936567747328918,-0.2225350751305793,0.14893579718802988
41,1998,-0.112507161836677,0.11119806479002735,-0.13755615105855773,-0.20933213698182582,0.09413210578057499
41,1999,-0.09587402010003064,0.11846078300438537,-0.13310355752425324,-0.18095978777516344,0.11866312833229334
41,2000,-0.09117329811287944,0.1245321857804198,-0.10471783584047181,-0.12498240416323919,0.09651908233393088
41,2001,-0.06434273165543916,0.17351965073220615,-0.08563491677694669,-0.0014581399974363547,0.08374553212948585
41,2002,-0.04051504968444609,0.17066336431984008,-0.05107520647788602,0.03748644088862858,0.12372738939819707
41,2003,-0.008811024027911082,0.17455308099195674,-0.021398110056431108,0.045862249197724095,0.1752086674948998
41,2004,0.05261570064926489,0.22476056777817077,0.014006314338584843,0.05582453280861275,0.2608834540697716
41,2005,0.04438163177390437,0.21481380152807178,0.04109058952512459,0.1055944737614974,0.24186660056935866
41,2006,0.05211478997516399,0.2207560255216374,0.07148978731735721,0.11675408553132062,0.23768939160098584
41,2007,0.06498238181056941,0.2527205975836439,0.0934155699946417,0.15190722857516717,0.20565874677014262
41,2008,0.07143796194685884,0.28421151410993145,0.10336471683761957,0.18309997813292675,0.18946601393521473
41,2009,0.09714467953168751,0.2610310992558046,0.10230937159591291,0.29395683864570776,0.20132025560221864
41,2010,0.14128147551442136,0.2808241593696379,0.1641018060594961,0.3682198585304526,0.21981932389072692
41,2011,0.1304602623763081,0.3194342621297626,0.1613868100019933,0.30961359829369606,0.3101050991994181
41,2012,0.18449351135538525,0.3098606790290179,0.21852871896062828,0.4342528477194046,0.35161913736386446
41,2013,0.21509296817572748,0.3307732885909144,0.2297959525992648,0.5095820570102302,0.41667069973079457
41,2014,0.20724956699674546,0.30851147841212134,0.2493526822650832,0.511082529515355,0.4140917973599729
41,2015,0.23178255350873675,0.30574131118806785,0.2724082536243607,0.5058625930524042,0.4282878565644585
41,2016,0.22064204283414843,0.28640755341190133,0.32017028910691353,0.485451287397323,0.4519237629086683
41,2017,0.22084511745842955,0.30330128187241046,0.3219613063206596,0.4266857269962722,0.4547227348407774
41,2018,0.20297372939674801,0.24471151307057717,0.333692721083637,0.49795771590272614,0.5337160150902293
41,2019,0.22494864450418237,0.24363502321667035,0.3561483615156985,0.5841527190737911,0.5356131222794358
41,2020,0.1897016002548462,0.25912212391487643,0.37160632731889337,0.40845980693494327,0.5065220113195139
41,2021,0.16169033660065732,0.2258370576320776,0.38258016622228364,0.3867169490455967,0.4940608953779356
41,2022,0.1815124070273508,0.26263865743763876,0.46064068190138757,0.3004574869731021,0.4807852808646708
41,2023,0.24077798439934506,0.19777240561782805,0.5071483645008115,0.35350929522103886,0.4815335937481827
41,2024,0.22620221270325647,0.1812958910354572,0.5375465121933348,0.3253720329991097,0.4762554866116765
42,1990,-0.14509828410863948,0.5716055987069479,-0.2847483486083007,-0.4840723113837535,-0.022297514075345273
42,1991,-0.14030613234303502,0.6207653020353595,-0.273962807818576,-0.46624840579055904,-0.03237765154728739
42,1992,-0.1249697420877265,0.648768391434989,-0.25337262804054694,-0.4570461234188762,-0.01168514534488459
42,1993,-0.10616158967346805,0.5774904099083054,-0.23037398401795894,-0.4450868649455889,0.04315080250248051
42,1994,-0.11322029252132047,0.6439600700875385,-0.22089777197209443,-0.43713679908446385,0.02324857907787802
42,1995,-0.07263147995129124,0.6668677741786756,-0.1946542697582007,-0.4015353468700688,0.07216547020171875
42,1996,-0.018980994460053177,0.7442315116794457,-0.16503891760192455,-0.3740676227781892,0.09327731012295429
42,1997,0.0059218442084803345,0.8329629820374719,-0.1311978054529222,-0.3373090242141064,0.08395519898890222
42,1998,0.007056657529588265,0.9132691251389206,-0.105716253745489,-0.32455423759864865,0.07858450174385148
42,1999,0.004591594644480068,0.8794242841320901,-0.0903984211500943,-0.27407580773155465,0.07321380449880069
42,2000,0.07787338288865221,0.9462671274606776,-0.05933361142118353,-0.2205853861964166,0.09551913269671419
42,2001,0.02231078005130544,0.8350872553491813,-0.06471105522539873,-0.1948984465539888,0.06490777122192037
42,2002,0.053141932515158814,0.7434707921826849,-0.0389623829381144,-0.15679852135068414,0.08795499753776888
42,2003,0.09605760833381362,0.7151232260298052,-0.0003481325589862245,-0.07351985316513987,0.0779716293855574
42,2004,0.09854203498185791,0.7199459005753079,0.04070961427189435,-0.04426918560406414,0.08092309363734206
42,2005,0.12434135063346748,0.898958986680986,0.08065070949847952,0.07004486964157333,0.07361700999767841
42,2006,0.2005599770409818,0.9980247596365174,0.13673289418950849,0.1583068022596555,0.09616426149491854
42,2007,0.28085953542174935,1.2100502012620045,0.18956584166333257,0.28383902613664735,0.10409934571283133
42,2008,0.26211758002602925,1.208068565620379,0.21940452414046796,0.2849052157797038,0.09682551851307794
42,2009,0.2605041542042182,1.2322393511401009,0.19726854822002193,0.24944282915869953,0.11048612081505386
42,2010,0.2782352992455813,1.1526804686477972,0.26363706474826715,0.31925505080883854,0.09113225686892501
42,2011,0.3406914854029568,1.2381537630479988,0.3251623786319992,0.47127974103426135,0.08122952981648907
42,2012,0.3722658728416893,1.2127198960996934,0.36379852414062336,0.48444486173593515,0.1152923303616759
42,2013,0.33049752854701847,1.0016704719417489,0.3774698429979195,0.49971683968412284,0.13354947535085743
42,2014,0.406454341906397,1.1798510725604054,0.4183261546374371,0.5648192940974905,0.13390429618986976
42,2015,0.4431915359086542,1.1192231639883734,0.46184491402366695,0.5493725656628367,0.22028704226942497
42,2016,0.505512713497613,1.3234261126754707,0.5226739627894267,0.512142829096876,0.2719941154454993
42,2017,0.6340302779145384,1.403585810097194,0.6007022751120679,0.6868847396300329,0.3102825096189242
42,2018,0.6209332345293479,1.5450602453241378,0.6410310498805345,0.587736870517035,0.27661867285076686
42,2019,0.592135480713204,1.5796036564801637,0.6368313538499609,0.4851686069423968,0.2822469055120608
42,2020,0.5927196475754731,1.4151129352188188,0.660605085456707,0.5538430815883584,0.28645300012237324
42,2021,0.7007828657437419,1.5929141852331086,0.7656550091052704,0.8159993487142904,0.3073527700794192
42,2022,0.6680708098071981,1.6488332522373874,0.7651507774100553,0.6485609006167657,0.3176918138663004
42,2023,0.6336670734202876,1.3227105952062304,0.7804712812112482,0.5846433856092741,0.35486519968134905
42,2024,0.6573087366437809,1.4963270634644805,0.8475166801199878,0.6451643924941517,0.3771502290393275
43,1990,-0.4020920730694517,-0.20995474162550717,-0.42242492287908645,-0.1838051960013452,-0.2960901760332483
43,1991,-0.38151061025138405,-0.20995474162550717,-0.42189943977118266,-0.1082033398772715,-0.294396712937962
43,1992,-0.38813714674438354,-0.20995474162550717,-0.4159877548072653,-0.14284351650778102,-0.2906710941283322
43,1993,-0.37772067538551873,-0.20995474162550717,-0.40416438487943074,-0.12306960669329162,-0.27909103220056514
43,1994,-0.36022843350016465,-0.20995474162550717,-0.3961507674838983,-0.05277734941357242,-0.2794942376994428
43,1995,-0.3531031483128634,-0.20995474162550717,-0.39825269991551343,-0.008059609071813167,-0.28659065447969
43,1996,-0.32210016855012374,-0.20995474162550717,-0.39378171447243215,0.10806110417236109,-0.2849878207383606
43,1997,-0.32975389915333575,-0.20995474162550717,-0.3891092938379879,0.09462882551062908,-0.2914250992210324
43,1998,-0.3131966133129515,-0.20995474162550717,-0.3657953599506577,0.12871943883743237,-0.2777969695549446
43,1999,-0.3115871893383374,-0.20995474162550717,-0.35192698492789753,0.1482646172331888,-0.2828669814338618
43,2000,-0.3015178445805888,-0.20995474162550717,-0.34146549205471344,0.18031007390957976,-0.2791443461287277
43,2001,-0.2986855555520849,-0.20952414568394445,-0.3215960999396924,0.20342223141577184,-0.28246183017118254
43,2002,-0.2659835917001274,-0.20775870232353727,-0.30540465167740777,0.2976226258834347,-0.2664465077557609
43,2003,-0.24098004825439684,-0.2073711659761308,-0.2952650172078147,0.3309257970340562,-0.23706089099755526
43,2004,-0.22422106686717583,-0.20702668922288062,-0.28359228577091244,0.39120697294053347,-0.23523840214262812
43,2005,-0.2183922221067128,-0.2065673868852137,-0.2538586999153579,0.40547976256320273,-0.22901290923995665
43,2006,-0.20081790724144363,-0.20339533011570163,-0.23026888739637819,0.4592405945151167,-0.2225938776978239
43,2007,-0.165128697503681,-0.20679703805404717,-0.19536532423843522,0.5675356727020747,-0.21012676367252592
43,2008,-0.10544298947493333,-0.20150357861243606,-0.15848244137405468,0.7722208606389872,-0.20328839841156035
43,2009,-0.08196614522721984,-0.2040782552790201,-0.13939154073811574,0.8193613151231675,-0.17446726935178347
43,2010,-0.06615455545128933,-0.19599180702845262,-0.10327936643199412,0.8609622203018419,-0.17474875219115552
43,2011,-0.04302504780169757,-0.2004964147051208,-0.10115719115544738,0.9278296185912045,-0.1521342075338185
43,2012,0.002508831991653723,-0.17989430787668523,-0.10534045104144113,1.0797253591278344,-0.1603081580399297
43,2013,0.029518670012948427,-0.1717802368964665,-0.08692335358235416,1.0918885985296014,-0.125947430789288
43,2014,0.03545558529467271,-0.1677270014155414,-0.06371834489894831,1.114597822930946,-0.12346560473648564
43,2015,0.055933691117360594,-0.17291392567993066,-0.012692042550289637,1.1987324276389288,-0.09426463663912797
43,2016,0.03453501638104573,-0.16999789264535292,-0.005255943351616023,1.1083536614962037,-0.07789632672658695
43,2017,-0.0004726326099045606,-0.1638166591978239,0.011559308973379326,0.9229383831985841,-0.05569212246779209
43,2018,-0.010161544049311775,-0.16837457465205757,0.019898225373151765,0.8933881020805808,-0.0594988662237958
43,2019,0.0004726326099044721,-0.1715580709204172,0.03544891223283366,0.9967097165418444,-0.07984324479846774
43,2020,-0.004555016758516902,-0.16384519335555142,0.027929149992745508,1.0230793997346734,-0.10559218988009585
43,2021,0.005122367990007343,-0.15168514961262194,0.07524243034549237,0.9807568136370945,-0.0857816876423782
43,2022,-0.003107788636473882,-0.18766810041408402,0.09966754906118568,1.01318512361951,-0.08826193369173449
43,2023,0.011984377496755688,-0.1912185918969373,0.15222075798566465,1.0758449594897839,-0.07217439913291739
43,2024,0.010996967441981061,-0.19423249743852342,0.18865021488552855,1.0792191695956217,-0.07217439913291739
44,1990,1.2181224794254966,1.3212587797696054,0.7556906889375515,0.7767521656148297,0.8082735571727752
44,1991,1.2489407522964173,1.3128042419695034,0.783830309365798,0.8798059591527883,0.8214503128760978
44,1992,1.1917238607314358,1.2261767890058102,0.7865058941902079,0.9027009737675724,0.8163215389303737
44,1993,1.1269214866239305,1.0437122047581626,0.805305052375465,1.054233448080867,0.8117411244631231
44,1994,1.1047695785347662,0.9687080827083293,0.787946593711044,1.1237431418548642,0.7983708301203392
44,1995,1.077093496174883,0.8983099550240707,0.8405956220971019,1.2365707449140109,0.7746623467863313
44,1996,1.135124211525878,0.825838697385615,0.910541802784992,1.5331177873658992,0.8046285794629207
44,1997,1.064343664113969,0.7017297165118765,0.9161819881431588,1.5925590666512397,0.7725979346320776
44,1998,1.0728955226839934,0.7028135061001135,0.9349417350953233,1.6800366137000216,0.744002600651672
44,1999,1.0602512300650493,0.6011897344048197,0.9642987247235466,1.8249157733442507,0.7527118394274301
44,2000,1.0881627803169782,0.6527009518548545,1.000395035210636,1.9077998007035628,0.7179393972042185
44,2001,1.1341063788893266,0.7065675891866339,1.0100639243960652,1.8962803195117786,0.7092785430883259
44,2002,1.084155488717894,0.6370800748092327,1.0170878819383788,1.8641866765027715,0.6987306872376857
44,2003,1.126184597356002,0.7049594738719239,1.0280660998676683,1.870860729409713,0.7117622889614125
44,2004,1.1242662760072744,0.670370378086587,1.0329049234862822,1.9239323199263463,0.7256970710026253
44,2005,1.1199507695750526,0.6870569248321426,1.074391814855284,1.8604842910937844,0.729858151751043
44,2006,1.1258217308820253,0.7693431151487665,1.0598009005591564,1.7354253973251792,0.7145847274535562
44,2007,1.0890842356774735,0.7060881085428211,1.0492299320384924,1.7608035109514935,0.674167408246057
44,2008,1.0531995531251528,0.6388352280186894,1.0458142918371178,1.8243436419581502,0.6417013014764259
44,2009,0.9063850424265968,0.489662817337711,0.9537058610733867,1.6634893297197237,0.5879136879261428
44,2010,0.96035560374306,0.5182352602623583,0.983167947323191,1.84059449112646,0.5833977863387128
44,2011,0.8365641402859795,0.5153764604193747,0.9325420289025628,1.4357718888291437,0.5419321328341316
44,2012,0.9102891767682668,0.70576802657899,0.9309174102939601,1.3118365195948631,0.5298359678678011
44,2013,0.8666032197048537,0.6627780544893942,0.9261880623228264,1.297869316385573,0.5067081004521771
44,2014,0.738199216474939,0.49212715364432014,0.8661341011412248,1.1450626603392675,0.5052404324362623
44,2015,0.6867844456949143,0.3431003289859983,0.8648160143455662,1.1938304565485176,0.5386581041832449
44,2016,0.6053314104218942,0.06469394017153568,0.8652845701167803,1.3846990984748255,0.5646245383109677
44,2017,0.5683618193285275,0.011252507618134074,0.8462619852720943,1.343622138776599,0.5704562768516552
44,2018,0.5486365741910426,-0.02373497334665165,0.8583387519126121,1.359694273130274,0.5514417829098217
44,2019,0.5054031889467301,-0.0830875729033263,0.8463414032858023,1.3361313652662579,0.5297875832079357
44,2020,0.38531750799898046,-0.09476343711127475,0.7810244003516019,1.2205949823716404,0.3814886007207234
44,2021,0.44217591433598064,-0.09030289841395886,0.7903858556447521,1.3130405572880004,0.41506755466725687
44,2022,0.4114710542163465,-0.10025810312027657,0.7369115647957837,1.165546549826914,0.4249218970598276
44,2023,0.35825061821136994,-0.11608451008425001,0.7224548712729107,0.9846823062519616,0.4171897906745085
44,2024,0.3204372238090096,-0.15828489504704646,0.7344036759830094,0.9396307688100037,0.4029331732442909
45,1990,3.6685784069222502,3.8226776410286445,3.716784138579652,3.621502293173357,3.7943842562517074
45,1991,3.6685784069222502,3.8226776410286445,3.716784138579652,3.621502293173357,3.7943842562517074
45,1992,3.6685784069222502,3.8226776410286445,3.716784138579652,3.621502293173357,3.7943842562517074
45,1993,3.6685784069222502,3.8226776410286445,3.716784138579652,3.621502293173357,3.7943842562517074
45,1994,3.6685784069222502,3.8226776410286445,3.716784138579652,3.621502293173357,3.7943842562517074
45,1995,3.6685784069222502,3.8226776410286445,3.716784138579652,3.621502293173357,3.7943842562517074
45,1996,3.6685784069222502,3.8226776410286445,3.716784138579652,3.621502293173357,3.7943842562517074
45,1997,3.6685784069222502,3.8226776410286445,3.716784138579652,3.621502293173357,3.7943842562517074
45,1998,3.6685784069222502,3.8226776410286445,3.716784138579652,3.621502293173357,3.7943842562517074
45,1999,3.6685784069222502,3.8226776410286445,3.716784138579652,3.621502293173357,3.7943842562517074
45,2000,3.6685784069222502,3.8226776410286445,3.716784138579652,3.621502293173357,3.7943842562517074
45,2001,3.6685784069222502,3.8226776410286445,3.716784138579652,3.621502293173357,3.7943842562517074
45,2002,3.6685784069222502,3.8226776410286445,3.716784138579652,3.621502293173357,3.7943842562517074
45,2003,3.6685784069222502,3.8226776410286445,3.716784138579652,3.621502293173357,3.7943842562517074
45,2004,3.6685784069222502,3.8226776410286445,3.716784138579652,3.621502293173357,3.7943842562517074
45,2005,3.6685784069222502,3.8226776410286445,3.716784138579652,3.621502293173357,3.7943842562517074
45,2006,3.6685784069222502,3.8226776410286445,3.716784138579652,3.621502293173357,3.7943842562517074
45,2007,3.6685784069222502,3.8226776410286445,3.716784138579652,3.621502293173357,3.7943842562517074
45,2008,3.6685784069222502,3.8226776410286445,3.716784138579652,3.621502293173357,3.7943842562517074
45,2009,3.6685784069222502,3.8226776410286445,3.716784138579652,3.621502293173357,3.7943842562517074
45,2010,3.6685784069222502,3.8226776410286445,3.716784138579652,3.621502293173357,3.7943842562517074
45,2011,3.6685784069222502,3.8226776410286445,3.716784138579652,3.621502293173357,3.7943842562517074
45,2012,3.6685784069222502,3.8226776410286445,3.716784138579652,3.621502293173357,3.7943842562517074
45,2013,3.6685784069222502,3.8226776410286445,3.716784138579652,3.621502293173357,3.7943842562517074
45,2014,3.6685784069222502,3.8226776410286445,3.716784138579652,3.621502293173357,3.7943842562517074
45,2015,3.6685784069222502,3.8226776410286445,3.716784138579652,3.621502293173357,3.7943842562517074
45,2016,3.6685784069222502,3.8226776410286445,3.716784138579652,3.621502293173357,3.7943842562517074
45,2017,3.6685784069222502,3.8226776410286445,3.716784138579652,3.621502293173357,3.7943842562517074
45,2018,3.6685784069222502,3.8226776410286445,3.716784138579652,3.621502293173357,3.7943842562517074
45,2019,3.6685784069222502,3.8226776410286445,3.716784138579652,3.621502293173357,3.7943842562517074
45,2020,3.6685784069222502,3.8226776410286445,3.716784138579652,3.621502293173357,3.7943842562517074
45,2021,3.6685784069222502,3.8226776410286445,3.716784138579652,3.621502293173357,3.7943842562517074
45,2022,3.6685784069222502,3.8226776410286445,3.716784138579652,3.621502293173357,3.7943842562517074
45,2023,3.6685784069222502,3.8226776410286445,3.716784138579652,3.621502293173357,3.7943842562517074
45,2024,3.6685784069222502,3.8226776410286445,3.716784138579652,3.621502293173357,3.7943842562517074
46,1990,-0.2082158058873094,-0.08163715103981428,-0.2900031796873384,0.3647996218937402,-0.20738496628015765
46,1991,-0.2061688441139767,-0.07661353172158246,-0.2901870987751047,0.38985519657228096,-0.21627161547542184
46,1992,-0.23757196323797308,-0.11361607629987287,-0.30354750679355785,0.3883719362120873,-0.2436608811675843
46,1993,-0.22760827063400682,-0.135418584140999,-0.30768568626829995,0.44668786111858394,-0.254753933752765
46,1994,-0.2460514924530444,-0.1347726902286549,-0.3126821548192849,0.4045806989564732,-0.2672934312292215
46,1995,-0.2744958884853683,-0.16649325792377584,-0.3180683566752985,0.4062031610961611,-0.2821076222045285
46,1996,-0.2730013513325779,-0.1611969278425543,-0.3155416587314612,0.4430409809933228,-0.2857122277541911
46,1997,-0.2660772378460903,-0.1698806126640693,-0.31333025065236625,0.4585489132871443,-0.2758008753297232
46,1998,-0.21759648862802303,-0.16804340331340167,-0.3140133786926411,0.605482988325587,-0.2758573240995661
46,1999,-0.21425919299323282,-0.16835917367054767,-0.31576061002642114,0.6374454924774388,-0.27957487879921833
46,2000,-0.21608193040284013,-0.17397127410891522,-0.3095861835085519,0.6179857059719488,-0.28231667619158657
46,2001,-0.21212181025950025,-0.17200488597577876,-0.3101029085646573,0.6362884207936086,-0.28444560122566076
46,2002,-0.20000371304867012,-0.1716460560244765,-0.3055312055258945,0.7009282883558514,-0.28699385997856774
46,2003,-0.20709935657328915,-0.18317167406030552,-0.3051721254021603,0.6381377836535839,-0.277429825545189
46,2004,-0.21251329124435772,-0.16264660084581548,-0.3029300641417709,0.6030450254788455,-0.29253390353314707
46,2005,-0.22706195219096706,-0.16423980582959757,-0.305894664675528,0.5679516573559344,-0.3108313690722164
46,2006,-0.21863663235992686,-0.16096727667372085,-0.29947501270730364,0.5931400771005029,-0.31058944577288977
46,2007,-0.2173669429189255,-0.1581684030535631,-0.30682739719205715,0.6079118019497362,-0.3186374275304884
46,2008,-0.21966929506436314,-0.15946019087825128,-0.3051414722208659,0.6511467582833822,-0.32142438393873096
46,2009,-0.25086245987829,-0.1551685846606761,-0.3024396132410607,0.5034740360076608,-0.31953254373799683
46,2010,-0.25742459151621905,-0.15666131725809354,-0.29587107439226373,0.4919191778218532,-0.3265483194184686
46,2011,-0.23080776316911406,-0.15390550323209212,-0.2932392798268457,0.6150976013736699,-0.3310884133358313
46,2012,-0.22512246684643092,-0.15334572850806058,-0.2928539255477162,0.6536914620603661,-0.33686231607975975
46,2013,-0.2402334629574926,-0.12789328852147605,-0.2946249459396937,0.5305862323136853,-0.32672572983797477
46,2014,-0.24057278983982022,-0.13439205217176425,-0.2663411132410219,0.48293507277462056,-0.33092764723931883
46,2015,-0.25011075153487944,-0.14915996277292148,-0.26193581318642867,0.4523051431951504,-0.32751649646237374
46,2016,-0.23275792012758045,-0.13812125909692488,-0.25791937063168424,0.5151171372864684,-0.3265726891588207
46,2017,-0.2393096190332324,-0.14212302323456247,-0.24744036165490338,0.5012581000293364,-0.32633170129625155
46,2018,-0.2509141264539802,-0.11303141313041899,-0.23267732361517135,0.42500296522163333,-0.32280080766148406
46,2019,-0.23728764099976019,-0.12816935649749014,-0.22947274545569682,0.4614233302092629,-0.3201148047348162
46,2020,-0.24714770524768181,-0.09506649114608433,-0.24102344219884023,0.3999871698006079,-0.31633200170851355
46,2021,-0.18854432061991497,-0.11180315256030937,-0.21577810390646146,0.677465071031148,-0.31399616128934726
46,2022,-0.206582378892794,-0.09283320529516922,-0.21053688283991853,0.5454349899330586,-0.3077148486174112
46,2023,-0.19886318143128684,-0.05536841082333922,-0.21948101883313062,0.5213875021311836,-0.30257417229765354
46,2024,-0.1817130937324512,-0.03229348133075343,-0.2118046768847939,0.5696206511932738,-0.30512705911392457
47,1990,-0.50145357500177,-0.15697708761523957,-0.46262438063372424,-0.5643799186365742,-0.3408782428485815
47,1991,-0.49793318663680297,-0.14786280685216183,-0.46109172156900496,-0.5643927275482032,-0.34249106484409225
47,1992,-0.49614834369988237,-0.15224053225804954,-0.4592306355618458,-0.5644537223654847,-0.33560431492326137
47,1993,-0.4864613098496864,-0.15336008170611265,-0.4554734313403339,-0.5644537223654847,-0.319024504809411
47,1994,-0.4814210378535527,-0.1494990714301002,-0.44934279508145664,-0.5644537223654847,-0.3139602437435073
47,1995,-0.47568958052159793,-0.140944565391054,-0.4407380091895326,-0.5591673015516971,-0.3127828836867844
47,1996,-0.4615001998392195,-0.12855775547209952,-0.4312048698069785,-0.5566903020218954,-0.3009125137998254
47,1997,-0.4387047474143007,-0.09349289263084137,-0.4227708659251231,-0.5503059744970408,-0.2939773792191292
47,1998,-0.42960839937826995,-0.0926604071438201,-0.4121561071454671,-0.5409341208217382,-0.28125221367454944
47,1999,-0.4293483982873665,-0.10160244953027275,-0.40416438487943074,-0.5376910263868809,-0.27263974421852216
47,2000,-0.41713726864315875,-0.09788497123478121,-0.39040548550415055,-0.532685791680761,-0.2602371430730445
47,2001,-0.403269947723948,-0.08117784870214738,-0.3770319404079998,-0.5326339460860717,-0.2486893375851877
47,2002,-0.37744497588355685,-0.06856138761435943,-0.35810579047166596,-0.4987976811473323,-0.2312708600336717
47,2003,-0.36774741010092754,-0.06068148188376152,-0.33723097401018903,-0.48760452222800427,-0.221706825600293
47,2004,-0.327435468666535,-0.021726902370386728,-0.3163824317041073,-0.461027860442109,-0.1989660354635916
47,2005,-0.31117090488064597,-0.0007712332143339849,-0.2834828101234325,-0.43132765406322815,-0.19959503604184078
47,2006,-0.3050600735798391,0.0131944284903505,-0.25399882874413227,-0.4191280806587553,-0.20540119522567943
47,2007,-0.2795120946169509,0.029083418734015147,-0.22116927157784472,-0.4095897111322743,-0.1758381680479676
47,2008,-0.24553613637193522,0.08626655977354543,-0.1927187403107552,-0.3840304428986344,-0.18007988989616086
47,2009,-0.20592491552792927,0.11307833373485127,-0.1529703222237348,-0.36296405290595,-0.15090393999737156
47,2010,-0.15433897286347606,0.18148567565111662,-0.11462757145035694,-0.3339390591543753,-0.12611486592637153
47,2011,-0.14217487321084912,0.23495133839515533,-0.08023470203805572,-0.34993555993462155,-0.14424298515591222
47,2012,-0.16591661921006493,0.19362848120318554,-0.033238996087862585,-0.3302720507394115,-0.15851645981618226
47,2013,-0.1517830780969426,0.2271001390606616,0.015052901528493187,-0.32261049174068224,-0.15924222971416208
47,2014,-0.122632485065769,0.2602990861551479,0.07348662312739158,-0.3108756988438945,-0.1383239284323878
47,2015,-0.05609185147932245,0.3373901128929283,0.13941723706571688,-0.2983516330114841,-0.08395569896372077
47,2016,-0.038667483392571735,0.34588720613976615,0.20995458624999858,-0.2952848135985702,-0.05372818912385853
47,2017,-0.04973946804676521,0.3373039937046158,0.2750356691638795,-0.34455276730952916,-0.0630954592737849
47,2018,0.19482055166536658,0.8134257164174952,0.35406832859260534,-0.3302174603779446,-0.036979032700479524
47,2019,0.37906159859239197,1.1689908277771341,0.41689810563586527,-0.32255638933775355,-0.026432789671834798
47,2020,0.40252990635361374,1.253544235966461,0.4549698433619261,-0.35654313093051915,-0.0443804018636379
47,2021,0.3467661601613793,1.2155055668281,0.48906299910460854,-0.38827692830554394,-0.07872570430955834
47,2022,0.34786909385622417,1.1567931670230662,0.497469082553798,-0.3720905982350579,0.03673862113124753
47,2023,0.5100146028782877,1.483913506786985,0.5399966319096059,-0.38666591405871253,0.051188029921605795
47,2024,0.6551312779337887,1.6668652042757826,0.6351165565511909,-0.4139914767585172,0.16902006153635457
