Type,Country,Year,Value,Unit
total-energy,Algeria,1990,21.166733786127384,Mtep
total-energy,Algeria,1991,23.16567040767867,Mtep
total-energy,Algeria,1992,24.170773449501343,Mtep
total-energy,Algeria,1993,26.026683664283908,Mtep
total-energy,Algeria,1994,27.025514676126,Mtep
total-energy,Algeria,1995,25.903466932704973,Mtep
total-energy,Algeria,1996,25.503388298494453,Mtep
total-energy,Algeria,1997,26.959642585360115,Mtep
total-energy,Algeria,1998,28.94512758977421,Mtep
total-energy,Algeria,1999,26.404942813458423,Mtep
total-energy,Algeria,2000,31.484868622668998,Mtep
total-energy,Algeria,2001,28.301836816090027,Mtep
total-energy,Algeria,2002,29.666373484870796,Mtep
total-energy,Algeria,2003,30.923781171104807,Mtep
total-energy,Algeria,2004,31.950261602877177,Mtep
total-energy,Algeria,2005,31.08388146784628,Mtep
total-energy,Algeria,2006,34.77630057456898,Mtep
total-energy,Algeria,2007,36.9025645665305,Mtep
total-energy,Algeria,2008,37.336496994296354,Mtep
total-energy,Algeria,2009,40.74649954095386,Mtep
total-energy,Algeria,2010,39.9796984683975,Mtep
total-energy,Algeria,2011,41.712492021169005,Mtep
total-energy,Algeria,2012,45.83312577866373,Mtep
total-energy,Algeria,2013,47.4262002604377,Mtep
total-energy,Algeria,2014,51.598760129603704,Mtep
total-energy,Algeria,2015,53.994100305627114,Mtep
total-energy,Algeria,2016,53.47352339104862,Mtep
total-energy,Algeria,2017,55.519999280721215,Mtep
total-energy,Algeria,2018,58.861424931140434,Mtep
total-energy,Algeria,2019,61.257734816247506,Mtep
total-energy,Algeria,2020,57.22579730211774,Mtep
total-energy,Algeria,2021,61.96104218526621,Mtep
total-energy,Algeria,2022,66.13389246823635,Mtep
total-energy,Algeria,2023,64.17887024600678,Mtep
total-energy,Algeria,2024,60.31782778570484,Mtep
total-energy,Argentina,1990,45.39706534480613,Mtep
total-energy,Argentina,1991,47.97052663185535,Mtep
total-energy,Argentina,1992,49.707999509532435,Mtep
total-energy,Argentina,1993,48.45330827865278,Mtep
total-energy,Argentina,1994,49.94700228811973,Mtep
total-energy,Argentina,1995,53.02865928722657,Mtep
total-energy,Argentina,1996,55.91330463705163,Mtep
total-energy,Argentina,1997,58.461864502715834,Mtep
total-energy,Argentina,1998,59.75736126416094,Mtep
total-energy,Argentina,1999,62.344538576904114,Mtep
total-energy,Argentina,2000,61.66672111010448,Mtep
total-energy,Argentina,2001,58.25755725704788,Mtep
total-energy,Argentina,2002,54.52196677564459,Mtep
total-energy,Argentina,2003,58.83955142526149,Mtep
total-energy,Argentina,2004,67.49510566630642,Mtep
total-energy,Argentina,2005,69.00454537487813,Mtep
total-energy,Argentina,2006,73.87182787653441,Mtep
total-energy,Argentina,2007,73.55019608600327,Mtep
total-energy,Argentina,2008,77.02861609587455,Mtep
total-energy,Argentina,2009,75.00602697343624,Mtep
total-energy,Argentina,2010,76.21840590473936,Mtep
total-energy,Argentina,2011,77.44234608677644,Mtep
total-energy,Argentina,2012,77.72838089875923,Mtep
total-energy,Argentina,2013,79.47450409604993,Mtep
total-energy,Argentina,2014,80.43859096717716,Mtep
total-energy,Argentina,2015,82.01872760732861,Mtep
total-energy,Argentina,2016,82.05312142816238,Mtep
total-energy,Argentina,2017,80.98144071632696,Mtep
total-energy,Argentina,2018,79.08587953109497,Mtep
total-energy,Argentina,2019,79.17931246966911,Mtep
total-energy,Argentina,2020,72.92836122299238,Mtep
total-energy,Argentina,2021,80.81892236692532,Mtep
total-energy,Argentina,2022,80.34843319368207,Mtep
total-energy,Argentina,2023,79.70319548083367,Mtep
total-energy,Argentina,2024,78.42924386893766,Mtep
total-energy,Australia,1990,90.35556287093692,Mtep
total-energy,Australia,1991,88.95545661070274,Mtep
total-energy,Australia,1992,91.13779468899244,Mtep
total-energy,Australia,1993,95.1232224098348,Mtep
total-energy,Australia,1994,95.23100668436665,Mtep
total-energy,Australia,1995,97.22476607195321,Mtep
total-energy,Australia,1996,104.13165401783678,Mtep
total-energy,Australia,1997,105.18181091762895,Mtep
total-energy,Australia,1998,108.03231963086886,Mtep
total-energy,Australia,1999,110.59955151419068,Mtep
total-energy,Australia,2000,111.99445099774704,Mtep
total-energy,Australia,2001,108.27302618487147,Mtep
total-energy,Australia,2002,112.10253789601312,Mtep
total-energy,Australia,2003,111.07861314521772,Mtep
total-energy,Australia,2004,112.69641950871855,Mtep
total-energy,Australia,2005,113.10691336097726,Mtep
total-energy,Australia,2006,117.24073945499632,Mtep
total-energy,Australia,2007,120.75634382417753,Mtep
total-energy,Australia,2008,125.53460515125872,Mtep
total-energy,Australia,2009,125.49171521380514,Mtep
total-energy,Australia,2010,129.75770711542967,Mtep
total-energy,Australia,2011,130.05575901774117,Mtep
total-energy,Australia,2012,128.7562828025975,Mtep
total-energy,Australia,2013,130.72813182730016,Mtep
total-energy,Australia,2014,129.66685158013138,Mtep
total-energy,Australia,2015,129.67866986107623,Mtep
total-energy,Australia,2016,128.5047192416585,Mtep
total-energy,Australia,2017,132.4236393855744,Mtep
total-energy,Australia,2018,132.61676588079652,Mtep
total-energy,Australia,2019,134.87649355490856,Mtep
total-energy,Australia,2020,134.67923452265376,Mtep
total-energy,Australia,2021,131.11628287557372,Mtep
total-energy,Australia,2022,128.21759968120557,Mtep
total-energy,Australia,2023,129.57209955358942,Mtep
total-energy,Australia,2024,130.35566000692347,Mtep
total-energy,Azerbaijan,1990,23.044522728421747,Mtep
total-energy,Azerbaijan,1991,22.821643563687005,Mtep
total-energy,Azerbaijan,1992,21.149960454506683,Mtep
total-energy,Azerbaijan,1993,18.52017073087332,Mtep
total-energy,Azerbaijan,1994,16.218907794031217,Mtep
total-energy,Azerbaijan,1995,12.906716392715431,Mtep
total-energy,Azerbaijan,1996,12.14392854605263,Mtep
total-energy,Azerbaijan,1997,11.60374397763158,Mtep
total-energy,Azerbaijan,1998,12.228797163209988,Mtep
total-energy,Azerbaijan,1999,11.37422525268367,Mtep
total-energy,Azerbaijan,2000,11.687245162956998,Mtep
total-energy,Azerbaijan,2001,11.608401044284554,Mtep
total-energy,Azerbaijan,2002,11.70219851939338,Mtep
total-energy,Azerbaijan,2003,12.458346491672575,Mtep
total-energy,Azerbaijan,2004,13.152120373747522,Mtep
total-energy,Azerbaijan,2005,13.777455822082043,Mtep
total-energy,Azerbaijan,2006,14.076216203305071,Mtep
total-energy,Azerbaijan,2007,12.286104053822344,Mtep
total-energy,Azerbaijan,2008,13.564539263040547,Mtep
total-energy,Azerbaijan,2009,12.148273820199433,Mtep
total-energy,Azerbaijan,2010,11.701192584411531,Mtep
total-energy,Azerbaijan,2011,12.60655995065284,Mtep
total-energy,Azerbaijan,2012,13.36473389706141,Mtep
total-energy,Azerbaijan,2013,13.646709798643467,Mtep
total-energy,Azerbaijan,2014,14.040206012515487,Mtep
total-energy,Azerbaijan,2015,14.465399331916899,Mtep
total-energy,Azerbaijan,2016,14.323219532833939,Mtep
total-energy,Azerbaijan,2017,14.474485244880059,Mtep
total-energy,Azerbaijan,2018,14.515680016068718,Mtep
total-energy,Azerbaijan,2019,15.869901019371856,Mtep
total-energy,Azerbaijan,2020,15.441570838168122,Mtep
total-energy,Azerbaijan,2021,16.342365986422532,Mtep
total-energy,Azerbaijan,2022,17.299715968568616,Mtep
total-energy,Azerbaijan,2023,17.412968082013403,Mtep
total-energy,Azerbaijan,2024,17.0426792723408,Mtep
total-energy,Belgium,1990,47.94537106009993,Mtep
total-energy,Belgium,1991,50.11913419264342,Mtep
total-energy,Belgium,1992,50.714195611265865,Mtep
total-energy,Belgium,1993,49.47117499367386,Mtep
total-energy,Belgium,1994,52.56612313793909,Mtep
total-energy,Belgium,1995,53.417715337980496,Mtep
total-energy,Belgium,1996,56.26048987347411,Mtep
total-energy,Belgium,1997,56.4704620334316,Mtep
total-energy,Belgium,1998,57.47307425015844,Mtep
total-energy,Belgium,1999,57.49024411335302,Mtep
total-energy,Belgium,2000,58.17520196429842,Mtep
total-energy,Belgium,2001,57.82308532930439,Mtep
total-energy,Belgium,2002,55.890542780047525,Mtep
total-energy,Belgium,2003,58.214778676986654,Mtep
total-energy,Belgium,2004,58.55124436900568,Mtep
total-energy,Belgium,2005,58.18354054307592,Mtep
total-energy,Belgium,2006,57.4684708611018,Mtep
total-energy,Belgium,2007,56.400062715172325,Mtep
total-energy,Belgium,2008,58.14272192117698,Mtep
total-energy,Belgium,2009,55.75505971394788,Mtep
total-energy,Belgium,2010,60.0528552504742,Mtep
total-energy,Belgium,2011,55.90590853653075,Mtep
total-energy,Belgium,2012,53.58547277889297,Mtep
total-energy,Belgium,2013,55.86552554066085,Mtep
total-energy,Belgium,2014,52.75292085239421,Mtep
total-energy,Belgium,2015,52.584063191727424,Mtep
total-energy,Belgium,2016,55.61178532910227,Mtep
total-energy,Belgium,2017,55.360325377952265,Mtep
total-energy,Belgium,2018,53.3304887238462,Mtep
total-energy,Belgium,2019,54.974816134703886,Mtep
total-energy,Belgium,2020,50.657176526649856,Mtep
total-energy,Belgium,2021,55.925644122333466,Mtep
total-energy,Belgium,2022,50.96973175719485,Mtep
total-energy,Belgium,2023,47.737911816575696,Mtep
total-energy,Belgium,2024,48.13741946617176,Mtep
total-energy,Brazil,1990,147.0533619170264,Mtep
total-energy,Brazil,1991,150.51488985281452,Mtep
total-energy,Brazil,1992,152.08626885272054,Mtep
total-energy,Brazil,1993,156.19674812687816,Mtep
total-energy,Brazil,1994,165.1684153150159,Mtep
total-energy,Brazil,1995,169.6010900693384,Mtep
total-energy,Brazil,1996,178.3244334518095,Mtep
total-energy,Brazil,1997,188.73798758254614,Mtep
total-energy,Brazil,1998,193.21979602064258,Mtep
total-energy,Brazil,1999,197.85356803658917,Mtep
total-energy,Brazil,2000,198.07822197955085,Mtep
total-energy,Brazil,2001,202.11717136509782,Mtep
total-energy,Brazil,2002,207.3406305211371,Mtep
total-energy,Brazil,2003,211.51580174706095,Mtep
total-energy,Brazil,2004,223.16417099124027,Mtep
total-energy,Brazil,2005,229.77079100486577,Mtep
total-energy,Brazil,2006,237.607542713555,Mtep
total-energy,Brazil,2007,250.47225177699332,Mtep
total-energy,Brazil,2008,265.6572001256668,Mtep
total-energy,Brazil,2009,257.38062047917276,Mtep
total-energy,Brazil,2010,284.5453269231034,Mtep
total-energy,Brazil,2011,287.5513913378227,Mtep
total-energy,Brazil,2012,299.28843227226406,Mtep
total-energy,Brazil,2013,313.01084639282607,Mtep
total-energy,Brazil,2014,321.91797214757656,Mtep
total-energy,Brazil,2015,315.93978306800494,Mtep
total-energy,Brazil,2016,304.6906278276291,Mtep
total-energy,Brazil,2017,309.1623909283845,Mtep
total-energy,Brazil,2018,304.2140262839492,Mtep
total-energy,Brazil,2019,309.5501692237557,Mtep
total-energy,Brazil,2020,305.34289803706304,Mtep
total-energy,Brazil,2021,323.6317321641215,Mtep
total-energy,Brazil,2022,316.20046711729736,Mtep
total-energy,Brazil,2023,331.14136740146137,Mtep
total-energy,Brazil,2024,341.45921746668,Mtep
total-energy,Canada,1990,212.2836824338878,Mtep
total-energy,Canada,1991,211.75111282042843,Mtep
total-energy,Canada,1992,216.75365975981146,Mtep
total-energy,Canada,1993,223.82097835335927,Mtep
total-energy,Canada,1994,231.99295554978664,Mtep
total-energy,Canada,1995,235.33918035765237,Mtep
total-energy,Canada,1996,240.15030266100075,Mtep
total-energy,Canada,1997,242.6316701707398,Mtep
total-energy,Canada,1998,241.1426039413988,Mtep
total-energy,Canada,1999,247.79836212550322,Mtep
total-energy,Canada,2000,253.07751195781802,Mtep
total-energy,Canada,2001,249.2593977504103,Mtep
total-energy,Canada,2002,249.62580804227446,Mtep
total-energy,Canada,2003,263.60432767577475,Mtep
total-energy,Canada,2004,268.8743645012133,Mtep
total-energy,Canada,2005,272.3359179691855,Mtep
total-energy,Canada,2006,277.5064161694582,Mtep
total-energy,Canada,2007,277.96267867411956,Mtep
total-energy,Canada,2008,272.19657164405453,Mtep
total-energy,Canada,2009,262.4014276543893,Mtep
total-energy,Canada,2010,264.29182540146996,Mtep
total-energy,Canada,2011,268.7319927598552,Mtep
total-energy,Canada,2012,269.2747281741488,Mtep
total-energy,Canada,2013,272.9927836107695,Mtep
total-energy,Canada,2014,279.567319048769,Mtep
total-energy,Canada,2015,278.35691845035393,Mtep
total-energy,Canada,2016,290.6153289969425,Mtep
total-energy,Canada,2017,302.66832599677525,Mtep
total-energy,Canada,2018,307.1105275995767,Mtep
total-energy,Canada,2019,309.6728976941676,Mtep
total-energy,Canada,2020,289.3898449274909,Mtep
total-energy,Canada,2021,295.49556976675575,Mtep
total-energy,Canada,2022,302.5447032009667,Mtep
total-energy,Canada,2023,302.2413532529538,Mtep
total-energy,Canada,2024,301.7479676785309,Mtep
total-energy,Chile,1990,13.77636262803483,Mtep
total-energy,Chile,1991,14.18126928574803,Mtep
total-energy,Chile,1992,15.363250342131918,Mtep
total-energy,Chile,1993,15.742346142859494,Mtep
total-energy,Chile,1994,16.948387714662587,Mtep
total-energy,Chile,1995,18.22247140482199,Mtep
total-energy,Chile,1996,20.152292431727467,Mtep
total-energy,Chile,1997,22.47795894658967,Mtep
total-energy,Chile,1998,23.350795278423732,Mtep
total-energy,Chile,1999,24.841327536639696,Mtep
total-energy,Chile,2000,25.122998449289966,Mtep
total-energy,Chile,2001,24.651915745584336,Mtep
total-energy,Chile,2002,25.525260729934956,Mtep
total-energy,Chile,2003,25.79371633729909,Mtep
total-energy,Chile,2004,27.820225719912766,Mtep
total-energy,Chile,2005,28.63139228068068,Mtep
total-energy,Chile,2006,29.870262627879242,Mtep
total-energy,Chile,2007,31.07185048241677,Mtep
total-energy,Chile,2008,30.8315815133243,Mtep
total-energy,Chile,2009,30.38811259223066,Mtep
total-energy,Chile,2010,31.53983423304135,Mtep
total-energy,Chile,2011,34.538792879356336,Mtep
total-energy,Chile,2012,38.22326755893636,Mtep
total-energy,Chile,2013,39.45559613030526,Mtep
total-energy,Chile,2014,35.45959224382894,Mtep
total-energy,Chile,2015,36.44622418560951,Mtep
total-energy,Chile,2016,38.71921410899453,Mtep
total-energy,Chile,2017,39.24202143899156,Mtep
total-energy,Chile,2018,40.0178865733378,Mtep
total-energy,Chile,2019,42.301993815667984,Mtep
total-energy,Chile,2020,38.3761120716502,Mtep
total-energy,Chile,2021,40.92966958230551,Mtep
total-energy,Chile,2022,42.0726341091386,Mtep
total-energy,Chile,2023,40.32035053542898,Mtep
total-energy,Chile,2024,42.05681047680053,Mtep
total-energy,China,1990,739.742724522411,Mtep
total-energy,China,1991,768.1058092240086,Mtep
total-energy,China,1992,794.3019203533378,Mtep
total-energy,China,1993,845.6369798936549,Mtep
total-energy,China,1994,890.6105856828093,Mtep
total-energy,China,1995,960.1877481173452,Mtep
total-energy,China,1996,998.7521550930338,Mtep
total-energy,China,1997,996.1539184609657,Mtep
total-energy,China,1998,947.3523918300497,Mtep
total-energy,China,1999,983.5539373793731,Mtep
total-energy,China,2000,1010.0684025623078,Mtep
total-energy,China,2001,1030.4730681164003,Mtep
total-energy,China,2002,1130.292066644182,Mtep
total-energy,China,2003,1314.9208369014336,Mtep
total-energy,China,2004,1512.3189059348729,Mtep
total-energy,China,2005,1680.2046716095617,Mtep
total-energy,China,2006,1849.2814744441862,Mtep
total-energy,China,2007,2000.2267151939882,Mtep
total-energy,China,2008,2101.4395504105933,Mtep
total-energy,China,2009,2267.99909874723,Mtep
total-energy,China,2010,2504.1027292219833,Mtep
total-energy,China,2011,2708.483948008207,Mtep
total-energy,China,2012,2861.316414736349,Mtep
total-energy,China,2013,2952.609087124052,Mtep
total-energy,China,2014,2966.2212303085057,Mtep
total-energy,China,2015,2965.5101612837093,Mtep
total-energy,China,2016,2969.7844323379463,Mtep
total-energy,China,2017,3087.471610025442,Mtep
total-energy,China,2018,3234.5763244508557,Mtep
total-energy,China,2019,3385.1475792947895,Mtep
total-energy,China,2020,3501.212778822673,Mtep
total-energy,China,2021,3737.799491025924,Mtep
total-energy,China,2022,3920.911202567055,Mtep
total-energy,China,2023,4192.943314258749,Mtep
total-energy,China,2024,4342.877773440577,Mtep
total-energy,Colombia,1990,26.68274797023479,Mtep
total-energy,Colombia,1991,28.79729825824047,Mtep
total-energy,Colombia,1992,30.43431205262723,Mtep
total-energy,Colombia,1993,31.19611564985667,Mtep
total-energy,Colombia,1994,32.719730058183536,Mtep
total-energy,Colombia,1995,32.174388945286324,Mtep
total-energy,Colombia,1996,32.808305051238655,Mtep
total-energy,Colombia,1997,34.018493108667464,Mtep
total-energy,Colombia,1998,33.92235300391398,Mtep
total-energy,Colombia,1999,31.024347819659454,Mtep
total-energy,Colombia,2000,31.20385064861399,Mtep
total-energy,Colombia,2001,31.093998138846167,Mtep
total-energy,Colombia,2002,31.139873461039016,Mtep
total-energy,Colombia,2003,31.99800360380059,Mtep
total-energy,Colombia,2004,31.315093135747723,Mtep
total-energy,Colombia,2005,32.75912647788901,Mtep
total-energy,Colombia,2006,32.00908431930513,Mtep
total-energy,Colombia,2007,30.818193972262943,Mtep
total-energy,Colombia,2008,33.77252426693741,Mtep
total-energy,Colombia,2009,35.75432723473664,Mtep
total-energy,Colombia,2010,35.86145911268514,Mtep
total-energy,Colombia,2011,36.22604761680165,Mtep
total-energy,Colombia,2012,37.22523802569619,Mtep
total-energy,Colombia,2013,39.83977441024682,Mtep
total-energy,Colombia,2014,40.678485308686184,Mtep
total-energy,Colombia,2015,40.09755639299906,Mtep
total-energy,Colombia,2016,41.45233174839568,Mtep
total-energy,Colombia,2017,39.389169549216106,Mtep
total-energy,Colombia,2018,41.47955318259626,Mtep
total-energy,Colombia,2019,44.96148585796827,Mtep
total-energy,Colombia,2020,41.55733630271845,Mtep
total-energy,Colombia,2021,45.25308974935141,Mtep
total-energy,Colombia,2022,42.52773097499514,Mtep
total-energy,Colombia,2023,45.255080181837855,Mtep
total-energy,Colombia,2024,47.39380376790953,Mtep
total-energy,Czechia,1990,49.86062855935359,Mtep
total-energy,Czechia,1991,45.306209092862524,Mtep
total-energy,Czechia,1992,44.20177281677788,Mtep
total-energy,Czechia,1993,42.81306790493264,Mtep
total-energy,Czechia,1994,41.303382478684384,Mtep
total-energy,Czechia,1995,41.86168350411663,Mtep
total-energy,Czechia,1996,43.1230961797307,Mtep
total-energy,Czechia,1997,43.29888890843092,Mtep
total-energy,Czechia,1998,41.98607645713608,Mtep
total-energy,Czechia,1999,39.35551438155508,Mtep
total-energy,Czechia,2000,41.27355948375773,Mtep
total-energy,Czechia,2001,42.35247907943933,Mtep
total-energy,Czechia,2002,42.86316945932654,Mtep
total-energy,Czechia,2003,44.70171586906618,Mtep
total-energy,Czechia,2004,45.73215824958714,Mtep
total-energy,Czechia,2005,45.12290059020821,Mtep
total-energy,Czechia,2006,46.25578306112413,Mtep
total-energy,Czechia,2007,46.20831953889317,Mtep
total-energy,Czechia,2008,45.37209153746508,Mtep
total-energy,Czechia,2009,42.710735754418565,Mtep
total-energy,Czechia,2010,45.23926708099555,Mtep
total-energy,Czechia,2011,43.57696397708562,Mtep
total-energy,Czechia,2012,43.21353116983235,Mtep
total-energy,Czechia,2013,43.232067548838906,Mtep
total-energy,Czechia,2014,42.03783891787425,Mtep
total-energy,Czechia,2015,42.10435709098902,Mtep
total-energy,Czechia,2016,41.596625669749365,Mtep
total-energy,Czechia,2017,43.426063661847394,Mtep
total-energy,Czechia,2018,43.47348013521793,Mtep
total-energy,Czechia,2019,42.77019835552318,Mtep
total-energy,Czechia,2020,40.33302735483836,Mtep
total-energy,Czechia,2021,42.682857988860746,Mtep
total-energy,Czechia,2022,41.74090956339805,Mtep
total-energy,Czechia,2023,38.13290553574967,Mtep
total-energy,Czechia,2024,36.40281965918753,Mtep
total-energy,Denmark,1990,17.30750238382636,Mtep
total-energy,Denmark,1991,19.205758524886,Mtep
total-energy,Denmark,1992,18.373455811724465,Mtep
total-energy,Denmark,1993,18.901875877477153,Mtep
total-energy,Denmark,1994,19.566589738469947,Mtep
total-energy,Denmark,1995,19.634475076638196,Mtep
total-energy,Denmark,1996,22.395554679173898,Mtep
total-energy,Denmark,1997,20.856025388261887,Mtep
total-energy,Denmark,1998,20.571652702641128,Mtep
total-energy,Denmark,1999,19.61389873318474,Mtep
total-energy,Denmark,2000,19.067390293431174,Mtep
total-energy,Denmark,2001,19.590477014007917,Mtep
total-energy,Denmark,2002,19.300549216072536,Mtep
total-energy,Denmark,2003,20.111974554610786,Mtep
total-energy,Denmark,2004,19.4428298939614,Mtep
total-energy,Denmark,2005,18.925936054581822,Mtep
total-energy,Denmark,2006,20.337840935642596,Mtep
total-energy,Denmark,2007,19.88967602680799,Mtep
total-energy,Denmark,2008,19.63838167191482,Mtep
total-energy,Denmark,2009,18.764065526202508,Mtep
total-energy,Denmark,2010,19.49763094647773,Mtep
total-energy,Denmark,2011,18.128483863568807,Mtep
total-energy,Denmark,2012,17.29353211565984,Mtep
total-energy,Denmark,2013,17.271989904765416,Mtep
total-energy,Denmark,2014,16.265964125842483,Mtep
total-energy,Denmark,2015,16.20714104078054,Mtep
total-energy,Denmark,2016,16.614523864904427,Mtep
total-energy,Denmark,2017,16.820160818353784,Mtep
total-energy,Denmark,2018,16.79861982675545,Mtep
total-energy,Denmark,2019,16.256696836382467,Mtep
total-energy,Denmark,2020,15.702630492731176,Mtep
total-energy,Denmark,2021,16.624850658616204,Mtep
total-energy,Denmark,2022,15.793761472960549,Mtep
total-energy,Denmark,2023,15.398325347680842,Mtep
total-energy,Denmark,2024,15.288415498938637,Mtep
total-energy,Egypt,1990,30.101738010402013,Mtep
total-energy,Egypt,1991,30.48716998652262,Mtep
total-energy,Egypt,1992,31.282266633437057,Mtep
total-energy,Egypt,1993,36.018934582358206,Mtep
total-energy,Egypt,1994,33.86897413138878,Mtep
total-energy,Egypt,1995,38.058179248145336,Mtep
total-energy,Egypt,1996,37.65793146939545,Mtep
total-energy,Egypt,1997,41.97424590093118,Mtep
total-energy,Egypt,1998,46.45055264756088,Mtep
total-energy,Egypt,1999,48.20881498910423,Mtep
total-energy,Egypt,2000,54.526931670025,Mtep
total-energy,Egypt,2001,49.36657885344996,Mtep
total-energy,Egypt,2002,50.67370331700768,Mtep
total-energy,Egypt,2003,58.45218620695501,Mtep
total-energy,Egypt,2004,59.1715826251392,Mtep
total-energy,Egypt,2005,65.23455477154755,Mtep
total-energy,Egypt,2006,68.93224191285528,Mtep
total-energy,Egypt,2007,72.91322125926169,Mtep
total-energy,Egypt,2008,76.03223496994478,Mtep
total-energy,Egypt,2009,77.20063911073878,Mtep
total-energy,Egypt,2010,76.9801117793701,Mtep
total-energy,Egypt,2011,84.6483618169806,Mtep
total-energy,Egypt,2012,82.12623975903782,Mtep
total-energy,Egypt,2013,81.72602740570679,Mtep
total-energy,Egypt,2014,83.0060442403246,Mtep
total-energy,Egypt,2015,81.50253699947328,Mtep
total-energy,Egypt,2016,88.76804066416047,Mtep
total-energy,Egypt,2017,93.12930443914126,Mtep
total-energy,Egypt,2018,89.23650501955748,Mtep
total-energy,Egypt,2019,89.66676132532085,Mtep
total-energy,Egypt,2020,94.96044043745185,Mtep
total-energy,Egypt,2021,100.6980383283864,Mtep
total-energy,Egypt,2022,94.22989849017539,Mtep
total-energy,Egypt,2023,93.08358786723211,Mtep
total-energy,Egypt,2024,98.13722780564329,Mtep
total-energy,France,1990,223.55381944633976,Mtep
total-energy,France,1991,236.4618866216908,Mtep
total-energy,France,1992,232.33783348290456,Mtep
total-energy,France,1993,236.2948092260158,Mtep
total-energy,France,1994,227.3056234119855,Mtep
total-energy,France,1995,236.80960028018052,Mtep
total-energy,France,1996,250.27603028462386,Mtep
total-energy,France,1997,242.5821706279899,Mtep
total-energy,France,1998,249.65690117141392,Mtep
total-energy,France,1999,249.2323802412173,Mtep
total-energy,France,2000,251.7166748087593,Mtep
total-energy,France,2001,260.2611437872858,Mtep
total-energy,France,2002,260.8734254530993,Mtep
total-energy,France,2003,267.53111901495595,Mtep
total-energy,France,2004,271.4066231153948,Mtep
total-energy,France,2005,272.5240398933567,Mtep
total-energy,France,2006,268.12780930474065,Mtep
total-energy,France,2007,265.25321590773274,Mtep
total-energy,France,2008,266.4776463101201,Mtep
total-energy,France,2009,254.9154394958455,Mtep
total-energy,France,2010,262.79298457132205,Mtep
total-energy,France,2011,257.8597992679125,Mtep
total-energy,France,2012,257.764959337155,Mtep
total-energy,France,2013,258.8328056120272,Mtep
total-energy,France,2014,248.82229330520894,Mtep
total-energy,France,2015,252.60468587181512,Mtep
total-energy,France,2016,247.93122587586257,Mtep
total-energy,France,2017,247.60909245890414,Mtep
total-energy,France,2018,246.16308566359538,Mtep
total-energy,France,2019,242.67149515584887,Mtep
total-energy,France,2020,218.04462744503041,Mtep
total-energy,France,2021,233.95668195593254,Mtep
total-energy,France,2022,210.3933723684117,Mtep
total-energy,France,2023,213.71553547297714,Mtep
total-energy,France,2024,217.76826474028096,Mtep
total-energy,Germany,1990,352.20253382255464,Mtep
total-energy,Germany,1991,345.0937674468749,Mtep
total-energy,Germany,1992,338.56734548293684,Mtep
total-energy,Germany,1993,335.22138094906126,Mtep
total-energy,Germany,1994,333.68547283802366,Mtep
total-energy,Germany,1995,337.1027293649288,Mtep
total-energy,Germany,1996,348.4941283286286,Mtep
total-energy,Germany,1997,345.34153877458397,Mtep
total-energy,Germany,1998,343.18632130630084,Mtep
total-energy,Germany,1999,335.46094784691235,Mtep
total-energy,Germany,2000,337.1092387214035,Mtep
total-energy,Germany,2001,347.1470121103518,Mtep
total-energy,Germany,2002,339.42531332340894,Mtep
total-energy,Germany,2003,338.75602761574083,Mtep
total-energy,Germany,2004,341.17321929050235,Mtep
total-energy,Germany,2005,339.2850610192551,Mtep
total-energy,Germany,2006,349.3756146686886,Mtep
total-energy,Germany,2007,331.2653783091767,Mtep
total-energy,Germany,2008,335.4583542288586,Mtep
total-energy,Germany,2009,313.25796607196594,Mtep
total-energy,Germany,2010,329.84083013982354,Mtep
total-energy,Germany,2011,312.71027420542265,Mtep
total-energy,Germany,2012,315.0257707446602,Mtep
total-energy,Germany,2013,321.7975609423607,Mtep
total-energy,Germany,2014,307.7588041358817,Mtep
total-energy,Germany,2015,309.253088995174,Mtep
total-energy,Germany,2016,310.45997446912077,Mtep
total-energy,Germany,2017,311.41745334563916,Mtep
total-energy,Germany,2018,303.65064877547576,Mtep
total-energy,Germany,2019,296.93199607786994,Mtep
total-energy,Germany,2020,278.79930128394136,Mtep
total-energy,Germany,2021,289.4114655228761,Mtep
total-energy,Germany,2022,272.20739412736526,Mtep
total-energy,Germany,2023,244.8081681459524,Mtep
total-energy,Germany,2024,241.70670354266758,Mtep
total-energy,India,1990,283.9211979314341,Mtep
total-energy,India,1991,296.9858124569047,Mtep
total-energy,India,1992,311.40102321924604,Mtep
total-energy,India,1993,318.3256465671988,Mtep
total-energy,India,1994,333.7876565074504,Mtep
total-energy,India,1995,350.0037483819861,Mtep
total-energy,India,1996,372.31335791496645,Mtep
total-energy,India,1997,385.67406084510026,Mtep
total-energy,India,1998,397.20038596216176,Mtep
total-energy,India,1999,422.6321097900512,Mtep
total-energy,India,2000,439.4313124710034,Mtep
total-energy,India,2001,443.05392341023196,Mtep
total-energy,India,2002,452.5719428955065,Mtep
total-energy,India,2003,466.8324171537048,Mtep
total-energy,India,2004,488.1032891328135,Mtep
total-energy,India,2005,510.79356154212684,Mtep
total-energy,India,2006,538.7074446014584,Mtep
total-energy,India,2007,573.9069588984853,Mtep
total-energy,India,2008,600.1147001280087,Mtep
total-energy,India,2009,651.5208856822492,Mtep
total-energy,India,2010,659.0834067296462,Mtep
total-energy,India,2011,693.9380287536571,Mtep
total-energy,India,2012,743.8754438690286,Mtep
total-energy,India,2013,769.9349919387654,Mtep
total-energy,India,2014,829.2219020025332,Mtep
total-energy,India,2015,861.8359646385177,Mtep
total-energy,India,2016,898.3529481152041,Mtep
total-energy,India,2017,946.322751533268,Mtep
total-energy,India,2018,984.6743327095542,Mtep
total-energy,India,2019,988.4688676034165,Mtep
total-energy,India,2020,941.5970450357494,Mtep
total-energy,India,2021,1011.6121170629026,Mtep
total-energy,India,2022,1087.976960851171,Mtep
total-energy,India,2023,1159.060718595023,Mtep
total-energy,India,2024,1212.7182287053145,Mtep
total-energy,Indonesia,1990,103.07889019407264,Mtep
total-energy,Indonesia,1991,108.79004382311541,Mtep
total-energy,Indonesia,1992,118.32883186149083,Mtep
total-energy,Indonesia,1993,123.73868705940747,Mtep
total-energy,Indonesia,1994,126.20188349203448,Mtep
total-energy,Indonesia,1995,128.62132166550893,Mtep
total-energy,Indonesia,1996,140.16489735949477,Mtep
total-energy,Indonesia,1997,148.47887100811204,Mtep
total-energy,Indonesia,1998,146.61016795380203,Mtep
total-energy,Indonesia,1999,154.2627729803643,Mtep
total-energy,Indonesia,2000,156.35717633579605,Mtep
total-energy,Indonesia,2001,162.5396991297315,Mtep
total-energy,Indonesia,2002,163.36063559701932,Mtep
total-energy,Indonesia,2003,167.59256117230092,Mtep
total-energy,Indonesia,2004,174.12338254329728,Mtep
total-energy,Indonesia,2005,178.37690340314583,Mtep
total-energy,Indonesia,2006,179.86713472771578,Mtep
total-energy,Indonesia,2007,188.20866738756894,Mtep
total-energy,Indonesia,2008,202.53926148835473,Mtep
total-energy,Indonesia,2009,210.6126734172838,Mtep
total-energy,Indonesia,2010,201.09732827900578,Mtep
total-energy,Indonesia,2011,216.9112823746701,Mtep
total-energy,Indonesia,2012,219.75814411191675,Mtep
total-energy,Indonesia,2013,191.56348072504093,Mtep
total-energy,Indonesia,2014,194.77147241321606,Mtep
total-energy,Indonesia,2015,205.5454928610939,Mtep
total-energy,Indonesia,2016,220.03846646959053,Mtep
total-energy,Indonesia,2017,214.5071907904979,Mtep
total-energy,Indonesia,2018,245.8172046798519,Mtep
total-energy,Indonesia,2019,269.51834884754413,Mtep
total-energy,Indonesia,2020,248.67559561687963,Mtep
total-energy,Indonesia,2021,246.71442764075684,Mtep
total-energy,Indonesia,2022,297.85543190876865,Mtep
total-energy,Indonesia,2023,305.3906680339356,Mtep
total-energy,Indonesia,2024,323.9484890261029,Mtep
total-energy,Iran,1990,67.8120399191327,Mtep
total-energy,Iran,1991,73.05558136458069,Mtep
total-energy,Iran,1992,76.01822727391514,Mtep
total-energy,Iran,1993,82.13429825942198,Mtep
total-energy,Iran,1994,90.62482765808305,Mtep
total-energy,Iran,1995,93.55924467034178,Mtep
total-energy,Iran,1996,95.65920938293041,Mtep
total-energy,Iran,1997,94.10758050119398,Mtep
total-energy,Iran,1998,108.09374720697913,Mtep
total-energy,Iran,1999,132.75013378166332,Mtep
total-energy,Iran,2000,129.7986809461984,Mtep
total-energy,Iran,2001,138.37059394251284,Mtep
total-energy,Iran,2002,142.5379055386497,Mtep
total-energy,Iran,2003,147.45983929611748,Mtep
total-energy,Iran,2004,161.0461971499651,Mtep
total-energy,Iran,2005,173.5030535772287,Mtep
total-energy,Iran,2006,187.64974424760166,Mtep
total-energy,Iran,2007,192.05159956486207,Mtep
total-energy,Iran,2008,198.0674076555904,Mtep
total-energy,Iran,2009,203.93638675237537,Mtep
total-energy,Iran,2010,206.05226364275683,Mtep
total-energy,Iran,2011,210.16969793668915,Mtep
total-energy,Iran,2012,218.29056412785764,Mtep
total-energy,Iran,2013,222.02136539205338,Mtep
total-energy,Iran,2014,240.78248504205652,Mtep
total-energy,Iran,2015,240.83125908056454,Mtep
total-energy,Iran,2016,246.57282703755007,Mtep
total-energy,Iran,2017,265.22685026320863,Mtep
total-energy,Iran,2018,252.75409569126467,Mtep
total-energy,Iran,2019,279.5117818039725,Mtep
total-energy,Iran,2020,287.27768626687424,Mtep
total-energy,Iran,2021,297.12227065395257,Mtep
total-energy,Iran,2022,294.5259199836406,Mtep
total-energy,Iran,2023,297.61744372342207,Mtep
total-energy,Iran,2024,312.9077621999722,Mtep
total-energy,Italy,1990,146.48243036510758,Mtep
total-energy,Italy,1991,150.1770994622835,Mtep
total-energy,Italy,1992,149.14699204761263,Mtep
total-energy,Italy,1993,148.42696619638932,Mtep
total-energy,Italy,1994,146.5780063069673,Mtep
total-energy,Italy,1995,159.17499158525447,Mtep
total-energy,Italy,1996,159.03452668539268,Mtep
total-energy,Italy,1997,161.32447120530819,Mtep
total-energy,Italy,1998,165.8452890645946,Mtep
total-energy,Italy,1999,168.39274735559752,Mtep
total-energy,Italy,2000,171.60598084460904,Mtep
total-energy,Italy,2001,172.18534691089397,Mtep
total-energy,Italy,2002,173.38771531906195,Mtep
total-energy,Italy,2003,181.6950731723732,Mtep
total-energy,Italy,2004,182.9688141328956,Mtep
total-energy,Italy,2005,186.4713710880696,Mtep
total-energy,Italy,2006,184.76421829145357,Mtep
total-energy,Italy,2007,184.1665418470184,Mtep
total-energy,Italy,2008,181.73404727923224,Mtep
total-energy,Italy,2009,169.67317788478056,Mtep
total-energy,Italy,2010,173.79162980165177,Mtep
total-energy,Italy,2011,168.02606605690028,Mtep
total-energy,Italy,2012,161.39018771995987,Mtep
total-energy,Italy,2013,155.4416215223711,Mtep
total-energy,Italy,2014,146.8102450466226,Mtep
total-energy,Italy,2015,152.59568815120355,Mtep
total-energy,Italy,2016,151.02317721936578,Mtep
total-energy,Italy,2017,153.4874645948582,Mtep
total-energy,Italy,2018,150.6293118999271,Mtep
total-energy,Italy,2019,149.04410292657948,Mtep
total-energy,Italy,2020,137.73122150967905,Mtep
total-energy,Italy,2021,149.99213170032817,Mtep
total-energy,Italy,2022,142.68329258665054,Mtep
total-energy,Italy,2023,136.48118813854347,Mtep
total-energy,Italy,2024,133.7641075477991,Mtep
total-energy,Japan,1990,438.20492359516624,Mtep
total-energy,Japan,1991,444.1089530598928,Mtep
total-energy,Japan,1992,455.224296870273,Mtep
total-energy,Japan,1993,458.51980142712324,Mtep
total-energy,Japan,1994,483.8850754243879,Mtep
total-energy,Japan,1995,497.5260539601167,Mtep
total-energy,Japan,1996,508.16755012147087,Mtep
total-energy,Japan,1997,513.5514647082069,Mtep
total-energy,Japan,1998,504.45092510797383,Mtep
total-energy,Japan,1999,513.4919899227184,Mtep
total-energy,Japan,2000,523.4379789549937,Mtep
total-energy,Japan,2001,515.0115463931124,Mtep
total-energy,Japan,2002,516.7342352842002,Mtep
total-energy,Japan,2003,513.6039389228753,Mtep
total-energy,Japan,2004,530.7070904374807,Mtep
total-energy,Japan,2005,529.8514753250527,Mtep
total-energy,Japan,2006,528.6976299167316,Mtep
total-energy,Japan,2007,523.5584811878686,Mtep
total-energy,Japan,2008,504.7105114086629,Mtep
total-energy,Japan,2009,483.3797570036395,Mtep
total-energy,Japan,2010,508.57432938792294,Mtep
total-energy,Japan,2011,470.7861753793254,Mtep
total-energy,Japan,2012,460.40707655634725,Mtep
total-energy,Japan,2013,462.10298467275874,Mtep
total-energy,Japan,2014,447.098812839412,Mtep
total-energy,Japan,2015,441.37199288459027,Mtep
total-energy,Japan,2016,438.1709031536653,Mtep
total-energy,Japan,2017,441.37673662944314,Mtep
total-energy,Japan,2018,435.069163959821,Mtep
total-energy,Japan,2019,425.0534165386332,Mtep
total-energy,Japan,2020,396.2265526523361,Mtep
total-energy,Japan,2021,412.82566885168,Mtep
total-energy,Japan,2022,403.8375056969459,Mtep
total-energy,Japan,2023,390.6135180266689,Mtep
total-energy,Japan,2024,385.7156111626419,Mtep
total-energy,Kazakhstan,1990,73.39954945366925,Mtep
total-energy,Kazakhstan,1991,74.98360691527478,Mtep
total-energy,Kazakhstan,1992,81.9578005118629,Mtep
total-energy,Kazakhstan,1993,66.37520059420882,Mtep
total-energy,Kazakhstan,1994,60.30637183556836,Mtep
total-energy,Kazakhstan,1995,51.45808133992009,Mtep
total-energy,Kazakhstan,1996,43.0757063581885,Mtep
total-energy,Kazakhstan,1997,39.51421642386695,Mtep
total-energy,Kazakhstan,1998,38.57205703967268,Mtep
total-energy,Kazakhstan,1999,34.85180306391707,Mtep
total-energy,Kazakhstan,2000,36.14622168762066,Mtep
total-energy,Kazakhstan,2001,40.31560125475618,Mtep
total-energy,Kazakhstan,2002,40.85989675782867,Mtep
total-energy,Kazakhstan,2003,43.23782140942921,Mtep
total-energy,Kazakhstan,2004,52.07302101118293,Mtep
total-energy,Kazakhstan,2005,54.28010148307537,Mtep
total-energy,Kazakhstan,2006,58.752979382527265,Mtep
total-energy,Kazakhstan,2007,69.23154703946874,Mtep
total-energy,Kazakhstan,2008,72.05882024420558,Mtep
total-energy,Kazakhstan,2009,65.83898182879685,Mtep
total-energy,Kazakhstan,2010,77.41668968903905,Mtep
total-energy,Kazakhstan,2011,80.67254967799992,Mtep
total-energy,Kazakhstan,2012,74.38094214371657,Mtep
total-energy,Kazakhstan,2013,76.8817829444005,Mtep
total-energy,Kazakhstan,2014,60.4137433097401,Mtep
total-energy,Kazakhstan,2015,58.90161022623709,Mtep
total-energy,Kazakhstan,2016,65.55003388444689,Mtep
total-energy,Kazakhstan,2017,68.09322176013085,Mtep
total-energy,Kazakhstan,2018,71.65761066928339,Mtep
total-energy,Kazakhstan,2019,72.78099791342699,Mtep
total-energy,Kazakhstan,2020,67.02014601645838,Mtep
total-energy,Kazakhstan,2021,70.05704747462539,Mtep
total-energy,Kazakhstan,2022,69.25028721822095,Mtep
total-energy,Kazakhstan,2023,73.02645988091734,Mtep
total-energy,Kazakhstan,2024,72.22862071470495,Mtep
total-energy,Kuwait,1990,14.008281165896506,Mtep
total-energy,Kuwait,1991,5.365732316934642,Mtep
total-energy,Kuwait,1992,11.168120527400353,Mtep
total-energy,Kuwait,1993,18.503931381039553,Mtep
total-energy,Kuwait,1994,20.56300021418076,Mtep
total-energy,Kuwait,1995,20.88889253511934,Mtep
total-energy,Kuwait,1996,19.36009672473471,Mtep
total-energy,Kuwait,1997,20.929990587427106,Mtep
total-energy,Kuwait,1998,19.761942453710212,Mtep
total-energy,Kuwait,1999,20.530602787023675,Mtep
total-energy,Kuwait,2000,20.503374587736356,Mtep
total-energy,Kuwait,2001,21.933993279376125,Mtep
total-energy,Kuwait,2002,21.934479690742602,Mtep
total-energy,Kuwait,2003,23.614448443872764,Mtep
total-energy,Kuwait,2004,25.030826912353355,Mtep
total-energy,Kuwait,2005,28.000843358387108,Mtep
total-energy,Kuwait,2006,27.627753195994757,Mtep
total-energy,Kuwait,2007,28.205080360405248,Mtep
total-energy,Kuwait,2008,30.591831711986856,Mtep
total-energy,Kuwait,2009,31.947535722303225,Mtep
total-energy,Kuwait,2010,32.90809651211982,Mtep
total-energy,Kuwait,2011,32.52627128495389,Mtep
total-energy,Kuwait,2012,38.083266953246,Mtep
total-energy,Kuwait,2013,30.54886465787541,Mtep
total-energy,Kuwait,2014,27.7638215030526,Mtep
total-energy,Kuwait,2015,34.71060190889405,Mtep
total-energy,Kuwait,2016,39.97173204377273,Mtep
total-energy,Kuwait,2017,38.38722040019314,Mtep
total-energy,Kuwait,2018,39.25169803159188,Mtep
total-energy,Kuwait,2019,40.31816214631878,Mtep
total-energy,Kuwait,2020,36.74594935217629,Mtep
total-energy,Kuwait,2021,36.376599772262445,Mtep
total-energy,Kuwait,2022,40.806707235030814,Mtep
total-energy,Kuwait,2023,42.58207010909522,Mtep
total-energy,Kuwait,2024,43.11315661533097,Mtep
total-energy,Malaysia,1990,17.852777113258384,Mtep
total-energy,Malaysia,1991,22.257409819948617,Mtep
total-energy,Malaysia,1992,24.79809879973689,Mtep
total-energy,Malaysia,1993,29.6759947476122,Mtep
total-energy,Malaysia,1994,30.99755897503577,Mtep
total-energy,Malaysia,1995,40.71601840223085,Mtep
total-energy,Malaysia,1996,39.33933177544018,Mtep
total-energy,Malaysia,1997,43.47444364465281,Mtep
total-energy,Malaysia,1998,40.671035780306376,Mtep
total-energy,Malaysia,1999,42.86565270886864,Mtep
total-energy,Malaysia,2000,47.832769425160386,Mtep
total-energy,Malaysia,2001,51.610843815830954,Mtep
total-energy,Malaysia,2002,52.685034163737015,Mtep
total-energy,Malaysia,2003,61.29108687753311,Mtep
total-energy,Malaysia,2004,66.35107590825487,Mtep
total-energy,Malaysia,2005,66.95434779328502,Mtep
total-energy,Malaysia,2006,66.69153119924154,Mtep
total-energy,Malaysia,2007,68.66959431012478,Mtep
total-energy,Malaysia,2008,71.56337708651259,Mtep
total-energy,Malaysia,2009,69.74501349605657,Mtep
total-energy,Malaysia,2010,71.55749445966136,Mtep
total-energy,Malaysia,2011,73.92602401843234,Mtep
total-energy,Malaysia,2012,75.94848299606394,Mtep
total-energy,Malaysia,2013,85.9156853663572,Mtep
total-energy,Malaysia,2014,86.97654743645906,Mtep
total-energy,Malaysia,2015,82.57219977514946,Mtep
total-energy,Malaysia,2016,81.97880687354557,Mtep
total-energy,Malaysia,2017,83.89557921403575,Mtep
total-energy,Malaysia,2018,91.85075000866347,Mtep
total-energy,Malaysia,2019,98.2707061172004,Mtep
total-energy,Malaysia,2020,90.46753079587654,Mtep
total-energy,Malaysia,2021,96.12296858546287,Mtep
total-energy,Malaysia,2022,100.13537221881198,Mtep
total-energy,Malaysia,2023,98.4531618099979,Mtep
total-energy,Malaysia,2024,100.79757009417872,Mtep
total-energy,Mexico,1990,125.2128445354979,Mtep
total-energy,Mexico,1991,130.97953337756326,Mtep
total-energy,Mexico,1992,132.4373979119717,Mtep
total-energy,Mexico,1993,135.6242030092697,Mtep
total-energy,Mexico,1994,139.02904675709564,Mtep
total-energy,Mexico,1995,133.95380109584335,Mtep
total-energy,Mexico,1996,136.8739636253259,Mtep
total-energy,Mexico,1997,142.47560875234157,Mtep
total-energy,Mexico,1998,149.25342349498834,Mtep
total-energy,Mexico,1999,151.7311482259652,Mtep
total-energy,Mexico,2000,153.8553518504464,Mtep
total-energy,Mexico,2001,158.2532393964555,Mtep
total-energy,Mexico,2002,158.34329188505728,Mtep
total-energy,Mexico,2003,169.1300948979045,Mtep
total-energy,Mexico,2004,171.32952549129695,Mtep
total-energy,Mexico,2005,179.86086114905893,Mtep
total-energy,Mexico,2006,183.59107773873953,Mtep
total-energy,Mexico,2007,183.25866097610339,Mtep
total-energy,Mexico,2008,182.12313527786287,Mtep
total-energy,Mexico,2009,177.84740356199765,Mtep
total-energy,Mexico,2010,177.6242510420852,Mtep
total-energy,Mexico,2011,185.74214851895488,Mtep
total-energy,Mexico,2012,190.41729735406307,Mtep
total-energy,Mexico,2013,191.1206849024441,Mtep
total-energy,Mexico,2014,187.70590271136723,Mtep
total-energy,Mexico,2015,186.21602573052763,Mtep
total-energy,Mexico,2016,185.95519632706754,Mtep
total-energy,Mexico,2017,181.81998297673042,Mtep
total-energy,Mexico,2018,186.61463796223177,Mtep
total-energy,Mexico,2019,185.4111358930112,Mtep
total-energy,Mexico,2020,173.17132999606886,Mtep
total-energy,Mexico,2021,180.0498761250287,Mtep
total-energy,Mexico,2022,184.22465243455568,Mtep
total-energy,Mexico,2023,187.03778604268263,Mtep
total-energy,Mexico,2024,186.25670890513436,Mtep
total-energy,Netherlands,1990,67.1980271548535,Mtep
total-energy,Netherlands,1991,69.71454545162074,Mtep
total-energy,Netherlands,1992,69.01093965555893,Mtep
total-energy,Netherlands,1993,70.5811341124097,Mtep
total-energy,Netherlands,1994,70.93793450868822,Mtep
total-energy,Netherlands,1995,73.08519843599748,Mtep
total-energy,Netherlands,1996,76.73194720663462,Mtep
total-energy,Netherlands,1997,74.61120868773125,Mtep
total-energy,Netherlands,1998,75.10946370702428,Mtep
total-energy,Netherlands,1999,73.97464567238437,Mtep
total-energy,Netherlands,2000,74.70662533494038,Mtep
total-energy,Netherlands,2001,76.72632013751361,Mtep
total-energy,Netherlands,2002,77.48809548212125,Mtep
total-energy,Netherlands,2003,80.39112041236726,Mtep
total-energy,Netherlands,2004,81.08882780959175,Mtep
total-energy,Netherlands,2005,79.82013886960631,Mtep
total-energy,Netherlands,2006,79.08673863884152,Mtep
total-energy,Netherlands,2007,78.7542682801927,Mtep
total-energy,Netherlands,2008,78.13524831180601,Mtep
total-energy,Netherlands,2009,76.92936061433402,Mtep
total-energy,Netherlands,2010,82.45575909665976,Mtep
total-energy,Netherlands,2011,76.74214875841838,Mtep
total-energy,Netherlands,2012,76.9305314630045,Mtep
total-energy,Netherlands,2013,75.37822704642188,Mtep
total-energy,Netherlands,2014,70.92353438431121,Mtep
total-energy,Netherlands,2015,72.5291507270679,Mtep
total-energy,Netherlands,2016,74.06580930961837,Mtep
total-energy,Netherlands,2017,75.32938525321278,Mtep
total-energy,Netherlands,2018,73.77401746467659,Mtep
total-energy,Netherlands,2019,71.85001050184634,Mtep
total-energy,Netherlands,2020,69.49818247044473,Mtep
total-energy,Netherlands,2021,71.68961932502745,Mtep
total-energy,Netherlands,2022,64.454083162968,Mtep
total-energy,Netherlands,2023,61.42776600510516,Mtep
total-energy,Netherlands,2024,61.23586641887274,Mtep
total-energy,New Zealand,1990,13.585605458428777,Mtep
total-energy,New Zealand,1991,13.758577485294193,Mtep
total-energy,New Zealand,1992,14.209515743765916,Mtep
total-energy,New Zealand,1993,14.889799398212075,Mtep
total-energy,New Zealand,1994,14.89718468810076,Mtep
total-energy,New Zealand,1995,14.946678282032673,Mtep
total-energy,New Zealand,1996,15.382960157769006,Mtep
total-energy,New Zealand,1997,15.821498743168931,Mtep
total-energy,New Zealand,1998,15.55319616377848,Mtep
total-energy,New Zealand,1999,16.60282491443914,Mtep
total-energy,New Zealand,2000,17.132764309126305,Mtep
total-energy,New Zealand,2001,17.12410261194969,Mtep
total-energy,New Zealand,2002,17.06655351693854,Mtep
total-energy,New Zealand,2003,16.808966364666528,Mtep
total-energy,New Zealand,2004,17.211445793831285,Mtep
total-energy,New Zealand,2005,16.8249653328832,Mtep
total-energy,New Zealand,2006,16.823989199217124,Mtep
total-energy,New Zealand,2007,17.113109742810803,Mtep
total-energy,New Zealand,2008,17.345929699882653,Mtep
total-energy,New Zealand,2009,17.41471630630961,Mtep
total-energy,New Zealand,2010,18.01696185186861,Mtep
total-energy,New Zealand,2011,18.064150118724424,Mtep
total-energy,New Zealand,2012,18.89664013409995,Mtep
total-energy,New Zealand,2013,19.18713942725769,Mtep
total-energy,New Zealand,2014,20.27931960558285,Mtep
total-energy,New Zealand,2015,20.394710395528822,Mtep
total-energy,New Zealand,2016,20.174442233306213,Mtep
total-energy,New Zealand,2017,20.274343106293113,Mtep
total-energy,New Zealand,2018,20.6135012936629,Mtep
total-energy,New Zealand,2019,20.81046665410272,Mtep
total-energy,New Zealand,2020,19.66670224520061,Mtep
total-energy,New Zealand,2021,19.960674987969668,Mtep
total-energy,New Zealand,2022,18.803995678036067,Mtep
total-energy,New Zealand,2023,21.198025294488193,Mtep
total-energy,New Zealand,2024,21.260382054318566,Mtep
total-energy,Nigeria,1990,29.22546558314824,Mtep
total-energy,Nigeria,1991,31.344746321693147,Mtep
total-energy,Nigeria,1992,33.08261441618503,Mtep
total-energy,Nigeria,1993,33.13527010568271,Mtep
total-energy,Nigeria,1994,30.222694702136252,Mtep
total-energy,Nigeria,1995,30.405501943628703,Mtep
total-energy,Nigeria,1996,32.40837151967085,Mtep
total-energy,Nigeria,1997,34.418309906280996,Mtep
total-energy,Nigeria,1998,34.20198622064638,Mtep
total-energy,Nigeria,1999,35.573888606799265,Mtep
total-energy,Nigeria,2000,36.314611090951594,Mtep
total-energy,Nigeria,2001,38.325802886894195,Mtep
total-energy,Nigeria,2002,39.41078923357224,Mtep
total-energy,Nigeria,2003,42.127176656796614,Mtep
total-energy,Nigeria,2004,41.81084405841115,Mtep
total-energy,Nigeria,2005,45.57112689714331,Mtep
total-energy,Nigeria,2006,44.181829098796065,Mtep
total-energy,Nigeria,2007,44.50430292488123,Mtep
total-energy,Nigeria,2008,46.67974986776934,Mtep
total-energy,Nigeria,2009,43.88502198994637,Mtep
total-energy,Nigeria,2010,57.585340920284935,Mtep
total-energy,Nigeria,2011,66.45793594488785,Mtep
total-energy,Nigeria,2012,65.27124355844255,Mtep
total-energy,Nigeria,2013,66.56446195756263,Mtep
total-energy,Nigeria,2014,68.13748477432223,Mtep
total-energy,Nigeria,2015,64.99719063095476,Mtep
total-energy,Nigeria,2016,68.66212192327046,Mtep
total-energy,Nigeria,2017,59.65009721145969,Mtep
total-energy,Nigeria,2018,57.36006609019518,Mtep
total-energy,Nigeria,2019,64.75830174709193,Mtep
total-energy,Nigeria,2020,64.15307732785604,Mtep
total-energy,Nigeria,2021,72.62687151071907,Mtep
total-energy,Nigeria,2022,68.41103898800412,Mtep
total-energy,Nigeria,2023,68.28341689737148,Mtep
total-energy,Nigeria,2024,69.16240540758095,Mtep
total-energy,Norway,1990,20.473521865743127,Mtep
total-energy,Norway,1991,21.014667093989374,Mtep
total-energy,Norway,1992,21.326511002356806,Mtep
total-energy,Norway,1993,22.69300079501172,Mtep
total-energy,Norway,1994,22.281862976586172,Mtep
total-energy,Norway,1995,22.57001818153969,Mtep
total-energy,Norway,1996,22.048335878078568,Mtep
total-energy,Norway,1997,23.292015334953803,Mtep
total-energy,Norway,1998,24.44840955385633,Mtep
total-energy,Norway,1999,25.581217238502227,Mtep
total-energy,Norway,2000,25.219296477545726,Mtep
total-energy,Norway,2001,26.913107239503,Mtep
total-energy,Norway,2002,24.838498918370856,Mtep
total-energy,Norway,2003,27.033412872777102,Mtep
total-energy,Norway,2004,28.543532880493846,Mtep
total-energy,Norway,2005,29.15691036045951,Mtep
total-energy,Norway,2006,29.397150359479834,Mtep
total-energy,Norway,2007,27.54542121122298,Mtep
total-energy,Norway,2008,30.512566732135667,Mtep
total-energy,Norway,2009,29.875994262193917,Mtep
total-energy,Norway,2010,31.762607866197325,Mtep
total-energy,Norway,2011,27.585111399437242,Mtep
total-energy,Norway,2012,29.373573806422012,Mtep
total-energy,Norway,2013,30.751048778702682,Mtep
total-energy,Norway,2014,28.14594939196178,Mtep
total-energy,Norway,2015,25.218626201622243,Mtep
total-energy,Norway,2016,27.92853601405598,Mtep
total-energy,Norway,2017,29.45482495167273,Mtep
total-energy,Norway,2018,29.450086652217983,Mtep
total-energy,Norway,2019,27.978299959631308,Mtep
total-energy,Norway,2020,27.64771737912688,Mtep
total-energy,Norway,2021,28.618513493683047,Mtep
total-energy,Norway,2022,24.321963694814286,Mtep
total-energy,Norway,2023,27.031026729093405,Mtep
total-energy,Norway,2024,26.52860767757464,Mtep
total-energy,Philippines,1990,27.710942259989448,Mtep
total-energy,Philippines,1991,27.976322498045,Mtep
total-energy,Philippines,1992,29.162054347565096,Mtep
total-energy,Philippines,1993,29.0385467004939,Mtep
total-energy,Philippines,1994,30.794174876201765,Mtep
total-energy,Philippines,1995,32.31614527742626,Mtep
total-energy,Philippines,1996,32.8124547847565,Mtep
total-energy,Philippines,1997,36.007422758709566,Mtep
total-energy,Philippines,1998,36.91589213640206,Mtep
total-energy,Philippines,1999,37.36189162465059,Mtep
total-energy,Philippines,2000,39.367481901531576,Mtep
total-energy,Philippines,2001,37.98576002485793,Mtep
total-energy,Philippines,2002,37.40148715050691,Mtep
total-energy,Philippines,2003,37.20789003184334,Mtep
total-energy,Philippines,2004,38.201739080303845,Mtep
total-energy,Philippines,2005,37.61585513366246,Mtep
total-energy,Philippines,2006,36.24416267859208,Mtep
total-energy,Philippines,2007,36.542812011954716,Mtep
total-energy,Philippines,2008,38.93177830178848,Mtep
total-energy,Philippines,2009,39.75587319092086,Mtep
total-energy,Philippines,2010,41.33625997198449,Mtep
total-energy,Philippines,2011,41.91194989616276,Mtep
total-energy,Philippines,2012,43.62336909707988,Mtep
total-energy,Philippines,2013,45.20852779381841,Mtep
total-energy,Philippines,2014,47.46328540862509,Mtep
total-energy,Philippines,2015,51.92109317569199,Mtep
total-energy,Philippines,2016,55.49064018117342,Mtep
total-energy,Philippines,2017,58.753549697331394,Mtep
total-energy,Philippines,2018,60.65224888060321,Mtep
total-energy,Philippines,2019,61.10329570811877,Mtep
total-energy,Philippines,2020,57.67614276694524,Mtep
total-energy,Philippines,2021,59.60476346830593,Mtep
total-energy,Philippines,2022,62.6003281802056,Mtep
total-energy,Philippines,2023,66.3129397328286,Mtep
total-energy,Philippines,2024,69.55792005603821,Mtep
total-energy,Poland,1990,103.22095616382724,Mtep
total-energy,Poland,1991,101.0880027095017,Mtep
total-energy,Poland,1992,98.61117803468325,Mtep
total-energy,Poland,1993,100.99929317828997,Mtep
total-energy,Poland,1994,96.5018086922123,Mtep
total-energy,Poland,1995,99.55729281400933,Mtep
total-energy,Poland,1996,104.05689402508392,Mtep
total-energy,Poland,1997,102.2659652561391,Mtep
total-energy,Poland,1998,95.38646368210142,Mtep
total-energy,Poland,1999,92.87261880187381,Mtep
total-energy,Poland,2000,88.98424439537675,Mtep
total-energy,Poland,2001,89.58058453050498,Mtep
total-energy,Poland,2002,88.73593931962661,Mtep
total-energy,Poland,2003,90.95777587012414,Mtep
total-energy,Poland,2004,91.24123445200594,Mtep
total-energy,Poland,2005,92.40697485675595,Mtep
total-energy,Poland,2006,97.06402260229476,Mtep
total-energy,Poland,2007,96.64810172324279,Mtep
total-energy,Poland,2008,98.08711192696862,Mtep
total-energy,Poland,2009,94.38904266298483,Mtep
total-energy,Poland,2010,100.79828880605834,Mtep
total-energy,Poland,2011,101.31875901270617,Mtep
total-energy,Poland,2012,98.12118457158195,Mtep
total-energy,Poland,2013,98.19935401358367,Mtep
total-energy,Poland,2014,94.67326869675304,Mtep
total-energy,Poland,2015,95.61577024354047,Mtep
total-energy,Poland,2016,99.85432550953583,Mtep
total-energy,Poland,2017,104.46864141677047,Mtep
total-energy,Poland,2018,109.50240211670989,Mtep
total-energy,Poland,2019,105.48696352515549,Mtep
total-energy,Poland,2020,102.31483065449424,Mtep
total-energy,Poland,2021,108.5926505622499,Mtep
total-energy,Poland,2022,103.4139976299378,Mtep
total-energy,Poland,2023,97.24168946380374,Mtep
total-energy,Poland,2024,95.63207611462433,Mtep
total-energy,Portugal,1990,16.796381829494127,Mtep
total-energy,Portugal,1991,16.945690871902173,Mtep
total-energy,Portugal,1992,18.06510047111303,Mtep
total-energy,Portugal,1993,17.822640553040994,Mtep
total-energy,Portugal,1994,18.23892506566476,Mtep
total-energy,Portugal,1995,20.214323342222205,Mtep
total-energy,Portugal,1996,20.034022885037245,Mtep
total-energy,Portugal,1997,21.118554898614047,Mtep
total-energy,Portugal,1998,22.834020431934107,Mtep
total-energy,Portugal,1999,24.55977266284619,Mtep
total-energy,Portugal,2000,24.71639414059173,Mtep
total-energy,Portugal,2001,24.927102998181102,Mtep
total-energy,Portugal,2002,26.04250446000095,Mtep
total-energy,Portugal,2003,25.282190879126055,Mtep
total-energy,Portugal,2004,26.02421367314533,Mtep
total-energy,Portugal,2005,26.68429708927228,Mtep
total-energy,Portugal,2006,25.297600857631295,Mtep
total-energy,Portugal,2007,25.333190135121615,Mtep
total-energy,Portugal,2008,24.698959565046568,Mtep
total-energy,Portugal,2009,24.361155781905442,Mtep
total-energy,Portugal,2010,23.505510564403668,Mtep
total-energy,Portugal,2011,22.854380973732475,Mtep
total-energy,Portugal,2012,21.454934741141045,Mtep
total-energy,Portugal,2013,21.53997244568466,Mtep
total-energy,Portugal,2014,21.23217032412573,Mtep
total-energy,Portugal,2015,22.01195089313701,Mtep
total-energy,Portugal,2016,21.839659276428275,Mtep
total-energy,Portugal,2017,22.810721528844024,Mtep
total-energy,Portugal,2018,22.067112956677576,Mtep
total-energy,Portugal,2019,21.8144805912921,Mtep
total-energy,Portugal,2020,20.195335045677822,Mtep
total-energy,Portugal,2021,20.154613864164652,Mtep
total-energy,Portugal,2022,20.342777838240064,Mtep
total-energy,Portugal,2023,19.65287540474486,Mtep
total-energy,Portugal,2024,19.415006679436395,Mtep
total-energy,Qatar,1990,5.243702392814633,Mtep
total-energy,Qatar,1991,6.185714066245848,Mtep
total-energy,Qatar,1992,7.277697785982691,Mtep
total-energy,Qatar,1993,7.419776560198303,Mtep
total-energy,Qatar,1994,7.433913987285894,Mtep
total-energy,Qatar,1995,7.901782593611856,Mtep
total-energy,Qatar,1996,8.151996977822382,Mtep
total-energy,Qatar,1997,9.943472085717119,Mtep
total-energy,Qatar,1998,12.673487361640705,Mtep
total-energy,Qatar,1999,12.586701554773834,Mtep
total-energy,Qatar,2000,13.873225382965108,Mtep
total-energy,Qatar,2001,16.205561473258133,Mtep
total-energy,Qatar,2002,16.007652444929498,Mtep
total-energy,Qatar,2003,16.373155737390224,Mtep
total-energy,Qatar,2004,17.380195371503678,Mtep
total-energy,Qatar,2005,17.60864034382995,Mtep
total-energy,Qatar,2006,22.088076696443117,Mtep
total-energy,Qatar,2007,22.73382493999458,Mtep
total-energy,Qatar,2008,23.843927548537252,Mtep
total-energy,Qatar,2009,25.63459831572511,Mtep
total-energy,Qatar,2010,29.774747122423513,Mtep
total-energy,Qatar,2011,34.57940035801891,Mtep
total-energy,Qatar,2012,42.3926381565052,Mtep
total-energy,Qatar,2013,43.324909573710826,Mtep
total-energy,Qatar,2014,43.79353920544239,Mtep
total-energy,Qatar,2015,44.273793063717214,Mtep
total-energy,Qatar,2016,42.81711014132339,Mtep
total-energy,Qatar,2017,47.704905771069704,Mtep
total-energy,Qatar,2018,47.66103646693911,Mtep
total-energy,Qatar,2019,47.50421566956327,Mtep
total-energy,Qatar,2020,47.45417744427904,Mtep
total-energy,Qatar,2021,49.11839642739053,Mtep
total-energy,Qatar,2022,50.551556019640074,Mtep
total-energy,Qatar,2023,53.2210008062997,Mtep
total-energy,Qatar,2024,54.09281260730189,Mtep
total-energy,Romania,1990,62.012375066897164,Mtep
total-energy,Romania,1991,51.03137783024118,Mtep
total-energy,Romania,1992,46.040915938866824,Mtep
total-energy,Romania,1993,45.65973370080045,Mtep
total-energy,Romania,1994,43.08971609176552,Mtep
total-energy,Romania,1995,46.57128048181402,Mtep
total-energy,Romania,1996,47.80001184112133,Mtep
total-energy,Romania,1997,44.848884374210144,Mtep
total-energy,Romania,1998,41.03504654380536,Mtep
total-energy,Romania,1999,36.23809699071502,Mtep
total-energy,Romania,2000,36.34853783133889,Mtep
total-energy,Romania,2001,36.84176443989545,Mtep
total-energy,Romania,2002,38.23200230695645,Mtep
total-energy,Romania,2003,39.83097784775914,Mtep
total-energy,Romania,2004,38.97778959053192,Mtep
total-energy,Romania,2005,38.61953515385164,Mtep
total-energy,Romania,2006,39.977153065001055,Mtep
total-energy,Romania,2007,39.75405403976757,Mtep
total-energy,Romania,2008,39.605764621430616,Mtep
total-energy,Romania,2009,34.85872138809135,Mtep
total-energy,Romania,2010,34.993650092837015,Mtep
total-energy,Romania,2011,35.75426005229938,Mtep
total-energy,Romania,2012,34.90521050798492,Mtep
total-energy,Romania,2013,31.873105934051164,Mtep
total-energy,Romania,2014,31.534855875986285,Mtep
total-energy,Romania,2015,31.773401702290705,Mtep
total-energy,Romania,2016,31.722292385859472,Mtep
total-energy,Romania,2017,33.26082755746221,Mtep
total-energy,Romania,2018,33.5058904029534,Mtep
total-energy,Romania,2019,33.12405318772834,Mtep
total-energy,Romania,2020,32.25677346421225,Mtep
total-energy,Romania,2021,34.24810387660836,Mtep
total-energy,Romania,2022,31.611394086071012,Mtep
total-energy,Romania,2023,30.581212083926392,Mtep
total-energy,Romania,2024,30.447324450143203,Mtep
total-energy,Russia,1990,889.1952006184111,Mtep
total-energy,Russia,1991,879.9482757120912,Mtep
total-energy,Russia,1992,805.1112999061049,Mtep
total-energy,Russia,1993,760.4690632362748,Mtep
total-energy,Russia,1994,663.24284271367,Mtep
total-energy,Russia,1995,641.9153800889009,Mtep
total-energy,Russia,1996,637.4612905315429,Mtep
total-energy,Russia,1997,609.2564711898542,Mtep
total-energy,Russia,1998,594.5675417170048,Mtep
total-energy,Russia,1999,611.5506921256122,Mtep
total-energy,Russia,2000,621.9381218792364,Mtep
total-energy,Russia,2001,629.4219849746431,Mtep
total-energy,Russia,2002,626.6049579367632,Mtep
total-energy,Russia,2003,648.3115111352002,Mtep
total-energy,Russia,2004,650.5633630511027,Mtep
total-energy,Russia,2005,655.4374915616708,Mtep
total-energy,Russia,2006,675.0904054687323,Mtep
total-energy,Russia,2007,677.2438662621408,Mtep
total-energy,Russia,2008,694.9037154618344,Mtep
total-energy,Russia,2009,652.2238825185802,Mtep
total-energy,Russia,2010,695.1569034538276,Mtep
total-energy,Russia,2011,717.1011385259118,Mtep
total-energy,Russia,2012,737.0385660824886,Mtep
total-energy,Russia,2013,720.8859578234269,Mtep
total-energy,Russia,2014,713.683233100717,Mtep
total-energy,Russia,2015,700.0355682862036,Mtep
total-energy,Russia,2016,715.5759426080907,Mtep
total-energy,Russia,2017,740.950044743387,Mtep
total-energy,Russia,2018,792.8500735240999,Mtep
total-energy,Russia,2019,742.1943932053559,Mtep
total-energy,Russia,2020,736.2081499201201,Mtep
total-energy,Russia,2021,825.3900989762028,Mtep
total-energy,Russia,2022,811.0246122081422,Mtep
total-energy,Russia,2023,825.4507934809398,Mtep
total-energy,Russia,2024,841.7085090327502,Mtep
total-energy,Saudi Arabia,1990,63.65459597907627,Mtep
total-energy,Saudi Arabia,1991,77.54570920414201,Mtep
total-energy,Saudi Arabia,1992,89.07941633117412,Mtep
total-energy,Saudi Arabia,1993,96.57841581574299,Mtep
total-energy,Saudi Arabia,1994,97.01151812834235,Mtep
total-energy,Saudi Arabia,1995,98.8382790132016,Mtep
total-energy,Saudi Arabia,1996,98.08759485468278,Mtep
total-energy,Saudi Arabia,1997,89.45825209593546,Mtep
total-energy,Saudi Arabia,1998,94.40036936469916,Mtep
total-energy,Saudi Arabia,1999,96.69418643084035,Mtep
total-energy,Saudi Arabia,2000,112.93691712777819,Mtep
total-energy,Saudi Arabia,2001,120.47713388596364,Mtep
total-energy,Saudi Arabia,2002,129.88023940715615,Mtep
total-energy,Saudi Arabia,2003,131.92100647683756,Mtep
total-energy,Saudi Arabia,2004,148.65935309275866,Mtep
total-energy,Saudi Arabia,2005,151.67519722449538,Mtep
total-energy,Saudi Arabia,2006,162.74694170478097,Mtep
total-energy,Saudi Arabia,2007,154.8709761782586,Mtep
total-energy,Saudi Arabia,2008,171.08508984607437,Mtep
total-energy,Saudi Arabia,2009,181.9712236812981,Mtep
total-energy,Saudi Arabia,2010,201.05310115757436,Mtep
total-energy,Saudi Arabia,2011,196.3710137763639,Mtep
total-energy,Saudi Arabia,2012,219.3655422574732,Mtep
total-energy,Saudi Arabia,2013,210.82767715428886,Mtep
total-energy,Saudi Arabia,2014,227.5666940687131,Mtep
total-energy,Saudi Arabia,2015,250.0208109979733,Mtep
total-energy,Saudi Arabia,2016,262.439139862088,Mtep
total-energy,Saudi Arabia,2017,255.0208612986675,Mtep
total-energy,Saudi Arabia,2018,258.9488093539486,Mtep
total-energy,Saudi Arabia,2019,270.34557839172953,Mtep
total-energy,Saudi Arabia,2020,256.6622924850648,Mtep
total-energy,Saudi Arabia,2021,270.87228132080355,Mtep
total-energy,Saudi Arabia,2022,281.4975786548999,Mtep
total-energy,Saudi Arabia,2023,292.1049613005561,Mtep
total-energy,Saudi Arabia,2024,289.101354022486,Mtep
total-energy,Singapore,1990,16.254209839044893,Mtep
total-energy,Singapore,1991,16.50160509425615,Mtep
total-energy,Singapore,1992,17.532601571988923,Mtep
total-energy,Singapore,1993,18.598659113685326,Mtep
total-energy,Singapore,1994,22.026202023715648,Mtep
total-energy,Singapore,1995,16.05604627644941,Mtep
total-energy,Singapore,1996,18.525255227868858,Mtep
total-energy,Singapore,1997,23.17049688402009,Mtep
total-energy,Singapore,1998,19.297195167835685,Mtep
total-energy,Singapore,1999,19.31375752531281,Mtep
total-energy,Singapore,2000,18.64103841397064,Mtep
total-energy,Singapore,2001,19.658993776402205,Mtep
total-energy,Singapore,2002,20.6152071401875,Mtep
total-energy,Singapore,2003,22.707848691888692,Mtep
total-energy,Singapore,2004,23.845494529635385,Mtep
total-energy,Singapore,2005,22.773152889840016,Mtep
total-energy,Singapore,2006,23.214681239413448,Mtep
total-energy,Singapore,2007,18.984107486009975,Mtep
total-energy,Singapore,2008,21.112576507176854,Mtep
total-energy,Singapore,2009,20.612581097076706,Mtep
total-energy,Singapore,2010,21.513558071093357,Mtep
total-energy,Singapore,2011,19.27091381699543,Mtep
total-energy,Singapore,2012,24.662719817055187,Mtep
total-energy,Singapore,2013,26.770205686353044,Mtep
total-energy,Singapore,2014,26.321779435685414,Mtep
total-energy,Singapore,2015,29.52846473614336,Mtep
total-energy,Singapore,2016,32.789316921750114,Mtep
total-energy,Singapore,2017,36.12297702291641,Mtep
total-energy,Singapore,2018,33.224623896645824,Mtep
total-energy,Singapore,2019,35.552630321463816,Mtep
total-energy,Singapore,2020,35.63049647837047,Mtep
total-energy,Singapore,2021,34.444708063846136,Mtep
total-energy,Singapore,2022,39.413551579828784,Mtep
total-energy,Singapore,2023,38.83557783464069,Mtep
total-energy,Singapore,2024,38.186673500801874,Mtep
total-energy,South Africa,1990,100.69228002845126,Mtep
total-energy,South Africa,1991,104.69503710754994,Mtep
total-energy,South Africa,1992,97.86556912595863,Mtep
total-energy,South Africa,1993,102.26847994150738,Mtep
total-energy,South Africa,1994,108.52805833548629,Mtep
total-energy,South Africa,1995,113.9103661863245,Mtep
total-energy,South Africa,1996,114.56168051468701,Mtep
total-energy,South Africa,1997,121.47045745112365,Mtep
total-energy,South Africa,1998,120.51135444272799,Mtep
total-energy,South Africa,1999,119.509127147449,Mtep
total-energy,South Africa,2000,119.56777790295861,Mtep
total-energy,South Africa,2001,116.3130119810288,Mtep
total-energy,South Africa,2002,112.26016849386714,Mtep
total-energy,South Africa,2003,125.384630042207,Mtep
total-energy,South Africa,2004,138.39414469632268,Mtep
total-energy,South Africa,2005,126.1675255027762,Mtep
total-energy,South Africa,2006,136.02956460371334,Mtep
total-energy,South Africa,2007,141.5259732653224,Mtep
total-energy,South Africa,2008,151.2429348737598,Mtep
total-energy,South Africa,2009,145.31169871026327,Mtep
total-energy,South Africa,2010,140.58064546583634,Mtep
total-energy,South Africa,2011,143.71318164737926,Mtep
total-energy,South Africa,2012,138.76989091868145,Mtep
total-energy,South Africa,2013,137.64638381285133,Mtep
total-energy,South Africa,2014,144.6112840175535,Mtep
total-energy,South Africa,2015,137.40723904978694,Mtep
total-energy,South Africa,2016,135.36931487003548,Mtep
total-energy,South Africa,2017,134.16632698868187,Mtep
total-energy,South Africa,2018,137.1586971912444,Mtep
total-energy,South Africa,2019,141.49569656689238,Mtep
total-energy,South Africa,2020,131.43965841847154,Mtep
total-energy,South Africa,2021,133.66319023719765,Mtep
total-energy,South Africa,2022,131.93220655937944,Mtep
total-energy,South Africa,2023,133.70382714549459,Mtep
total-energy,South Africa,2024,132.68245939529214,Mtep
total-energy,South Korea,1990,91.20382867910651,Mtep
total-energy,South Korea,1991,99.78479747610854,Mtep
total-energy,South Korea,1992,112.96557428271738,Mtep
total-energy,South Korea,1993,126.48585521195683,Mtep
total-energy,South Korea,1994,134.1018558900405,Mtep
total-energy,South Korea,1995,147.4986591486836,Mtep
total-energy,South Korea,1996,159.3945436626272,Mtep
total-energy,South Korea,1997,171.1678597132963,Mtep
total-energy,South Korea,1998,158.4263238850669,Mtep
total-energy,South Korea,1999,173.33125171157224,Mtep
total-energy,South Korea,2000,188.49279048095076,Mtep
total-energy,South Korea,2001,188.4545756457516,Mtep
total-energy,South Korea,2002,197.47186769721952,Mtep
total-energy,South Korea,2003,200.93598305416606,Mtep
total-energy,South Korea,2004,208.1603676439084,Mtep
total-energy,South Korea,2005,211.2279978159575,Mtep
total-energy,South Korea,2006,213.16950858855873,Mtep
total-energy,South Korea,2007,223.11114347777524,Mtep
total-energy,South Korea,2008,226.5414903830703,Mtep
total-energy,South Korea,2009,229.8884529505614,Mtep
total-energy,South Korea,2010,249.83951817774863,Mtep
total-energy,South Korea,2011,262.0443154169806,Mtep
total-energy,South Korea,2012,264.987505000142,Mtep
total-energy,South Korea,2013,265.16435207407045,Mtep
total-energy,South Korea,2014,268.1521142461279,Mtep
total-energy,South Korea,2015,275.18559505145345,Mtep
total-energy,South Korea,2016,283.78393916102794,Mtep
total-energy,South Korea,2017,293.4136591200604,Mtep
total-energy,South Korea,2018,297.9252218105861,Mtep
total-energy,South Korea,2019,288.91029659833305,Mtep
total-energy,South Korea,2020,280.0639674066928,Mtep
total-energy,South Korea,2021,296.34580604930653,Mtep
total-energy,South Korea,2022,291.13951527559175,Mtep
total-energy,South Korea,2023,286.69826813870793,Mtep
total-energy,South Korea,2024,293.2279902239735,Mtep
total-energy,Spain,1990,87.88015553053171,Mtep
total-energy,Spain,1991,90.98457536815438,Mtep
total-energy,Spain,1992,92.45590996955569,Mtep
total-energy,Spain,1993,88.77124721913756,Mtep
total-energy,Spain,1994,93.65366149707282,Mtep
total-energy,Spain,1995,100.86469075465784,Mtep
total-energy,Spain,1996,99.28382991841929,Mtep
total-energy,Spain,1997,105.68976438426411,Mtep
total-energy,Spain,1998,111.02069662281228,Mtep
total-energy,Spain,1999,116.39427525127257,Mtep
total-energy,Spain,2000,121.50403348758213,Mtep
total-energy,Spain,2001,124.74059020867952,Mtep
total-energy,Spain,2002,128.47698667675817,Mtep
total-energy,Spain,2003,132.83558779545535,Mtep
total-energy,Spain,2004,138.78741404708373,Mtep
total-energy,Spain,2005,142.05231636703977,Mtep
total-energy,Spain,2006,141.90264472844598,Mtep
total-energy,Spain,2007,143.6672258026296,Mtep
total-energy,Spain,2008,138.93585459342006,Mtep
total-energy,Spain,2009,128.31090263165504,Mtep
total-energy,Spain,2010,128.1286603993836,Mtep
total-energy,Spain,2011,126.0697028113883,Mtep
total-energy,Spain,2012,125.3659434965401,Mtep
total-energy,Spain,2013,116.93853988491526,Mtep
total-energy,Spain,2014,114.32140204500946,Mtep
total-energy,Spain,2015,118.35875877941811,Mtep
total-energy,Spain,2016,118.83226178634375,Mtep
total-energy,Spain,2017,125.08689487805039,Mtep
total-energy,Spain,2018,124.51961847074949,Mtep
total-energy,Spain,2019,121.0694430454954,Mtep
total-energy,Spain,2020,109.15659758035329,Mtep
total-energy,Spain,2021,115.16123804935525,Mtep
total-energy,Spain,2022,114.90737655310845,Mtep
total-energy,Spain,2023,110.72883180957966,Mtep
total-energy,Spain,2024,111.96969603253936,Mtep
total-energy,Sweden,1990,47.08416498054925,Mtep
total-energy,Sweden,1991,48.59155754643337,Mtep
total-energy,Sweden,1992,46.717982851757235,Mtep
total-energy,Sweden,1993,46.64339519480318,Mtep
total-energy,Sweden,1994,49.88531084769802,Mtep
total-energy,Sweden,1995,50.49207711196913,Mtep
total-energy,Sweden,1996,51.64760864540195,Mtep
total-energy,Sweden,1997,50.27321681290401,Mtep
total-energy,Sweden,1998,51.19645060437116,Mtep
total-energy,Sweden,1999,50.30352253679067,Mtep
total-energy,Sweden,2000,47.68481197023806,Mtep
total-energy,Sweden,2001,50.67294638617033,Mtep
total-energy,Sweden,2002,51.90474324339523,Mtep
total-energy,Sweden,2003,50.72271615378808,Mtep
total-energy,Sweden,2004,52.70003918113956,Mtep
total-energy,Sweden,2005,51.354878403756075,Mtep
total-energy,Sweden,2006,50.00180717699521,Mtep
total-energy,Sweden,2007,49.758641532006116,Mtep
total-energy,Sweden,2008,49.39023528427733,Mtep
total-energy,Sweden,2009,45.17772881012171,Mtep
total-energy,Sweden,2010,50.627297264530036,Mtep
total-energy,Sweden,2011,49.490002820933306,Mtep
total-energy,Sweden,2012,49.96399279473085,Mtep
total-energy,Sweden,2013,49.251063490774534,Mtep
total-energy,Sweden,2014,48.017000304148844,Mtep
total-energy,Sweden,2015,44.291605269319774,Mtep
total-energy,Sweden,2016,47.66977508415131,Mtep
total-energy,Sweden,2017,48.96782317121383,Mtep
total-energy,Sweden,2018,49.97630955217257,Mtep
total-energy,Sweden,2019,48.727749823073935,Mtep
total-energy,Sweden,2020,44.129173066425416,Mtep
total-energy,Sweden,2021,47.08180732697284,Mtep
total-energy,Sweden,2022,44.87756261051151,Mtep
total-energy,Sweden,2023,44.29097156796596,Mtep
total-energy,Sweden,2024,44.89931306326955,Mtep
total-energy,Taiwan,1990,51.11689980811317,Mtep
total-energy,Taiwan,1991,55.23182760184337,Mtep
total-energy,Taiwan,1992,57.53196752326095,Mtep
total-energy,Taiwan,1993,61.84541181434819,Mtep
total-energy,Taiwan,1994,64.85975482228113,Mtep
total-energy,Taiwan,1995,68.52678552875281,Mtep
total-energy,Taiwan,1996,71.8568667764586,Mtep
total-energy,Taiwan,1997,75.76135744700628,Mtep
total-energy,Taiwan,1998,80.79060879895935,Mtep
total-energy,Taiwan,1999,83.76951327837445,Mtep
total-energy,Taiwan,2000,90.26242037604352,Mtep
total-energy,Taiwan,2001,94.65617723766753,Mtep
total-energy,Taiwan,2002,99.23893073057826,Mtep
total-energy,Taiwan,2003,103.33170857423548,Mtep
total-energy,Taiwan,2004,108.6253815091273,Mtep
total-energy,Taiwan,2005,109.11936892024711,Mtep
total-energy,Taiwan,2006,111.71704434168045,Mtep
total-energy,Taiwan,2007,116.89137724733963,Mtep
total-energy,Taiwan,2008,112.93353190088555,Mtep
total-energy,Taiwan,2009,110.56975938989937,Mtep
total-energy,Taiwan,2010,118.10035837220352,Mtep
total-energy,Taiwan,2011,117.2713867298661,Mtep
total-energy,Taiwan,2012,116.28546613545058,Mtep
total-energy,Taiwan,2013,118.13624101173218,Mtep
total-energy,Taiwan,2014,120.60586293710338,Mtep
total-energy,Taiwan,2015,119.4522131699472,Mtep
total-energy,Taiwan,2016,120.21349151690666,Mtep
total-energy,Taiwan,2017,120.36958945787377,Mtep
total-energy,Taiwan,2018,121.46773272636544,Mtep
total-energy,Taiwan,2019,118.95008043083075,Mtep
total-energy,Taiwan,2020,116.48489529434988,Mtep
total-energy,Taiwan,2021,121.51324694469277,Mtep
total-energy,Taiwan,2022,116.28921346318033,Mtep
total-energy,Taiwan,2023,109.98742924836799,Mtep
total-energy,Taiwan,2024,109.25603708220896,Mtep
total-energy,Thailand,1990,44.17886384256538,Mtep
total-energy,Thailand,1991,48.56844100394858,Mtep
total-energy,Thailand,1992,51.600979709621804,Mtep
total-energy,Thailand,1993,53.546223424127746,Mtep
total-energy,Thailand,1994,56.93771801651712,Mtep
total-energy,Thailand,1995,64.14535515449528,Mtep
total-energy,Thailand,1996,70.78596641857267,Mtep
total-energy,Thailand,1997,72.99764088975303,Mtep
total-energy,Thailand,1998,67.2849178798868,Mtep
total-energy,Thailand,1999,71.70842261149656,Mtep
total-energy,Thailand,2000,74.0754905104568,Mtep
total-energy,Thailand,2001,77.57066581633512,Mtep
total-energy,Thailand,2002,83.0843192547029,Mtep
total-energy,Thailand,2003,89.20866261830787,Mtep
total-energy,Thailand,2004,95.66778898928557,Mtep
total-energy,Thailand,2005,97.62720902530562,Mtep
total-energy,Thailand,2006,96.50325919695428,Mtep
total-energy,Thailand,2007,99.45048446364743,Mtep
total-energy,Thailand,2008,100.6361619167807,Mtep
total-energy,Thailand,2009,107.21029541698852,Mtep
total-energy,Thailand,2010,115.5999988184072,Mtep
total-energy,Thailand,2011,118.1673659512724,Mtep
total-energy,Thailand,2012,126.95251232874887,Mtep
total-energy,Thailand,2013,136.72725212141015,Mtep
total-energy,Thailand,2014,136.90540624383516,Mtep
total-energy,Thailand,2015,136.241402003275,Mtep
total-energy,Thailand,2016,134.07833452937058,Mtep
total-energy,Thailand,2017,134.44269997479088,Mtep
total-energy,Thailand,2018,137.37860838655126,Mtep
total-energy,Thailand,2019,137.2843598399493,Mtep
total-energy,Thailand,2020,130.45381582020136,Mtep
total-energy,Thailand,2021,128.51094213389456,Mtep
total-energy,Thailand,2022,124.7795704412568,Mtep
total-energy,Thailand,2023,126.90066865175189,Mtep
total-energy,Thailand,2024,124.33019207164837,Mtep
total-energy,Turkiye,1990,51.39790303021338,Mtep
total-energy,Turkiye,1991,50.50407329587121,Mtep
total-energy,Turkiye,1992,52.822156036617365,Mtep
total-energy,Turkiye,1993,56.34199884981618,Mtep
total-energy,Turkiye,1994,55.6394573669248,Mtep
total-energy,Turkiye,1995,60.899924261335016,Mtep
total-energy,Turkiye,1996,66.56774043364825,Mtep
total-energy,Turkiye,1997,69.80267521294226,Mtep
total-energy,Turkiye,1998,70.89643858423554,Mtep
total-energy,Turkiye,1999,69.81731005187206,Mtep
total-energy,Turkiye,2000,76.41849525831071,Mtep
total-energy,Turkiye,2001,70.27544066495523,Mtep
total-energy,Turkiye,2002,74.26565842064586,Mtep
total-energy,Turkiye,2003,78.6830566620772,Mtep
total-energy,Turkiye,2004,80.72373782930039,Mtep
total-energy,Turkiye,2005,83.99337175452766,Mtep
total-energy,Turkiye,2006,93.03932002622429,Mtep
total-energy,Turkiye,2007,100.30600449032234,Mtep
total-energy,Turkiye,2008,98.43837376579845,Mtep
total-energy,Turkiye,2009,98.44560822358028,Mtep
total-energy,Turkiye,2010,104.45457429800862,Mtep
total-energy,Turkiye,2011,111.35608061023204,Mtep
total-energy,Turkiye,2012,117.15905214742061,Mtep
total-energy,Turkiye,2013,113.62225071774044,Mtep
total-energy,Turkiye,2014,119.3860886278597,Mtep
total-energy,Turkiye,2015,129.07268950355066,Mtep
total-energy,Turkiye,2016,137.09788844685323,Mtep
total-energy,Turkiye,2017,147.35039352147024,Mtep
total-energy,Turkiye,2018,144.80632623786647,Mtep
total-energy,Turkiye,2019,146.7305733400015,Mtep
total-energy,Turkiye,2020,147.42486358090918,Mtep
total-energy,Turkiye,2021,159.93876374691047,Mtep
total-energy,Turkiye,2022,156.88086595185575,Mtep
total-energy,Turkiye,2023,156.72954426375836,Mtep
total-energy,Turkiye,2024,165.92340241104242,Mtep
total-energy,United Arab Emirates,1990,19.16885507763158,Mtep
total-energy,United Arab Emirates,1991,21.774699809210517,Mtep
total-energy,United Arab Emirates,1992,21.59888216086791,Mtep
total-energy,United Arab Emirates,1993,24.619957064220714,Mtep
total-energy,United Arab Emirates,1994,27.460827432439626,Mtep
total-energy,United Arab Emirates,1995,26.834370535071198,Mtep
total-energy,United Arab Emirates,1996,28.695515851366654,Mtep
total-energy,United Arab Emirates,1997,28.062721676366642,Mtep
total-energy,United Arab Emirates,1998,30.711367328947386,Mtep
total-energy,United Arab Emirates,1999,29.864591331043435,Mtep
total-energy,United Arab Emirates,2000,41.73299532067947,Mtep
total-energy,United Arab Emirates,2001,38.49852588564026,Mtep
total-energy,United Arab Emirates,2002,33.71457361194212,Mtep
total-energy,United Arab Emirates,2003,41.12782820815503,Mtep
total-energy,United Arab Emirates,2004,43.74771421879697,Mtep
total-energy,United Arab Emirates,2005,44.753526734210524,Mtep
total-energy,United Arab Emirates,2006,47.348344513157876,Mtep
total-energy,United Arab Emirates,2007,51.76921296578948,Mtep
total-energy,United Arab Emirates,2008,59.640863615789485,Mtep
total-energy,United Arab Emirates,2009,65.47776632631582,Mtep
total-energy,United Arab Emirates,2010,71.94414390921051,Mtep
total-energy,United Arab Emirates,2011,78.08824961526444,Mtep
total-energy,United Arab Emirates,2012,81.45951398183028,Mtep
total-energy,United Arab Emirates,2013,83.60088744981637,Mtep
total-energy,United Arab Emirates,2014,81.41805408002806,Mtep
total-energy,United Arab Emirates,2015,86.0793133215491,Mtep
total-energy,United Arab Emirates,2016,87.72782491436769,Mtep
total-energy,United Arab Emirates,2017,75.75208534853313,Mtep
total-energy,United Arab Emirates,2018,78.4087337479263,Mtep
total-energy,United Arab Emirates,2019,80.07098323574411,Mtep
total-energy,United Arab Emirates,2020,84.4124774541251,Mtep
total-energy,United Arab Emirates,2021,84.86678109360824,Mtep
total-energy,United Arab Emirates,2022,87.26292025777877,Mtep
total-energy,United Arab Emirates,2023,91.67557158267547,Mtep
total-energy,United Arab Emirates,2024,92.37673348890436,Mtep
total-energy,United Kingdom,1990,211.76618033565234,Mtep
total-energy,United Kingdom,1991,218.67984453675763,Mtep
total-energy,United Kingdom,1992,217.29620447024845,Mtep
total-energy,United Kingdom,1993,217.94272076224092,Mtep
total-energy,United Kingdom,1994,219.439743754496,Mtep
total-energy,United Kingdom,1995,217.46017274402664,Mtep
total-energy,United Kingdom,1996,226.4032761604518,Mtep
total-energy,United Kingdom,1997,219.51732627432602,Mtep
total-energy,United Kingdom,1998,222.40740475619847,Mtep
total-energy,United Kingdom,1999,222.30864215130552,Mtep
total-energy,United Kingdom,2000,224.08034801939127,Mtep
total-energy,United Kingdom,2001,225.305743062529,Mtep
total-energy,United Kingdom,2002,220.40676970442365,Mtep
total-energy,United Kingdom,2003,224.61961762965834,Mtep
total-energy,United Kingdom,2004,223.36515341468188,Mtep
total-energy,United Kingdom,2005,224.4674276249579,Mtep
total-energy,United Kingdom,2006,221.08285336769032,Mtep
total-energy,United Kingdom,2007,212.74361766288942,Mtep
total-energy,United Kingdom,2008,209.4471970469652,Mtep
total-energy,United Kingdom,2009,196.88306142579722,Mtep
total-energy,United Kingdom,2010,204.3424131178202,Mtep
total-energy,United Kingdom,2011,189.37557474334758,Mtep
total-energy,United Kingdom,2012,195.04003486784717,Mtep
total-energy,United Kingdom,2013,191.91939570966213,Mtep
total-energy,United Kingdom,2014,180.18890210332017,Mtep
total-energy,United Kingdom,2015,181.529441389864,Mtep
total-energy,United Kingdom,2016,176.9803263549284,Mtep
total-energy,United Kingdom,2017,175.276092768659,Mtep
total-energy,United Kingdom,2018,174.49984182601253,Mtep
total-energy,United Kingdom,2019,167.5753361750548,Mtep
total-energy,United Kingdom,2020,154.74521837987177,Mtep
total-energy,United Kingdom,2021,159.04001117740296,Mtep
total-energy,United Kingdom,2022,152.94814465153019,Mtep
total-energy,United Kingdom,2023,146.26421349321177,Mtep
total-energy,United Kingdom,2024,144.97426917053866,Mtep
total-energy,United States,1990,1911.019421281574,Mtep
total-energy,United States,1991,1928.6556807820914,Mtep
total-energy,United States,1992,1966.4188956869389,Mtep
total-energy,United States,1993,1999.342996542746,Mtep
total-energy,United States,1994,2039.291516328219,Mtep
total-energy,United States,1995,2064.0409677768753,Mtep
total-energy,United States,1996,2113.585215470887,Mtep
total-energy,United States,1997,2134.8414707135607,Mtep
total-energy,United States,1998,2150.3735826232805,Mtep
total-energy,United States,1999,2205.512013589736,Mtep
total-energy,United States,2000,2267.0274396223845,Mtep
total-energy,United States,2001,2219.35458098752,Mtep
total-energy,United States,2002,2245.0000562735518,Mtep
total-energy,United States,2003,2254.698907273699,Mtep
total-energy,United States,2004,2297.7099681379264,Mtep
total-energy,United States,2005,2309.2723715765947,Mtep
total-energy,United States,2006,2286.5811449098114,Mtep
total-energy,United States,2007,2325.5514245763047,Mtep
total-energy,United States,2008,2267.0644508514056,Mtep
total-energy,United States,2009,2156.0688778087965,Mtep
total-energy,United States,2010,2207.9584417498613,Mtep
total-energy,United States,2011,2187.1874081069905,Mtep
total-energy,United States,2012,2133.1912505215532,Mtep
total-energy,United States,2013,2182.904664108894,Mtep
total-energy,United States,2014,2208.213364656574,Mtep
total-energy,United States,2015,2180.8034445341113,Mtep
total-energy,United States,2016,2157.782073638726,Mtep
total-energy,United States,2017,2149.3437040436006,Mtep
total-energy,United States,2018,2213.121600664229,Mtep
total-energy,United States,2019,2213.296148989807,Mtep
total-energy,United States,2020,2039.8062930952087,Mtep
total-energy,United States,2021,2141.599002066722,Mtep
total-energy,United States,2022,2176.776825227882,Mtep
total-energy,United States,2023,2162.435797264997,Mtep
total-energy,United States,2024,2180.3837118644415,Mtep
total-energy,Uzbekistan,1990,48.305928817359046,Mtep
total-energy,Uzbekistan,1991,48.915931799062356,Mtep
total-energy,Uzbekistan,1992,45.54076214605263,Mtep
total-energy,Uzbekistan,1993,47.573331100000004,Mtep
total-energy,Uzbekistan,1994,44.78990545263157,Mtep
total-energy,Uzbekistan,1995,42.59614259868421,Mtep
total-energy,Uzbekistan,1996,44.02686665131579,Mtep
total-energy,Uzbekistan,1997,44.67882473947368,Mtep
total-energy,Uzbekistan,1998,49.8266191442872,Mtep
total-energy,Uzbekistan,1999,51.25013253059665,Mtep
total-energy,Uzbekistan,2000,50.8186263670098,Mtep
total-energy,Uzbekistan,2001,51.30804951437823,Mtep
total-energy,Uzbekistan,2002,53.45035246746494,Mtep
total-energy,Uzbekistan,2003,52.98147458483273,Mtep
total-energy,Uzbekistan,2004,52.601454644351556,Mtep
total-energy,Uzbekistan,2005,48.94345937198885,Mtep
total-energy,Uzbekistan,2006,50.21775627914872,Mtep
total-energy,Uzbekistan,2007,50.052600345124446,Mtep
total-energy,Uzbekistan,2008,51.99798623393378,Mtep
total-energy,Uzbekistan,2009,44.21131983796073,Mtep
total-energy,Uzbekistan,2010,43.560121776908105,Mtep
total-energy,Uzbekistan,2011,47.567960486931106,Mtep
total-energy,Uzbekistan,2012,48.64394558531731,Mtep
total-energy,Uzbekistan,2013,46.866073042768235,Mtep
total-energy,Uzbekistan,2014,43.50161163527525,Mtep
total-energy,Uzbekistan,2015,43.178754398105944,Mtep
total-energy,Uzbekistan,2016,43.086947203933626,Mtep
total-energy,Uzbekistan,2017,44.06824826449498,Mtep
total-energy,Uzbekistan,2018,41.08530993497705,Mtep
total-energy,Uzbekistan,2019,43.64091746333752,Mtep
total-energy,Uzbekistan,2020,43.07151150062593,Mtep
total-energy,Uzbekistan,2021,50.39055168526776,Mtep
total-energy,Uzbekistan,2022,48.66933022159533,Mtep
total-energy,Uzbekistan,2023,49.70399471238863,Mtep
total-energy,Uzbekistan,2024,52.404590200010595,Mtep
total-energy,Vietnam,1990,19.675338806048078,Mtep
total-energy,Vietnam,1991,19.847764102855184,Mtep
total-energy,Vietnam,1992,20.25114672273046,Mtep
total-energy,Vietnam,1993,21.66582439006563,Mtep
total-energy,Vietnam,1994,21.677872114211702,Mtep
total-energy,Vietnam,1995,22.494065259049343,Mtep
total-energy,Vietnam,1996,24.138545065329016,Mtep
total-energy,Vietnam,1997,27.010638012780603,Mtep
total-energy,Vietnam,1998,28.1603361418522,Mtep
total-energy,Vietnam,1999,29.18449010963206,Mtep
total-energy,Vietnam,2000,31.10468655018534,Mtep
total-energy,Vietnam,2001,32.901853672945904,Mtep
total-energy,Vietnam,2002,35.11716232727427,Mtep
total-energy,Vietnam,2003,37.59537643573277,Mtep
total-energy,Vietnam,2004,41.16689132994438,Mtep
total-energy,Vietnam,2005,42.39813707949703,Mtep
total-energy,Vietnam,2006,43.90789701790534,Mtep
total-energy,Vietnam,2007,47.39116611024716,Mtep
total-energy,Vietnam,2008,50.89248995531968,Mtep
total-energy,Vietnam,2009,53.27658639133594,Mtep
total-energy,Vietnam,2010,57.089296325117154,Mtep
total-energy,Vietnam,2011,60.16369431132696,Mtep
total-energy,Vietnam,2012,60.12844707005499,Mtep
total-energy,Vietnam,2013,61.90343255611032,Mtep
total-energy,Vietnam,2014,69.59139824633543,Mtep
total-energy,Vietnam,2015,69.93086856217474,Mtep
total-energy,Vietnam,2016,77.02792768182789,Mtep
total-energy,Vietnam,2017,76.73238623408947,Mtep
total-energy,Vietnam,2018,89.72135134147544,Mtep
total-energy,Vietnam,2019,103.84855341161042,Mtep
total-energy,Vietnam,2020,101.21915696744739,Mtep
total-energy,Vietnam,2021,103.41228137393685,Mtep
total-energy,Vietnam,2022,105.79225660798151,Mtep
total-energy,Vietnam,2023,115.76592926193771,Mtep
total-energy,Vietnam,2024,125.83599877189674,Mtep
coal-lignite,Algeria,1990,1.065,Mt
coal-lignite,Algeria,1991,1.042,Mt
coal-lignite,Algeria,1992,0.9750000000000001,Mt
coal-lignite,Algeria,1993,0.779,Mt
coal-lignite,Algeria,1994,0.882,Mt
coal-lignite,Algeria,1995,0.771,Mt
coal-lignite,Algeria,1996,0.581,Mt
coal-lignite,Algeria,1997,0.541,Mt
coal-lignite,Algeria,1998,0.8200000000000001,Mt
coal-lignite,Algeria,1999,0.854,Mt
coal-lignite,Algeria,2000,0.772999999999999,Mt
coal-lignite,Algeria,2001,0.8260000000000001,Mt
coal-lignite,Algeria,2002,1.025,Mt
coal-lignite,Algeria,2003,1.1,Mt
coal-lignite,Algeria,2004,0.763,Mt
coal-lignite,Algeria,2005,0.936,Mt
coal-lignite,Algeria,2006,1.065,Mt
coal-lignite,Algeria,2007,1.196,Mt
coal-lignite,Algeria,2008,1.195,Mt
coal-lignite,Algeria,2009,0.646,Mt
coal-lignite,Algeria,2010,0.509,Mt
coal-lignite,Algeria,2011,0.439,Mt
coal-lignite,Algeria,2012,0.43400000000000005,Mt
coal-lignite,Algeria,2013,0.302,Mt
coal-lignite,Algeria,2014,0.226,Mt
coal-lignite,Algeria,2015,0.214,Mt
coal-lignite,Algeria,2016,0.0,Mt
coal-lignite,Algeria,2017,0.3642,Mt
coal-lignite,Algeria,2018,0.6037,Mt
coal-lignite,Algeria,2019,0.501040497586251,Mt
coal-lignite,Algeria,2020,0.226259502413748,Mt
coal-lignite,Algeria,2021,0.46090000000000003,Mt
coal-lignite,Algeria,2022,0.292880999999999,Mt
coal-lignite,Algeria,2023,0.260507102490116,Mt
coal-lignite,Algeria,2024,0.260507102490116,Mt
coal-lignite,Argentina,1990,1.159821697133379,Mt
coal-lignite,Argentina,1991,1.142076366063769,Mt
coal-lignite,Argentina,1992,1.411,Mt
coal-lignite,Argentina,1993,1.238000035124396,Mt
coal-lignite,Argentina,1994,1.717000035124396,Mt
coal-lignite,Argentina,1995,1.571999964875603,Mt
coal-lignite,Argentina,1996,1.54,Mt
coal-lignite,Argentina,1997,1.389999964875603,Mt
coal-lignite,Argentina,1998,1.408999999999999,Mt
coal-lignite,Argentina,1999,1.4769999648756031,Mt
coal-lignite,Argentina,2000,1.1990000351243961,Mt
coal-lignite,Argentina,2001,0.9931085108062191,Mt
coal-lignite,Argentina,2002,0.810000441691832,Mt
coal-lignite,Argentina,2003,0.923999999999999,Mt
coal-lignite,Argentina,2004,1.116000035124396,Mt
coal-lignite,Argentina,2005,1.3179999653846521,Mt
coal-lignite,Argentina,2006,1.454000034615347,Mt
coal-lignite,Argentina,2007,1.413999964875603,Mt
coal-lignite,Argentina,2008,1.4889999302602561,Mt
coal-lignite,Argentina,2009,1.220000034615347,Mt
coal-lignite,Argentina,2010,1.504000034615347,Mt
coal-lignite,Argentina,2011,1.7789999994909511,Mt
coal-lignite,Argentina,2012,1.866999965384652,Mt
coal-lignite,Argentina,2013,1.756,Mt
coal-lignite,Argentina,2014,2.143999965384652,Mt
coal-lignite,Argentina,2015,2.053999930260256,Mt
coal-lignite,Argentina,2016,1.604,Mt
coal-lignite,Argentina,2017,1.661,Mt
coal-lignite,Argentina,2018,1.810999965384652,Mt
coal-lignite,Argentina,2019,1.037999965384652,Mt
coal-lignite,Argentina,2020,1.321311999999999,Mt
coal-lignite,Argentina,2021,1.8959999648756032,Mt
coal-lignite,Argentina,2022,1.9730000346153471,Mt
coal-lignite,Argentina,2023,1.700463883038895,Mt
coal-lignite,Argentina,2024,1.221383989348855,Mt
coal-lignite,Australia,1990,94.1,Mt
coal-lignite,Australia,1991,97.97200000000001,Mt
coal-lignite,Australia,1992,100.71999999999998,Mt
coal-lignite,Australia,1993,98.92699999999999,Mt
coal-lignite,Australia,1994,99.43499999999999,Mt
coal-lignite,Australia,1995,101.706,Mt
coal-lignite,Australia,1996,109.23599999999999,Mt
coal-lignite,Australia,1997,114.97800000000001,Mt
coal-lignite,Australia,1998,125.08000000000003,Mt
coal-lignite,Australia,1999,127.63600000000002,Mt
coal-lignite,Australia,2000,127.871,Mt
coal-lignite,Australia,2001,128.06699999999998,Mt
coal-lignite,Australia,2002,130.014,Mt
coal-lignite,Australia,2003,130.289575519896,Mt
coal-lignite,Australia,2004,135.65908627887544,Mt
coal-lignite,Australia,2005,137.56748009002592,Mt
coal-lignite,Australia,2006,140.24232683338556,Mt
coal-lignite,Australia,2007,141.06640857268218,Mt
coal-lignite,Australia,2008,140.2265181173877,Mt
coal-lignite,Australia,2009,144.5050159518923,Mt
coal-lignite,Australia,2010,133.1618434013904,Mt
coal-lignite,Australia,2011,128.28799999999998,Mt
coal-lignite,Australia,2012,126.97700000000002,Mt
coal-lignite,Australia,2013,116.07800000000003,Mt
coal-lignite,Australia,2014,111.00399999999998,Mt
coal-lignite,Australia,2015,115.97000000000001,Mt
coal-lignite,Australia,2016,118.35700000000003,Mt
coal-lignite,Australia,2017,119.44200000000002,Mt
coal-lignite,Australia,2018,110.39300000000003,Mt
coal-lignite,Australia,2019,106.65299999999999,Mt
coal-lignite,Australia,2020,100.892,Mt
coal-lignite,Australia,2021,99.04300000000002,Mt
coal-lignite,Australia,2022,94.96,Mt
coal-lignite,Australia,2023,91.34944826031386,Mt
coal-lignite,Australia,2024,92.40821578016921,Mt
coal-lignite,Azerbaijan,1992,0.0,Mt
coal-lignite,Azerbaijan,1993,0.006,Mt
coal-lignite,Azerbaijan,1994,0.008,Mt
coal-lignite,Azerbaijan,1995,0.0,Mt
coal-lignite,Azerbaijan,1996,0.0,Mt
coal-lignite,Azerbaijan,1997,0.0,Mt
coal-lignite,Azerbaijan,1998,0.0,Mt
coal-lignite,Azerbaijan,1999,0.0,Mt
coal-lignite,Azerbaijan,2000,0.0,Mt
coal-lignite,Azerbaijan,2001,0.0,Mt
coal-lignite,Azerbaijan,2002,0.0,Mt
coal-lignite,Azerbaijan,2003,0.0,Mt
coal-lignite,Azerbaijan,2004,0.0,Mt
coal-lignite,Azerbaijan,2005,0.0,Mt
coal-lignite,Azerbaijan,2006,0.0,Mt
coal-lignite,Azerbaijan,2007,0.008,Mt
coal-lignite,Azerbaijan,2008,0.006,Mt
coal-lignite,Azerbaijan,2009,0.006,Mt
coal-lignite,Azerbaijan,2010,0.009000000000000001,Mt
coal-lignite,Azerbaijan,2011,0.008,Mt
coal-lignite,Azerbaijan,2012,0.006,Mt
coal-lignite,Azerbaijan,2013,0.005,Mt
coal-lignite,Azerbaijan,2014,0.003,Mt
coal-lignite,Azerbaijan,2015,0.005,Mt
coal-lignite,Azerbaijan,2016,0.002,Mt
coal-lignite,Azerbaijan,2017,0.002,Mt
coal-lignite,Azerbaijan,2018,0.001,Mt
coal-lignite,Azerbaijan,2019,0.0013000000000000002,Mt
coal-lignite,Azerbaijan,2020,0.0013000000000000002,Mt
coal-lignite,Azerbaijan,2021,0.0002,Mt
coal-lignite,Azerbaijan,2022,0.0179,Mt
coal-lignite,Azerbaijan,1990,0.2,Mt
coal-lignite,Azerbaijan,1991,0.15,Mt
coal-lignite,Azerbaijan,2023,0.0179,Mt
coal-lignite,Azerbaijan,2024,0.0179,Mt
coal-lignite,Belgium,1990,16.62014648026316,Mt
coal-lignite,Belgium,1991,16.023028486842104,Mt
coal-lignite,Belgium,1992,14.235689668668954,Mt
coal-lignite,Belgium,1993,13.513576550819984,Mt
coal-lignite,Belgium,1994,14.47283569078947,Mt
coal-lignite,Belgium,1995,13.796649144736843,Mt
coal-lignite,Belgium,1996,13.125451019736843,Mt
coal-lignite,Belgium,1997,12.190577467105262,Mt
coal-lignite,Belgium,1998,12.144,Mt
coal-lignite,Belgium,1999,10.545,Mt
coal-lignite,Belgium,2000,11.614,Mt
coal-lignite,Belgium,2001,10.974,Mt
coal-lignite,Belgium,2002,9.529,Mt
coal-lignite,Belgium,2003,9.203999999999999,Mt
coal-lignite,Belgium,2004,8.526719616704806,Mt
coal-lignite,Belgium,2005,7.885,Mt
coal-lignite,Belgium,2006,7.693968846300533,Mt
coal-lignite,Belgium,2007,7.023,Mt
coal-lignite,Belgium,2008,6.900999999999999,Mt
coal-lignite,Belgium,2009,4.505,Mt
coal-lignite,Belgium,2010,5.710894757341724,Mt
coal-lignite,Belgium,2011,5.372574506102213,Mt
coal-lignite,Belgium,2012,5.103493670385202,Mt
coal-lignite,Belgium,2013,5.427794803108314,Mt
coal-lignite,Belgium,2014,5.17629109124714,Mt
coal-lignite,Belgium,2015,5.037294716342486,Mt
coal-lignite,Belgium,2016,4.725361481216629,Mt
coal-lignite,Belgium,2017,4.589984755768497,Mt
coal-lignite,Belgium,2018,4.589053183018688,Mt
coal-lignite,Belgium,2019,4.587371074227688,Mt
coal-lignite,Belgium,2020,3.582042232408466,Mt
coal-lignite,Belgium,2021,3.9536746558924483,Mt
coal-lignite,Belgium,2022,4.084062776458809,Mt
coal-lignite,Belgium,2023,3.5547973894927543,Mt
coal-lignite,Belgium,2024,3.844413296318244,Mt
coal-lignite,Brazil,1990,15.185442532292658,Mt
coal-lignite,Brazil,1991,17.523834875100906,Mt
coal-lignite,Brazil,1992,16.833150258299725,Mt
coal-lignite,Brazil,1993,16.968792579300302,Mt
coal-lignite,Brazil,1994,17.730803978826486,Mt
coal-lignite,Brazil,1995,18.710373204675008,Mt
coal-lignite,Brazil,1996,19.146334773331787,Mt
coal-lignite,Brazil,1997,19.644130916628246,Mt
coal-lignite,Brazil,1998,18.842192505638838,Mt
coal-lignite,Brazil,1999,20.116096456357663,Mt
coal-lignite,Brazil,2000,21.578784889154736,Mt
coal-lignite,Brazil,2001,21.24526183325649,Mt
coal-lignite,Brazil,2002,19.755527230509138,Mt
coal-lignite,Brazil,2003,20.608104039887955,Mt
coal-lignite,Brazil,2004,21.723557923245313,Mt
coal-lignite,Brazil,2005,21.256538688189103,Mt
coal-lignite,Brazil,2006,21.321238675589115,Mt
coal-lignite,Brazil,2007,22.364,Mt
coal-lignite,Brazil,2008,22.18600003876919,Mt
coal-lignite,Brazil,2009,18.065896153957986,Mt
coal-lignite,Brazil,2010,23.419896153957986,Mt
coal-lignite,Brazil,2011,25.084580780451468,Mt
coal-lignite,Brazil,2012,25.476523143128926,Mt
coal-lignite,Brazil,2013,27.96917314458277,Mt
coal-lignite,Brazil,2014,29.58720380824205,Mt
coal-lignite,Brazil,2015,29.583865470914105,Mt
coal-lignite,Brazil,2016,26.746823058805937,Mt
coal-lignite,Brazil,2017,27.307242307431363,Mt
coal-lignite,Brazil,2018,26.45721928545615,Mt
coal-lignite,Brazil,2019,25.48793847883549,Mt
coal-lignite,Brazil,2020,23.368526881586433,Mt
coal-lignite,Brazil,2021,28.64100890145426,Mt
coal-lignite,Brazil,2022,23.373247579822213,Mt
coal-lignite,Brazil,2023,23.1010283927037,Mt
coal-lignite,Brazil,2024,24.29771477018699,Mt
coal-lignite,Canada,1990,49.373,Mt
coal-lignite,Canada,1991,51.486000000000004,Mt
coal-lignite,Canada,1992,53.181999999999995,Mt
coal-lignite,Canada,1993,50.19799999999999,Mt
coal-lignite,Canada,1994,52.375,Mt
coal-lignite,Canada,1995,53.20400000000001,Mt
coal-lignite,Canada,1996,54.00200000000001,Mt
coal-lignite,Canada,1997,57.254,Mt
coal-lignite,Canada,1998,59.690999999999995,Mt
coal-lignite,Canada,1999,59.49603512439656,Mt
coal-lignite,Canada,2000,63.573964875603444,Mt
coal-lignite,Canada,2001,63.053964875603434,Mt
coal-lignite,Canada,2002,62.441964875603446,Mt
coal-lignite,Canada,2003,62.75503512439656,Mt
coal-lignite,Canada,2004,59.96300000000001,Mt
coal-lignite,Canada,2005,59.474000000000004,Mt
coal-lignite,Canada,2006,59.132000000000005,Mt
coal-lignite,Canada,2007,63.751999999999995,Mt
coal-lignite,Canada,2008,58.518,Mt
coal-lignite,Canada,2009,49.574,Mt
coal-lignite,Canada,2010,50.886,Mt
coal-lignite,Canada,2011,48.57999999999999,Mt
coal-lignite,Canada,2012,44.40299999999999,Mt
coal-lignite,Canada,2013,42.88900000000001,Mt
coal-lignite,Canada,2014,42.119000000000014,Mt
coal-lignite,Canada,2015,38.897,Mt
coal-lignite,Canada,2016,38.853,Mt
coal-lignite,Canada,2017,39.0096,Mt
coal-lignite,Canada,2018,31.197599999999994,Mt
coal-lignite,Canada,2019,29.975256,Mt
coal-lignite,Canada,2020,24.765781384652662,Mt
coal-lignite,Canada,2021,23.054548384652662,Mt
coal-lignite,Canada,2022,19.18736138465266,Mt
coal-lignite,Canada,2023,17.233512281552255,Mt
coal-lignite,Canada,2024,13.26739938917295,Mt
coal-lignite,Chile,1990,3.739588480289328,Mt
coal-lignite,Chile,1991,2.9748312967699153,Mt
coal-lignite,Chile,1992,2.647942323908266,Mt
coal-lignite,Chile,1993,2.6707505308568953,Mt
coal-lignite,Chile,1994,3.171592344746706,Mt
coal-lignite,Chile,1995,3.5150000096922973,Mt
coal-lignite,Chile,1996,4.788127444912525,Mt
coal-lignite,Chile,1997,6.22740770371478,Mt
coal-lignite,Chile,1998,5.8886956526626015,Mt
coal-lignite,Chile,1999,6.146811542972186,Mt
coal-lignite,Chile,2000,4.6042538717266,Mt
coal-lignite,Chile,2001,3.5932653972526483,Mt
coal-lignite,Chile,2002,3.656023589178216,Mt
coal-lignite,Chile,2003,3.624807688207105,Mt
coal-lignite,Chile,2004,4.625157696445558,Mt
coal-lignite,Chile,2005,4.609396158804136,Mt
coal-lignite,Chile,2006,5.755711032953729,Mt
coal-lignite,Chile,2007,5.690934624070405,Mt
coal-lignite,Chile,2008,7.281362561555251,Mt
coal-lignite,Chile,2009,6.667093047193914,Mt
coal-lignite,Chile,2010,8.379872174237207,Mt
coal-lignite,Chile,2011,9.580434100482734,Mt
coal-lignite,Chile,2012,11.066965384652661,Mt
coal-lignite,Chile,2013,12.521,Mt
coal-lignite,Chile,2014,10.86,Mt
coal-lignite,Chile,2015,12.086035124396563,Mt
coal-lignite,Chile,2016,12.715,Mt
coal-lignite,Chile,2017,13.035004964875604,Mt
coal-lignite,Chile,2018,12.337615965384652,Mt
coal-lignite,Chile,2019,14.105053999999999,Mt
coal-lignite,Chile,2020,12.895851275482048,Mt
coal-lignite,Chile,2021,12.518260964875603,Mt
coal-lignite,Chile,2022,10.55865761391019,Mt
coal-lignite,Chile,2023,7.008128342839738,Mt
coal-lignite,Chile,2024,6.440759231997041,Mt
coal-lignite,China,1990,1051.1681418225928,Mt
coal-lignite,China,1991,1107.0538187007871,Mt
coal-lignite,China,1992,1149.2038918294893,Mt
coal-lignite,China,1993,1202.53073818911,Mt
coal-lignite,China,1994,1272.0956738331088,Mt
coal-lignite,China,1995,1349.2184389705333,Mt
coal-lignite,China,1996,1395.18374233539,Mt
coal-lignite,China,1997,1316.2808881275644,Mt
coal-lignite,China,1998,1334.53877702082,Mt
coal-lignite,China,1999,1263.0280762796574,Mt
coal-lignite,China,2000,1305.9322342582977,Mt
coal-lignite,China,2001,1315.9347381473592,Mt
coal-lignite,China,2002,1502.3464856652736,Mt
coal-lignite,China,2003,1796.300121353441,Mt
coal-lignite,China,2004,2063.4475972364917,Mt
coal-lignite,China,2005,2371.9717189696357,Mt
coal-lignite,China,2006,2638.0763312434515,Mt
coal-lignite,China,2007,2863.3885826132932,Mt
coal-lignite,China,2008,2944.2435779308844,Mt
coal-lignite,China,2009,3177.2796737644094,Mt
coal-lignite,China,2010,3362.0302336888385,Mt
coal-lignite,China,2011,3712.2804742693706,Mt
coal-lignite,China,2012,3843.3283445192283,Mt
coal-lignite,China,2013,3975.192446233586,Mt
coal-lignite,China,2014,3901.130919329554,Mt
coal-lignite,China,2015,3797.9792673113766,Mt
coal-lignite,China,2016,3750.873536120497,Mt
coal-lignite,China,2017,3792.467198982642,Mt
coal-lignite,China,2018,3846.820457155965,Mt
coal-lignite,China,2019,3904.9530352883826,Mt
coal-lignite,China,2020,3979.983539979374,Mt
coal-lignite,China,2021,4221.642673867471,Mt
coal-lignite,China,2022,4464.585398726402,Mt
coal-lignite,China,2023,4737.777166860955,Mt
coal-lignite,China,2024,4880.538264739564,Mt
coal-lignite,Colombia,1990,3.944399844657714,Mt
coal-lignite,Colombia,1991,4.739822954160947,Mt
coal-lignite,Colombia,1992,5.334578136621247,Mt
coal-lignite,Colombia,1993,5.42702543981374,Mt
coal-lignite,Colombia,1994,4.963999820108555,Mt
coal-lignite,Colombia,1995,5.135885750184092,Mt
coal-lignite,Colombia,1996,4.5404273623445555,Mt
coal-lignite,Colombia,1997,4.743805835554685,Mt
coal-lignite,Colombia,1998,4.442108336760471,Mt
coal-lignite,Colombia,1999,3.711101939723738,Mt
coal-lignite,Colombia,2000,4.724236499601077,Mt
coal-lignite,Colombia,2001,4.707457158493453,Mt
coal-lignite,Colombia,2002,4.270237710901672,Mt
coal-lignite,Colombia,2003,4.909051688648302,Mt
coal-lignite,Colombia,2004,4.624091350396193,Mt
coal-lignite,Colombia,2005,5.339893008948566,Mt
coal-lignite,Colombia,2006,4.872118895611704,Mt
coal-lignite,Colombia,2007,3.814167227729499,Mt
coal-lignite,Colombia,2008,5.757253250056921,Mt
coal-lignite,Colombia,2009,5.672631375466674,Mt
coal-lignite,Colombia,2010,5.544142622854707,Mt
coal-lignite,Colombia,2011,4.5443344079022125,Mt
coal-lignite,Colombia,2012,5.575659197375557,Mt
coal-lignite,Colombia,2013,6.098850065235829,Mt
coal-lignite,Colombia,2014,6.9321680087349815,Mt
coal-lignite,Colombia,2015,5.918503799696313,Mt
coal-lignite,Colombia,2016,5.876260524396584,Mt
coal-lignite,Colombia,2017,5.0438926346749,Mt
coal-lignite,Colombia,2018,5.8819752805025445,Mt
coal-lignite,Colombia,2019,6.909110131428356,Mt
coal-lignite,Colombia,2020,7.02060327856818,Mt
coal-lignite,Colombia,2021,6.480364238940578,Mt
coal-lignite,Colombia,2022,6.871029923713042,Mt
coal-lignite,Colombia,2023,8.284480565575405,Mt
coal-lignite,Colombia,2024,9.130309560592206,Mt
coal-lignite,Czechia,1990,84.788,Mt
coal-lignite,Czechia,1991,79.201,Mt
coal-lignite,Czechia,1992,73.631,Mt
coal-lignite,Czechia,1993,71.871,Mt
coal-lignite,Czechia,1994,66.895,Mt
coal-lignite,Czechia,1995,65.807,Mt
coal-lignite,Czechia,1996,65.873,Mt
coal-lignite,Czechia,1997,64.531,Mt
coal-lignite,Czechia,1998,59.083,Mt
coal-lignite,Czechia,1999,51.791,Mt
coal-lignite,Czechia,2000,61.507136941266204,Mt
coal-lignite,Czechia,2001,59.51783773073989,Mt
coal-lignite,Czechia,2002,57.845,Mt
coal-lignite,Czechia,2003,59.344,Mt
coal-lignite,Czechia,2004,58.218,Mt
coal-lignite,Czechia,2005,56.924,Mt
coal-lignite,Czechia,2006,57.231,Mt
coal-lignite,Czechia,2007,58.508,Mt
coal-lignite,Czechia,2008,55.061,Mt
coal-lignite,Czechia,2009,51.93,Mt
coal-lignite,Czechia,2010,52.129746270976355,Mt
coal-lignite,Czechia,2011,52.838069599065605,Mt
coal-lignite,Czechia,2012,50.50480537614417,Mt
coal-lignite,Czechia,2013,47.588656016876435,Mt
coal-lignite,Czechia,2014,46.2931192858505,Mt
coal-lignite,Czechia,2015,46.08640995566362,Mt
coal-lignite,Czechia,2016,46.13468997727117,Mt
coal-lignite,Czechia,2017,45.897654327061396,Mt
coal-lignite,Czechia,2018,45.466765928985026,Mt
coal-lignite,Czechia,2019,41.64473215236271,Mt
coal-lignite,Czechia,2020,35.101075640984455,Mt
coal-lignite,Czechia,2021,35.66882118014969,Mt
coal-lignite,Czechia,2022,37.9518443217315,Mt
coal-lignite,Czechia,2023,30.755238359175724,Mt
coal-lignite,Czechia,2024,25.434198295471184,Mt
coal-lignite,Denmark,1990,10.036,Mt
coal-lignite,Denmark,1991,13.565,Mt
coal-lignite,Denmark,1992,11.136,Mt
coal-lignite,Denmark,1993,11.938,Mt
coal-lignite,Denmark,1994,13.176,Mt
coal-lignite,Denmark,1995,11.023,Mt
coal-lignite,Denmark,1996,15.057,Mt
coal-lignite,Denmark,1997,11.078,Mt
coal-lignite,Denmark,1998,9.386,Mt
coal-lignite,Denmark,1999,7.882,Mt
coal-lignite,Denmark,2000,6.651,Mt
coal-lignite,Denmark,2001,7.013,Mt
coal-lignite,Denmark,2002,6.963,Mt
coal-lignite,Denmark,2003,9.67,Mt
coal-lignite,Denmark,2004,7.425,Mt
coal-lignite,Denmark,2005,6.31,Mt
coal-lignite,Denmark,2006,9.362,Mt
coal-lignite,Denmark,2007,7.959,Mt
coal-lignite,Denmark,2008,7.033,Mt
coal-lignite,Denmark,2009,6.84,Mt
coal-lignite,Denmark,2010,6.693,Mt
coal-lignite,Denmark,2011,5.583,Mt
coal-lignite,Denmark,2012,4.401,Mt
coal-lignite,Denmark,2013,5.535,Mt
coal-lignite,Denmark,2014,4.348,Mt
coal-lignite,Denmark,2015,3.168806,Mt
coal-lignite,Denmark,2016,3.625575,Mt
coal-lignite,Denmark,2017,2.693984,Mt
coal-lignite,Denmark,2018,2.777059,Mt
coal-lignite,Denmark,2019,1.589283,Mt
coal-lignite,Denmark,2020,1.388427,Mt
coal-lignite,Denmark,2021,1.860167999999999,Mt
coal-lignite,Denmark,2022,1.842855,Mt
coal-lignite,Denmark,2023,1.186562,Mt
coal-lignite,Denmark,2024,0.8122015561218231,Mt
coal-lignite,Egypt,1990,1.039,Mt
coal-lignite,Egypt,1991,1.056,Mt
coal-lignite,Egypt,1992,1.09,Mt
coal-lignite,Egypt,1993,1.456,Mt
coal-lignite,Egypt,1994,1.6680000000000001,Mt
coal-lignite,Egypt,1995,1.296,Mt
coal-lignite,Egypt,1996,1.367,Mt
coal-lignite,Egypt,1997,1.3949999999999991,Mt
coal-lignite,Egypt,1998,1.5830000000000002,Mt
coal-lignite,Egypt,1999,1.252,Mt
coal-lignite,Egypt,2000,1.57,Mt
coal-lignite,Egypt,2001,1.383,Mt
coal-lignite,Egypt,2002,1.4849999999999999,Mt
coal-lignite,Egypt,2003,1.538999999999999,Mt
coal-lignite,Egypt,2004,1.4849999999999999,Mt
coal-lignite,Egypt,2005,1.427999999999999,Mt
coal-lignite,Egypt,2006,1.376999999999999,Mt
coal-lignite,Egypt,2007,1.373,Mt
coal-lignite,Egypt,2008,1.344,Mt
coal-lignite,Egypt,2009,1.272,Mt
coal-lignite,Egypt,2010,1.944,Mt
coal-lignite,Egypt,2011,0.8190000000000001,Mt
coal-lignite,Egypt,2012,0.687,Mt
coal-lignite,Egypt,2013,0.587,Mt
coal-lignite,Egypt,2014,0.63,Mt
coal-lignite,Egypt,2015,0.5640000000000001,Mt
coal-lignite,Egypt,2016,0.677,Mt
coal-lignite,Egypt,2017,2.791,Mt
coal-lignite,Egypt,2018,5.561,Mt
coal-lignite,Egypt,2019,4.345239999999999,Mt
coal-lignite,Egypt,2020,2.28511,Mt
coal-lignite,Egypt,2021,3.6950000000000003,Mt
coal-lignite,Egypt,2022,3.309509,Mt
coal-lignite,Egypt,2023,3.758589673660679,Mt
coal-lignite,Egypt,2024,4.826077816565746,Mt
coal-lignite,France,1990,31.20898598588863,Mt
coal-lignite,France,1991,33.504171176582766,Mt
coal-lignite,France,1992,29.658703871090772,Mt
coal-lignite,France,1993,23.271133859649126,Mt
coal-lignite,France,1994,23.037457723112126,Mt
coal-lignite,France,1995,24.849950019069407,Mt
coal-lignite,France,1996,25.41740807971015,Mt
coal-lignite,France,1997,23.1707658409611,Mt
coal-lignite,France,1998,27.108470387109076,Mt
coal-lignite,France,1999,24.409051037376052,Mt
coal-lignite,France,2000,23.548989067505723,Mt
coal-lignite,France,2001,20.43896884630053,Mt
coal-lignite,France,2002,21.05200045814264,Mt
coal-lignite,France,2003,21.142154244851262,Mt
coal-lignite,France,2004,20.42428718773837,Mt
coal-lignite,France,2005,22.179512690217393,Mt
coal-lignite,France,2006,20.57927136489322,Mt
coal-lignite,France,2007,21.556596119851257,Mt
coal-lignite,France,2008,20.046479057971016,Mt
coal-lignite,France,2009,16.648164892734552,Mt
coal-lignite,France,2010,17.658725061498856,Mt
coal-lignite,France,2011,15.947976213916384,Mt
coal-lignite,France,2012,17.949777427653984,Mt
coal-lignite,France,2013,18.775084045663142,Mt
coal-lignite,France,2014,14.329946206021642,Mt
coal-lignite,France,2015,13.782878017831331,Mt
coal-lignite,France,2016,13.04251380514159,Mt
coal-lignite,France,2017,14.868072803119283,Mt
coal-lignite,France,2018,13.207429513026316,Mt
coal-lignite,France,2019,10.598263735493422,Mt
coal-lignite,France,2020,8.503271966973683,Mt
coal-lignite,France,2021,10.92578333796053,Mt
coal-lignite,France,2022,9.208870321249998,Mt
coal-lignite,France,2023,7.197399308453948,Mt
coal-lignite,France,2024,6.705677228974597,Mt
coal-lignite,Germany,1990,448.76626020594966,Mt
coal-lignite,Germany,1991,368.3154498283752,Mt
coal-lignite,Germany,1992,327.824,Mt
coal-lignite,Germany,1993,305.92950217200604,Mt
coal-lignite,Germany,1994,289.42600000000004,Mt
coal-lignite,Germany,1995,274.485,Mt
coal-lignite,Germany,1996,272.61000000000007,Mt
coal-lignite,Germany,1997,260.475,Mt
coal-lignite,Germany,1998,247.64700000000002,Mt
coal-lignite,Germany,1999,236.446191104119,Mt
coal-lignite,Germany,2000,244.26409481121286,Mt
coal-lignite,Germany,2001,249.13399999999996,Mt
coal-lignite,Germany,2002,252.782,Mt
coal-lignite,Germany,2003,254.5522102688787,Mt
coal-lignite,Germany,2004,253.41253307589628,Mt
coal-lignite,Germany,2005,243.74441838100685,Mt
coal-lignite,Germany,2006,245.35572827421817,Mt
coal-lignite,Germany,2007,253.78279323798628,Mt
coal-lignite,Germany,2008,240.3689880549199,Mt
coal-lignite,Germany,2009,225.8502308276125,Mt
coal-lignite,Germany,2010,232.39445232265444,Mt
coal-lignite,Germany,2011,236.3357641533181,Mt
coal-lignite,Germany,2012,247.28714859267734,Mt
coal-lignite,Germany,2013,247.16452560640735,Mt
coal-lignite,Germany,2014,239.28584638825325,Mt
coal-lignite,Germany,2015,239.3044547292143,Mt
coal-lignite,Germany,2016,231.40212094584288,Mt
coal-lignite,Germany,2017,222.23999999999998,Mt
coal-lignite,Germany,2018,215.71100000000004,Mt
coal-lignite,Germany,2019,171.87045899999998,Mt
coal-lignite,Germany,2020,139.69889500000002,Mt
coal-lignite,Germany,2021,162.94090793769263,Mt
coal-lignite,Germany,2022,170.942809,Mt
coal-lignite,Germany,2023,133.91927896884624,Mt
coal-lignite,Germany,2024,120.64277998701375,Mt
coal-lignite,India,1990,247.25947648770287,Mt
coal-lignite,India,1991,266.47926210547166,Mt
coal-lignite,India,1992,276.29637650257985,Mt
coal-lignite,India,1993,292.0830670038786,Mt
coal-lignite,India,1994,306.1760389428571,Mt
coal-lignite,India,1995,319.7155454828877,Mt
coal-lignite,India,1996,340.7785917576923,Mt
coal-lignite,India,1997,355.03938529590914,Mt
coal-lignite,India,1998,355.2253028456615,Mt
coal-lignite,India,1999,371.4171392059948,Mt
coal-lignite,India,2000,380.1701581827266,Mt
coal-lignite,India,2001,387.5099305264605,Mt
coal-lignite,India,2002,401.46332143444596,Mt
coal-lignite,India,2003,422.9254198096305,Mt
coal-lignite,India,2004,450.34094485440465,Mt
coal-lignite,India,2005,481.8364782205197,Mt
coal-lignite,India,2006,516.6376832792839,Mt
coal-lignite,India,2007,562.2373980139147,Mt
coal-lignite,India,2008,611.2056499552958,Mt
coal-lignite,India,2009,651.4060383804615,Mt
coal-lignite,India,2010,667.6326392417557,Mt
coal-lignite,India,2011,725.947623617512,Mt
coal-lignite,India,2012,806.2052838728005,Mt
coal-lignite,India,2013,855.3400230000002,Mt
coal-lignite,India,2014,935.496395,Mt
coal-lignite,India,2015,955.4652609999997,Mt
coal-lignite,India,2016,941.3130460000001,Mt
coal-lignite,India,2017,1013.6065522877986,Mt
coal-lignite,India,2018,1114.0157702205665,Mt
coal-lignite,India,2019,1085.0481992087937,Mt
coal-lignite,India,2020,1027.4494482976932,Mt
coal-lignite,India,2021,1109.6153678543574,Mt
coal-lignite,India,2022,1203.4538325966773,Mt
coal-lignite,India,2023,1323.7601615921944,Mt
coal-lignite,India,2024,1395.9832349486562,Mt
coal-lignite,Indonesia,1990,5.036,Mt
coal-lignite,Indonesia,1991,5.661,Mt
coal-lignite,Indonesia,1992,7.212,Mt
coal-lignite,Indonesia,1993,6.447,Mt
coal-lignite,Indonesia,1994,11.322,Mt
coal-lignite,Indonesia,1995,7.342,Mt
coal-lignite,Indonesia,1996,10.247,Mt
coal-lignite,Indonesia,1997,14.903,Mt
coal-lignite,Indonesia,1998,16.327,Mt
coal-lignite,Indonesia,1999,20.189,Mt
coal-lignite,Indonesia,2000,22.496,Mt
coal-lignite,Indonesia,2001,27.258,Mt
coal-lignite,Indonesia,2002,29.4,Mt
coal-lignite,Indonesia,2003,30.722,Mt
coal-lignite,Indonesia,2004,36.252,Mt
coal-lignite,Indonesia,2005,41.212,Mt
coal-lignite,Indonesia,2006,51.581,Mt
coal-lignite,Indonesia,2007,60.014,Mt
coal-lignite,Indonesia,2008,75.115,Mt
coal-lignite,Indonesia,2009,82.227,Mt
coal-lignite,Indonesia,2010,88.533,Mt
coal-lignite,Indonesia,2011,78.355,Mt
coal-lignite,Indonesia,2012,82.377,Mt
coal-lignite,Indonesia,2013,78.522,Mt
coal-lignite,Indonesia,2014,73.402,Mt
coal-lignite,Indonesia,2015,80.0331,Mt
coal-lignite,Indonesia,2016,85.726,Mt
coal-lignite,Indonesia,2017,92.992,Mt
coal-lignite,Indonesia,2018,125.497,Mt
coal-lignite,Indonesia,2019,141.93325199999998,Mt
coal-lignite,Indonesia,2020,143.91538763410855,Mt
coal-lignite,Indonesia,2021,140.03724802170544,Mt
coal-lignite,Indonesia,2022,199.85205307151415,Mt
coal-lignite,Indonesia,2023,215.57253522627778,Mt
coal-lignite,Indonesia,2024,240.05559810141145,Mt
coal-lignite,Iran,1990,1.060799434605133,Mt
coal-lignite,Iran,1991,1.494517722446977,Mt
coal-lignite,Iran,1992,1.335170131255695,Mt
coal-lignite,Iran,1993,1.648194283890319,Mt
coal-lignite,Iran,1994,1.66980778732917,Mt
coal-lignite,Iran,1995,1.569602576391796,Mt
coal-lignite,Iran,1996,1.655014896572193,Mt
coal-lignite,Iran,1997,1.704753062664122,Mt
coal-lignite,Iran,1998,1.9550744106166982,Mt
coal-lignite,Iran,1999,1.599401516934112,Mt
coal-lignite,Iran,2000,1.736525058620072,Mt
coal-lignite,Iran,2001,1.704681311402026,Mt
coal-lignite,Iran,2002,1.5935548107961761,Mt
coal-lignite,Iran,2003,1.7831143103022362,Mt
coal-lignite,Iran,2004,1.817010784757616,Mt
coal-lignite,Iran,2005,2.162143519302454,Mt
coal-lignite,Iran,2006,2.125281307769452,Mt
coal-lignite,Iran,2007,2.282480647088715,Mt
coal-lignite,Iran,2008,1.683481967823039,Mt
coal-lignite,Iran,2009,1.792225051477093,Mt
coal-lignite,Iran,2010,1.63862694738003,Mt
coal-lignite,Iran,2011,1.90960821396129,Mt
coal-lignite,Iran,2012,1.628630454012452,Mt
coal-lignite,Iran,2013,1.887440595535467,Mt
coal-lignite,Iran,2014,2.246665876579264,Mt
coal-lignite,Iran,2015,2.1521647816829432,Mt
coal-lignite,Iran,2016,2.239783714525683,Mt
coal-lignite,Iran,2017,2.536053811634357,Mt
coal-lignite,Iran,2018,2.619256417469397,Mt
coal-lignite,Iran,2019,2.8226202938463443,Mt
coal-lignite,Iran,2020,2.811338695678481,Mt
coal-lignite,Iran,2021,3.372383103036043,Mt
coal-lignite,Iran,2022,3.315312004972149,Mt
coal-lignite,Iran,2023,2.744311533710437,Mt
coal-lignite,Iran,2024,2.744311533710437,Mt
coal-lignite,Italy,1990,22.485274099446993,Mt
coal-lignite,Italy,1991,21.174694394069416,Mt
coal-lignite,Italy,1992,18.4792185340389,Mt
coal-lignite,Italy,1993,16.09860961432113,Mt
coal-lignite,Italy,1994,16.804002744088482,Mt
coal-lignite,Italy,1995,17.95009529366896,Mt
coal-lignite,Italy,1996,16.545986998474447,Mt
coal-lignite,Italy,1997,16.741258595061023,Mt
coal-lignite,Italy,1998,17.462186922196793,Mt
coal-lignite,Italy,1999,17.444031611842107,Mt
coal-lignite,Italy,2000,18.581100000476738,Mt
coal-lignite,Italy,2001,19.85521899218154,Mt
coal-lignite,Italy,2002,20.635812619660566,Mt
coal-lignite,Italy,2003,22.369031611842104,Mt
coal-lignite,Italy,2004,25.215529612890926,Mt
coal-lignite,Italy,2005,24.945,Mt
coal-lignite,Italy,2006,25.217,Mt
coal-lignite,Italy,2007,25.377999999999997,Mt
coal-lignite,Italy,2008,24.679,Mt
coal-lignite,Italy,2009,19.681,Mt
coal-lignite,Italy,2010,21.6,Mt
coal-lignite,Italy,2011,24.172,Mt
coal-lignite,Italy,2012,24.950000000000003,Mt
coal-lignite,Italy,2013,21.632,Mt
coal-lignite,Italy,2014,21.292,Mt
coal-lignite,Italy,2015,19.974,Mt
coal-lignite,Italy,2016,17.667,Mt
coal-lignite,Italy,2017,15.45361462307399,Mt
coal-lignite,Italy,2018,14.208772,Mt
coal-lignite,Italy,2019,10.6424,Mt
coal-lignite,Italy,2020,7.8109280000000005,Mt
coal-lignite,Italy,2021,8.62583197409039,Mt
coal-lignite,Italy,2022,11.527333554935163,Mt
coal-lignite,Italy,2023,7.112181732440884,Mt
coal-lignite,Italy,2024,3.195104053296714,Mt
coal-lignite,Japan,1990,121.79750680387048,Mt
coal-lignite,Japan,1991,122.43722424123361,Mt
coal-lignite,Japan,1992,121.62279743066159,Mt
coal-lignite,Japan,1993,124.28039255921526,Mt
coal-lignite,Japan,1994,128.08515746505213,Mt
coal-lignite,Japan,1995,132.80450955949647,Mt
coal-lignite,Japan,1996,136.23757334197984,Mt
coal-lignite,Japan,1997,138.1830603944146,Mt
coal-lignite,Japan,1998,129.88488965132245,Mt
coal-lignite,Japan,1999,138.21882715832191,Mt
coal-lignite,Japan,2000,147.85132304760685,Mt
coal-lignite,Japan,2001,152.06859563410063,Mt
coal-lignite,Japan,2002,159.37773420520026,Mt
coal-lignite,Japan,2003,166.1383137439788,Mt
coal-lignite,Japan,2004,170.0100525491108,Mt
coal-lignite,Japan,2005,176.53960246521544,Mt
coal-lignite,Japan,2006,174.6887451166093,Mt
coal-lignite,Japan,2007,182.25136118907707,Mt
coal-lignite,Japan,2008,175.7260060568713,Mt
coal-lignite,Japan,2009,169.05489049365636,Mt
coal-lignite,Japan,2010,183.9519325700364,Mt
coal-lignite,Japan,2011,178.60221382844847,Mt
coal-lignite,Japan,2012,186.9239132211161,Mt
coal-lignite,Japan,2013,198.417441348122,Mt
coal-lignite,Japan,2014,196.24417685266022,Mt
coal-lignite,Japan,2015,193.89823626823426,Mt
coal-lignite,Japan,2016,191.77064871221543,Mt
coal-lignite,Japan,2017,193.50318515512447,Mt
coal-lignite,Japan,2018,187.64658937892003,Mt
coal-lignite,Japan,2019,184.7529548259313,Mt
coal-lignite,Japan,2020,172.11262196211175,Mt
coal-lignite,Japan,2021,181.56300782431242,Mt
coal-lignite,Japan,2022,172.64450367048045,Mt
coal-lignite,Japan,2023,156.39928558297467,Mt
coal-lignite,Japan,2024,156.8805389427059,Mt
coal-lignite,Kazakhstan,1992,90.809,Mt
coal-lignite,Kazakhstan,1993,83.019,Mt
coal-lignite,Kazakhstan,1994,79.507,Mt
coal-lignite,Kazakhstan,1995,65.645,Mt
coal-lignite,Kazakhstan,1996,58.713,Mt
coal-lignite,Kazakhstan,1997,49.194,Mt
coal-lignite,Kazakhstan,1998,49.3,Mt
coal-lignite,Kazakhstan,1999,46.257,Mt
coal-lignite,Kazakhstan,2000,47.291999999999994,Mt
coal-lignite,Kazakhstan,2001,47.963,Mt
coal-lignite,Kazakhstan,2002,50.851000000000006,Mt
coal-lignite,Kazakhstan,2003,57.161,Mt
coal-lignite,Kazakhstan,2004,62.77400000000001,Mt
coal-lignite,Kazakhstan,2005,64.31800000000001,Mt
coal-lignite,Kazakhstan,2006,69.203,Mt
coal-lignite,Kazakhstan,2007,73.61,Mt
coal-lignite,Kazakhstan,2008,85.407,Mt
coal-lignite,Kazakhstan,2009,76.9,Mt
coal-lignite,Kazakhstan,2010,83.168,Mt
coal-lignite,Kazakhstan,2011,89.66,Mt
coal-lignite,Kazakhstan,2012,90.859,Mt
coal-lignite,Kazakhstan,2013,90.375,Mt
coal-lignite,Kazakhstan,2014,78.47233,Mt
coal-lignite,Kazakhstan,2015,73.57551999999998,Mt
coal-lignite,Kazakhstan,2016,77.37253999999999,Mt
coal-lignite,Kazakhstan,2017,87.52887,Mt
coal-lignite,Kazakhstan,2018,76.80364,Mt
coal-lignite,Kazakhstan,2019,76.25172513254543,Mt
coal-lignite,Kazakhstan,2020,75.14598800000002,Mt
coal-lignite,Kazakhstan,2021,77.85725699999999,Mt
coal-lignite,Kazakhstan,2022,74.86760000000001,Mt
coal-lignite,Kazakhstan,1990,90.361,Mt
coal-lignite,Kazakhstan,1991,89.87,Mt
coal-lignite,Kazakhstan,2023,78.89988946268105,Mt
coal-lignite,Kazakhstan,2024,77.42512374627826,Mt
coal-lignite,Malaysia,1990,2.146,Mt
coal-lignite,Malaysia,1991,2.449,Mt
coal-lignite,Malaysia,1992,2.6,Mt
coal-lignite,Malaysia,1993,2.201,Mt
coal-lignite,Malaysia,1994,2.443,Mt
coal-lignite,Malaysia,1995,2.502,Mt
coal-lignite,Malaysia,1996,2.583,Mt
coal-lignite,Malaysia,1997,2.446,Mt
coal-lignite,Malaysia,1998,2.3689999999999998,Mt
coal-lignite,Malaysia,1999,1.962,Mt
coal-lignite,Malaysia,2000,3.296,Mt
coal-lignite,Malaysia,2001,4.156,Mt
coal-lignite,Malaysia,2002,5.251,Mt
coal-lignite,Malaysia,2003,7.623,Mt
coal-lignite,Malaysia,2004,13.27526,Mt
coal-lignite,Malaysia,2005,10.927620000000001,Mt
coal-lignite,Malaysia,2006,11.143,Mt
coal-lignite,Malaysia,2007,12.638,Mt
coal-lignite,Malaysia,2008,13.965,Mt
coal-lignite,Malaysia,2009,19.819,Mt
coal-lignite,Malaysia,2010,23.441,Mt
coal-lignite,Malaysia,2011,23.432,Mt
coal-lignite,Malaysia,2012,25.193,Mt
coal-lignite,Malaysia,2013,23.9,Mt
coal-lignite,Malaysia,2014,24.36,Mt
coal-lignite,Malaysia,2015,27.79,Mt
coal-lignite,Malaysia,2016,29.932,Mt
coal-lignite,Malaysia,2017,33.092525,Mt
coal-lignite,Malaysia,2018,35.527266000000004,Mt
coal-lignite,Malaysia,2019,33.402816,Mt
coal-lignite,Malaysia,2020,39.320727999999995,Mt
coal-lignite,Malaysia,2021,36.624199,Mt
coal-lignite,Malaysia,2022,37.85376,Mt
coal-lignite,Malaysia,2023,41.77442065042353,Mt
coal-lignite,Malaysia,2024,41.229591877119326,Mt
coal-lignite,Mexico,1990,7.496,Mt
coal-lignite,Mexico,1991,7.402,Mt
coal-lignite,Mexico,1992,7.352260712940951,Mt
coal-lignite,Mexico,1993,8.909999999999998,Mt
coal-lignite,Mexico,1994,10.118000000000002,Mt
coal-lignite,Mexico,1995,11.057,Mt
coal-lignite,Mexico,1996,12.508000000000003,Mt
coal-lignite,Mexico,1997,12.49,Mt
coal-lignite,Mexico,1998,13.083,Mt
coal-lignite,Mexico,1999,12.984,Mt
coal-lignite,Mexico,2000,13.199,Mt
coal-lignite,Mexico,2001,14.861,Mt
coal-lignite,Mexico,2002,15.977000000000002,Mt
coal-lignite,Mexico,2003,19.492,Mt
coal-lignite,Mexico,2004,17.401,Mt
coal-lignite,Mexico,2005,21.55,Mt
coal-lignite,Mexico,2006,23.011999999999997,Mt
coal-lignite,Mexico,2007,21.267000000000003,Mt
coal-lignite,Mexico,2008,18.97,Mt
coal-lignite,Mexico,2009,19.161000000000005,Mt
coal-lignite,Mexico,2010,23.582,Mt
coal-lignite,Mexico,2011,26.125,Mt
coal-lignite,Mexico,2012,23.342,Mt
coal-lignite,Mexico,2013,23.583000000000002,Mt
coal-lignite,Mexico,2014,22.755,Mt
coal-lignite,Mexico,2015,24.449999999999996,Mt
coal-lignite,Mexico,2016,21.505,Mt
coal-lignite,Mexico,2017,21.69,Mt
coal-lignite,Mexico,2018,18.708,Mt
coal-lignite,Mexico,2019,18.034,Mt
coal-lignite,Mexico,2020,13.151070248793127,Mt
coal-lignite,Mexico,2021,11.542,Mt
coal-lignite,Mexico,2022,15.476303514819236,Mt
coal-lignite,Mexico,2023,14.927047166798909,Mt
coal-lignite,Mexico,2024,13.590381650853132,Mt
coal-lignite,Netherlands,1990,12.528968388157896,Mt
coal-lignite,Netherlands,1991,11.453563390064835,Mt
coal-lignite,Netherlands,1992,11.435031611842104,Mt
coal-lignite,Netherlands,1993,11.485031153699465,Mt
coal-lignite,Netherlands,1994,12.524827738367659,Mt
coal-lignite,Netherlands,1995,13.864999999999997,Mt
coal-lignite,Netherlands,1996,13.520968846300534,Mt
coal-lignite,Netherlands,1997,13.561031153699467,Mt
coal-lignite,Netherlands,1998,13.900000000000004,Mt
coal-lignite,Netherlands,1999,11.891968846300534,Mt
coal-lignite,Netherlands,2000,12.648999999999997,Mt
coal-lignite,Netherlands,2001,13.439031611842108,Mt
coal-lignite,Netherlands,2002,13.392968388157895,Mt
coal-lignite,Netherlands,2003,13.723000000000003,Mt
coal-lignite,Netherlands,2004,13.501031611842107,Mt
coal-lignite,Netherlands,2005,12.859,Mt
coal-lignite,Netherlands,2006,12.401,Mt
coal-lignite,Netherlands,2007,13.494968846300536,Mt
coal-lignite,Netherlands,2008,12.813,Mt
coal-lignite,Netherlands,2009,12.05400045814264,Mt
coal-lignite,Netherlands,2010,12.097031153699467,Mt
coal-lignite,Netherlands,2011,11.937999999999999,Mt
coal-lignite,Netherlands,2012,13.12796838815789,Mt
coal-lignite,Netherlands,2013,13.10506276554157,Mt
coal-lignite,Netherlands,2014,14.616765000000001,Mt
coal-lignite,Netherlands,2015,17.9578429688463,Mt
coal-lignite,Netherlands,2016,16.500739,Mt
coal-lignite,Netherlands,2017,14.788343000000001,Mt
coal-lignite,Netherlands,2018,13.121427968388158,Mt
coal-lignite,Netherlands,2019,10.169146,Mt
coal-lignite,Netherlands,2020,6.338070031611842,Mt
coal-lignite,Netherlands,2021,8.82436796838816,Mt
coal-lignite,Netherlands,2022,8.770331999999998,Mt
coal-lignite,Netherlands,2023,5.9567509683881585,Mt
coal-lignite,Netherlands,2024,6.474338492950227,Mt
coal-lignite,New Zealand,1990,2.183,Mt
coal-lignite,New Zealand,1991,2.144034615347337,Mt
coal-lignite,New Zealand,1992,2.384999999999999,Mt
coal-lignite,New Zealand,1993,2.308965384652662,Mt
coal-lignite,New Zealand,1994,2.183,Mt
coal-lignite,New Zealand,1995,2.155034615347337,Mt
coal-lignite,New Zealand,1996,2.129,Mt
coal-lignite,New Zealand,1997,2.302965384652662,Mt
coal-lignite,New Zealand,1998,2.094999999999999,Mt
coal-lignite,New Zealand,1999,2.167964875603437,Mt
coal-lignite,New Zealand,2000,2.052,Mt
coal-lignite,New Zealand,2001,2.4939999999999998,Mt
coal-lignite,New Zealand,2002,2.5120697397439002,Mt
coal-lignite,New Zealand,2003,3.625964875603437,Mt
coal-lignite,New Zealand,2004,3.8040000000000003,Mt
coal-lignite,New Zealand,2005,4.245,Mt
coal-lignite,New Zealand,2006,4.182000509049226,Mt
coal-lignite,New Zealand,2007,3.1690697397439,Mt
coal-lignite,New Zealand,2008,3.998964875603437,Mt
coal-lignite,New Zealand,2009,3.105035124396562,Mt
coal-lignite,New Zealand,2010,2.700964875603437,Mt
coal-lignite,New Zealand,2011,2.8760697397438992,Mt
coal-lignite,New Zealand,2012,3.415035124396563,Mt
coal-lignite,New Zealand,2013,2.974,Mt
coal-lignite,New Zealand,2014,3.043035124396563,Mt
coal-lignite,New Zealand,2015,2.825,Mt
coal-lignite,New Zealand,2016,2.365,Mt
coal-lignite,New Zealand,2017,2.475129,Mt
coal-lignite,New Zealand,2018,2.487010034615347,Mt
coal-lignite,New Zealand,2019,2.667852,Mt
coal-lignite,New Zealand,2020,2.58594,Mt
coal-lignite,New Zealand,2021,3.182338000509049,Mt
coal-lignite,New Zealand,2022,2.176195034615347,Mt
coal-lignite,New Zealand,2023,1.8929663747761052,Mt
coal-lignite,New Zealand,2024,2.346452682149805,Mt
coal-lignite,Nigeria,1990,0.113,Mt
coal-lignite,Nigeria,1991,0.117,Mt
coal-lignite,Nigeria,1992,0.097,Mt
coal-lignite,Nigeria,1993,0.028,Mt
coal-lignite,Nigeria,1994,0.025,Mt
coal-lignite,Nigeria,1995,0.02,Mt
coal-lignite,Nigeria,1996,0.008,Mt
coal-lignite,Nigeria,1997,0.01,Mt
coal-lignite,Nigeria,1998,0.012,Mt
coal-lignite,Nigeria,1999,0.016,Mt
coal-lignite,Nigeria,2000,0.06,Mt
coal-lignite,Nigeria,2001,0.058,Mt
coal-lignite,Nigeria,2002,0.051000000000000004,Mt
coal-lignite,Nigeria,2003,0.056,Mt
coal-lignite,Nigeria,2004,0.056,Mt
coal-lignite,Nigeria,2005,0.065,Mt
coal-lignite,Nigeria,2006,0.08,Mt
coal-lignite,Nigeria,2007,0.113,Mt
coal-lignite,Nigeria,2008,0.241,Mt
coal-lignite,Nigeria,2009,0.241,Mt
coal-lignite,Nigeria,2010,0.241,Mt
coal-lignite,Nigeria,2011,0.29,Mt
coal-lignite,Nigeria,2012,0.386,Mt
coal-lignite,Nigeria,2013,0.483,Mt
coal-lignite,Nigeria,2014,0.483,Mt
coal-lignite,Nigeria,2015,0.507,Mt
coal-lignite,Nigeria,2016,0.531,Mt
coal-lignite,Nigeria,2017,0.458603,Mt
coal-lignite,Nigeria,2018,0.537243,Mt
coal-lignite,Nigeria,2019,0.54342,Mt
coal-lignite,Nigeria,2020,0.642281,Mt
coal-lignite,Nigeria,2021,1.305599999999999,Mt
coal-lignite,Nigeria,2022,1.37,Mt
coal-lignite,Nigeria,2023,1.32205,Mt
coal-lignite,Nigeria,2024,1.33255,Mt
coal-lignite,Norway,1990,1.2770000000000001,Mt
coal-lignite,Norway,1991,1.155999999999999,Mt
coal-lignite,Norway,1992,1.159,Mt
coal-lignite,Norway,1993,1.239,Mt
coal-lignite,Norway,1994,1.403,Mt
coal-lignite,Norway,1995,1.5230000000000001,Mt
coal-lignite,Norway,1996,1.513,Mt
coal-lignite,Norway,1997,1.504,Mt
coal-lignite,Norway,1998,1.639,Mt
coal-lignite,Norway,1999,1.554,Mt
coal-lignite,Norway,2000,1.5710000000000002,Mt
coal-lignite,Norway,2001,1.401,Mt
coal-lignite,Norway,2002,1.21,Mt
coal-lignite,Norway,2003,1.176,Mt
coal-lignite,Norway,2004,1.347,Mt
coal-lignite,Norway,2005,1.153,Mt
coal-lignite,Norway,2006,1.013,Mt
coal-lignite,Norway,2007,1.12,Mt
coal-lignite,Norway,2008,1.1369999999999991,Mt
coal-lignite,Norway,2009,0.8170000000000001,Mt
coal-lignite,Norway,2010,1.068,Mt
coal-lignite,Norway,2011,1.101968388157894,Mt
coal-lignite,Norway,2012,1.1320000000000001,Mt
coal-lignite,Norway,2013,1.136031611842105,Mt
coal-lignite,Norway,2014,1.157968388157894,Mt
coal-lignite,Norway,2015,1.13,Mt
coal-lignite,Norway,2016,1.16,Mt
coal-lignite,Norway,2017,1.213,Mt
coal-lignite,Norway,2018,1.184854388157895,Mt
coal-lignite,Norway,2019,1.157568,Mt
coal-lignite,Norway,2020,1.145625999999999,Mt
coal-lignite,Norway,2021,1.249585031611842,Mt
coal-lignite,Norway,2022,1.194413,Mt
coal-lignite,Norway,2023,1.079382031611842,Mt
coal-lignite,Norway,2024,1.119418037011212,Mt
coal-lignite,Philippines,1990,2.51,Mt
coal-lignite,Philippines,1991,2.819,Mt
coal-lignite,Philippines,1992,2.589,Mt
coal-lignite,Philippines,1993,2.936,Mt
coal-lignite,Philippines,1994,2.914,Mt
coal-lignite,Philippines,1995,3.149,Mt
coal-lignite,Philippines,1996,4.156,Mt
coal-lignite,Philippines,1997,4.9879999999999995,Mt
coal-lignite,Philippines,1998,5.696,Mt
coal-lignite,Philippines,1999,6.399,Mt
coal-lignite,Philippines,2000,8.383,Mt
coal-lignite,Philippines,2001,8.028,Mt
coal-lignite,Philippines,2002,8.486,Mt
coal-lignite,Philippines,2003,8.493,Mt
coal-lignite,Philippines,2004,9.067,Mt
coal-lignite,Philippines,2005,10.643,Mt
coal-lignite,Philippines,2006,9.547,Mt
coal-lignite,Philippines,2007,10.214843,Mt
coal-lignite,Philippines,2008,12.042791000000001,Mt
coal-lignite,Philippines,2009,11.494,Mt
coal-lignite,Philippines,2010,13.3206,Mt
coal-lignite,Philippines,2011,14.6387,Mt
coal-lignite,Philippines,2012,15.3175,Mt
coal-lignite,Philippines,2013,18.9513,Mt
coal-lignite,Philippines,2014,20.1632,Mt
coal-lignite,Philippines,2015,22.0065,Mt
coal-lignite,Philippines,2016,24.7944,Mt
coal-lignite,Philippines,2017,29.319599999999998,Mt
coal-lignite,Philippines,2018,30.976699999999997,Mt
coal-lignite,Philippines,2019,33.1217,Mt
coal-lignite,Philippines,2020,33.244200000000006,Mt
coal-lignite,Philippines,2021,35.8344,Mt
coal-lignite,Philippines,2022,36.141200000000005,Mt
coal-lignite,Philippines,2023,42.774528802444294,Mt
coal-lignite,Philippines,2024,46.88096393020419,Mt
coal-lignite,Poland,1990,183.76808759153317,Mt
coal-lignite,Poland,1991,183.34949085812357,Mt
coal-lignite,Poland,1992,174.36275000762777,Mt
coal-lignite,Poland,1993,175.86268538138825,Mt
coal-lignite,Poland,1994,170.72648199466056,Mt
coal-lignite,Poland,1995,168.44941770594968,Mt
coal-lignite,Poland,1996,171.25600341914569,Mt
coal-lignite,Poland,1997,164.61625251382534,Mt
coal-lignite,Poland,1998,151.92722525171624,Mt
coal-lignite,Poland,1999,146.27340225400457,Mt
coal-lignite,Poland,2000,141.293,Mt
coal-lignite,Poland,2001,140.62012769641495,Mt
coal-lignite,Poland,2002,136.54846422387487,Mt
coal-lignite,Poland,2003,140.67798357932878,Mt
coal-lignite,Poland,2004,139.597,Mt
coal-lignite,Poland,2005,137.24092055301298,Mt
coal-lignite,Poland,2006,140.23803115369947,Mt
coal-lignite,Poland,2007,137.32583874332573,Mt
coal-lignite,Poland,2008,134.62013280320366,Mt
coal-lignite,Poland,2009,127.52990995804731,Mt
coal-lignite,Poland,2010,133.50097053394356,Mt
coal-lignite,Poland,2011,137.0726309248665,Mt
coal-lignite,Poland,2012,135.22584558161708,Mt
coal-lignite,Poland,2013,136.882,Mt
coal-lignite,Poland,2014,130.47500000000002,Mt
coal-lignite,Poland,2015,129.098,Mt
coal-lignite,Poland,2016,128.17299999999997,Mt
coal-lignite,Poland,2017,129.682604,Mt
coal-lignite,Poland,2018,126.720468,Mt
coal-lignite,Poland,2019,112.77025100000002,Mt
coal-lignite,Poland,2020,103.12541999999998,Mt
coal-lignite,Poland,2021,115.46844399999998,Mt
coal-lignite,Poland,2022,112.98069700000002,Mt
coal-lignite,Poland,2023,89.464143,Mt
coal-lignite,Poland,2024,83.44778882447271,Mt
coal-lignite,Portugal,1990,4.399,Mt
coal-lignite,Portugal,1991,4.619,Mt
coal-lignite,Portugal,1992,4.713,Mt
coal-lignite,Portugal,1993,4.982,Mt
coal-lignite,Portugal,1994,5.236,Mt
coal-lignite,Portugal,1995,5.671999999999999,Mt
coal-lignite,Portugal,1996,5.438,Mt
coal-lignite,Portugal,1997,5.464000000000001,Mt
coal-lignite,Portugal,1998,4.985,Mt
coal-lignite,Portugal,1999,6.083,Mt
coal-lignite,Portugal,2000,6.101999999999999,Mt
coal-lignite,Portugal,2001,5.157000000000001,Mt
coal-lignite,Portugal,2002,5.689,Mt
coal-lignite,Portugal,2003,5.364,Mt
coal-lignite,Portugal,2004,5.424,Mt
coal-lignite,Portugal,2005,5.459,Mt
coal-lignite,Portugal,2006,5.46,Mt
coal-lignite,Portugal,2007,4.725,Mt
coal-lignite,Portugal,2008,4.145,Mt
coal-lignite,Portugal,2009,4.671,Mt
coal-lignite,Portugal,2010,2.688,Mt
coal-lignite,Portugal,2011,3.721,Mt
coal-lignite,Portugal,2012,4.865,Mt
coal-lignite,Portugal,2013,4.438,Mt
coal-lignite,Portugal,2014,4.529,Mt
coal-lignite,Portugal,2015,5.513,Mt
coal-lignite,Portugal,2016,4.811,Mt
coal-lignite,Portugal,2017,5.453806,Mt
coal-lignite,Portugal,2018,4.552338,Mt
coal-lignite,Portugal,2019,2.11613,Mt
coal-lignite,Portugal,2020,0.9572450000000001,Mt
coal-lignite,Portugal,2021,0.32847000000000004,Mt
coal-lignite,Portugal,2022,0.009304,Mt
coal-lignite,Portugal,2023,0.006887,Mt
coal-lignite,Portugal,2024,0.008657942857142,Mt
coal-lignite,Romania,1990,46.953,Mt
coal-lignite,Romania,1991,39.661,Mt
coal-lignite,Romania,1992,43.853529612890924,Mt
coal-lignite,Romania,1993,44.96530362318841,Mt
coal-lignite,Romania,1994,43.84502408371472,Mt
coal-lignite,Romania,1995,45.01086647787948,Mt
coal-lignite,Romania,1996,45.335213995995424,Mt
coal-lignite,Romania,1997,37.80102387156751,Mt
coal-lignite,Romania,1998,31.361963985030506,Mt
coal-lignite,Romania,1999,27.956000000000003,Mt
coal-lignite,Romania,2000,32.00671653508772,Mt
coal-lignite,Romania,2001,34.42283336146072,Mt
coal-lignite,Romania,2002,34.81252961289093,Mt
coal-lignite,Romania,2003,37.95456534801678,Mt
coal-lignite,Romania,2004,36.20240258199848,Mt
coal-lignite,Romania,2005,36.44096351258581,Mt
coal-lignite,Romania,2006,41.42599196557971,Mt
coal-lignite,Romania,2007,40.406524283943554,Mt
coal-lignite,Romania,2008,40.481117535278415,Mt
coal-lignite,Romania,2009,35.152,Mt
coal-lignite,Romania,2010,33.05006322368421,Mt
coal-lignite,Romania,2011,39.476,Mt
coal-lignite,Romania,2012,35.76100000000002,Mt
coal-lignite,Romania,2013,27.285000000000004,Mt
coal-lignite,Romania,2014,27.264,Mt
coal-lignite,Romania,2015,28.411000000000005,Mt
coal-lignite,Romania,2016,25.285,Mt
coal-lignite,Romania,2017,27.064688999999998,Mt
coal-lignite,Romania,2018,26.16886814378289,Mt
coal-lignite,Romania,2019,23.558120591348686,Mt
coal-lignite,Romania,2020,17.23042296838816,Mt
coal-lignite,Romania,2021,19.732681083256576,Mt
coal-lignite,Romania,2022,19.92669477871711,Mt
coal-lignite,Romania,2023,15.424420430986842,Mt
coal-lignite,Romania,2024,10.64293091697972,Mt
coal-lignite,Russia,1992,341.78400000000005,Mt
coal-lignite,Russia,1993,291.779,Mt
coal-lignite,Russia,1994,258.76,Mt
coal-lignite,Russia,1995,263.085,Mt
coal-lignite,Russia,1996,263.82199999999995,Mt
coal-lignite,Russia,1997,233.65700000000004,Mt
coal-lignite,Russia,1998,224.625,Mt
coal-lignite,Russia,1999,230.56699999999998,Mt
coal-lignite,Russia,2000,231.98,Mt
coal-lignite,Russia,2001,226.391,Mt
coal-lignite,Russia,2002,219.918,Mt
coal-lignite,Russia,2003,222.52299999999997,Mt
coal-lignite,Russia,2004,215.06899999999996,Mt
coal-lignite,Russia,2005,213.47299999999998,Mt
coal-lignite,Russia,2006,219.46100000000004,Mt
coal-lignite,Russia,2007,210.197,Mt
coal-lignite,Russia,2008,227.49823076252068,Mt
coal-lignite,Russia,2009,203.43600000000004,Mt
coal-lignite,Russia,2010,212.38999999999996,Mt
coal-lignite,Russia,2011,220.94200000000004,Mt
coal-lignite,Russia,2012,231.77299999999997,Mt
coal-lignite,Russia,2013,207.26065384652662,Mt
coal-lignite,Russia,2014,199.126,Mt
coal-lignite,Russia,2015,221.92299999999997,Mt
coal-lignite,Russia,2016,215.08999999999995,Mt
coal-lignite,Russia,2017,214.25810499999997,Mt
coal-lignite,Russia,2018,239.06628600000002,Mt
coal-lignite,Russia,2019,235.04262160420117,Mt
coal-lignite,Russia,2020,224.66886629539977,Mt
coal-lignite,Russia,2021,234.57853703461535,Mt
coal-lignite,Russia,2022,233.64175003461528,Mt
coal-lignite,Russia,1990,388.194,Mt
coal-lignite,Russia,1991,365.58,Mt
coal-lignite,Russia,2023,232.92335067447124,Mt
coal-lignite,Russia,2024,228.73073036233075,Mt
coal-lignite,Saudi Arabia,1990,0.0,Mt
coal-lignite,Saudi Arabia,1991,0.0,Mt
coal-lignite,Saudi Arabia,1992,0.0,Mt
coal-lignite,Saudi Arabia,1993,0.0,Mt
coal-lignite,Saudi Arabia,1994,0.0,Mt
coal-lignite,Saudi Arabia,1995,0.0,Mt
coal-lignite,Saudi Arabia,1996,0.0,Mt
coal-lignite,Saudi Arabia,1997,0.0,Mt
coal-lignite,Saudi Arabia,1998,0.0,Mt
coal-lignite,Saudi Arabia,1999,0.0,Mt
coal-lignite,Saudi Arabia,2000,0.0,Mt
coal-lignite,Saudi Arabia,2001,0.0,Mt
coal-lignite,Saudi Arabia,2002,0.0,Mt
coal-lignite,Saudi Arabia,2003,0.0,Mt
coal-lignite,Saudi Arabia,2004,0.0,Mt
coal-lignite,Saudi Arabia,2005,0.0,Mt
coal-lignite,Saudi Arabia,2006,0.0,Mt
coal-lignite,Saudi Arabia,2007,0.0,Mt
coal-lignite,Saudi Arabia,2008,0.0,Mt
coal-lignite,Saudi Arabia,2009,0.0,Mt
coal-lignite,Saudi Arabia,2010,0.0,Mt
coal-lignite,Saudi Arabia,2011,0.0,Mt
coal-lignite,Saudi Arabia,2012,0.0,Mt
coal-lignite,Saudi Arabia,2013,0.0,Mt
coal-lignite,Saudi Arabia,2014,0.0,Mt
coal-lignite,Saudi Arabia,2015,0.0,Mt
coal-lignite,Saudi Arabia,2016,0.13654000000000002,Mt
coal-lignite,Saudi Arabia,2017,0.20593000000000003,Mt
coal-lignite,Saudi Arabia,2018,0.18108000000000002,Mt
coal-lignite,Saudi Arabia,2019,0.19256,Mt
coal-lignite,Saudi Arabia,2020,0.16255,Mt
coal-lignite,Saudi Arabia,2021,0.19849000000000003,Mt
coal-lignite,Saudi Arabia,2022,0.192825,Mt
coal-lignite,Saudi Arabia,2023,0.192825,Mt
coal-lignite,Saudi Arabia,2024,0.192825,Mt
coal-lignite,Singapore,1990,0.034,Mt
coal-lignite,Singapore,1991,0.02,Mt
coal-lignite,Singapore,1992,0.028,Mt
coal-lignite,Singapore,1993,0.031,Mt
coal-lignite,Singapore,1994,0.037,Mt
coal-lignite,Singapore,1995,0.018000000000000002,Mt
coal-lignite,Singapore,1996,0.001,Mt
coal-lignite,Singapore,1997,0.0,Mt
coal-lignite,Singapore,1998,0.0,Mt
coal-lignite,Singapore,1999,0.0,Mt
coal-lignite,Singapore,2000,0.0,Mt
coal-lignite,Singapore,2001,0.0,Mt
coal-lignite,Singapore,2002,0.0,Mt
coal-lignite,Singapore,2003,0.012400000000000001,Mt
coal-lignite,Singapore,2004,0.0089,Mt
coal-lignite,Singapore,2005,0.003,Mt
coal-lignite,Singapore,2006,0.007,Mt
coal-lignite,Singapore,2007,0.012400000000000001,Mt
coal-lignite,Singapore,2008,0.0064,Mt
coal-lignite,Singapore,2009,0.010658472054263,Mt
coal-lignite,Singapore,2010,0.020456369999999002,Mt
coal-lignite,Singapore,2011,0.012961701999999001,Mt
coal-lignite,Singapore,2012,0.0403709,Mt
coal-lignite,Singapore,2013,0.429460357,Mt
coal-lignite,Singapore,2014,0.6321716890000001,Mt
coal-lignite,Singapore,2015,0.660141985,Mt
coal-lignite,Singapore,2016,0.6913480620000001,Mt
coal-lignite,Singapore,2017,1.457586434193798,Mt
coal-lignite,Singapore,2018,0.7747213175038761,Mt
coal-lignite,Singapore,2019,0.743112791,Mt
coal-lignite,Singapore,2020,0.7028294572403101,Mt
coal-lignite,Singapore,2021,0.75302,Mt
coal-lignite,Singapore,2022,0.952857,Mt
coal-lignite,Singapore,2023,0.5443,Mt
coal-lignite,Singapore,2024,0.5459400000000001,Mt
coal-lignite,South Africa,1990,134.065,Mt
coal-lignite,South Africa,1991,131.241,Mt
coal-lignite,South Africa,1992,134.86083333333335,Mt
coal-lignite,South Africa,1993,135.14684810225472,Mt
coal-lignite,South Africa,1994,139.92088760660567,Mt
coal-lignite,South Africa,1995,148.64793040344844,Mt
coal-lignite,South Africa,1996,147.69019706492645,Mt
coal-lignite,South Africa,1997,148.53835715264574,Mt
coal-lignite,South Africa,1998,158.25136184210527,Mt
coal-lignite,South Africa,1999,148.53717105263158,Mt
coal-lignite,South Africa,2000,152.7288092105263,Mt
coal-lignite,South Africa,2001,166.95028947368422,Mt
coal-lignite,South Africa,2002,173.63040789473686,Mt
coal-lignite,South Africa,2003,174.677826754386,Mt
coal-lignite,South Africa,2004,182.36,Mt
coal-lignite,South Africa,2005,179.117,Mt
coal-lignite,South Africa,2006,181.17,Mt
coal-lignite,South Africa,2007,186.25000000000003,Mt
coal-lignite,South Africa,2008,201.077,Mt
coal-lignite,South Africa,2009,198.06,Mt
coal-lignite,South Africa,2010,193.378,Mt
coal-lignite,South Africa,2011,182.391,Mt
coal-lignite,South Africa,2012,190.148,Mt
coal-lignite,South Africa,2013,192.461,Mt
coal-lignite,South Africa,2014,199.625,Mt
coal-lignite,South Africa,2015,185.683,Mt
coal-lignite,South Africa,2016,191.441,Mt
coal-lignite,South Africa,2017,188.512,Mt
coal-lignite,South Africa,2018,190.559312,Mt
coal-lignite,South Africa,2019,196.660812,Mt
coal-lignite,South Africa,2020,190.08284099999997,Mt
coal-lignite,South Africa,2021,184.96365199999997,Mt
coal-lignite,South Africa,2022,174.967961,Mt
coal-lignite,South Africa,2023,166.473084775883,Mt
coal-lignite,South Africa,2024,177.60474835342643,Mt
coal-lignite,South Korea,1990,46.27303461534734,Mt
coal-lignite,South Korea,1991,46.288,Mt
coal-lignite,South Korea,1992,43.10999949095078,Mt
coal-lignite,South Korea,1993,46.01203461534734,Mt
coal-lignite,South Korea,1994,46.773,Mt
coal-lignite,South Korea,1995,47.69199949095077,Mt
coal-lignite,South Korea,1996,54.54399949095078,Mt
coal-lignite,South Korea,1997,57.52603512439657,Mt
coal-lignite,South Korea,1998,59.22803512439656,Mt
coal-lignite,South Korea,1999,62.50693076930532,Mt
coal-lignite,South Korea,2000,70.02193076930531,Mt
coal-lignite,South Korea,2001,74.306,Mt
coal-lignite,South Korea,2002,79.04,Mt
coal-lignite,South Korea,2003,82.07893026025609,Mt
coal-lignite,South Korea,2004,86.70096538465265,Mt
coal-lignite,South Korea,2005,88.06506973974389,Mt
coal-lignite,South Korea,2006,91.1599302602561,Mt
coal-lignite,South Korea,2007,97.902,Mt
coal-lignite,South Korea,2008,108.69303461534733,Mt
coal-lignite,South Korea,2009,113.16503512439657,Mt
coal-lignite,South Korea,2010,126.3010697397439,Mt
coal-lignite,South Korea,2011,136.68396538465262,Mt
coal-lignite,South Korea,2012,133.537,Mt
coal-lignite,South Korea,2013,133.37,Mt
coal-lignite,South Korea,2014,136.97806923069467,Mt
coal-lignite,South Korea,2015,139.41096538465266,Mt
coal-lignite,South Korea,2016,133.88103461534735,Mt
coal-lignite,South Korea,2017,145.09519393026025,Mt
coal-lignite,South Korea,2018,148.077922,Mt
coal-lignite,South Korea,2019,138.56468600000002,Mt
coal-lignite,South Korea,2020,121.9335930351244,Mt
coal-lignite,South Korea,2021,122.596452,Mt
coal-lignite,South Korea,2022,115.45633603512441,Mt
coal-lignite,South Korea,2023,111.81619948766257,Mt
coal-lignite,South Korea,2024,104.67040703353248,Mt
coal-lignite,Spain,1990,47.563,Mt
coal-lignite,Spain,1991,47.71999999999999,Mt
coal-lignite,Spain,1992,47.22200000000001,Mt
coal-lignite,Spain,1993,44.527,Mt
coal-lignite,Spain,1994,43.196,Mt
coal-lignite,Spain,1995,43.395,Mt
coal-lignite,Spain,1996,37.04599999999999,Mt
coal-lignite,Spain,1997,40.967,Mt
coal-lignite,Spain,1998,39.519,Mt
coal-lignite,Spain,1999,43.398,Mt
coal-lignite,Spain,2000,45.73599999999999,Mt
coal-lignite,Spain,2001,41.613,Mt
coal-lignite,Spain,2002,45.908,Mt
coal-lignite,Spain,2003,42.48663231884057,Mt
coal-lignite,Spain,2004,44.67399999999999,Mt
coal-lignite,Spain,2005,43.898,Mt
coal-lignite,Spain,2006,38.815999999999995,Mt
coal-lignite,Spain,2007,41.489000000000004,Mt
coal-lignite,Spain,2008,25.661,Mt
coal-lignite,Spain,2009,18.732999999999997,Mt
coal-lignite,Spain,2010,14.511,Mt
coal-lignite,Spain,2011,24.694,Mt
coal-lignite,Spain,2012,28.449000000000005,Mt
coal-lignite,Spain,2013,21.150000000000002,Mt
coal-lignite,Spain,2014,23.078000000000003,Mt
coal-lignite,Spain,2015,26.057999999999996,Mt
coal-lignite,Spain,2016,19.825000000000003,Mt
coal-lignite,Spain,2017,24.068999999999996,Mt
coal-lignite,Spain,2018,20.887,Mt
coal-lignite,Spain,2019,8.955,Mt
coal-lignite,Spain,2020,4.963,Mt
coal-lignite,Spain,2021,5.175238,Mt
coal-lignite,Spain,2022,6.194441834471301,Mt
coal-lignite,Spain,2023,4.24926293937786,Mt
coal-lignite,Spain,2024,3.724106855768308,Mt
coal-lignite,Sweden,1990,4.878,Mt
coal-lignite,Sweden,1991,4.906000000000001,Mt
coal-lignite,Sweden,1992,4.577000000000001,Mt
coal-lignite,Sweden,1993,4.653999999999999,Mt
coal-lignite,Sweden,1994,4.694,Mt
coal-lignite,Sweden,1995,4.734,Mt
coal-lignite,Sweden,1996,5.173,Mt
coal-lignite,Sweden,1997,4.412,Mt
coal-lignite,Sweden,1998,4.462,Mt
coal-lignite,Sweden,1999,4.187,Mt
coal-lignite,Sweden,2000,4.166,Mt
coal-lignite,Sweden,2001,4.554999999999999,Mt
coal-lignite,Sweden,2002,5.009,Mt
coal-lignite,Sweden,2003,4.922,Mt
coal-lignite,Sweden,2004,5.097,Mt
coal-lignite,Sweden,2005,4.563,Mt
coal-lignite,Sweden,2006,4.899,Mt
coal-lignite,Sweden,2007,4.610585757055683,Mt
coal-lignite,Sweden,2008,4.775800833333333,Mt
coal-lignite,Sweden,2009,3.513510076754385,Mt
coal-lignite,Sweden,2010,4.6379853585049595,Mt
coal-lignite,Sweden,2011,4.183278319031275,Mt
coal-lignite,Sweden,2012,3.530678422482838,Mt
coal-lignite,Sweden,2013,3.565697408943554,Mt
coal-lignite,Sweden,2014,3.248284415045766,Mt
coal-lignite,Sweden,2015,3.17632394546148,Mt
coal-lignite,Sweden,2016,3.14006247139588,Mt
coal-lignite,Sweden,2017,3.1194793764302062,Mt
coal-lignite,Sweden,2018,3.225051895499618,Mt
coal-lignite,Sweden,2019,3.082663810068649,Mt
coal-lignite,Sweden,2020,2.445999999999999,Mt
coal-lignite,Sweden,2021,2.501968388157895,Mt
coal-lignite,Sweden,2022,2.3627915064836,Mt
coal-lignite,Sweden,2023,2.383484131388253,Mt
coal-lignite,Sweden,2024,2.37315707709281,Mt
coal-lignite,Taiwan,1990,17.30903461534734,Mt
coal-lignite,Taiwan,1991,19.0149302602561,Mt
coal-lignite,Taiwan,1992,21.930964875603436,Mt
coal-lignite,Taiwan,1993,23.945930769305324,Mt
coal-lignite,Taiwan,1994,25.088034615347336,Mt
coal-lignite,Taiwan,1995,25.924965384652662,Mt
coal-lignite,Taiwan,1996,29.634035124396565,Mt
coal-lignite,Taiwan,1997,33.89096487560344,Mt
coal-lignite,Taiwan,1998,36.70303512439656,Mt
coal-lignite,Taiwan,1999,39.236035124396565,Mt
coal-lignite,Taiwan,2000,45.78503410629811,Mt
coal-lignite,Taiwan,2001,49.27203512439657,Mt
coal-lignite,Taiwan,2002,52.294964875603426,Mt
coal-lignite,Taiwan,2003,56.714964875603435,Mt
coal-lignite,Taiwan,2004,58.43699949095078,Mt
coal-lignite,Taiwan,2005,60.611035124396565,Mt
coal-lignite,Taiwan,2006,63.29896538465266,Mt
coal-lignite,Taiwan,2007,65.99696487560344,Mt
coal-lignite,Taiwan,2008,63.50596487560344,Mt
coal-lignite,Taiwan,2009,61.08396487560344,Mt
coal-lignite,Taiwan,2010,64.11596487560344,Mt
coal-lignite,Taiwan,2011,68.35803410629812,Mt
coal-lignite,Taiwan,2012,68.17703461534734,Mt
coal-lignite,Taiwan,2013,68.95700050904922,Mt
coal-lignite,Taiwan,2014,69.21496487560344,Mt
coal-lignite,Taiwan,2015,66.112,Mt
coal-lignite,Taiwan,2016,67.48103461534734,Mt
coal-lignite,Taiwan,2017,68.9698710351244,Mt
coal-lignite,Taiwan,2018,67.38032296538465,Mt
coal-lignite,Taiwan,2019,64.51305403512438,Mt
coal-lignite,Taiwan,2020,63.377427964875594,Mt
coal-lignite,Taiwan,2021,65.45436999949095,Mt
coal-lignite,Taiwan,2022,61.23938400000001,Mt
coal-lignite,Taiwan,2023,58.08323765955439,Mt
coal-lignite,Taiwan,2024,55.40833266301488,Mt
coal-lignite,Thailand,1990,12.783,Mt
coal-lignite,Thailand,1991,15.067,Mt
coal-lignite,Thailand,1992,16.083,Mt
coal-lignite,Thailand,1993,16.807,Mt
coal-lignite,Thailand,1994,18.607,Mt
coal-lignite,Thailand,1995,20.925,Mt
coal-lignite,Thailand,1996,25.016,Mt
coal-lignite,Thailand,1997,26.025,Mt
coal-lignite,Thailand,1998,22.375,Mt
coal-lignite,Thailand,1999,22.881,Mt
coal-lignite,Thailand,2000,23.304,Mt
coal-lignite,Thailand,2001,26.717,Mt
coal-lignite,Thailand,2002,26.518,Mt
coal-lignite,Thailand,2003,26.789,Mt
coal-lignite,Thailand,2004,30.287,Mt
coal-lignite,Thailand,2005,29.594,Mt
coal-lignite,Thailand,2006,30.008,Mt
coal-lignite,Thailand,2007,32.235,Mt
coal-lignite,Thailand,2008,34.429,Mt
coal-lignite,Thailand,2009,32.814,Mt
coal-lignite,Thailand,2010,34.193,Mt
coal-lignite,Thailand,2011,36.883,Mt
coal-lignite,Thailand,2012,36.216,Mt
coal-lignite,Thailand,2013,37.673,Mt
coal-lignite,Thailand,2014,36.122,Mt
coal-lignite,Thailand,2015,35.929,Mt
coal-lignite,Thailand,2016,34.582,Mt
coal-lignite,Thailand,2017,35.759001000000005,Mt
coal-lignite,Thailand,2018,31.677,Mt
coal-lignite,Thailand,2019,31.602,Mt
coal-lignite,Thailand,2020,32.681,Mt
coal-lignite,Thailand,2021,30.362,Mt
coal-lignite,Thailand,2022,32.926,Mt
coal-lignite,Thailand,2023,28.406710878203114,Mt
coal-lignite,Thailand,2024,27.258777538011344,Mt
coal-lignite,Turkiye,1990,54.45199999999999,Mt
coal-lignite,Turkiye,1991,57.877,Mt
coal-lignite,Turkiye,1992,59.828,Mt
coal-lignite,Turkiye,1993,54.862,Mt
coal-lignite,Turkiye,1994,59.493,Mt
coal-lignite,Turkiye,1995,61.089,Mt
coal-lignite,Turkiye,1996,66.479,Mt
coal-lignite,Turkiye,1997,72.661,Mt
coal-lignite,Turkiye,1998,78.256,Mt
coal-lignite,Turkiye,1999,75.898,Mt
coal-lignite,Turkiye,2000,80.555,Mt
coal-lignite,Turkiye,2001,72.809,Mt
coal-lignite,Turkiye,2002,66.426,Mt
coal-lignite,Turkiye,2003,64.451,Mt
coal-lignite,Turkiye,2004,64.787,Mt
coal-lignite,Turkiye,2005,77.259,Mt
coal-lignite,Turkiye,2006,84.161,Mt
coal-lignite,Turkiye,2007,98.93299999999998,Mt
coal-lignite,Turkiye,2008,98.79493769260105,Mt
coal-lignite,Turkiye,2009,100.4789376926011,Mt
coal-lignite,Turkiye,2010,94.936,Mt
coal-lignite,Turkiye,2011,100.891,Mt
coal-lignite,Turkiye,2012,99.119,Mt
coal-lignite,Turkiye,2013,84.415,Mt
coal-lignite,Turkiye,2014,96.829,Mt
coal-lignite,Turkiye,2015,92.60500000000002,Mt
coal-lignite,Turkiye,2016,106.832,Mt
coal-lignite,Turkiye,2017,112.41679699999999,Mt
coal-lignite,Turkiye,2018,122.27344599999998,Mt
coal-lignite,Turkiye,2019,124.68011600000001,Mt
coal-lignite,Turkiye,2020,113.219902,Mt
coal-lignite,Turkiye,2021,125.60747230795576,Mt
coal-lignite,Turkiye,2022,129.50340315217153,Mt
coal-lignite,Turkiye,2023,106.7821492652269,Mt
coal-lignite,Turkiye,2024,118.87816212787655,Mt
coal-lignite,United Arab Emirates,1990,0.0,Mt
coal-lignite,United Arab Emirates,1991,0.0,Mt
coal-lignite,United Arab Emirates,1992,0.0,Mt
coal-lignite,United Arab Emirates,1993,0.0,Mt
coal-lignite,United Arab Emirates,1994,0.0,Mt
coal-lignite,United Arab Emirates,1995,0.0,Mt
coal-lignite,United Arab Emirates,1996,0.0,Mt
coal-lignite,United Arab Emirates,1997,0.0,Mt
coal-lignite,United Arab Emirates,1998,0.0,Mt
coal-lignite,United Arab Emirates,1999,0.0,Mt
coal-lignite,United Arab Emirates,2000,0.0,Mt
coal-lignite,United Arab Emirates,2001,0.03,Mt
coal-lignite,United Arab Emirates,2002,0.153,Mt
coal-lignite,United Arab Emirates,2003,0.18,Mt
coal-lignite,United Arab Emirates,2004,0.20400000000000001,Mt
coal-lignite,United Arab Emirates,2005,0.23600000000000002,Mt
coal-lignite,United Arab Emirates,2006,0.457,Mt
coal-lignite,United Arab Emirates,2007,0.22,Mt
coal-lignite,United Arab Emirates,2008,0.5888,Mt
coal-lignite,United Arab Emirates,2009,0.40942,Mt
coal-lignite,United Arab Emirates,2010,0.9728100000000001,Mt
coal-lignite,United Arab Emirates,2011,0.6589700000000001,Mt
coal-lignite,United Arab Emirates,2012,2.094337,Mt
coal-lignite,United Arab Emirates,2013,2.6596515,Mt
coal-lignite,United Arab Emirates,2014,2.942044,Mt
coal-lignite,United Arab Emirates,2015,2.5806664,Mt
coal-lignite,United Arab Emirates,2016,2.783829,Mt
coal-lignite,United Arab Emirates,2017,3.214480999999999,Mt
coal-lignite,United Arab Emirates,2018,2.896927,Mt
coal-lignite,United Arab Emirates,2019,2.6751300000000002,Mt
coal-lignite,United Arab Emirates,2020,3.212493,Mt
coal-lignite,United Arab Emirates,2021,4.059694,Mt
coal-lignite,United Arab Emirates,2022,1.55273,Mt
coal-lignite,United Arab Emirates,2023,1.3053641188933809,Mt
coal-lignite,United Arab Emirates,2024,1.095382654787055,Mt
coal-lignite,United Kingdom,1990,106.681,Mt
coal-lignite,United Kingdom,1991,106.09196487560344,Mt
coal-lignite,United Kingdom,1992,100.05655362792868,Mt
coal-lignite,United Kingdom,1993,87.34408470041558,Mt
coal-lignite,United Kingdom,1994,82.11848119535512,Mt
coal-lignite,United Kingdom,1995,77.21378139056121,Mt
coal-lignite,United Kingdom,1996,72.16464478870833,Mt
coal-lignite,United Kingdom,1997,63.517862348772674,Mt
coal-lignite,United Kingdom,1998,63.59337092771819,Mt
coal-lignite,United Kingdom,1999,56.51315289362721,Mt
coal-lignite,United Kingdom,2000,60.101984961789945,Mt
coal-lignite,United Kingdom,2001,63.85492121587669,Mt
coal-lignite,United Kingdom,2002,59.013664645374725,Mt
coal-lignite,United Kingdom,2003,63.7428823999366,Mt
coal-lignite,United Kingdom,2004,61.33302951141618,Mt
coal-lignite,United Kingdom,2005,62.49559597813645,Mt
coal-lignite,United Kingdom,2006,68.22854761846003,Mt
coal-lignite,United Kingdom,2007,63.82151537544499,Mt
coal-lignite,United Kingdom,2008,59.13594772145902,Mt
coal-lignite,United Kingdom,2009,48.74297396469772,Mt
coal-lignite,United Kingdom,2010,50.73364132823242,Mt
coal-lignite,United Kingdom,2011,50.53446621529882,Mt
coal-lignite,United Kingdom,2012,63.79921498199473,Mt
coal-lignite,United Kingdom,2013,60.80406561294292,Mt
coal-lignite,United Kingdom,2014,48.91466645425061,Mt
coal-lignite,United Kingdom,2015,38.53183580442117,Mt
coal-lignite,United Kingdom,2016,19.13501651689624,Mt
coal-lignite,United Kingdom,2017,15.411704655703295,Mt
coal-lignite,United Kingdom,2018,12.97409591946149,Mt
coal-lignite,United Kingdom,2019,8.83894782624415,Mt
coal-lignite,United Kingdom,2020,8.025480042578506,Mt
coal-lignite,United Kingdom,2021,8.336249717819355,Mt
coal-lignite,United Kingdom,2022,7.642661803112955,Mt
coal-lignite,United Kingdom,2023,6.540022035547851,Mt
coal-lignite,United Kingdom,2024,3.599883899806818,Mt
coal-lignite,United States,1990,819.284,Mt
coal-lignite,United States,1991,815.864,Mt
coal-lignite,United States,1992,825.695,Mt
coal-lignite,United States,1993,856.313,Mt
coal-lignite,United States,1994,862.4570000000001,Mt
coal-lignite,United States,1995,871.751,Mt
coal-lignite,United States,1996,912.817,Mt
coal-lignite,United States,1997,937.4369999999999,Mt
coal-lignite,United States,1998,944.0179999999999,Mt
coal-lignite,United States,1999,947.212,Mt
coal-lignite,United States,2000,982.8040000000001,Mt
coal-lignite,United States,2001,961.748,Mt
coal-lignite,United States,2002,970.257,Mt
coal-lignite,United States,2003,995.129,Mt
coal-lignite,United States,2004,1005.558,Mt
coal-lignite,United States,2005,1018.2029653846523,Mt
coal-lignite,United States,2006,1008.6559999999997,Mt
coal-lignite,United States,2007,1020.9910346153475,Mt
coal-lignite,United States,2008,1017.7770000000002,Mt
coal-lignite,United States,2009,904.153,Mt
coal-lignite,United States,2010,953.574,Mt
coal-lignite,United States,2011,910.229,Mt
coal-lignite,United States,2012,806.9269999999998,Mt
coal-lignite,United States,2013,837.121,Mt
coal-lignite,United States,2014,830.644,Mt
coal-lignite,United States,2015,721.973,Mt
coal-lignite,United States,2016,663.2719999999999,Mt
coal-lignite,United States,2017,650.3189999999998,Mt
coal-lignite,United States,2018,624.7912027189378,Mt
coal-lignite,United States,2019,532.9991931223622,Mt
coal-lignite,United States,2020,433.3096819022249,Mt
coal-lignite,United States,2021,494.93191340712264,Mt
coal-lignite,United States,2022,465.708,Mt
coal-lignite,United States,2023,384.78614949400185,Mt
coal-lignite,United States,2024,370.78602451108634,Mt
coal-lignite,Uzbekistan,1992,6.712,Mt
coal-lignite,Uzbekistan,1993,5.193,Mt
coal-lignite,Uzbekistan,1994,5.238,Mt
coal-lignite,Uzbekistan,1995,3.028,Mt
coal-lignite,Uzbekistan,1996,3.3970000000000002,Mt
coal-lignite,Uzbekistan,1997,2.792,Mt
coal-lignite,Uzbekistan,1998,2.92,Mt
coal-lignite,Uzbekistan,1999,2.898,Mt
coal-lignite,Uzbekistan,2000,2.507,Mt
coal-lignite,Uzbekistan,2001,2.644,Mt
coal-lignite,Uzbekistan,2002,2.669,Mt
coal-lignite,Uzbekistan,2003,1.866,Mt
coal-lignite,Uzbekistan,2004,3.296,Mt
coal-lignite,Uzbekistan,2005,3.185,Mt
coal-lignite,Uzbekistan,2006,3.4130000000000003,Mt
coal-lignite,Uzbekistan,2007,3.608,Mt
coal-lignite,Uzbekistan,2008,3.518,Mt
coal-lignite,Uzbekistan,2009,3.817,Mt
coal-lignite,Uzbekistan,2010,3.713,Mt
coal-lignite,Uzbekistan,2011,3.9050000000000002,Mt
coal-lignite,Uzbekistan,2012,3.944,Mt
coal-lignite,Uzbekistan,2013,5.717293999999999,Mt
coal-lignite,Uzbekistan,2014,5.26451939,Mt
coal-lignite,Uzbekistan,2015,4.235626,Mt
coal-lignite,Uzbekistan,2016,5.004702246,Mt
coal-lignite,Uzbekistan,2017,4.7258958,Mt
coal-lignite,Uzbekistan,2018,6.752734,Mt
coal-lignite,Uzbekistan,2019,5.6980601,Mt
coal-lignite,Uzbekistan,2020,8.004366,Mt
coal-lignite,Uzbekistan,2021,6.838308,Mt
coal-lignite,Uzbekistan,2022,8.159961000000001,Mt
coal-lignite,Uzbekistan,1990,8.94,Mt
coal-lignite,Uzbekistan,1991,9.29,Mt
coal-lignite,Uzbekistan,2023,10.770166358824005,Mt
coal-lignite,Uzbekistan,2024,12.377817100410775,Mt
coal-lignite,Vietnam,1990,3.691,Mt
coal-lignite,Vietnam,1991,4.326,Mt
coal-lignite,Vietnam,1992,4.021,Mt
coal-lignite,Vietnam,1993,3.943,Mt
coal-lignite,Vietnam,1994,4.212,Mt
coal-lignite,Vietnam,1995,4.808,Mt
coal-lignite,Vietnam,1996,5.671,Mt
coal-lignite,Vietnam,1997,8.114,Mt
coal-lignite,Vietnam,1998,8.172,Mt
coal-lignite,Vietnam,1999,7.549,Mt
coal-lignite,Vietnam,2000,7.808,Mt
coal-lignite,Vietnam,2001,8.972,Mt
coal-lignite,Vietnam,2002,9.850999999999999,Mt
coal-lignite,Vietnam,2003,10.4,Mt
coal-lignite,Vietnam,2004,13.114,Mt
coal-lignite,Vietnam,2005,14.574,Mt
coal-lignite,Vietnam,2006,15.547,Mt
coal-lignite,Vietnam,2007,16.654,Mt
coal-lignite,Vietnam,2008,20.638,Mt
coal-lignite,Vietnam,2009,22.506,Mt
coal-lignite,Vietnam,2010,27.272,Mt
coal-lignite,Vietnam,2011,30.997,Mt
coal-lignite,Vietnam,2012,28.118,Mt
coal-lignite,Vietnam,2013,30.45,Mt
coal-lignite,Vietnam,2014,32.763,Mt
coal-lignite,Vietnam,2015,38.134,Mt
coal-lignite,Vietnam,2016,38.726,Mt
coal-lignite,Vietnam,2017,38.128,Mt
coal-lignite,Vietnam,2018,71.29982142857142,Mt
coal-lignite,Vietnam,2019,96.07235714285714,Mt
coal-lignite,Vietnam,2020,101.96326785714284,Mt
coal-lignite,Vietnam,2021,99.31308014285713,Mt
coal-lignite,Vietnam,2022,95.22253533242856,Mt
coal-lignite,Vietnam,2023,118.0132986575584,Mt
coal-lignite,Vietnam,2024,130.75970519530875,Mt
oil-products,Algeria,1990,8.072358570960342,Mt
oil-products,Algeria,1991,8.484124221566699,Mt
oil-products,Algeria,1992,9.088171091445426,Mt
oil-products,Algeria,1993,8.416735496558506,Mt
oil-products,Algeria,1994,7.718124221566699,Mt
oil-products,Algeria,1995,7.424627990822681,Mt
oil-products,Algeria,1996,7.293714847590954,Mt
oil-products,Algeria,1997,7.050110455588332,Mt
oil-products,Algeria,1998,7.524063585709604,Mt
oil-products,Algeria,1999,7.922344149459193,Mt
oil-products,Algeria,2000,9.58588921665028,Mt
oil-products,Algeria,2001,8.310452966240577,Mt
oil-products,Algeria,2002,9.127279252704033,Mt
oil-products,Algeria,2003,9.451647984267453,Mt
oil-products,Algeria,2004,9.922647984267453,Mt
oil-products,Algeria,2005,10.927104228121927,Mt
oil-products,Algeria,2006,10.504,Mt
oil-products,Algeria,2007,11.656,Mt
oil-products,Algeria,2008,12.969,Mt
oil-products,Algeria,2009,14.004,Mt
oil-products,Algeria,2010,14.113,Mt
oil-products,Algeria,2011,14.83,Mt
oil-products,Algeria,2012,16.268,Mt
oil-products,Algeria,2013,17.171,Mt
oil-products,Algeria,2014,17.752,Mt
oil-products,Algeria,2015,18.215,Mt
oil-products,Algeria,2016,17.854,Mt
oil-products,Algeria,2017,17.402,Mt
oil-products,Algeria,2018,17.8082,Mt
oil-products,Algeria,2019,18.3063,Mt
oil-products,Algeria,2020,15.990850999999997,Mt
oil-products,Algeria,2021,16.194795000000003,Mt
oil-products,Algeria,2022,17.803222,Mt
oil-products,Algeria,2023,18.602860915744397,Mt
oil-products,Algeria,2024,18.00044280765639,Mt
oil-products,Argentina,1990,19.5684964,Mt
oil-products,Argentina,1991,18.8517136,Mt
oil-products,Argentina,1992,20.814935300000002,Mt
oil-products,Argentina,1993,21.3657166,Mt
oil-products,Argentina,1994,21.7971259,Mt
oil-products,Argentina,1995,21.516501599999998,Mt
oil-products,Argentina,1996,21.442424900000002,Mt
oil-products,Argentina,1997,21.0597182,Mt
oil-products,Argentina,1998,22.2879246,Mt
oil-products,Argentina,1999,22.6589933,Mt
oil-products,Argentina,2000,22.648,Mt
oil-products,Argentina,2001,19.409,Mt
oil-products,Argentina,2002,17.381,Mt
oil-products,Argentina,2003,18.135,Mt
oil-products,Argentina,2004,21.049,Mt
oil-products,Argentina,2005,22.902,Mt
oil-products,Argentina,2006,24.667,Mt
oil-products,Argentina,2007,23.933,Mt
oil-products,Argentina,2008,26.238,Mt
oil-products,Argentina,2009,24.78,Mt
oil-products,Argentina,2010,26.282,Mt
oil-products,Argentina,2011,27.332,Mt
oil-products,Argentina,2012,28.538,Mt
oil-products,Argentina,2013,29.413,Mt
oil-products,Argentina,2014,28.179,Mt
oil-products,Argentina,2015,29.932,Mt
oil-products,Argentina,2016,29.76,Mt
oil-products,Argentina,2017,28.304,Mt
oil-products,Argentina,2018,26.0,Mt
oil-products,Argentina,2019,25.056,Mt
oil-products,Argentina,2020,24.552746348,Mt
oil-products,Argentina,2021,26.540324000000002,Mt
oil-products,Argentina,2022,27.290598999999997,Mt
oil-products,Argentina,2023,26.742,Mt
oil-products,Argentina,2024,25.356196356097293,Mt
oil-products,Australia,1990,31.087,Mt
oil-products,Australia,1991,30.517,Mt
oil-products,Australia,1992,30.353,Mt
oil-products,Australia,1993,31.081,Mt
oil-products,Australia,1994,31.885,Mt
oil-products,Australia,1995,33.029,Mt
oil-products,Australia,1996,34.231,Mt
oil-products,Australia,1997,34.353,Mt
oil-products,Australia,1998,34.784,Mt
oil-products,Australia,1999,35.233,Mt
oil-products,Australia,2000,36.314,Mt
oil-products,Australia,2001,36.076,Mt
oil-products,Australia,2002,35.554,Mt
oil-products,Australia,2003,37.931,Mt
oil-products,Australia,2004,39.183,Mt
oil-products,Australia,2005,39.432,Mt
oil-products,Australia,2006,39.784,Mt
oil-products,Australia,2007,40.291,Mt
oil-products,Australia,2008,41.448,Mt
oil-products,Australia,2009,40.648,Mt
oil-products,Australia,2010,42.746,Mt
oil-products,Australia,2011,44.953,Mt
oil-products,Australia,2012,46.128,Mt
oil-products,Australia,2013,47.559,Mt
oil-products,Australia,2014,47.188,Mt
oil-products,Australia,2015,45.776,Mt
oil-products,Australia,2016,45.939,Mt
oil-products,Australia,2017,46.525541000000004,Mt
oil-products,Australia,2018,47.785795,Mt
oil-products,Australia,2019,47.684756,Mt
oil-products,Australia,2020,45.246093,Mt
oil-products,Australia,2021,45.013301999999996,Mt
oil-products,Australia,2022,44.784101,Mt
oil-products,Australia,2023,47.72626894078589,Mt
oil-products,Australia,2024,48.556937071671065,Mt
oil-products,Azerbaijan,1992,10.274940699999998,Mt
oil-products,Azerbaijan,1993,9.9039395,Mt
oil-products,Azerbaijan,1994,7.284958699999999,Mt
oil-products,Azerbaijan,1995,6.539979600000001,Mt
oil-products,Azerbaijan,1996,5.718943300000001,Mt
oil-products,Azerbaijan,1997,5.1799526,Mt
oil-products,Azerbaijan,1998,5.766943499999999,Mt
oil-products,Azerbaijan,1999,5.4329498,Mt
oil-products,Azerbaijan,2000,6.029,Mt
oil-products,Azerbaijan,2001,3.62,Mt
oil-products,Azerbaijan,2002,3.403,Mt
oil-products,Azerbaijan,2003,4.17,Mt
oil-products,Azerbaijan,2004,4.469,Mt
oil-products,Azerbaijan,2005,4.898,Mt
oil-products,Azerbaijan,2006,4.463,Mt
oil-products,Azerbaijan,2007,3.623000000000001,Mt
oil-products,Azerbaijan,2008,3.567,Mt
oil-products,Azerbaijan,2009,2.988,Mt
oil-products,Azerbaijan,2010,2.997299999999999,Mt
oil-products,Azerbaijan,2011,3.4627,Mt
oil-products,Azerbaijan,2012,3.739899999999999,Mt
oil-products,Azerbaijan,2013,4.0009,Mt
oil-products,Azerbaijan,2014,3.9665,Mt
oil-products,Azerbaijan,2015,4.1529,Mt
oil-products,Azerbaijan,2016,4.2879,Mt
oil-products,Azerbaijan,2017,4.625,Mt
oil-products,Azerbaijan,2018,4.673599999999999,Mt
oil-products,Azerbaijan,2019,4.812000000000001,Mt
oil-products,Azerbaijan,2020,4.342200000000001,Mt
oil-products,Azerbaijan,2021,4.888004,Mt
oil-products,Azerbaijan,2022,5.1968,Mt
oil-products,Azerbaijan,1990,7.705,Mt
oil-products,Azerbaijan,1991,7.518,Mt
oil-products,Azerbaijan,2023,5.417045191788,Mt
oil-products,Azerbaijan,2024,5.672646311480751,Mt
oil-products,Belgium,1990,17.596700000000002,Mt
oil-products,Belgium,1991,19.1878,Mt
oil-products,Belgium,1992,19.6411,Mt
oil-products,Belgium,1993,19.1678,Mt
oil-products,Belgium,1994,21.5571,Mt
oil-products,Belgium,1995,21.4543,Mt
oil-products,Belgium,1996,22.8741,Mt
oil-products,Belgium,1997,22.8902,Mt
oil-products,Belgium,1998,22.9227,Mt
oil-products,Belgium,1999,22.5641,Mt
oil-products,Belgium,2000,22.5738,Mt
oil-products,Belgium,2001,23.1523,Mt
oil-products,Belgium,2002,21.9547,Mt
oil-products,Belgium,2003,22.8897,Mt
oil-products,Belgium,2004,23.204,Mt
oil-products,Belgium,2005,23.140900000000002,Mt
oil-products,Belgium,2006,21.997700000000002,Mt
oil-products,Belgium,2007,21.0851,Mt
oil-products,Belgium,2008,22.767400000000002,Mt
oil-products,Belgium,2009,21.071368000000003,Mt
oil-products,Belgium,2010,21.620130999999997,Mt
oil-products,Belgium,2011,20.20868,Mt
oil-products,Belgium,2012,20.223989000000003,Mt
oil-products,Belgium,2013,20.869820000000004,Mt
oil-products,Belgium,2014,20.816806999999997,Mt
oil-products,Belgium,2015,21.255950999999996,Mt
oil-products,Belgium,2016,20.905522,Mt
oil-products,Belgium,2017,20.228451999999994,Mt
oil-products,Belgium,2018,20.373181999999996,Mt
oil-products,Belgium,2019,19.288745000000002,Mt
oil-products,Belgium,2020,17.625404,Mt
oil-products,Belgium,2021,18.862734,Mt
oil-products,Belgium,2022,17.750041999999997,Mt
oil-products,Belgium,2023,17.656270000000003,Mt
oil-products,Belgium,2024,18.192259866945115,Mt
oil-products,Brazil,1990,56.7986742,Mt
oil-products,Brazil,1991,57.7009708,Mt
oil-products,Brazil,1992,59.439751,Mt
oil-products,Brazil,1993,61.63100670000001,Mt
oil-products,Brazil,1994,65.2822756,Mt
oil-products,Brazil,1995,68.7198804,Mt
oil-products,Brazil,1996,74.5889354,Mt
oil-products,Brazil,1997,80.15146309999999,Mt
oil-products,Brazil,1998,84.0216288,Mt
oil-products,Brazil,1999,86.192954054,Mt
oil-products,Brazil,2000,87.420145955,Mt
oil-products,Brazil,2001,88.079788805,Mt
oil-products,Brazil,2002,85.806602732,Mt
oil-products,Brazil,2003,82.98779071499999,Mt
oil-products,Brazil,2004,85.657003343,Mt
oil-products,Brazil,2005,87.061956899,Mt
oil-products,Brazil,2006,88.634421401,Mt
oil-products,Brazil,2007,93.45896710000001,Mt
oil-products,Brazil,2008,97.62622139999999,Mt
oil-products,Brazil,2009,97.2798969,Mt
oil-products,Brazil,2010,107.2741886,Mt
oil-products,Brazil,2011,112.564232324,Mt
oil-products,Brazil,2012,119.690313132,Mt
oil-products,Brazil,2013,123.31232323232322,Mt
oil-products,Brazil,2014,128.05765656565657,Mt
oil-products,Brazil,2015,120.0989494949495,Mt
oil-products,Brazil,2016,110.54239393939393,Mt
oil-products,Brazil,2017,111.92853333333332,Mt
oil-products,Brazil,2018,105.14772626262625,Mt
oil-products,Brazil,2019,106.40479595959596,Mt
oil-products,Brazil,2020,100.93076161619192,Mt
oil-products,Brazil,2021,108.38447044122267,Mt
oil-products,Brazil,2022,110.98846937859108,Mt
oil-products,Brazil,2023,114.03940337157492,Mt
oil-products,Brazil,2024,113.47109250263641,Mt
oil-products,Canada,1990,75.22198546511628,Mt
oil-products,Canada,1991,71.66239825581395,Mt
oil-products,Canada,1992,73.49901702657807,Mt
oil-products,Canada,1993,74.36169186046511,Mt
oil-products,Canada,1994,75.94542234219269,Mt
oil-products,Canada,1995,76.57427242524916,Mt
oil-products,Canada,1996,79.07379028239203,Mt
oil-products,Canada,1997,82.06768064784053,Mt
oil-products,Canada,1998,82.40094684385382,Mt
oil-products,Canada,1999,84.85025622923588,Mt
oil-products,Canada,2000,84.56600830564784,Mt
oil-products,Canada,2001,86.00531478405316,Mt
oil-products,Canada,2002,89.463,Mt
oil-products,Canada,2003,95.942,Mt
oil-products,Canada,2004,96.933,Mt
oil-products,Canada,2005,100.717,Mt
oil-products,Canada,2006,100.331,Mt
oil-products,Canada,2007,103.61,Mt
oil-products,Canada,2008,100.601,Mt
oil-products,Canada,2009,98.405,Mt
oil-products,Canada,2010,103.347,Mt
oil-products,Canada,2011,103.507,Mt
oil-products,Canada,2012,105.32,Mt
oil-products,Canada,2013,103.111,Mt
oil-products,Canada,2014,100.723,Mt
oil-products,Canada,2015,102.688,Mt
oil-products,Canada,2016,103.08,Mt
oil-products,Canada,2017,102.607292,Mt
oil-products,Canada,2018,104.41222900000001,Mt
oil-products,Canada,2019,104.551988,Mt
oil-products,Canada,2020,91.735115,Mt
oil-products,Canada,2021,93.665103,Mt
oil-products,Canada,2022,97.818342,Mt
oil-products,Canada,2023,99.15398674912085,Mt
oil-products,Canada,2024,97.06518400078149,Mt
oil-products,Chile,1990,6.214,Mt
oil-products,Chile,1991,6.54,Mt
oil-products,Chile,1992,7.085,Mt
oil-products,Chile,1993,7.661,Mt
oil-products,Chile,1994,8.321,Mt
oil-products,Chile,1995,9.012,Mt
oil-products,Chile,1996,9.952,Mt
oil-products,Chile,1997,10.473,Mt
oil-products,Chile,1998,10.644,Mt
oil-products,Chile,1999,10.881,Mt
oil-products,Chile,2000,9.77,Mt
oil-products,Chile,2001,9.372,Mt
oil-products,Chile,2002,9.661,Mt
oil-products,Chile,2003,9.935,Mt
oil-products,Chile,2004,10.594,Mt
oil-products,Chile,2005,10.936,Mt
oil-products,Chile,2006,10.97,Mt
oil-products,Chile,2007,14.504,Mt
oil-products,Chile,2008,15.209,Mt
oil-products,Chile,2009,14.473,Mt
oil-products,Chile,2010,13.766,Mt
oil-products,Chile,2011,14.237,Mt
oil-products,Chile,2012,14.329,Mt
oil-products,Chile,2013,14.616,Mt
oil-products,Chile,2014,14.413,Mt
oil-products,Chile,2015,14.388,Mt
oil-products,Chile,2016,15.323,Mt
oil-products,Chile,2017,15.437006,Mt
oil-products,Chile,2018,15.651126,Mt
oil-products,Chile,2019,15.471170999999998,Mt
oil-products,Chile,2020,14.523294000000002,Mt
oil-products,Chile,2021,15.676475000000002,Mt
oil-products,Chile,2022,17.543645,Mt
oil-products,Chile,2023,17.1674547527679,Mt
oil-products,Chile,2024,17.321834709108177,Mt
oil-products,China,1990,102.3869314,Mt
oil-products,China,1991,111.74891160000001,Mt
oil-products,China,1992,120.30285149999999,Mt
oil-products,China,1993,138.8454488,Mt
oil-products,China,1994,134.69944879999997,Mt
oil-products,China,1995,149.8298126,Mt
oil-products,China,1996,161.57773410000001,Mt
oil-products,China,1997,180.9238516,Mt
oil-products,China,1998,183.025,Mt
oil-products,China,1999,193.26,Mt
oil-products,China,2000,205.097,Mt
oil-products,China,2001,209.75,Mt
oil-products,China,2002,222.214,Mt
oil-products,China,2003,247.4755,Mt
oil-products,China,2004,291.15080000000006,Mt
oil-products,China,2005,294.91544999999996,Mt
oil-products,China,2006,312.92307,Mt
oil-products,China,2007,329.75627000000003,Mt
oil-products,China,2008,332.96685999999994,Mt
oil-products,China,2009,348.6131,Mt
oil-products,China,2010,403.66889630000003,Mt
oil-products,China,2011,423.16836976699994,Mt
oil-products,China,2012,441.98408442000004,Mt
oil-products,China,2013,464.73481200000003,Mt
oil-products,China,2014,482.08189000000004,Mt
oil-products,China,2015,512.11019,Mt
oil-products,China,2016,527.75622,Mt
oil-products,China,2017,552.5354500000001,Mt
oil-products,China,2018,569.0848000000001,Mt
oil-products,China,2019,594.064,Mt
oil-products,China,2020,611.5370800000001,Mt
oil-products,China,2021,647.61894,Mt
oil-products,China,2022,655.9610611628057,Mt
oil-products,China,2023,730.9348197955359,Mt
oil-products,China,2024,731.3128680982015,Mt
oil-products,Colombia,1990,8.147171578521446,Mt
oil-products,Colombia,1991,8.310120057696041,Mt
oil-products,Colombia,1992,9.663674164696928,Mt
oil-products,Colombia,1993,9.639902883343112,Mt
oil-products,Colombia,1994,9.92716736146126,Mt
oil-products,Colombia,1995,11.925914579578466,Mt
oil-products,Colombia,1996,12.232577081671957,Mt
oil-products,Colombia,1997,12.810197151160654,Mt
oil-products,Colombia,1998,12.038353982613504,Mt
oil-products,Colombia,1999,10.89729225966755,Mt
oil-products,Colombia,2000,11.100192934802935,Mt
oil-products,Colombia,2001,11.275613613938,Mt
oil-products,Colombia,2002,11.14253046195727,Mt
oil-products,Colombia,2003,11.025789286552348,Mt
oil-products,Colombia,2004,11.469792881386727,Mt
oil-products,Colombia,2005,11.108888640844851,Mt
oil-products,Colombia,2006,11.465696554480921,Mt
oil-products,Colombia,2007,10.965731911117278,Mt
oil-products,Colombia,2008,11.63718769401082,Mt
oil-products,Colombia,2009,11.023803767794442,Mt
oil-products,Colombia,2010,10.857670775570535,Mt
oil-products,Colombia,2011,12.657903623560536,Mt
oil-products,Colombia,2012,13.157776904293724,Mt
oil-products,Colombia,2013,12.487504840341266,Mt
oil-products,Colombia,2014,14.774081291728372,Mt
oil-products,Colombia,2015,15.382605592177423,Mt
oil-products,Colombia,2016,17.197223890250807,Mt
oil-products,Colombia,2017,14.932404209825988,Mt
oil-products,Colombia,2018,14.507118170598822,Mt
oil-products,Colombia,2019,14.315615976816368,Mt
oil-products,Colombia,2020,12.269999467365448,Mt
oil-products,Colombia,2021,15.058851084711634,Mt
oil-products,Colombia,2022,16.478126399481532,Mt
oil-products,Colombia,2023,17.014526639964764,Mt
oil-products,Colombia,2024,16.641048561454838,Mt
oil-products,Czechia,1990,8.746,Mt
oil-products,Czechia,1991,7.297,Mt
oil-products,Czechia,1992,7.819,Mt
oil-products,Czechia,1993,7.4,Mt
oil-products,Czechia,1994,7.508,Mt
oil-products,Czechia,1995,7.795,Mt
oil-products,Czechia,1996,8.047,Mt
oil-products,Czechia,1997,7.765,Mt
oil-products,Czechia,1998,8.114,Mt
oil-products,Czechia,1999,7.999,Mt
oil-products,Czechia,2000,7.741,Mt
oil-products,Czechia,2001,8.145,Mt
oil-products,Czechia,2002,7.962,Mt
oil-products,Czechia,2003,8.466,Mt
oil-products,Czechia,2004,9.285,Mt
oil-products,Czechia,2005,9.607,Mt
oil-products,Czechia,2006,9.524000000000001,Mt
oil-products,Czechia,2007,9.503,Mt
oil-products,Czechia,2008,9.563,Mt
oil-products,Czechia,2009,9.003,Mt
oil-products,Czechia,2010,8.804,Mt
oil-products,Czechia,2011,8.527,Mt
oil-products,Czechia,2012,8.448,Mt
oil-products,Czechia,2013,8.104,Mt
oil-products,Czechia,2014,8.638,Mt
oil-products,Czechia,2015,8.492,Mt
oil-products,Czechia,2016,7.774,Mt
oil-products,Czechia,2017,9.146,Mt
oil-products,Czechia,2018,9.208,Mt
oil-products,Czechia,2019,9.272,Mt
oil-products,Czechia,2020,8.368,Mt
oil-products,Czechia,2021,9.187,Mt
oil-products,Czechia,2022,9.284,Mt
oil-products,Czechia,2023,9.134,Mt
oil-products,Czechia,2024,9.362753089143865,Mt
oil-products,Denmark,1990,7.395,Mt
oil-products,Denmark,1991,7.716,Mt
oil-products,Denmark,1992,7.497,Mt
oil-products,Denmark,1993,7.61,Mt
oil-products,Denmark,1994,7.955,Mt
oil-products,Denmark,1995,8.392,Mt
oil-products,Denmark,1996,9.324,Mt
oil-products,Denmark,1997,8.962,Mt
oil-products,Denmark,1998,8.592,Mt
oil-products,Denmark,1999,8.556000000000001,Mt
oil-products,Denmark,2000,8.241,Mt
oil-products,Denmark,2001,8.214,Mt
oil-products,Denmark,2002,8.021,Mt
oil-products,Denmark,2003,7.4879999999999995,Mt
oil-products,Denmark,2004,7.395,Mt
oil-products,Denmark,2005,7.3,Mt
oil-products,Denmark,2006,7.409,Mt
oil-products,Denmark,2007,7.385,Mt
oil-products,Denmark,2008,7.058108,Mt
oil-products,Denmark,2009,6.735743,Mt
oil-products,Denmark,2010,6.650429,Mt
oil-products,Denmark,2011,6.358359,Mt
oil-products,Denmark,2012,5.851408999999999,Mt
oil-products,Denmark,2013,5.679600000000001,Mt
oil-products,Denmark,2014,5.487775999999999,Mt
oil-products,Denmark,2015,5.676538999999998,Mt
oil-products,Denmark,2016,5.7179269999999995,Mt
oil-products,Denmark,2017,5.703708999999997,Mt
oil-products,Denmark,2018,5.711279999999999,Mt
oil-products,Denmark,2019,5.560162999999999,Mt
oil-products,Denmark,2020,5.248604999999999,Mt
oil-products,Denmark,2021,5.348708000000001,Mt
oil-products,Denmark,2022,5.453031999999999,Mt
oil-products,Denmark,2023,5.212662,Mt
oil-products,Denmark,2024,4.743101666132351,Mt
oil-products,Egypt,1990,17.445,Mt
oil-products,Egypt,1991,17.841,Mt
oil-products,Egypt,1992,17.786,Mt
oil-products,Egypt,1993,18.773,Mt
oil-products,Egypt,1994,18.13,Mt
oil-products,Egypt,1995,18.988,Mt
oil-products,Egypt,1996,18.158,Mt
oil-products,Egypt,1997,23.294,Mt
oil-products,Egypt,1998,26.516,Mt
oil-products,Egypt,1999,26.317,Mt
oil-products,Egypt,2000,25.903,Mt
oil-products,Egypt,2001,24.0,Mt
oil-products,Egypt,2002,24.623,Mt
oil-products,Egypt,2003,23.843,Mt
oil-products,Egypt,2004,26.553,Mt
oil-products,Egypt,2005,27.996,Mt
oil-products,Egypt,2006,29.0,Mt
oil-products,Egypt,2007,29.422,Mt
oil-products,Egypt,2008,31.301,Mt
oil-products,Egypt,2009,33.416,Mt
oil-products,Egypt,2010,34.02,Mt
oil-products,Egypt,2011,33.608,Mt
oil-products,Egypt,2012,35.935,Mt
oil-products,Egypt,2013,35.878,Mt
oil-products,Egypt,2014,38.47,Mt
oil-products,Egypt,2015,39.347,Mt
oil-products,Egypt,2016,37.987,Mt
oil-products,Egypt,2017,34.743775,Mt
oil-products,Egypt,2018,31.294406,Mt
oil-products,Egypt,2019,28.344741000000003,Mt
oil-products,Egypt,2020,30.327559,Mt
oil-products,Egypt,2021,36.4414,Mt
oil-products,Egypt,2022,37.390072999999994,Mt
oil-products,Egypt,2023,36.52122974997152,Mt
oil-products,Egypt,2024,38.38775207509397,Mt
oil-products,France,1990,80.382,Mt
oil-products,France,1991,85.928,Mt
oil-products,France,1992,85.288,Mt
oil-products,France,1993,82.516,Mt
oil-products,France,1994,81.843,Mt
oil-products,France,1995,84.092,Mt
oil-products,France,1996,85.248,Mt
oil-products,France,1997,85.402,Mt
oil-products,France,1998,89.012,Mt
oil-products,France,1999,88.092,Mt
oil-products,France,2000,86.375,Mt
oil-products,France,2001,89.43,Mt
oil-products,France,2002,86.199,Mt
oil-products,France,2003,86.676,Mt
oil-products,France,2004,86.73034,Mt
oil-products,France,2005,85.55846799999999,Mt
oil-products,France,2006,85.05493,Mt
oil-products,France,2007,83.002779,Mt
oil-products,France,2008,80.598961,Mt
oil-products,France,2009,77.44388599999999,Mt
oil-products,France,2010,75.35040299999999,Mt
oil-products,France,2011,76.489709,Mt
oil-products,France,2012,74.782038,Mt
oil-products,France,2013,73.5883,Mt
oil-products,France,2014,71.872383,Mt
oil-products,France,2015,71.896891,Mt
oil-products,France,2016,70.672224,Mt
oil-products,France,2017,71.24457000000001,Mt
oil-products,France,2018,68.486626,Mt
oil-products,France,2019,67.826654,Mt
oil-products,France,2020,60.123503,Mt
oil-products,France,2021,65.336379,Mt
oil-products,France,2022,63.42968,Mt
oil-products,France,2023,61.01654999999999,Mt
oil-products,France,2024,60.47018404968934,Mt
oil-products,Germany,1990,119.231,Mt
oil-products,Germany,1991,126.954,Mt
oil-products,Germany,1992,128.031,Mt
oil-products,Germany,1993,129.566,Mt
oil-products,Germany,1994,127.896,Mt
oil-products,Germany,1995,127.846,Mt
oil-products,Germany,1996,129.935,Mt
oil-products,Germany,1997,128.571,Mt
oil-products,Germany,1998,128.698,Mt
oil-products,Germany,1999,124.161,Mt
oil-products,Germany,2000,118.808,Mt
oil-products,Germany,2001,123.015,Mt
oil-products,Germany,2002,118.361,Mt
oil-products,Germany,2003,116.404,Mt
oil-products,Germany,2004,114.163,Mt
oil-products,Germany,2005,111.813,Mt
oil-products,Germany,2006,111.636,Mt
oil-products,Germany,2007,99.273,Mt
oil-products,Germany,2008,105.495,Mt
oil-products,Germany,2009,100.048,Mt
oil-products,Germany,2010,101.297,Mt
oil-products,Germany,2011,98.034,Mt
oil-products,Germany,2012,97.794,Mt
oil-products,Germany,2013,99.763,Mt
oil-products,Germany,2014,96.983,Mt
oil-products,Germany,2015,96.918,Mt
oil-products,Germany,2016,97.022,Mt
oil-products,Germany,2017,98.697,Mt
oil-products,Germany,2018,93.162,Mt
oil-products,Germany,2019,94.796,Mt
oil-products,Germany,2020,89.96,Mt
oil-products,Germany,2021,87.387,Mt
oil-products,Germany,2022,86.645,Mt
oil-products,Germany,2023,80.98302000000001,Mt
oil-products,Germany,2024,81.67097989922992,Mt
oil-products,India,1990,52.86783630087209,Mt
oil-products,India,1991,55.57793895348837,Mt
oil-products,India,1992,58.84893786337209,Mt
oil-products,India,1993,59.93573800872093,Mt
oil-products,India,1994,63.59662663517442,Mt
oil-products,India,1995,66.10392514534884,Mt
oil-products,India,1996,74.55301617005814,Mt
oil-products,India,1997,78.9762218386628,Mt
oil-products,India,1998,82.60051962209302,Mt
oil-products,India,1999,87.54941951308139,Mt
oil-products,India,2000,104.41491315406977,Mt
oil-products,India,2001,101.26851744186045,Mt
oil-products,India,2002,105.38701798691861,Mt
oil-products,India,2003,114.44111300872093,Mt
oil-products,India,2004,117.99119785610466,Mt
oil-products,India,2005,111.42988026889535,Mt
oil-products,India,2006,119.68935555959303,Mt
oil-products,India,2007,145.15203197674418,Mt
oil-products,India,2008,144.63522441254844,Mt
oil-products,India,2009,151.53919519137597,Mt
oil-products,India,2010,155.08101489825583,Mt
oil-products,India,2011,160.6924053887209,Mt
oil-products,India,2012,170.32197581668606,Mt
oil-products,India,2013,159.351569006,Mt
oil-products,India,2014,166.061298425,Mt
oil-products,India,2015,193.945863672,Mt
oil-products,India,2016,200.18883948799999,Mt
oil-products,India,2017,210.537235609,Mt
oil-products,India,2018,218.764552854597,Mt
oil-products,India,2019,221.52891675838248,Mt
oil-products,India,2020,201.91936971620515,Mt
oil-products,India,2021,217.18143550126615,Mt
oil-products,India,2022,229.87857683545502,Mt
oil-products,India,2023,241.4620448801627,Mt
oil-products,India,2024,246.5253438384708,Mt
oil-products,Indonesia,1990,32.2447938432842,Mt
oil-products,Indonesia,1991,33.788155860104915,Mt
oil-products,Indonesia,1992,36.65962187692564,Mt
oil-products,Indonesia,1993,39.4259274360896,Mt
oil-products,Indonesia,1994,39.71382438504455,Mt
oil-products,Indonesia,1995,41.871697851611295,Mt
oil-products,Indonesia,1996,44.056546420184866,Mt
oil-products,Indonesia,1997,45.96605919826796,Mt
oil-products,Indonesia,1998,47.01182329919227,Mt
oil-products,Indonesia,1999,47.65968357065534,Mt
oil-products,Indonesia,2000,53.98581314014489,Mt
oil-products,Indonesia,2001,54.342,Mt
oil-products,Indonesia,2002,55.26,Mt
oil-products,Indonesia,2003,57.057,Mt
oil-products,Indonesia,2004,62.293,Mt
oil-products,Indonesia,2005,62.713,Mt
oil-products,Indonesia,2006,58.597,Mt
oil-products,Indonesia,2007,63.40028532305891,Mt
oil-products,Indonesia,2008,61.56326441535875,Mt
oil-products,Indonesia,2009,60.120421714167,Mt
oil-products,Indonesia,2010,61.49845220314655,Mt
oil-products,Indonesia,2011,71.17769463803425,Mt
oil-products,Indonesia,2012,74.32402576161067,Mt
oil-products,Indonesia,2013,72.9864266286275,Mt
oil-products,Indonesia,2014,68.8610332144259,Mt
oil-products,Indonesia,2015,68.95498062898714,Mt
oil-products,Indonesia,2016,66.53700963294132,Mt
oil-products,Indonesia,2017,71.44267817929074,Mt
oil-products,Indonesia,2018,71.77021447412014,Mt
oil-products,Indonesia,2019,69.83515180984546,Mt
oil-products,Indonesia,2020,65.00789003591653,Mt
oil-products,Indonesia,2021,63.407972429480445,Mt
oil-products,Indonesia,2022,73.85168939993824,Mt
oil-products,Indonesia,2023,76.19500658117099,Mt
oil-products,Indonesia,2024,77.60879912474873,Mt
oil-products,Iran,1990,45.63298785425101,Mt
oil-products,Iran,1991,48.468012145748986,Mt
oil-products,Iran,1992,52.65805668016194,Mt
oil-products,Iran,1993,52.669,Mt
oil-products,Iran,1994,57.007995951417,Mt
oil-products,Iran,1995,56.078991902834005,Mt
oil-products,Iran,1996,59.18198785425101,Mt
oil-products,Iran,1997,60.32697975708502,Mt
oil-products,Iran,1998,59.468024291497976,Mt
oil-products,Iran,1999,60.806,Mt
oil-products,Iran,2000,62.757,Mt
oil-products,Iran,2001,64.823,Mt
oil-products,Iran,2002,65.58897165991903,Mt
oil-products,Iran,2003,65.403004048583,Mt
oil-products,Iran,2004,68.37190688259109,Mt
oil-products,Iran,2005,76.1567987817004,Mt
oil-products,Iran,2006,82.84790384348584,Mt
oil-products,Iran,2007,84.66289430013765,Mt
oil-products,Iran,2008,86.49418946619434,Mt
oil-products,Iran,2009,88.1656259562915,Mt
oil-products,Iran,2010,77.8909846077085,Mt
oil-products,Iran,2011,77.7263401170931,Mt
oil-products,Iran,2012,81.01873878152227,Mt
oil-products,Iran,2013,83.53628884622857,Mt
oil-products,Iran,2014,85.82732242610776,Mt
oil-products,Iran,2015,73.93752967249112,Mt
oil-products,Iran,2016,73.66241709080346,Mt
oil-products,Iran,2017,78.800479308,Mt
oil-products,Iran,2018,73.71506200000002,Mt
oil-products,Iran,2019,79.94086300000001,Mt
oil-products,Iran,2020,75.696989,Mt
oil-products,Iran,2021,79.644936,Mt
oil-products,Iran,2022,79.141524,Mt
oil-products,Iran,2023,81.21100838186601,Mt
oil-products,Iran,2024,82.57137708172013,Mt
oil-products,Italy,1990,88.028,Mt
oil-products,Italy,1991,86.939,Mt
oil-products,Italy,1992,89.259,Mt
oil-products,Italy,1993,88.383,Mt
oil-products,Italy,1994,87.335,Mt
oil-products,Italy,1995,90.616,Mt
oil-products,Italy,1996,89.916,Mt
oil-products,Italy,1997,90.212,Mt
oil-products,Italy,1998,90.063,Mt
oil-products,Italy,1999,87.827,Mt
oil-products,Italy,2000,85.933,Mt
oil-products,Italy,2001,84.756,Mt
oil-products,Italy,2002,86.748,Mt
oil-products,Italy,2003,85.83,Mt
oil-products,Italy,2004,84.045,Mt
oil-products,Italy,2005,81.14,Mt
oil-products,Italy,2006,80.781,Mt
oil-products,Italy,2007,77.93,Mt
oil-products,Italy,2008,74.452,Mt
oil-products,Italy,2009,67.739,Mt
oil-products,Italy,2010,66.547,Mt
oil-products,Italy,2011,64.297,Mt
oil-products,Italy,2012,58.63,Mt
oil-products,Italy,2013,53.277,Mt
oil-products,Italy,2014,53.646,Mt
oil-products,Italy,2015,54.153,Mt
oil-products,Italy,2016,52.076,Mt
oil-products,Italy,2017,51.567726,Mt
oil-products,Italy,2018,51.813485,Mt
oil-products,Italy,2019,50.84725100000001,Mt
oil-products,Italy,2020,43.35343400000001,Mt
oil-products,Italy,2021,49.00057500000001,Mt
oil-products,Italy,2022,52.669649,Mt
oil-products,Italy,2023,51.251322,Mt
oil-products,Italy,2024,51.269657125938124,Mt
oil-products,Japan,1990,217.925,Mt
oil-products,Japan,1991,219.797,Mt
oil-products,Japan,1992,223.482,Mt
oil-products,Japan,1993,222.147,Mt
oil-products,Japan,1994,230.706,Mt
oil-products,Japan,1995,235.277,Mt
oil-products,Japan,1996,235.283,Mt
oil-products,Japan,1997,233.828,Mt
oil-products,Japan,1998,228.781,Mt
oil-products,Japan,1999,235.013,Mt
oil-products,Japan,2000,230.595,Mt
oil-products,Japan,2001,224.915,Mt
oil-products,Japan,2002,227.596,Mt
oil-products,Japan,2003,225.359,Mt
oil-products,Japan,2004,223.16,Mt
oil-products,Japan,2005,220.446,Mt
oil-products,Japan,2006,210.833,Mt
oil-products,Japan,2007,206.618,Mt
oil-products,Japan,2008,189.238,Mt
oil-products,Japan,2009,183.878,Mt
oil-products,Japan,2010,183.942,Mt
oil-products,Japan,2011,186.418,Mt
oil-products,Japan,2012,188.168,Mt
oil-products,Japan,2013,184.773,Mt
oil-products,Japan,2014,174.209,Mt
oil-products,Japan,2015,170.557,Mt
oil-products,Japan,2016,166.55,Mt
oil-products,Japan,2017,164.47953,Mt
oil-products,Japan,2018,158.015693,Mt
oil-products,Japan,2019,153.118619,Mt
oil-products,Japan,2020,141.572371,Mt
oil-products,Japan,2021,143.202667,Mt
oil-products,Japan,2022,140.798901,Mt
oil-products,Japan,2023,134.9606359454401,Mt
oil-products,Japan,2024,128.63870303969586,Mt
oil-products,Kazakhstan,1992,20.527,Mt
oil-products,Kazakhstan,1993,16.2239425,Mt
oil-products,Kazakhstan,1994,11.704940200000001,Mt
oil-products,Kazakhstan,1995,10.494958500000001,Mt
oil-products,Kazakhstan,1996,9.379,Mt
oil-products,Kazakhstan,1997,7.985,Mt
oil-products,Kazakhstan,1998,8.423,Mt
oil-products,Kazakhstan,1999,6.787,Mt
oil-products,Kazakhstan,2000,6.6152,Mt
oil-products,Kazakhstan,2001,7.942,Mt
oil-products,Kazakhstan,2002,7.433299999999999,Mt
oil-products,Kazakhstan,2003,7.2392,Mt
oil-products,Kazakhstan,2004,8.783700000000001,Mt
oil-products,Kazakhstan,2005,8.6517,Mt
oil-products,Kazakhstan,2006,11.145,Mt
oil-products,Kazakhstan,2007,12.802,Mt
oil-products,Kazakhstan,2008,11.393,Mt
oil-products,Kazakhstan,2009,8.841,Mt
oil-products,Kazakhstan,2010,9.273,Mt
oil-products,Kazakhstan,2011,10.094,Mt
oil-products,Kazakhstan,2012,10.468,Mt
oil-products,Kazakhstan,2013,10.961,Mt
oil-products,Kazakhstan,2014,10.607,Mt
oil-products,Kazakhstan,2015,11.8961,Mt
oil-products,Kazakhstan,2016,13.1017,Mt
oil-products,Kazakhstan,2017,13.9722,Mt
oil-products,Kazakhstan,2018,12.7324,Mt
oil-products,Kazakhstan,2019,11.803588,Mt
oil-products,Kazakhstan,2020,13.670954,Mt
oil-products,Kazakhstan,2021,15.232257,Mt
oil-products,Kazakhstan,2022,16.384261616161616,Mt
oil-products,Kazakhstan,1990,19.167,Mt
oil-products,Kazakhstan,1991,22.438,Mt
oil-products,Kazakhstan,2023,16.0581,Mt
oil-products,Kazakhstan,2024,16.907175831557613,Mt
oil-products,Kuwait,1990,4.728768,Mt
oil-products,Kuwait,1991,4.046,Mt
oil-products,Kuwait,1992,3.814000000000002,Mt
oil-products,Kuwait,1993,5.196853699999999,Mt
oil-products,Kuwait,1994,6.301782399999996,Mt
oil-products,Kuwait,1995,7.1107883,Mt
oil-products,Kuwait,1996,6.895794600000001,Mt
oil-products,Kuwait,1997,7.664791700000001,Mt
oil-products,Kuwait,1998,9.048,Mt
oil-products,Kuwait,1999,9.711,Mt
oil-products,Kuwait,2000,8.317,Mt
oil-products,Kuwait,2001,8.89,Mt
oil-products,Kuwait,2002,10.12,Mt
oil-products,Kuwait,2003,11.57,Mt
oil-products,Kuwait,2004,11.884,Mt
oil-products,Kuwait,2005,12.685,Mt
oil-products,Kuwait,2006,13.626,Mt
oil-products,Kuwait,2007,13.165,Mt
oil-products,Kuwait,2008,15.898,Mt
oil-products,Kuwait,2009,17.123,Mt
oil-products,Kuwait,2010,16.697,Mt
oil-products,Kuwait,2011,15.432,Mt
oil-products,Kuwait,2012,15.528,Mt
oil-products,Kuwait,2013,16.938,Mt
oil-products,Kuwait,2014,16.22,Mt
oil-products,Kuwait,2015,17.339999999999996,Mt
oil-products,Kuwait,2016,18.791,Mt
oil-products,Kuwait,2017,17.151250999999995,Mt
oil-products,Kuwait,2018,17.585893,Mt
oil-products,Kuwait,2019,17.033634,Mt
oil-products,Kuwait,2020,13.833549,Mt
oil-products,Kuwait,2021,18.055887000000002,Mt
oil-products,Kuwait,2022,19.690675,Mt
oil-products,Kuwait,2023,19.31716676582169,Mt
oil-products,Kuwait,2024,19.495997980973726,Mt
oil-products,Malaysia,1990,12.488883141762452,Mt
oil-products,Malaysia,1991,13.400672413793103,Mt
oil-products,Malaysia,1992,14.159858237547892,Mt
oil-products,Malaysia,1993,15.523937739463602,Mt
oil-products,Malaysia,1994,16.03591858237548,Mt
oil-products,Malaysia,1995,18.143684865900383,Mt
oil-products,Malaysia,1996,18.995652298850576,Mt
oil-products,Malaysia,1997,21.63793295019157,Mt
oil-products,Malaysia,1998,20.083099616858238,Mt
oil-products,Malaysia,1999,24.07443582375479,Mt
oil-products,Malaysia,2000,22.21090804597701,Mt
oil-products,Malaysia,2001,23.92577298850575,Mt
oil-products,Malaysia,2002,26.47736877394636,Mt
oil-products,Malaysia,2003,26.807856321839083,Mt
oil-products,Malaysia,2004,29.293465249042146,Mt
oil-products,Malaysia,2005,28.929073524904215,Mt
oil-products,Malaysia,2006,28.380427203065132,Mt
oil-products,Malaysia,2007,31.368,Mt
oil-products,Malaysia,2008,27.394,Mt
oil-products,Malaysia,2009,25.844806999999996,Mt
oil-products,Malaysia,2010,26.0527,Mt
oil-products,Malaysia,2011,28.8816,Mt
oil-products,Malaysia,2012,26.743599999999997,Mt
oil-products,Malaysia,2013,28.621100000000002,Mt
oil-products,Malaysia,2014,28.929,Mt
oil-products,Malaysia,2015,27.321,Mt
oil-products,Malaysia,2016,27.6968,Mt
oil-products,Malaysia,2017,28.307599999999997,Mt
oil-products,Malaysia,2018,27.2372,Mt
oil-products,Malaysia,2019,29.574184999999996,Mt
oil-products,Malaysia,2020,23.933988999999997,Mt
oil-products,Malaysia,2021,22.736019,Mt
oil-products,Malaysia,2022,24.787628,Mt
oil-products,Malaysia,2023,21.22004823559212,Mt
oil-products,Malaysia,2024,22.594742268934215,Mt
oil-products,Mexico,1990,68.666,Mt
oil-products,Mexico,1991,74.062,Mt
oil-products,Mexico,1992,74.288,Mt
oil-products,Mexico,1993,77.152,Mt
oil-products,Mexico,1994,84.413,Mt
oil-products,Mexico,1995,77.193,Mt
oil-products,Mexico,1996,78.229,Mt
oil-products,Mexico,1997,80.913,Mt
oil-products,Mexico,1998,85.347,Mt
oil-products,Mexico,1999,84.065,Mt
oil-products,Mexico,2000,88.073,Mt
oil-products,Mexico,2001,86.744,Mt
oil-products,Mexico,2002,83.157,Mt
oil-products,Mexico,2003,82.626,Mt
oil-products,Mexico,2004,85.907,Mt
oil-products,Mexico,2005,88.26,Mt
oil-products,Mexico,2006,87.98,Mt
oil-products,Mexico,2007,90.76,Mt
oil-products,Mexico,2008,90.247,Mt
oil-products,Mexico,2009,87.215,Mt
oil-products,Mexico,2010,88.403,Mt
oil-products,Mexico,2011,89.849,Mt
oil-products,Mexico,2012,89.355,Mt
oil-products,Mexico,2013,88.539,Mt
oil-products,Mexico,2014,85.243,Mt
oil-products,Mexico,2015,83.729,Mt
oil-products,Mexico,2016,86.028,Mt
oil-products,Mexico,2017,84.133,Mt
oil-products,Mexico,2018,77.52092900000001,Mt
oil-products,Mexico,2019,82.12156399999999,Mt
oil-products,Mexico,2020,68.204229,Mt
oil-products,Mexico,2021,68.126079,Mt
oil-products,Mexico,2022,71.940628,Mt
oil-products,Mexico,2023,68.57546327984934,Mt
oil-products,Mexico,2024,69.39882133359998,Mt
oil-products,Netherlands,1990,21.776241000000002,Mt
oil-products,Netherlands,1991,21.444889000000003,Mt
oil-products,Netherlands,1992,21.841035,Mt
oil-products,Netherlands,1993,21.476347,Mt
oil-products,Netherlands,1994,22.336926,Mt
oil-products,Netherlands,1995,23.074188,Mt
oil-products,Netherlands,1996,23.67744,Mt
oil-products,Netherlands,1997,23.615308,Mt
oil-products,Netherlands,1998,23.599582,Mt
oil-products,Netherlands,1999,23.725864999999995,Mt
oil-products,Netherlands,2000,23.456258,Mt
oil-products,Netherlands,2001,23.786030999999994,Mt
oil-products,Netherlands,2002,24.189092999999996,Mt
oil-products,Netherlands,2003,26.334319,Mt
oil-products,Netherlands,2004,26.379478999999996,Mt
oil-products,Netherlands,2005,26.115298999999997,Mt
oil-products,Netherlands,2006,25.994411999999997,Mt
oil-products,Netherlands,2007,26.440149000000005,Mt
oil-products,Netherlands,2008,25.219469999999994,Mt
oil-products,Netherlands,2009,24.29745900000001,Mt
oil-products,Netherlands,2010,25.447806000000007,Mt
oil-products,Netherlands,2011,24.438949,Mt
oil-products,Netherlands,2012,24.792111000000006,Mt
oil-products,Netherlands,2013,23.37768399999999,Mt
oil-products,Netherlands,2014,22.565421000000004,Mt
oil-products,Netherlands,2015,23.13768699999998,Mt
oil-products,Netherlands,2016,24.000390000000007,Mt
oil-products,Netherlands,2017,24.594573,Mt
oil-products,Netherlands,2018,24.364694999999987,Mt
oil-products,Netherlands,2019,23.558481,Mt
oil-products,Netherlands,2020,22.803160000000005,Mt
oil-products,Netherlands,2021,22.935988,Mt
oil-products,Netherlands,2022,21.49901899999999,Mt
oil-products,Netherlands,2023,21.018887999999993,Mt
oil-products,Netherlands,2024,20.79396518964785,Mt
oil-products,New Zealand,1990,4.149,Mt
oil-products,New Zealand,1991,4.04,Mt
oil-products,New Zealand,1992,4.366,Mt
oil-products,New Zealand,1993,4.359,Mt
oil-products,New Zealand,1994,4.721,Mt
oil-products,New Zealand,1995,4.929,Mt
oil-products,New Zealand,1996,4.95,Mt
oil-products,New Zealand,1997,5.085,Mt
oil-products,New Zealand,1998,5.063,Mt
oil-products,New Zealand,1999,5.189,Mt
oil-products,New Zealand,2000,5.409,Mt
oil-products,New Zealand,2001,5.349,Mt
oil-products,New Zealand,2002,5.607,Mt
oil-products,New Zealand,2003,5.828,Mt
oil-products,New Zealand,2004,6.013,Mt
oil-products,New Zealand,2005,6.055,Mt
oil-products,New Zealand,2006,6.133,Mt
oil-products,New Zealand,2007,6.155,Mt
oil-products,New Zealand,2008,6.239,Mt
oil-products,New Zealand,2009,5.965,Mt
oil-products,New Zealand,2010,6.021,Mt
oil-products,New Zealand,2011,5.998,Mt
oil-products,New Zealand,2012,5.96,Mt
oil-products,New Zealand,2013,6.04,Mt
oil-products,New Zealand,2014,6.189,Mt
oil-products,New Zealand,2015,6.332,Mt
oil-products,New Zealand,2016,6.477,Mt
oil-products,New Zealand,2017,6.730448999999999,Mt
oil-products,New Zealand,2018,6.807057999999999,Mt
oil-products,New Zealand,2019,6.905985,Mt
oil-products,New Zealand,2020,6.372452999999999,Mt
oil-products,New Zealand,2021,6.360228000000001,Mt
oil-products,New Zealand,2022,6.302849,Mt
oil-products,New Zealand,2023,6.336783761714138,Mt
oil-products,New Zealand,2024,6.270679100376696,Mt
oil-products,Nigeria,1990,7.086,Mt
oil-products,Nigeria,1991,8.516,Mt
oil-products,Nigeria,1992,10.358,Mt
oil-products,Nigeria,1993,9.012,Mt
oil-products,Nigeria,1994,7.156,Mt
oil-products,Nigeria,1995,8.005,Mt
oil-products,Nigeria,1996,9.236,Mt
oil-products,Nigeria,1997,9.711,Mt
oil-products,Nigeria,1998,8.523,Mt
oil-products,Nigeria,1999,8.817,Mt
oil-products,Nigeria,2000,9.665,Mt
oil-products,Nigeria,2001,12.015,Mt
oil-products,Nigeria,2002,12.301,Mt
oil-products,Nigeria,2003,11.656,Mt
oil-products,Nigeria,2004,11.454,Mt
oil-products,Nigeria,2005,12.286,Mt
oil-products,Nigeria,2006,10.177,Mt
oil-products,Nigeria,2007,8.677,Mt
oil-products,Nigeria,2008,10.735,Mt
oil-products,Nigeria,2009,8.983,Mt
oil-products,Nigeria,2010,12.15,Mt
oil-products,Nigeria,2011,12.829,Mt
oil-products,Nigeria,2012,14.015,Mt
oil-products,Nigeria,2013,17.494,Mt
oil-products,Nigeria,2014,19.316,Mt
oil-products,Nigeria,2015,17.37,Mt
oil-products,Nigeria,2016,18.278,Mt
oil-products,Nigeria,2017,18.330375,Mt
oil-products,Nigeria,2018,19.343384,Mt
oil-products,Nigeria,2019,20.489279,Mt
oil-products,Nigeria,2020,18.112595,Mt
oil-products,Nigeria,2021,20.457349,Mt
oil-products,Nigeria,2022,21.508205,Mt
oil-products,Nigeria,2023,20.671525796736212,Mt
oil-products,Nigeria,2024,20.678600192746526,Mt
oil-products,Norway,1990,8.05,Mt
oil-products,Norway,1991,7.667,Mt
oil-products,Norway,1992,7.552,Mt
oil-products,Norway,1993,7.747,Mt
oil-products,Norway,1994,7.927,Mt
oil-products,Norway,1995,8.262,Mt
oil-products,Norway,1996,8.812,Mt
oil-products,Norway,1997,8.653,Mt
oil-products,Norway,1998,8.75,Mt
oil-products,Norway,1999,8.810887999999998,Mt
oil-products,Norway,2000,8.27166,Mt
oil-products,Norway,2001,8.684517,Mt
oil-products,Norway,2002,8.680655,Mt
oil-products,Norway,2003,9.289346,Mt
oil-products,Norway,2004,8.960593000000001,Mt
oil-products,Norway,2005,8.826793,Mt
oil-products,Norway,2006,9.208785,Mt
oil-products,Norway,2007,9.385239,Mt
oil-products,Norway,2008,9.052401,Mt
oil-products,Norway,2009,8.947402000000002,Mt
oil-products,Norway,2010,9.453824000000001,Mt
oil-products,Norway,2011,9.180176,Mt
oil-products,Norway,2012,9.136218,Mt
oil-products,Norway,2013,9.234304,Mt
oil-products,Norway,2014,9.084373,Mt
oil-products,Norway,2015,9.323783,Mt
oil-products,Norway,2016,9.06334,Mt
oil-products,Norway,2017,9.000520000000002,Mt
oil-products,Norway,2018,9.175600999999997,Mt
oil-products,Norway,2019,8.806737999999998,Mt
oil-products,Norway,2020,8.474967999999999,Mt
oil-products,Norway,2021,8.694431999999999,Mt
oil-products,Norway,2022,8.577766000000002,Mt
oil-products,Norway,2023,8.538836000000002,Mt
oil-products,Norway,2024,8.370343042970218,Mt
oil-products,Philippines,1990,10.52,Mt
oil-products,Philippines,1991,11.36,Mt
oil-products,Philippines,1992,12.897,Mt
oil-products,Philippines,1993,14.296,Mt
oil-products,Philippines,1994,14.681000000000001,Mt
oil-products,Philippines,1995,15.797,Mt
oil-products,Philippines,1996,16.271,Mt
oil-products,Philippines,1997,16.986,Mt
oil-products,Philippines,1998,18.023,Mt
oil-products,Philippines,1999,16.459,Mt
oil-products,Philippines,2000,14.869,Mt
oil-products,Philippines,2001,15.145,Mt
oil-products,Philippines,2002,14.208,Mt
oil-products,Philippines,2003,14.1,Mt
oil-products,Philippines,2004,14.609969999999999,Mt
oil-products,Philippines,2005,12.84449,Mt
oil-products,Philippines,2006,12.188546899999999,Mt
oil-products,Philippines,2007,12.1443565,Mt
oil-products,Philippines,2008,11.751362799999999,Mt
oil-products,Philippines,2009,12.428995,Mt
oil-products,Philippines,2010,12.990620999999999,Mt
oil-products,Philippines,2011,12.102042,Mt
oil-products,Philippines,2012,12.586566999999999,Mt
oil-products,Philippines,2013,13.328951,Mt
oil-products,Philippines,2014,14.29591,Mt
oil-products,Philippines,2015,16.445556,Mt
oil-products,Philippines,2016,17.723560999999997,Mt
oil-products,Philippines,2017,18.670870000000004,Mt
oil-products,Philippines,2018,18.766199999999998,Mt
oil-products,Philippines,2019,19.12757,Mt
oil-products,Philippines,2020,16.373300000000004,Mt
oil-products,Philippines,2021,17.9186,Mt
oil-products,Philippines,2022,18.958699999999997,Mt
oil-products,Philippines,2023,19.34601398695973,Mt
oil-products,Philippines,2024,20.64099794493848,Mt
oil-products,Poland,1990,12.885,Mt
oil-products,Poland,1991,12.574,Mt
oil-products,Poland,1992,12.867,Mt
oil-products,Poland,1993,13.569,Mt
oil-products,Poland,1994,14.0,Mt
oil-products,Poland,1995,14.457,Mt
oil-products,Poland,1996,16.458,Mt
oil-products,Poland,1997,17.71,Mt
oil-products,Poland,1998,18.26,Mt
oil-products,Poland,1999,18.881,Mt
oil-products,Poland,2000,18.586,Mt
oil-products,Poland,2001,18.18,Mt
oil-products,Poland,2002,18.121,Mt
oil-products,Poland,2003,19.084,Mt
oil-products,Poland,2004,20.218,Mt
oil-products,Poland,2005,20.788,Mt
oil-products,Poland,2006,21.988,Mt
oil-products,Poland,2007,22.985,Mt
oil-products,Poland,2008,23.32,Mt
oil-products,Poland,2009,23.458,Mt
oil-products,Poland,2010,24.52,Mt
oil-products,Poland,2011,24.188,Mt
oil-products,Poland,2012,22.907,Mt
oil-products,Poland,2013,21.461,Mt
oil-products,Poland,2014,21.405,Mt
oil-products,Poland,2015,23.086,Mt
oil-products,Poland,2016,25.319,Mt
oil-products,Poland,2017,28.383133,Mt
oil-products,Poland,2018,28.894769,Mt
oil-products,Poland,2019,29.487185,Mt
oil-products,Poland,2020,28.518135,Mt
oil-products,Poland,2021,29.905963,Mt
oil-products,Poland,2022,30.695571,Mt
oil-products,Poland,2023,29.962953999999993,Mt
oil-products,Poland,2024,30.699159583305686,Mt
oil-products,Portugal,1990,10.94,Mt
oil-products,Portugal,1991,10.995,Mt
oil-products,Portugal,1992,12.351,Mt
oil-products,Portugal,1993,11.652,Mt
oil-products,Portugal,1994,11.776,Mt
oil-products,Portugal,1995,12.873,Mt
oil-products,Portugal,1996,12.267,Mt
oil-products,Portugal,1997,13.163,Mt
oil-products,Portugal,1998,14.783,Mt
oil-products,Portugal,1999,15.031,Mt
oil-products,Portugal,2000,14.66,Mt
oil-products,Portugal,2001,15.044,Mt
oil-products,Portugal,2002,15.531,Mt
oil-products,Portugal,2003,14.413,Mt
oil-products,Portugal,2004,14.403,Mt
oil-products,Portugal,2005,15.021,Mt
oil-products,Portugal,2006,13.09,Mt
oil-products,Portugal,2007,13.212,Mt
oil-products,Portugal,2008,12.519,Mt
oil-products,Portugal,2009,11.701,Mt
oil-products,Portugal,2010,11.305,Mt
oil-products,Portugal,2011,10.322,Mt
oil-products,Portugal,2012,9.14,Mt
oil-products,Portugal,2013,9.183,Mt
oil-products,Portugal,2014,9.027,Mt
oil-products,Portugal,2015,9.124,Mt
oil-products,Portugal,2016,9.039,Mt
oil-products,Portugal,2017,9.151641000000001,Mt
oil-products,Portugal,2018,8.59659,Mt
oil-products,Portugal,2019,9.057529,Mt
oil-products,Portugal,2020,8.092901,Mt
oil-products,Portugal,2021,8.278390000000002,Mt
oil-products,Portugal,2022,8.578592,Mt
oil-products,Portugal,2023,8.274991,Mt
oil-products,Portugal,2024,8.124931454242722,Mt
oil-products,Qatar,1990,0.582,Mt
oil-products,Qatar,1991,0.601,Mt
oil-products,Qatar,1992,1.314,Mt
oil-products,Qatar,1993,1.294,Mt
oil-products,Qatar,1994,1.355,Mt
oil-products,Qatar,1995,1.5,Mt
oil-products,Qatar,1996,1.659,Mt
oil-products,Qatar,1997,1.889,Mt
oil-products,Qatar,1998,2.674,Mt
oil-products,Qatar,1999,2.493,Mt
oil-products,Qatar,2000,2.676,Mt
oil-products,Qatar,2001,3.629,Mt
oil-products,Qatar,2002,4.806,Mt
oil-products,Qatar,2003,4.473,Mt
oil-products,Qatar,2004,3.009,Mt
oil-products,Qatar,2005,3.3689999999999998,Mt
oil-products,Qatar,2006,3.391,Mt
oil-products,Qatar,2007,4.293,Mt
oil-products,Qatar,2008,5.389,Mt
oil-products,Qatar,2009,5.758,Mt
oil-products,Qatar,2010,5.987,Mt
oil-products,Qatar,2011,6.311,Mt
oil-products,Qatar,2012,7.754,Mt
oil-products,Qatar,2013,7.808999999999999,Mt
oil-products,Qatar,2014,8.516,Mt
oil-products,Qatar,2015,8.439,Mt
oil-products,Qatar,2016,8.798,Mt
oil-products,Qatar,2017,9.071897999999997,Mt
oil-products,Qatar,2018,8.584622999999999,Mt
oil-products,Qatar,2019,8.693843999999995,Mt
oil-products,Qatar,2020,8.235633999999996,Mt
oil-products,Qatar,2021,8.506350999999999,Mt
oil-products,Qatar,2022,9.304757999999996,Mt
oil-products,Qatar,2023,9.970718503071872,Mt
oil-products,Qatar,2024,11.613903325696123,Mt
oil-products,Romania,1990,17.032,Mt
oil-products,Romania,1991,14.336,Mt
oil-products,Romania,1992,11.867,Mt
oil-products,Romania,1993,11.106,Mt
oil-products,Romania,1994,10.986,Mt
oil-products,Romania,1995,11.101,Mt
oil-products,Romania,1996,12.81,Mt
oil-products,Romania,1997,13.139,Mt
oil-products,Romania,1998,11.48,Mt
oil-products,Romania,1999,9.533,Mt
oil-products,Romania,2000,9.725,Mt
oil-products,Romania,2001,11.169,Mt
oil-products,Romania,2002,10.602,Mt
oil-products,Romania,2003,10.122,Mt
oil-products,Romania,2004,10.568,Mt
oil-products,Romania,2005,10.424,Mt
oil-products,Romania,2006,10.067,Mt
oil-products,Romania,2007,10.104,Mt
oil-products,Romania,2008,9.898,Mt
oil-products,Romania,2009,8.724,Mt
oil-products,Romania,2010,8.245,Mt
oil-products,Romania,2011,8.725,Mt
oil-products,Romania,2012,8.876,Mt
oil-products,Romania,2013,8.228,Mt
oil-products,Romania,2014,8.407,Mt
oil-products,Romania,2015,8.587,Mt
oil-products,Romania,2016,8.994,Mt
oil-products,Romania,2017,9.413771,Mt
oil-products,Romania,2018,9.558692,Mt
oil-products,Romania,2019,9.942630000000001,Mt
oil-products,Romania,2020,9.716923000000001,Mt
oil-products,Romania,2021,10.136339000000001,Mt
oil-products,Romania,2022,10.476392000000002,Mt
oil-products,Romania,2023,10.849912,Mt
oil-products,Romania,2024,11.3185742641812,Mt
oil-products,Russia,1992,196.434,Mt
oil-products,Russia,1993,173.53,Mt
oil-products,Russia,1994,134.972,Mt
oil-products,Russia,1995,127.446,Mt
oil-products,Russia,1996,119.871,Mt
oil-products,Russia,1997,114.91,Mt
oil-products,Russia,1998,112.485,Mt
oil-products,Russia,1999,116.143,Mt
oil-products,Russia,2000,118.89,Mt
oil-products,Russia,2001,119.845,Mt
oil-products,Russia,2002,116.871,Mt
oil-products,Russia,2003,118.011,Mt
oil-products,Russia,2004,117.24,Mt
oil-products,Russia,2005,117.358,Mt
oil-products,Russia,2006,120.93,Mt
oil-products,Russia,2007,122.9,Mt
oil-products,Russia,2008,126.836,Mt
oil-products,Russia,2009,121.023,Mt
oil-products,Russia,2010,126.936,Mt
oil-products,Russia,2011,126.603,Mt
oil-products,Russia,2012,140.352,Mt
oil-products,Russia,2013,139.738,Mt
oil-products,Russia,2014,133.603,Mt
oil-products,Russia,2015,132.67,Mt
oil-products,Russia,2016,126.099,Mt
oil-products,Russia,2017,132.90053,Mt
oil-products,Russia,2018,131.726337,Mt
oil-products,Russia,2019,136.88182200000003,Mt
oil-products,Russia,2020,134.86096400000002,Mt
oil-products,Russia,2021,143.70926699999995,Mt
oil-products,Russia,2022,147.74812699999998,Mt
oil-products,Russia,1990,213.74,Mt
oil-products,Russia,1991,221.12,Mt
oil-products,Russia,2023,151.24513032022764,Mt
oil-products,Russia,2024,144.11985477125995,Mt
oil-products,Saudi Arabia,1990,36.509,Mt
oil-products,Saudi Arabia,1991,45.582,Mt
oil-products,Saudi Arabia,1992,48.388,Mt
oil-products,Saudi Arabia,1993,49.765,Mt
oil-products,Saudi Arabia,1994,52.697,Mt
oil-products,Saudi Arabia,1995,51.322,Mt
oil-products,Saudi Arabia,1996,44.44,Mt
oil-products,Saudi Arabia,1997,46.412,Mt
oil-products,Saudi Arabia,1998,48.897,Mt
oil-products,Saudi Arabia,1999,51.201,Mt
oil-products,Saudi Arabia,2000,53.155,Mt
oil-products,Saudi Arabia,2001,58.314,Mt
oil-products,Saudi Arabia,2002,63.654,Mt
oil-products,Saudi Arabia,2003,67.406,Mt
oil-products,Saudi Arabia,2004,68.298,Mt
oil-products,Saudi Arabia,2005,72.248,Mt
oil-products,Saudi Arabia,2006,74.785,Mt
oil-products,Saudi Arabia,2007,77.776,Mt
oil-products,Saudi Arabia,2008,83.64,Mt
oil-products,Saudi Arabia,2009,80.864,Mt
oil-products,Saudi Arabia,2010,84.499,Mt
oil-products,Saudi Arabia,2011,88.925,Mt
oil-products,Saudi Arabia,2012,96.226,Mt
oil-products,Saudi Arabia,2013,99.033,Mt
oil-products,Saudi Arabia,2014,109.74434,Mt
oil-products,Saudi Arabia,2015,126.42326999999999,Mt
oil-products,Saudi Arabia,2016,136.98619935200003,Mt
oil-products,Saudi Arabia,2017,124.38849792001089,Mt
oil-products,Saudi Arabia,2018,119.98347,Mt
oil-products,Saudi Arabia,2019,128.599318,Mt
oil-products,Saudi Arabia,2020,121.55466,Mt
oil-products,Saudi Arabia,2021,130.21096,Mt
oil-products,Saudi Arabia,2022,130.97544200000002,Mt
oil-products,Saudi Arabia,2023,134.6073595765045,Mt
oil-products,Saudi Arabia,2024,136.64892306215162,Mt
oil-products,Singapore,1990,11.586,Mt
oil-products,Singapore,1991,11.913,Mt
oil-products,Singapore,1992,11.698,Mt
oil-products,Singapore,1993,12.769,Mt
oil-products,Singapore,1994,12.681000000000001,Mt
oil-products,Singapore,1995,12.923,Mt
oil-products,Singapore,1996,13.711,Mt
oil-products,Singapore,1997,15.292,Mt
oil-products,Singapore,1998,14.869,Mt
oil-products,Singapore,1999,14.974,Mt
oil-products,Singapore,2000,15.603,Mt
oil-products,Singapore,2001,15.422,Mt
oil-products,Singapore,2002,16.233,Mt
oil-products,Singapore,2003,14.793296149289104,Mt
oil-products,Singapore,2004,16.199233767772515,Mt
oil-products,Singapore,2005,16.00161327014218,Mt
oil-products,Singapore,2006,16.252070319905208,Mt
oil-products,Singapore,2007,14.584800000000003,Mt
oil-products,Singapore,2008,11.399699999999998,Mt
oil-products,Singapore,2009,11.7782,Mt
oil-products,Singapore,2010,13.901199999999992,Mt
oil-products,Singapore,2011,15.180000000000001,Mt
oil-products,Singapore,2012,14.139999999999999,Mt
oil-products,Singapore,2013,13.195000000000013,Mt
oil-products,Singapore,2014,12.523000000000003,Mt
oil-products,Singapore,2015,12.14000000000001,Mt
oil-products,Singapore,2016,13.458093023000005,Mt
oil-products,Singapore,2017,19.349870000000003,Mt
oil-products,Singapore,2018,14.308657000000018,Mt
oil-products,Singapore,2019,13.406191000000007,Mt
oil-products,Singapore,2020,12.443539999999995,Mt
oil-products,Singapore,2021,13.184933999999997,Mt
oil-products,Singapore,2022,13.407348281932975,Mt
oil-products,Singapore,2023,13.191539466823977,Mt
oil-products,Singapore,2024,12.091050339183392,Mt
oil-products,South Africa,1990,12.386817322834647,Mt
oil-products,South Africa,1991,12.546748031496064,Mt
oil-products,South Africa,1992,13.424194488188975,Mt
oil-products,South Africa,1993,11.976996850393702,Mt
oil-products,South Africa,1994,14.052690551181103,Mt
oil-products,South Africa,1995,15.569,Mt
oil-products,South Africa,1996,15.506,Mt
oil-products,South Africa,1997,15.004,Mt
oil-products,South Africa,1998,17.208,Mt
oil-products,South Africa,1999,17.076,Mt
oil-products,South Africa,2000,16.998,Mt
oil-products,South Africa,2001,17.297,Mt
oil-products,South Africa,2002,17.753,Mt
oil-products,South Africa,2003,18.631,Mt
oil-products,South Africa,2004,19.142,Mt
oil-products,South Africa,2005,19.317,Mt
oil-products,South Africa,2006,19.654,Mt
oil-products,South Africa,2007,23.489841986455982,Mt
oil-products,South Africa,2008,24.92427990970655,Mt
oil-products,South Africa,2009,24.921841981902748,Mt
oil-products,South Africa,2010,22.891,Mt
oil-products,South Africa,2011,24.293,Mt
oil-products,South Africa,2012,24.341,Mt
oil-products,South Africa,2013,26.178,Mt
oil-products,South Africa,2014,25.585,Mt
oil-products,South Africa,2015,26.589,Mt
oil-products,South Africa,2016,25.039197003896664,Mt
oil-products,South Africa,2017,27.55224791278106,Mt
oil-products,South Africa,2018,26.709673,Mt
oil-products,South Africa,2019,25.363057,Mt
oil-products,South Africa,2020,22.375501,Mt
oil-products,South Africa,2021,24.366563,Mt
oil-products,South Africa,2022,25.841134999999998,Mt
oil-products,South Africa,2023,26.461185083257355,Mt
oil-products,South Africa,2024,24.63945300169633,Mt
oil-products,South Korea,1990,48.315,Mt
oil-products,South Korea,1991,57.653,Mt
oil-products,South Korea,1992,69.324,Mt
oil-products,South Korea,1993,75.55,Mt
oil-products,South Korea,1994,81.151,Mt
oil-products,South Korea,1995,87.999,Mt
oil-products,South Korea,1996,90.76,Mt
oil-products,South Korea,1997,96.762,Mt
oil-products,South Korea,1998,79.445,Mt
oil-products,South Korea,1999,86.699,Mt
oil-products,South Korea,2000,89.504,Mt
oil-products,South Korea,2001,89.275,Mt
oil-products,South Korea,2002,89.522,Mt
oil-products,South Korea,2003,90.01,Mt
oil-products,South Korea,2004,88.345,Mt
oil-products,South Korea,2005,87.701,Mt
oil-products,South Korea,2006,86.542,Mt
oil-products,South Korea,2007,89.437,Mt
oil-products,South Korea,2008,84.388,Mt
oil-products,South Korea,2009,86.691,Mt
oil-products,South Korea,2010,89.321,Mt
oil-products,South Korea,2011,88.876,Mt
oil-products,South Korea,2012,92.15,Mt
oil-products,South Korea,2013,92.341,Mt
oil-products,South Korea,2014,92.953,Mt
oil-products,South Korea,2015,97.748,Mt
oil-products,South Korea,2016,102.113,Mt
oil-products,South Korea,2017,102.810978,Mt
oil-products,South Korea,2018,99.855133,Mt
oil-products,South Korea,2019,101.80465900000002,Mt
oil-products,South Korea,2020,96.45849700000002,Mt
oil-products,South Korea,2021,101.01484100000002,Mt
oil-products,South Korea,2022,98.09524669784525,Mt
oil-products,South Korea,2023,92.44657296013527,Mt
oil-products,South Korea,2024,94.98372624592346,Mt
oil-products,Spain,1990,43.647,Mt
oil-products,Spain,1991,46.24,Mt
oil-products,Spain,1992,47.85,Mt
oil-products,Spain,1993,45.61,Mt
oil-products,Spain,1994,49.125,Mt
oil-products,Spain,1995,52.027,Mt
oil-products,Spain,1996,50.844,Mt
oil-products,Spain,1997,53.203,Mt
oil-products,Spain,1998,57.084,Mt
oil-products,Spain,1999,59.152,Mt
oil-products,Spain,2000,60.816,Mt
oil-products,Spain,2001,63.004,Mt
oil-products,Spain,2002,63.574,Mt
oil-products,Spain,2003,65.319,Mt
oil-products,Spain,2004,66.796,Mt
oil-products,Spain,2005,67.549,Mt
oil-products,Spain,2006,66.249,Mt
oil-products,Spain,2007,66.663,Mt
oil-products,Spain,2008,63.372,Mt
oil-products,Spain,2009,58.977,Mt
oil-products,Spain,2010,57.482,Mt
oil-products,Spain,2011,53.664,Mt
oil-products,Spain,2012,49.451,Mt
oil-products,Spain,2013,46.751,Mt
oil-products,Spain,2014,45.417,Mt
oil-products,Spain,2015,47.863,Mt
oil-products,Spain,2016,49.491,Mt
oil-products,Spain,2017,49.867,Mt
oil-products,Spain,2018,50.516,Mt
oil-products,Spain,2019,50.013,Mt
oil-products,Spain,2020,42.975,Mt
oil-products,Spain,2021,46.64386099999999,Mt
oil-products,Spain,2022,47.97326299999999,Mt
oil-products,Spain,2023,46.302532,Mt
oil-products,Spain,2024,47.56832293174376,Mt
oil-products,Sweden,1990,14.668,Mt
oil-products,Sweden,1991,14.643,Mt
oil-products,Sweden,1992,15.844,Mt
oil-products,Sweden,1993,15.524000000000001,Mt
oil-products,Sweden,1994,16.555,Mt
oil-products,Sweden,1995,16.448,Mt
oil-products,Sweden,1996,17.763,Mt
oil-products,Sweden,1997,16.462,Mt
oil-products,Sweden,1998,16.575,Mt
oil-products,Sweden,1999,16.279,Mt
oil-products,Sweden,2000,14.843,Mt
oil-products,Sweden,2001,14.828,Mt
oil-products,Sweden,2002,15.215,Mt
oil-products,Sweden,2003,14.913,Mt
oil-products,Sweden,2004,14.378,Mt
oil-products,Sweden,2005,13.724917,Mt
oil-products,Sweden,2006,13.474315999999998,Mt
oil-products,Sweden,2007,13.117634,Mt
oil-products,Sweden,2008,12.748828999999999,Mt
oil-products,Sweden,2009,11.654851,Mt
oil-products,Sweden,2010,12.442237,Mt
oil-products,Sweden,2011,11.471334,Mt
oil-products,Sweden,2012,10.998522000000001,Mt
oil-products,Sweden,2013,10.649882999999999,Mt
oil-products,Sweden,2014,10.430966999999999,Mt
oil-products,Sweden,2015,10.162039,Mt
oil-products,Sweden,2016,10.31596,Mt
oil-products,Sweden,2017,10.168243,Mt
oil-products,Sweden,2018,9.068991999999998,Mt
oil-products,Sweden,2019,9.083188000000002,Mt
oil-products,Sweden,2020,8.296629999999999,Mt
oil-products,Sweden,2021,9.341947,Mt
oil-products,Sweden,2022,8.284609999999999,Mt
oil-products,Sweden,2023,8.361755,Mt
oil-products,Sweden,2024,8.917180229981733,Mt
oil-products,Taiwan,1990,27.98,Mt
oil-products,Taiwan,1991,29.191,Mt
oil-products,Taiwan,1992,29.669,Mt
oil-products,Taiwan,1993,31.756,Mt
oil-products,Taiwan,1994,33.382,Mt
oil-products,Taiwan,1995,36.179,Mt
oil-products,Taiwan,1996,36.116,Mt
oil-products,Taiwan,1997,36.654,Mt
oil-products,Taiwan,1998,37.836,Mt
oil-products,Taiwan,1999,39.757,Mt
oil-products,Taiwan,2000,40.939,Mt
oil-products,Taiwan,2001,43.276,Mt
oil-products,Taiwan,2002,43.347,Mt
oil-products,Taiwan,2003,45.006,Mt
oil-products,Taiwan,2004,46.482,Mt
oil-products,Taiwan,2005,45.824,Mt
oil-products,Taiwan,2006,46.191,Mt
oil-products,Taiwan,2007,48.386,Mt
oil-products,Taiwan,2008,45.883,Mt
oil-products,Taiwan,2009,45.194,Mt
oil-products,Taiwan,2010,47.095,Mt
oil-products,Taiwan,2011,43.279,Mt
oil-products,Taiwan,2012,43.041,Mt
oil-products,Taiwan,2013,44.064,Mt
oil-products,Taiwan,2014,45.333,Mt
oil-products,Taiwan,2015,46.586,Mt
oil-products,Taiwan,2016,46.42,Mt
oil-products,Taiwan,2017,45.833017,Mt
oil-products,Taiwan,2018,45.54458400000001,Mt
oil-products,Taiwan,2019,42.629921,Mt
oil-products,Taiwan,2020,42.042060000000006,Mt
oil-products,Taiwan,2021,43.92975500000001,Mt
oil-products,Taiwan,2022,39.299991,Mt
oil-products,Taiwan,2023,36.72819468851291,Mt
oil-products,Taiwan,2024,37.24228716468672,Mt
oil-products,Thailand,1990,17.614,Mt
oil-products,Thailand,1991,18.564,Mt
oil-products,Thailand,1992,20.346,Mt
oil-products,Thailand,1993,24.066,Mt
oil-products,Thailand,1994,26.793,Mt
oil-products,Thailand,1995,30.395,Mt
oil-products,Thailand,1996,33.181,Mt
oil-products,Thailand,1997,33.049,Mt
oil-products,Thailand,1998,29.651,Mt
oil-products,Thailand,1999,31.172,Mt
oil-products,Thailand,2000,29.799,Mt
oil-products,Thailand,2001,29.007,Mt
oil-products,Thailand,2002,31.486,Mt
oil-products,Thailand,2003,34.678,Mt
oil-products,Thailand,2004,39.9901043,Mt
oil-products,Thailand,2005,38.811,Mt
oil-products,Thailand,2006,38.552,Mt
oil-products,Thailand,2007,36.566,Mt
oil-products,Thailand,2008,35.562,Mt
oil-products,Thailand,2009,36.297,Mt
oil-products,Thailand,2010,37.444,Mt
oil-products,Thailand,2011,43.042,Mt
oil-products,Thailand,2012,45.616,Mt
oil-products,Thailand,2013,49.6494,Mt
oil-products,Thailand,2014,49.4895,Mt
oil-products,Thailand,2015,50.3697,Mt
oil-products,Thailand,2016,51.8352,Mt
oil-products,Thailand,2017,52.008745,Mt
oil-products,Thailand,2018,56.90657504381935,Mt
oil-products,Thailand,2019,57.02420161355161,Mt
oil-products,Thailand,2020,55.22046189268368,Mt
oil-products,Thailand,2021,54.44783379260422,Mt
oil-products,Thailand,2022,53.624704237686366,Mt
oil-products,Thailand,2023,53.671101973183205,Mt
oil-products,Thailand,2024,53.343842849039454,Mt
oil-products,Turkiye,1990,22.432,Mt
oil-products,Turkiye,1991,21.807,Mt
oil-products,Turkiye,1992,23.09,Mt
oil-products,Turkiye,1993,26.49,Mt
oil-products,Turkiye,1994,25.256,Mt
oil-products,Turkiye,1995,28.289,Mt
oil-products,Turkiye,1996,29.598,Mt
oil-products,Turkiye,1997,29.02,Mt
oil-products,Turkiye,1998,28.687,Mt
oil-products,Turkiye,1999,28.354,Mt
oil-products,Turkiye,2000,29.737,Mt
oil-products,Turkiye,2001,27.839,Mt
oil-products,Turkiye,2002,29.268,Mt
oil-products,Turkiye,2003,28.649,Mt
oil-products,Turkiye,2004,28.832,Mt
oil-products,Turkiye,2005,28.379,Mt
oil-products,Turkiye,2006,29.777,Mt
oil-products,Turkiye,2007,30.269,Mt
oil-products,Turkiye,2008,29.818,Mt
oil-products,Turkiye,2009,30.665,Mt
oil-products,Turkiye,2010,29.465,Mt
oil-products,Turkiye,2011,28.851,Mt
oil-products,Turkiye,2012,30.963,Mt
oil-products,Turkiye,2013,32.095,Mt
oil-products,Turkiye,2014,32.117,Mt
oil-products,Turkiye,2015,37.473,Mt
oil-products,Turkiye,2016,40.679,Mt
oil-products,Turkiye,2017,43.053,Mt
oil-products,Turkiye,2018,40.965737000000004,Mt
oil-products,Turkiye,2019,41.314705000000004,Mt
oil-products,Turkiye,2020,41.575496,Mt
oil-products,Turkiye,2021,42.87134700000001,Mt
oil-products,Turkiye,2022,43.51239999999999,Mt
oil-products,Turkiye,2023,45.817266000000004,Mt
oil-products,Turkiye,2024,47.19900740853785,Mt
oil-products,United Arab Emirates,1990,5.456,Mt
oil-products,United Arab Emirates,1991,5.561,Mt
oil-products,United Arab Emirates,1992,5.792,Mt
oil-products,United Arab Emirates,1993,6.51,Mt
oil-products,United Arab Emirates,1994,6.485,Mt
oil-products,United Arab Emirates,1995,6.045,Mt
oil-products,United Arab Emirates,1996,6.144380697050938,Mt
oil-products,United Arab Emirates,1997,5.745249329758713,Mt
oil-products,United Arab Emirates,1998,6.590235924932976,Mt
oil-products,United Arab Emirates,1999,6.275879356568365,Mt
oil-products,United Arab Emirates,2000,6.506694369973191,Mt
oil-products,United Arab Emirates,2001,6.301,Mt
oil-products,United Arab Emirates,2002,7.294,Mt
oil-products,United Arab Emirates,2003,9.116,Mt
oil-products,United Arab Emirates,2004,9.229,Mt
oil-products,United Arab Emirates,2005,9.615,Mt
oil-products,United Arab Emirates,2006,10.013,Mt
oil-products,United Arab Emirates,2007,10.786,Mt
oil-products,United Arab Emirates,2008,11.21,Mt
oil-products,United Arab Emirates,2009,12.997,Mt
oil-products,United Arab Emirates,2010,12.979547184986593,Mt
oil-products,United Arab Emirates,2011,14.381719571045574,Mt
oil-products,United Arab Emirates,2012,13.874909115281499,Mt
oil-products,United Arab Emirates,2013,16.00538150134048,Mt
oil-products,United Arab Emirates,2014,16.159262466487935,Mt
oil-products,United Arab Emirates,2015,17.96981367292225,Mt
oil-products,United Arab Emirates,2016,18.984699999999997,Mt
oil-products,United Arab Emirates,2017,20.36142999999999,Mt
oil-products,United Arab Emirates,2018,20.125400000000006,Mt
oil-products,United Arab Emirates,2019,18.863984999999996,Mt
oil-products,United Arab Emirates,2020,17.26747000000001,Mt
oil-products,United Arab Emirates,2021,18.495782999999996,Mt
oil-products,United Arab Emirates,2022,18.342,Mt
oil-products,United Arab Emirates,2023,19.339477378383755,Mt
oil-products,United Arab Emirates,2024,19.339477378383755,Mt
oil-products,United Kingdom,1990,73.93,Mt
oil-products,United Kingdom,1991,74.747,Mt
oil-products,United Kingdom,1992,74.429,Mt
oil-products,United Kingdom,1993,74.145,Mt
oil-products,United Kingdom,1994,73.316,Mt
oil-products,United Kingdom,1995,71.846,Mt
oil-products,United Kingdom,1996,73.704,Mt
oil-products,United Kingdom,1997,71.718,Mt
oil-products,United Kingdom,1998,69.945,Mt
oil-products,United Kingdom,1999,70.485,Mt
oil-products,United Kingdom,2000,68.329,Mt
oil-products,United Kingdom,2001,67.792,Mt
oil-products,United Kingdom,2002,67.138,Mt
oil-products,United Kingdom,2003,67.946,Mt
oil-products,United Kingdom,2004,68.81,Mt
oil-products,United Kingdom,2005,69.068,Mt
oil-products,United Kingdom,2006,68.121,Mt
oil-products,United Kingdom,2007,65.615,Mt
oil-products,United Kingdom,2008,63.602,Mt
oil-products,United Kingdom,2009,60.267,Mt
oil-products,United Kingdom,2010,59.987,Mt
oil-products,United Kingdom,2011,57.416,Mt
oil-products,United Kingdom,2012,56.666,Mt
oil-products,United Kingdom,2013,55.232,Mt
oil-products,United Kingdom,2014,55.141,Mt
oil-products,United Kingdom,2015,57.213,Mt
oil-products,United Kingdom,2016,58.823,Mt
oil-products,United Kingdom,2017,59.184585999999996,Mt
oil-products,United Kingdom,2018,58.005628,Mt
oil-products,United Kingdom,2019,56.663,Mt
oil-products,United Kingdom,2020,47.468,Mt
oil-products,United Kingdom,2021,49.55,Mt
oil-products,United Kingdom,2022,50.161,Mt
oil-products,United Kingdom,2023,49.68158525944951,Mt
oil-products,United Kingdom,2024,48.79763046035199,Mt
oil-products,United States,1990,731.993,Mt
oil-products,United States,1991,715.748,Mt
oil-products,United States,1992,728.862,Mt
oil-products,United States,1993,738.082,Mt
oil-products,United States,1994,759.017,Mt
oil-products,United States,1995,753.244,Mt
oil-products,United States,1996,779.425,Mt
oil-products,United States,1997,826.809,Mt
oil-products,United States,1998,854.362,Mt
oil-products,United States,1999,871.531,Mt
oil-products,United States,2000,865.998,Mt
oil-products,United States,2001,880.264,Mt
oil-products,United States,2002,843.881,Mt
oil-products,United States,2003,859.631,Mt
oil-products,United States,2004,888.495,Mt
oil-products,United States,2005,886.866,Mt
oil-products,United States,2006,871.167,Mt
oil-products,United States,2007,860.057,Mt
oil-products,United States,2008,804.081,Mt
oil-products,United States,2009,754.965,Mt
oil-products,United States,2010,776.767,Mt
oil-products,United States,2011,728.558,Mt
oil-products,United States,2012,715.34,Mt
oil-products,United States,2013,725.28,Mt
oil-products,United States,2014,730.677,Mt
oil-products,United States,2015,744.443,Mt
oil-products,United States,2016,747.401,Mt
oil-products,United States,2017,745.21753,Mt
oil-products,United States,2018,761.4282509999999,Mt
oil-products,United States,2019,755.6445090000001,Mt
oil-products,United States,2020,668.082454,Mt
oil-products,United States,2021,722.7380140000001,Mt
oil-products,United States,2022,740.7123819999999,Mt
oil-products,United States,2023,739.3150587946473,Mt
oil-products,United States,2024,727.8935599753663,Mt
oil-products,Uzbekistan,1992,8.706779999999998,Mt
oil-products,Uzbekistan,1993,8.0189761,Mt
oil-products,Uzbekistan,1994,7.241488100000001,Mt
oil-products,Uzbekistan,1995,6.322961999999999,Mt
oil-products,Uzbekistan,1996,6.0994652,Mt
oil-products,Uzbekistan,1997,6.714,Mt
oil-products,Uzbekistan,1998,6.7105,Mt
oil-products,Uzbekistan,1999,6.48,Mt
oil-products,Uzbekistan,2000,6.31,Mt
oil-products,Uzbekistan,2001,6.178,Mt
oil-products,Uzbekistan,2002,6.02,Mt
oil-products,Uzbekistan,2003,6.6129999999999995,Mt
oil-products,Uzbekistan,2004,5.6765,Mt
oil-products,Uzbekistan,2005,4.542,Mt
oil-products,Uzbekistan,2006,4.557,Mt
oil-products,Uzbekistan,2007,4.058,Mt
oil-products,Uzbekistan,2008,3.8852,Mt
oil-products,Uzbekistan,2009,4.0025,Mt
oil-products,Uzbekistan,2010,3.5675,Mt
oil-products,Uzbekistan,2011,3.286,Mt
oil-products,Uzbekistan,2012,2.928,Mt
oil-products,Uzbekistan,2013,3.5564999999999998,Mt
oil-products,Uzbekistan,2014,3.2959680000000002,Mt
oil-products,Uzbekistan,2015,3.507469999999999,Mt
oil-products,Uzbekistan,2016,3.565989,Mt
oil-products,Uzbekistan,2017,3.580931,Mt
oil-products,Uzbekistan,2018,3.7998574311,Mt
oil-products,Uzbekistan,2019,3.966398,Mt
oil-products,Uzbekistan,2020,4.200943599999999,Mt
oil-products,Uzbekistan,2021,4.345773,Mt
oil-products,Uzbekistan,2022,4.735233999999999,Mt
oil-products,Uzbekistan,1990,10.956,Mt
oil-products,Uzbekistan,1991,10.405,Mt
oil-products,Uzbekistan,2023,5.053971984357022,Mt
oil-products,Uzbekistan,2024,4.895685029976634,Mt
oil-products,Vietnam,1990,2.6790000000000003,Mt
oil-products,Vietnam,1991,2.5789999999999997,Mt
oil-products,Vietnam,1992,3.006,Mt
oil-products,Vietnam,1993,4.034,Mt
oil-products,Vietnam,1994,4.348,Mt
oil-products,Vietnam,1995,4.421,Mt
oil-products,Vietnam,1996,5.157,Mt
oil-products,Vietnam,1997,5.587,Mt
oil-products,Vietnam,1998,6.376,Mt
oil-products,Vietnam,1999,6.91,Mt
oil-products,Vietnam,2000,7.679,Mt
oil-products,Vietnam,2001,8.395,Mt
oil-products,Vietnam,2002,9.475,Mt
oil-products,Vietnam,2003,10.068,Mt
oil-products,Vietnam,2004,11.478,Mt
oil-products,Vietnam,2005,11.439,Mt
oil-products,Vietnam,2006,11.079,Mt
oil-products,Vietnam,2007,12.912,Mt
oil-products,Vietnam,2008,12.649000000000001,Mt
oil-products,Vietnam,2009,14.458,Mt
oil-products,Vietnam,2010,15.995,Mt
oil-products,Vietnam,2011,14.871,Mt
oil-products,Vietnam,2012,13.986,Mt
oil-products,Vietnam,2013,13.941,Mt
oil-products,Vietnam,2014,15.238,Mt
oil-products,Vietnam,2015,18.609,Mt
oil-products,Vietnam,2016,20.4832,Mt
oil-products,Vietnam,2017,19.902399999999997,Mt
oil-products,Vietnam,2018,21.5217,Mt
oil-products,Vietnam,2019,22.1756,Mt
oil-products,Vietnam,2020,21.062791999999998,Mt
oil-products,Vietnam,2021,18.933276000000003,Mt
oil-products,Vietnam,2022,26.09242473198647,Mt
oil-products,Vietnam,2023,26.98833319743262,Mt
oil-products,Vietnam,2024,34.294287105720834,Mt
natural-gas,Algeria,1990,14.602868421052634,Gm3
natural-gas,Algeria,1991,15.80484210526316,Gm3
natural-gas,Algeria,1992,16.234184210526312,Gm3
natural-gas,Algeria,1993,18.92892105263158,Gm3
natural-gas,Algeria,1994,19.12084210526316,Gm3
natural-gas,Algeria,1995,19.167131578947373,Gm3
natural-gas,Algeria,1996,18.808026315789476,Gm3
natural-gas,Algeria,1997,19.628000000000004,Gm3
natural-gas,Algeria,1998,20.438736842105264,Gm3
natural-gas,Algeria,1999,21.644578947368423,Gm3
natural-gas,Algeria,2000,25.98718421052632,Gm3
natural-gas,Algeria,2001,21.66789473684211,Gm3
natural-gas,Algeria,2002,22.24347364210527,Gm3
natural-gas,Algeria,2003,22.67536844278947,Gm3
natural-gas,Algeria,2004,23.77115791671054,Gm3
natural-gas,Algeria,2005,23.667157894736835,Gm3
natural-gas,Algeria,2006,26.370552631578946,Gm3
natural-gas,Algeria,2007,27.361789473684222,Gm3
natural-gas,Algeria,2008,27.418394736842114,Gm3
natural-gas,Algeria,2009,28.716131578947365,Gm3
natural-gas,Algeria,2010,28.50692105263158,Gm3
natural-gas,Algeria,2011,30.8601052631579,Gm3
natural-gas,Algeria,2012,35.146368421052635,Gm3
natural-gas,Algeria,2013,35.97797368421052,Gm3
natural-gas,Algeria,2014,39.32289473684211,Gm3
natural-gas,Algeria,2015,42.253631578947356,Gm3
natural-gas,Algeria,2016,41.830511999999985,Gm3
natural-gas,Algeria,2017,43.274281578947374,Gm3
natural-gas,Algeria,2018,46.91967631578946,Gm3
natural-gas,Algeria,2019,48.41480263157895,Gm3
natural-gas,Algeria,2020,46.52843684210527,Gm3
natural-gas,Algeria,2021,51.131899999999995,Gm3
natural-gas,Algeria,2022,54.19541560526314,Gm3
natural-gas,Algeria,2023,55.33443868344377,Gm3
natural-gas,Algeria,2024,56.283029060874235,Gm3
natural-gas,Argentina,1990,21.94257596266458,Gm3
natural-gas,Argentina,1991,21.63992230542641,Gm3
natural-gas,Argentina,1992,23.800455300422325,Gm3
natural-gas,Argentina,1993,24.93689187635305,Gm3
natural-gas,Argentina,1994,25.398121528196757,Gm3
natural-gas,Argentina,1995,26.258421354296058,Gm3
natural-gas,Argentina,1996,31.783656010221097,Gm3
natural-gas,Argentina,1997,30.611193418035988,Gm3
natural-gas,Argentina,1998,31.655792697732196,Gm3
natural-gas,Argentina,1999,34.44783428682968,Gm3
natural-gas,Argentina,2000,36.33372741384817,Gm3
natural-gas,Argentina,2001,33.97266652234092,Gm3
natural-gas,Argentina,2002,33.26197847535224,Gm3
natural-gas,Argentina,2003,37.08804992014764,Gm3
natural-gas,Argentina,2004,40.237080803492205,Gm3
natural-gas,Argentina,2005,41.121087411718776,Gm3
natural-gas,Argentina,2006,42.77091313837528,Gm3
natural-gas,Argentina,2007,45.27507894736842,Gm3
natural-gas,Argentina,2008,46.008342105263154,Gm3
natural-gas,Argentina,2009,45.193026315789474,Gm3
natural-gas,Argentina,2010,45.19939473684211,Gm3
natural-gas,Argentina,2011,47.4095,Gm3
natural-gas,Argentina,2012,49.113815789473676,Gm3
natural-gas,Argentina,2013,46.57484613157895,Gm3
natural-gas,Argentina,2014,47.29263868421054,Gm3
natural-gas,Argentina,2015,47.79931686842107,Gm3
natural-gas,Argentina,2016,48.10325805263158,Gm3
natural-gas,Argentina,2017,49.18076918421054,Gm3
natural-gas,Argentina,2018,47.01841739473684,Gm3
natural-gas,Argentina,2019,45.16303700000001,Gm3
natural-gas,Argentina,2020,43.34498605263158,Gm3
natural-gas,Argentina,2021,52.9958,Gm3
natural-gas,Argentina,2022,44.320578947368425,Gm3
natural-gas,Argentina,2023,42.74453906533141,Gm3
natural-gas,Argentina,2024,42.54352582098139,Gm3
natural-gas,Australia,1990,18.37607894736842,Gm3
natural-gas,Australia,1991,17.172131578947365,Gm3
natural-gas,Australia,1992,17.79042105263158,Gm3
natural-gas,Australia,1993,18.444552631578947,Gm3
natural-gas,Australia,1994,19.258,Gm3
natural-gas,Australia,1995,20.70086842105263,Gm3
natural-gas,Australia,1996,20.735131578947367,Gm3
natural-gas,Australia,1997,20.903105263157894,Gm3
natural-gas,Australia,1998,21.746973684210527,Gm3
natural-gas,Australia,1999,22.60376315789474,Gm3
natural-gas,Australia,2000,23.747684210526312,Gm3
natural-gas,Australia,2001,25.01415789473684,Gm3
natural-gas,Australia,2002,27.47865789473685,Gm3
natural-gas,Australia,2003,25.781210526315792,Gm3
natural-gas,Australia,2004,26.616973684210528,Gm3
natural-gas,Australia,2005,26.328289473684215,Gm3
natural-gas,Australia,2006,26.39026315789474,Gm3
natural-gas,Australia,2007,30.061499999999995,Gm3
natural-gas,Australia,2008,31.074815789473682,Gm3
natural-gas,Australia,2009,31.965473684210526,Gm3
natural-gas,Australia,2010,32.76813157894737,Gm3
natural-gas,Australia,2011,33.19434210526316,Gm3
natural-gas,Australia,2012,34.703736842105265,Gm3
natural-gas,Australia,2013,35.78936842105264,Gm3
natural-gas,Australia,2014,36.582394736842105,Gm3
natural-gas,Australia,2015,36.929105263157886,Gm3
natural-gas,Australia,2016,37.233710526315804,Gm3
natural-gas,Australia,2017,38.56414623684211,Gm3
natural-gas,Australia,2018,39.83567363157895,Gm3
natural-gas,Australia,2019,40.68431184210527,Gm3
natural-gas,Australia,2020,42.156052210526326,Gm3
natural-gas,Australia,2021,40.56076936842107,Gm3
natural-gas,Australia,2022,40.53185444736842,Gm3
natural-gas,Australia,2023,40.89689037272129,Gm3
natural-gas,Australia,2024,39.35420492091277,Gm3
natural-gas,Azerbaijan,1992,3.0993421052631582,Gm3
natural-gas,Azerbaijan,1993,7.394736842105264,Gm3
natural-gas,Azerbaijan,1994,6.864894736842105,Gm3
natural-gas,Azerbaijan,1995,6.199578947368422,Gm3
natural-gas,Azerbaijan,1996,6.279026315789474,Gm3
natural-gas,Azerbaijan,1997,5.916815789473684,Gm3
natural-gas,Azerbaijan,1998,5.66971052631579,Gm3
natural-gas,Azerbaijan,1999,6.252447368421054,Gm3
natural-gas,Azerbaijan,2000,6.108684210526315,Gm3
natural-gas,Azerbaijan,2001,8.86642105263158,Gm3
natural-gas,Azerbaijan,2002,8.891236842105263,Gm3
natural-gas,Azerbaijan,2003,9.12242105263158,Gm3
natural-gas,Azerbaijan,2004,9.962421052631578,Gm3
natural-gas,Azerbaijan,2005,9.913105263157895,Gm3
natural-gas,Azerbaijan,2006,10.94921052631579,Gm3
natural-gas,Azerbaijan,2007,9.384055263157896,Gm3
natural-gas,Azerbaijan,2008,11.060447368421054,Gm3
natural-gas,Azerbaijan,2009,10.025521052631579,Gm3
natural-gas,Azerbaijan,2010,9.579786842105262,Gm3
natural-gas,Azerbaijan,2011,10.151473684210528,Gm3
natural-gas,Azerbaijan,2012,10.573526315789474,Gm3
natural-gas,Azerbaijan,2013,10.627905263157892,Gm3
natural-gas,Azerbaijan,2014,11.304573684210526,Gm3
natural-gas,Azerbaijan,2015,11.68623157894737,Gm3
natural-gas,Azerbaijan,2016,11.484665789473686,Gm3
natural-gas,Azerbaijan,2017,11.159339473684213,Gm3
natural-gas,Azerbaijan,2018,11.370160526315791,Gm3
natural-gas,Azerbaijan,2019,12.88209210526316,Gm3
natural-gas,Azerbaijan,2020,12.987449999999997,Gm3
natural-gas,Azerbaijan,2021,13.4777552631579,Gm3
natural-gas,Azerbaijan,2022,14.324021052631583,Gm3
natural-gas,Azerbaijan,1990,17.844005305039786,Gm3
natural-gas,Azerbaijan,1991,17.85602122015915,Gm3
natural-gas,Azerbaijan,2023,14.711947520545998,Gm3
natural-gas,Azerbaijan,2024,13.473548907084368,Gm3
natural-gas,Belgium,1990,9.646806919862858,Gm3
natural-gas,Belgium,1991,10.287964332476875,Gm3
natural-gas,Belgium,1992,10.603262797863923,Gm3
natural-gas,Belgium,1993,11.095946302888652,Gm3
natural-gas,Belgium,1994,11.346441216419413,Gm3
natural-gas,Belgium,1995,12.908123502232208,Gm3
natural-gas,Belgium,1996,14.42870728051613,Gm3
natural-gas,Belgium,1997,13.68237540247328,Gm3
natural-gas,Belgium,1998,15.109249699482671,Gm3
natural-gas,Belgium,1999,16.076300799760084,Gm3
natural-gas,Belgium,2000,16.164712387125373,Gm3
natural-gas,Belgium,2001,16.163169359559337,Gm3
natural-gas,Belgium,2002,16.614506695008618,Gm3
natural-gas,Belgium,2003,17.601147907189095,Gm3
natural-gas,Belgium,2004,17.70906742114238,Gm3
natural-gas,Belgium,2005,17.811466011943885,Gm3
natural-gas,Belgium,2006,17.886043034338833,Gm3
natural-gas,Belgium,2007,18.09466542743698,Gm3
natural-gas,Belgium,2008,18.19587243662407,Gm3
natural-gas,Belgium,2009,18.51186950344753,Gm3
natural-gas,Belgium,2010,20.640807811512264,Gm3
natural-gas,Belgium,2011,17.84016547347502,Gm3
natural-gas,Belgium,2012,18.083296558952828,Gm3
natural-gas,Belgium,2013,18.21524531665033,Gm3
natural-gas,Belgium,2014,16.003198532798155,Gm3
natural-gas,Belgium,2015,17.21805794594143,Gm3
natural-gas,Belgium,2016,17.430584271464497,Gm3
natural-gas,Belgium,2017,17.818800035477636,Gm3
natural-gas,Belgium,2018,18.355154011824705,Gm3
natural-gas,Belgium,2019,18.512875235022907,Gm3
natural-gas,Belgium,2020,18.387048595598813,Gm3
natural-gas,Belgium,2021,18.458999920764516,Gm3
natural-gas,Belgium,2022,15.576600139173589,Gm3
natural-gas,Belgium,2023,14.613399866063396,Gm3
natural-gas,Belgium,2024,14.064251408720079,Gm3
natural-gas,Brazil,1990,3.870236842105263,Gm3
natural-gas,Brazil,1991,3.859815789473683,Gm3
natural-gas,Brazil,1992,4.171473684210527,Gm3
natural-gas,Brazil,1993,4.5554736842105275,Gm3
natural-gas,Brazil,1994,4.692973684210527,Gm3
natural-gas,Brazil,1995,5.020868421052632,Gm3
natural-gas,Brazil,1996,5.6819736842105275,Gm3
natural-gas,Brazil,1997,6.292236842105263,Gm3
natural-gas,Brazil,1998,6.61921052631579,Gm3
natural-gas,Brazil,1999,7.442736842105264,Gm3
natural-gas,Brazil,2000,9.63284210526316,Gm3
natural-gas,Brazil,2001,12.394578947368421,Gm3
natural-gas,Brazil,2002,15.370894736842107,Gm3
natural-gas,Brazil,2003,15.74978947368421,Gm3
natural-gas,Brazil,2004,19.237473684210528,Gm3
natural-gas,Brazil,2005,20.472052631578947,Gm3
natural-gas,Brazil,2006,21.41076315789473,Gm3
natural-gas,Brazil,2007,21.732736842105265,Gm3
natural-gas,Brazil,2008,26.078131578947367,Gm3
natural-gas,Brazil,2009,20.906973684210527,Gm3
natural-gas,Brazil,2010,28.166026315789473,Gm3
natural-gas,Brazil,2011,27.1825,Gm3
natural-gas,Brazil,2012,32.012631578947364,Gm3
natural-gas,Brazil,2013,38.09518421052632,Gm3
natural-gas,Brazil,2014,41.792026315789464,Gm3
natural-gas,Brazil,2015,41.28292105263157,Gm3
natural-gas,Brazil,2016,35.5117894736842,Gm3
natural-gas,Brazil,2017,37.03918421052632,Gm3
natural-gas,Brazil,2018,35.761868421052625,Gm3
natural-gas,Brazil,2019,35.33836842105263,Gm3
natural-gas,Brazil,2020,32.4156052631579,Gm3
natural-gas,Brazil,2021,45.04130834210526,Gm3
natural-gas,Brazil,2022,34.744668315789475,Gm3
natural-gas,Brazil,2023,31.510540710526314,Gm3
natural-gas,Brazil,2024,33.29546667439435,Gm3
natural-gas,Canada,1990,66.92936842105264,Gm3
natural-gas,Canada,1991,67.38628947368422,Gm3
natural-gas,Canada,1992,70.61028947368422,Gm3
natural-gas,Canada,1993,74.50555263157895,Gm3
natural-gas,Canada,1994,78.60518421052632,Gm3
natural-gas,Canada,1995,81.5553947368421,Gm3
natural-gas,Canada,1996,85.47542105263159,Gm3
natural-gas,Canada,1997,86.10705263157895,Gm3
natural-gas,Canada,1998,83.37197368421053,Gm3
natural-gas,Canada,1999,87.22613157894736,Gm3
natural-gas,Canada,2000,91.51294736842105,Gm3
natural-gas,Canada,2001,87.37971052631579,Gm3
natural-gas,Canada,2002,91.48952631578946,Gm3
natural-gas,Canada,2003,95.87334210526316,Gm3
natural-gas,Canada,2004,93.26510526315789,Gm3
natural-gas,Canada,2005,99.44763157894738,Gm3
natural-gas,Canada,2006,98.80842105263159,Gm3
natural-gas,Canada,2007,98.91173684210527,Gm3
natural-gas,Canada,2008,97.08163157894737,Gm3
natural-gas,Canada,2009,95.00686842105264,Gm3
natural-gas,Canada,2010,98.25181578947368,Gm3
natural-gas,Canada,2011,109.09936842105265,Gm3
natural-gas,Canada,2012,108.71721052631578,Gm3
natural-gas,Canada,2013,113.90181578947369,Gm3
natural-gas,Canada,2014,118.62236842105263,Gm3
natural-gas,Canada,2015,118.69028947368422,Gm3
natural-gas,Canada,2016,119.65076315789476,Gm3
natural-gas,Canada,2017,125.34352631578948,Gm3
natural-gas,Canada,2018,139.52857894736843,Gm3
natural-gas,Canada,2019,139.24044736842106,Gm3
natural-gas,Canada,2020,131.31044736842105,Gm3
natural-gas,Canada,2021,138.67981578947368,Gm3
natural-gas,Canada,2022,143.4329210526316,Gm3
natural-gas,Canada,2023,141.70790080332225,Gm3
natural-gas,Canada,2024,147.51671894646844,Gm3
natural-gas,Chile,1990,1.3981842105263151,Gm3
natural-gas,Chile,1991,1.175710526315789,Gm3
natural-gas,Chile,1992,1.398263157894736,Gm3
natural-gas,Chile,1993,1.3102894736842101,Gm3
natural-gas,Chile,1994,1.408131578947368,Gm3
natural-gas,Chile,1995,1.400394736842105,Gm3
natural-gas,Chile,1996,1.4356842105263161,Gm3
natural-gas,Chile,1997,2.422421052631578,Gm3
natural-gas,Chile,1998,3.447342105263157,Gm3
natural-gas,Chile,1999,4.831868421052632,Gm3
natural-gas,Chile,2000,6.377263157894736,Gm3
natural-gas,Chile,2001,7.233973684210527,Gm3
natural-gas,Chile,2002,7.2267631578947364,Gm3
natural-gas,Chile,2003,7.886815789473684,Gm3
natural-gas,Chile,2004,8.585157894736842,Gm3
natural-gas,Chile,2005,8.321815789473685,Gm3
natural-gas,Chile,2006,7.668052631578947,Gm3
natural-gas,Chile,2007,4.563078947368421,Gm3
natural-gas,Chile,2008,2.828315789473684,Gm3
natural-gas,Chile,2009,3.337605263157894,Gm3
natural-gas,Chile,2010,5.4503157894736844,Gm3
natural-gas,Chile,2011,5.869421052631578,Gm3
natural-gas,Chile,2012,5.023078947368422,Gm3
natural-gas,Chile,2013,5.110736842105263,Gm3
natural-gas,Chile,2014,4.19557894736842,Gm3
natural-gas,Chile,2015,4.520184210526316,Gm3
natural-gas,Chile,2016,4.930447368421052,Gm3
natural-gas,Chile,2017,5.215938631578947,Gm3
natural-gas,Chile,2018,5.454047184210526,Gm3
natural-gas,Chile,2019,6.486969342105263,Gm3
natural-gas,Chile,2020,6.079032473684211,Gm3
natural-gas,Chile,2021,6.616800210526316,Gm3
natural-gas,Chile,2022,6.861968868421053,Gm3
natural-gas,Chile,2023,7.015540005962245,Gm3
natural-gas,Chile,2024,6.810012971704214,Gm3
natural-gas,China,1990,16.135921052631577,Gm3
natural-gas,China,1991,16.27928947368421,Gm3
natural-gas,China,1992,16.166605263157894,Gm3
natural-gas,China,1993,18.239421052631577,Gm3
natural-gas,China,1994,19.879447368421054,Gm3
natural-gas,China,1995,20.361447368421054,Gm3
natural-gas,China,1996,21.287447368421056,Gm3
natural-gas,China,1997,22.585684210526313,Gm3
natural-gas,China,1998,24.63165789473684,Gm3
natural-gas,China,1999,27.244526315789475,Gm3
natural-gas,China,2000,31.190105263157896,Gm3
natural-gas,China,2001,35.67626315789474,Gm3
natural-gas,China,2002,28.61604210526316,Gm3
natural-gas,China,2003,33.24768789473684,Gm3
natural-gas,China,2004,38.89961578947369,Gm3
natural-gas,China,2005,45.70044210526316,Gm3
natural-gas,China,2006,56.215952631578936,Gm3
natural-gas,China,2007,69.14944210526316,Gm3
natural-gas,China,2008,79.7107,Gm3
natural-gas,China,2009,87.7767802631579,Gm3
natural-gas,China,2010,106.56293134210526,Gm3
natural-gas,China,2011,131.5221364736842,Gm3
natural-gas,China,2012,148.42725789473687,Gm3
natural-gas,China,2013,171.13348499999998,Gm3
natural-gas,China,2014,198.25645918421054,Gm3
natural-gas,China,2015,206.0616860526316,Gm3
natural-gas,China,2016,225.3360063157895,Gm3
natural-gas,China,2017,260.4241002631579,Gm3
natural-gas,China,2018,308.1221384210527,Gm3
natural-gas,China,2019,337.35708236842106,Gm3
natural-gas,China,2020,361.8509748157894,Gm3
natural-gas,China,2021,409.5733315789474,Gm3
natural-gas,China,2022,414.3114836842106,Gm3
natural-gas,China,2023,444.14191050947375,Gm3
natural-gas,China,2024,476.56426997666534,Gm3
natural-gas,Colombia,1990,4.285117479738916,Gm3
natural-gas,Colombia,1991,4.394735905853535,Gm3
natural-gas,Colombia,1992,4.37237095560746,Gm3
natural-gas,Colombia,1993,4.665371646042063,Gm3
natural-gas,Colombia,1994,4.588110027705716,Gm3
natural-gas,Colombia,1995,4.879783481304865,Gm3
natural-gas,Colombia,1996,5.294845323252548,Gm3
natural-gas,Colombia,1997,6.59206234628124,Gm3
natural-gas,Colombia,1998,6.684314064217113,Gm3
natural-gas,Colombia,1999,5.592723593871362,Gm3
natural-gas,Colombia,2000,6.543126770777006,Gm3
natural-gas,Colombia,2001,6.549951890431921,Gm3
natural-gas,Colombia,2002,7.137331714519198,Gm3
natural-gas,Colombia,2003,7.497336218756484,Gm3
natural-gas,Colombia,2004,7.864927753597782,Gm3
natural-gas,Colombia,2005,8.148005796140755,Gm3
natural-gas,Colombia,2006,9.424761334124142,Gm3
natural-gas,Colombia,2007,9.73589840595139,Gm3
natural-gas,Colombia,2008,10.598499771276993,Gm3
natural-gas,Colombia,2009,11.880490785996129,Gm3
natural-gas,Colombia,2010,12.351573288135002,Gm3
natural-gas,Colombia,2011,12.099899648487714,Gm3
natural-gas,Colombia,2012,12.506977111169874,Gm3
natural-gas,Colombia,2013,12.414680902597953,Gm3
natural-gas,Colombia,2014,13.07777894567829,Gm3
natural-gas,Colombia,2015,12.725902680166733,Gm3
natural-gas,Colombia,2016,12.471737114684409,Gm3
natural-gas,Colombia,2017,11.579844989466455,Gm3
natural-gas,Colombia,2018,12.201706993839498,Gm3
natural-gas,Colombia,2019,12.85675244007371,Gm3
natural-gas,Colombia,2020,11.261371462499504,Gm3
natural-gas,Colombia,2021,11.26579966705834,Gm3
natural-gas,Colombia,2022,11.8329935198998,Gm3
natural-gas,Colombia,2023,12.758296259161659,Gm3
natural-gas,Colombia,2024,13.555689775359262,Gm3
natural-gas,Czechia,1990,6.576999970607002,Gm3
natural-gas,Czechia,1991,6.347000071860761,Gm3
natural-gas,Czechia,1992,7.263999963814886,Gm3
natural-gas,Czechia,1993,7.329000033411865,Gm3
natural-gas,Czechia,1994,7.148000033547844,Gm3
natural-gas,Czechia,1995,8.06831859002397,Gm3
natural-gas,Czechia,1996,9.291751699690796,Gm3
natural-gas,Czechia,1997,9.426025860024797,Gm3
natural-gas,Czechia,1998,9.421022923025502,Gm3
natural-gas,Czechia,1999,9.517534870552725,Gm3
natural-gas,Czechia,2000,9.235967654977387,Gm3
natural-gas,Czechia,2001,9.89500001880192,Gm3
natural-gas,Czechia,2002,9.552000110891978,Gm3
natural-gas,Czechia,2003,9.657999919150232,Gm3
natural-gas,Czechia,2004,9.601000113343282,Gm3
natural-gas,Czechia,2005,9.493000089906468,Gm3
natural-gas,Czechia,2006,9.291889954213737,Gm3
natural-gas,Czechia,2007,8.759013969211104,Gm3
natural-gas,Czechia,2008,8.68691889821475,Gm3
natural-gas,Czechia,2009,8.247603638805789,Gm3
natural-gas,Czechia,2010,9.278006457579519,Gm3
natural-gas,Czechia,2011,8.490647324061676,Gm3
natural-gas,Czechia,2012,8.386000107800694,Gm3
natural-gas,Czechia,2013,8.466000003039039,Gm3
natural-gas,Czechia,2014,7.521999911648044,Gm3
natural-gas,Czechia,2015,7.867999975997719,Gm3
natural-gas,Czechia,2016,8.491000032673801,Gm3
natural-gas,Czechia,2017,8.727000086230547,Gm3
natural-gas,Czechia,2018,8.267618100042153,Gm3
natural-gas,Czechia,2019,8.684493053871611,Gm3
natural-gas,Czechia,2020,8.821962069849777,Gm3
natural-gas,Czechia,2021,9.458981366002291,Gm3
natural-gas,Czechia,2022,7.625536093213244,Gm3
natural-gas,Czechia,2023,6.76644772470008,Gm3
natural-gas,Czechia,2024,6.748240037310568,Gm3
natural-gas,Denmark,1990,2.057926977679727,Gm3
natural-gas,Denmark,1991,2.331048702370146,Gm3
natural-gas,Denmark,1992,2.450000017037552,Gm3
natural-gas,Denmark,1993,2.760048426150121,Gm3
natural-gas,Denmark,1994,3.077927474702698,Gm3
natural-gas,Denmark,1995,3.5640483560507663,Gm3
natural-gas,Denmark,1996,4.198096695621715,Gm3
natural-gas,Denmark,1997,4.3969759255358,Gm3
natural-gas,Denmark,1998,4.741071536988467,Gm3
natural-gas,Denmark,1999,4.962905009257416,Gm3
natural-gas,Denmark,2000,4.898721550442341,Gm3
natural-gas,Denmark,2001,5.108806140004103,Gm3
natural-gas,Denmark,2002,5.103810266939265,Gm3
natural-gas,Denmark,2003,5.174465558194774,Gm3
natural-gas,Denmark,2004,5.169534000663382,Gm3
natural-gas,Denmark,2005,4.981889341947548,Gm3
natural-gas,Denmark,2006,5.093806641208863,Gm3
natural-gas,Denmark,2007,4.560949366101642,Gm3
natural-gas,Denmark,2008,4.591347363963386,Gm3
natural-gas,Denmark,2009,4.410910947263581,Gm3
natural-gas,Denmark,2010,4.941842341338611,Gm3
natural-gas,Denmark,2011,4.174877274673207,Gm3
natural-gas,Denmark,2012,3.90928333808265,Gm3
natural-gas,Denmark,2013,3.707236619334393,Gm3
natural-gas,Denmark,2014,3.21454709901217,Gm3
natural-gas,Denmark,2015,3.255092646144877,Gm3
natural-gas,Denmark,2016,3.01282357326495,Gm3
natural-gas,Denmark,2017,3.271502679190441,Gm3
natural-gas,Denmark,2018,3.195295610086557,Gm3
natural-gas,Denmark,2019,3.068767530132844,Gm3
natural-gas,Denmark,2020,2.6848597051652,Gm3
natural-gas,Denmark,2021,3.037840178393764,Gm3
natural-gas,Denmark,2022,2.425746396532503,Gm3
natural-gas,Denmark,2023,2.373147195825718,Gm3
natural-gas,Denmark,2024,2.386452059189729,Gm3
natural-gas,Egypt,1990,6.804763157894737,Gm3
natural-gas,Egypt,1991,7.833421052631579,Gm3
natural-gas,Egypt,1992,8.146052631578948,Gm3
natural-gas,Egypt,1993,8.821052631578947,Gm3
natural-gas,Egypt,1994,9.39121052631579,Gm3
natural-gas,Egypt,1995,11.781815789473685,Gm3
natural-gas,Egypt,1996,13.027,Gm3
natural-gas,Egypt,1997,13.353,Gm3
natural-gas,Egypt,1998,13.742,Gm3
natural-gas,Egypt,1999,16.385,Gm3
natural-gas,Egypt,2000,21.78184210526316,Gm3
natural-gas,Egypt,2001,23.195684210526316,Gm3
natural-gas,Egypt,2002,28.3369999868421,Gm3
natural-gas,Egypt,2003,31.14099995789474,Gm3
natural-gas,Egypt,2004,30.825868421052633,Gm3
natural-gas,Egypt,2005,36.709105263157895,Gm3
natural-gas,Egypt,2006,39.4972105263158,Gm3
natural-gas,Egypt,2007,43.4,Gm3
natural-gas,Egypt,2008,44.56794736842105,Gm3
natural-gas,Egypt,2009,43.753,Gm3
natural-gas,Egypt,2010,43.83907894736843,Gm3
natural-gas,Egypt,2011,49.57989473684211,Gm3
natural-gas,Egypt,2012,49.70781578947369,Gm3
natural-gas,Egypt,2013,48.359605263157896,Gm3
natural-gas,Egypt,2014,43.70639473684211,Gm3
natural-gas,Egypt,2015,45.017,Gm3
natural-gas,Egypt,2016,50.725526315789466,Gm3
natural-gas,Egypt,2017,57.99278947368422,Gm3
natural-gas,Egypt,2018,54.938973684210524,Gm3
natural-gas,Egypt,2019,63.474935105263164,Gm3
natural-gas,Egypt,2020,58.155424499999995,Gm3
natural-gas,Egypt,2021,61.300241684210526,Gm3
natural-gas,Egypt,2022,53.20718723684211,Gm3
natural-gas,Egypt,2023,53.95623928436491,Gm3
natural-gas,Egypt,2024,54.59485308239414,Gm3
natural-gas,France,1990,28.19941793415892,Gm3
natural-gas,France,1991,32.03026887525839,Gm3
natural-gas,France,1992,32.453943602622566,Gm3
natural-gas,France,1993,32.80704501106417,Gm3
natural-gas,France,1994,32.76693939467421,Gm3
natural-gas,France,1995,33.49429410116341,Gm3
natural-gas,France,1996,37.214016775224266,Gm3
natural-gas,France,1997,36.81543496522536,Gm3
natural-gas,France,1998,37.17690043777579,Gm3
natural-gas,France,1999,39.14796454345607,Gm3
natural-gas,France,2000,40.44080126307116,Gm3
natural-gas,France,2001,42.38823505498106,Gm3
natural-gas,France,2002,42.249860027299555,Gm3
natural-gas,France,2003,44.42647376239819,Gm3
natural-gas,France,2004,45.61193631982215,Gm3
natural-gas,France,2005,47.273625172805964,Gm3
natural-gas,France,2006,45.047395818248404,Gm3
natural-gas,France,2007,44.517301023560705,Gm3
natural-gas,France,2008,45.82075263567441,Gm3
natural-gas,France,2009,45.29773082521207,Gm3
natural-gas,France,2010,48.44232843677222,Gm3
natural-gas,France,2011,43.37868171250304,Gm3
natural-gas,France,2012,44.52952698915049,Gm3
natural-gas,France,2013,45.00845264166748,Gm3
natural-gas,France,2014,37.558442639762916,Gm3
natural-gas,France,2015,40.02114888522143,Gm3
natural-gas,France,2016,43.78136623840962,Gm3
natural-gas,France,2017,43.68191868248719,Gm3
natural-gas,France,2018,41.637871178736816,Gm3
natural-gas,France,2019,42.367006239904875,Gm3
natural-gas,France,2020,39.388942397065385,Gm3
natural-gas,France,2021,41.72617835060422,Gm3
natural-gas,France,2022,38.04877372475105,Gm3
natural-gas,France,2023,33.659832230315025,Gm3
natural-gas,France,2024,31.48791364560752,Gm3
natural-gas,Germany,1990,69.75295449561011,Gm3
natural-gas,Germany,1991,73.52406359611982,Gm3
natural-gas,Germany,1992,72.57822628185995,Gm3
natural-gas,Germany,1993,74.98641725845204,Gm3
natural-gas,Germany,1994,78.09419934363355,Gm3
natural-gas,Germany,1995,83.15584369484418,Gm3
natural-gas,Germany,1996,92.48857514377539,Gm3
natural-gas,Germany,1997,87.926766448472,Gm3
natural-gas,Germany,1998,88.62744685382746,Gm3
natural-gas,Germany,1999,89.22439792096654,Gm3
natural-gas,Germany,2000,87.77251466347958,Gm3
natural-gas,Germany,2001,91.76223395699476,Gm3
natural-gas,Germany,2002,91.1907140058971,Gm3
natural-gas,Germany,2003,90.39008281319968,Gm3
natural-gas,Germany,2004,90.70351630798542,Gm3
natural-gas,Germany,2005,91.7369789794453,Gm3
natural-gas,Germany,2006,93.5096334092357,Gm3
natural-gas,Germany,2007,90.30709145298093,Gm3
natural-gas,Germany,2008,93.36253875532041,Gm3
natural-gas,Germany,2009,86.92581041516507,Gm3
natural-gas,Germany,2010,94.53190294771642,Gm3
natural-gas,Germany,2011,85.80282297096227,Gm3
natural-gas,Germany,2012,85.9975823480006,Gm3
natural-gas,Germany,2013,87.64404339797652,Gm3
natural-gas,Germany,2014,79.17617507523805,Gm3
natural-gas,Germany,2015,81.34874288820015,Gm3
natural-gas,Germany,2016,89.21754905833292,Gm3
natural-gas,Germany,2017,95.0249222953611,Gm3
natural-gas,Germany,2018,94.73912692415479,Gm3
natural-gas,Germany,2019,95.59620150318821,Gm3
natural-gas,Germany,2020,92.93240596227022,Gm3
natural-gas,Germany,2021,98.96807291757615,Gm3
natural-gas,Germany,2022,87.17741593802448,Gm3
natural-gas,Germany,2023,80.13370690590834,Gm3
natural-gas,Germany,2024,80.6249655014597,Gm3
natural-gas,India,1990,12.855699219029175,Gm3
natural-gas,India,1991,14.35989472793564,Gm3
natural-gas,India,1992,16.609312773306222,Gm3
natural-gas,India,1993,16.447014258299117,Gm3
natural-gas,India,1994,17.66917651653226,Gm3
natural-gas,India,1995,20.889584289473685,Gm3
natural-gas,India,1996,21.26233752631579,Gm3
natural-gas,India,1997,24.620197263157895,Gm3
natural-gas,India,1998,25.4612025,Gm3
natural-gas,India,1999,27.020252359184212,Gm3
natural-gas,India,2000,28.186451341921057,Gm3
natural-gas,India,2001,28.470537463605265,Gm3
natural-gas,India,2002,30.524469942684206,Gm3
natural-gas,India,2003,31.61887799482895,Gm3
natural-gas,India,2004,32.679263199999994,Gm3
natural-gas,India,2005,32.05721002894737,Gm3
natural-gas,India,2006,31.819193526315786,Gm3
natural-gas,India,2007,33.55006861842105,Gm3
natural-gas,India,2008,37.33996594736842,Gm3
natural-gas,India,2009,52.052793289473684,Gm3
natural-gas,India,2010,54.31185755263159,Gm3
natural-gas,India,2011,63.916839789473684,Gm3
natural-gas,India,2012,56.111062552631594,Gm3
natural-gas,India,2013,54.27850936842105,Gm3
natural-gas,India,2014,52.05591641578947,Gm3
natural-gas,India,2015,52.767482763157886,Gm3
natural-gas,India,2016,56.409115359842446,Gm3
natural-gas,India,2017,59.45418217008804,Gm3
natural-gas,India,2018,61.476691823200845,Gm3
natural-gas,India,2019,61.616779744560105,Gm3
natural-gas,India,2020,61.70629796555927,Gm3
natural-gas,India,2021,66.76731578947368,Gm3
natural-gas,India,2022,64.3594872262374,Gm3
natural-gas,India,2023,72.31468977084394,Gm3
natural-gas,India,2024,77.26410051407935,Gm3
natural-gas,Indonesia,1990,15.77852237716889,Gm3
natural-gas,Indonesia,1991,14.679065921847275,Gm3
natural-gas,Indonesia,1992,16.755818433999398,Gm3
natural-gas,Indonesia,1993,18.41690276305657,Gm3
natural-gas,Indonesia,1994,25.095154325724558,Gm3
natural-gas,Indonesia,1995,25.865107562045072,Gm3
natural-gas,Indonesia,1996,38.00839488932382,Gm3
natural-gas,Indonesia,1997,38.04107989787719,Gm3
natural-gas,Indonesia,1998,46.884736842105255,Gm3
natural-gas,Indonesia,1999,40.43436477473685,Gm3
natural-gas,Indonesia,2000,38.00214889526315,Gm3
natural-gas,Indonesia,2001,38.22814447678949,Gm3
natural-gas,Indonesia,2002,35.75081797460526,Gm3
natural-gas,Indonesia,2003,38.49952392128947,Gm3
natural-gas,Indonesia,2004,37.52740862210526,Gm3
natural-gas,Indonesia,2005,36.28474755473684,Gm3
natural-gas,Indonesia,2006,36.52434467210525,Gm3
natural-gas,Indonesia,2007,34.79976688842106,Gm3
natural-gas,Indonesia,2008,36.85762182736842,Gm3
natural-gas,Indonesia,2009,39.62707675789474,Gm3
natural-gas,Indonesia,2010,37.294910012631576,Gm3
natural-gas,Indonesia,2011,42.62297863578948,Gm3
natural-gas,Indonesia,2012,42.68764375578948,Gm3
natural-gas,Indonesia,2013,50.336173978947365,Gm3
natural-gas,Indonesia,2014,51.815510896842106,Gm3
natural-gas,Indonesia,2015,59.329796,Gm3
natural-gas,Indonesia,2016,46.058052715789465,Gm3
natural-gas,Indonesia,2017,44.6081833936842,Gm3
natural-gas,Indonesia,2018,46.476563385263155,Gm3
natural-gas,Indonesia,2019,49.08122723368422,Gm3
natural-gas,Indonesia,2020,45.72219065263158,Gm3
natural-gas,Indonesia,2021,42.89436524631579,Gm3
natural-gas,Indonesia,2022,41.92634188421052,Gm3
natural-gas,Indonesia,2023,43.30762878390289,Gm3
natural-gas,Indonesia,2024,47.11794926971342,Gm3
natural-gas,Iran,1990,21.405263157894737,Gm3
natural-gas,Iran,1991,26.542526315789473,Gm3
natural-gas,Iran,1992,28.16321052631579,Gm3
natural-gas,Iran,1993,32.53913157894737,Gm3
natural-gas,Iran,1994,39.34771052631579,Gm3
natural-gas,Iran,1995,43.71623684210527,Gm3
natural-gas,Iran,1996,43.42831578947368,Gm3
natural-gas,Iran,1997,48.41202631578948,Gm3
natural-gas,Iran,1998,52.62934210526316,Gm3
natural-gas,Iran,1999,61.17528947368422,Gm3
natural-gas,Iran,2000,64.4603947368421,Gm3
natural-gas,Iran,2001,68.50047368421053,Gm3
natural-gas,Iran,2002,77.14260540978948,Gm3
natural-gas,Iran,2003,85.02671068744736,Gm3
natural-gas,Iran,2004,95.8951053406579,Gm3
natural-gas,Iran,2005,101.76029915000002,Gm3
natural-gas,Iran,2006,112.08207303684212,Gm3
natural-gas,Iran,2007,126.52610751315791,Gm3
natural-gas,Iran,2008,132.06441855,Gm3
natural-gas,Iran,2009,139.6571852368421,Gm3
natural-gas,Iran,2010,148.30156953157896,Gm3
natural-gas,Iran,2011,156.8818750263158,Gm3
natural-gas,Iran,2012,155.86117013157894,Gm3
natural-gas,Iran,2013,156.99996492105262,Gm3
natural-gas,Iran,2014,177.99628386842107,Gm3
natural-gas,Iran,2015,189.0475026578947,Gm3
natural-gas,Iran,2016,203.7665,Gm3
natural-gas,Iran,2017,213.9190263157895,Gm3
natural-gas,Iran,2018,209.62561242105264,Gm3
natural-gas,Iran,2019,229.8809128157895,Gm3
natural-gas,Iran,2020,249.22397715789478,Gm3
natural-gas,Iran,2021,253.41279621052635,Gm3
natural-gas,Iran,2022,258.8609787105263,Gm3
natural-gas,Iran,2023,267.5516173951931,Gm3
natural-gas,Iran,2024,272.187625097893,Gm3
natural-gas,Italy,1990,47.40646936819351,Gm3
natural-gas,Italy,1991,50.2437121763947,Gm3
natural-gas,Italy,1992,49.76300012707851,Gm3
natural-gas,Italy,1993,51.08381662900801,Gm3
natural-gas,Italy,1994,49.500947548010345,Gm3
natural-gas,Italy,1995,54.38489459260112,Gm3
natural-gas,Italy,1996,56.183973847908774,Gm3
natural-gas,Italy,1997,57.979999607349626,Gm3
natural-gas,Italy,1998,62.42510500260261,Gm3
natural-gas,Italy,1999,67.84873728446574,Gm3
natural-gas,Italy,2000,70.74502561878994,Gm3
natural-gas,Italy,2001,70.93905307631734,Gm3
natural-gas,Italy,2002,70.45702955095985,Gm3
natural-gas,Italy,2003,77.6810254023017,Gm3
natural-gas,Italy,2004,80.60892176879472,Gm3
natural-gas,Italy,2005,86.26500046167986,Gm3
natural-gas,Italy,2006,84.48300063349068,Gm3
natural-gas,Italy,2007,84.896998960945,Gm3
natural-gas,Italy,2008,84.88302679621484,Gm3
natural-gas,Italy,2009,78.02400066162672,Gm3
natural-gas,Italy,2010,83.09697290320496,Gm3
natural-gas,Italy,2011,77.91699900522188,Gm3
natural-gas,Italy,2012,74.9150000446194,Gm3
natural-gas,Italy,2013,70.06899944608946,Gm3
natural-gas,Italy,2014,61.911999625616765,Gm3
natural-gas,Italy,2015,67.52302546173497,Gm3
natural-gas,Italy,2016,70.91500009435694,Gm3
natural-gas,Italy,2017,75.16016578096469,Gm3
natural-gas,Italy,2018,72.69481289660408,Gm3
natural-gas,Italy,2019,74.47042706875948,Gm3
natural-gas,Italy,2020,71.27018396298672,Gm3
natural-gas,Italy,2021,76.39957138223899,Gm3
natural-gas,Italy,2022,68.73473136930546,Gm3
natural-gas,Italy,2023,61.74448291469288,Gm3
natural-gas,Italy,2024,61.89819528459178,Gm3
natural-gas,Japan,1990,58.5175,Gm3
natural-gas,Japan,1991,62.668789473684214,Gm3
natural-gas,Japan,1992,63.36276315789474,Gm3
natural-gas,Japan,1993,64.86365789473685,Gm3
natural-gas,Japan,1994,68.06510526315789,Gm3
natural-gas,Japan,1995,70.51931578947368,Gm3
natural-gas,Japan,1996,73.49642105263158,Gm3
natural-gas,Japan,1997,75.92644736842105,Gm3
natural-gas,Japan,1998,77.85263157894737,Gm3
natural-gas,Japan,1999,82.54234210526316,Gm3
natural-gas,Japan,2000,85.13073684210525,Gm3
natural-gas,Japan,2001,84.80865789473684,Gm3
natural-gas,Japan,2002,86.96223684210527,Gm3
natural-gas,Japan,2003,89.84373684210527,Gm3
natural-gas,Japan,2004,89.37415789473684,Gm3
natural-gas,Japan,2005,88.75226315789475,Gm3
natural-gas,Japan,2006,97.49331578947368,Gm3
natural-gas,Japan,2007,105.92881578947367,Gm3
natural-gas,Japan,2008,103.7582105263158,Gm3
natural-gas,Japan,2009,102.59852631578947,Gm3
natural-gas,Japan,2010,108.2025,Gm3
natural-gas,Japan,2011,126.07047368421054,Gm3
natural-gas,Japan,2012,130.87655263157896,Gm3
natural-gas,Japan,2013,130.48115789473684,Gm3
natural-gas,Japan,2014,131.50463157894737,Gm3
natural-gas,Japan,2015,125.20531578947367,Gm3
natural-gas,Japan,2016,127.99952631578947,Gm3
natural-gas,Japan,2017,124.84312905263158,Gm3
natural-gas,Japan,2018,119.67741363157891,Gm3
natural-gas,Japan,2019,114.57170913157896,Gm3
natural-gas,Japan,2020,114.00311444736843,Gm3
natural-gas,Japan,2021,108.30340668421053,Gm3
natural-gas,Japan,2022,103.41686415789474,Gm3
natural-gas,Japan,2023,98.92091216962865,Gm3
natural-gas,Japan,2024,96.32981198614291,Gm3
natural-gas,Kazakhstan,1992,18.23692105263158,Gm3
natural-gas,Kazakhstan,1993,12.904315789473683,Gm3
natural-gas,Kazakhstan,1994,9.945868421052632,Gm3
natural-gas,Kazakhstan,1995,12.114342105263157,Gm3
natural-gas,Kazakhstan,1996,9.600605263157895,Gm3
natural-gas,Kazakhstan,1997,8.61742105263158,Gm3
natural-gas,Kazakhstan,1998,8.625263157894736,Gm3
natural-gas,Kazakhstan,1999,8.648894736842108,Gm3
natural-gas,Kazakhstan,2000,10.824578902631579,Gm3
natural-gas,Kazakhstan,2001,11.080684244736844,Gm3
natural-gas,Kazakhstan,2002,12.168210457894737,Gm3
natural-gas,Kazakhstan,2003,14.66928955263158,Gm3
natural-gas,Kazakhstan,2004,16.913157878947363,Gm3
natural-gas,Kazakhstan,2005,21.334789473684207,Gm3
natural-gas,Kazakhstan,2006,22.980973684210525,Gm3
natural-gas,Kazakhstan,2007,20.055605294736843,Gm3
natural-gas,Kazakhstan,2008,26.292026315789474,Gm3
natural-gas,Kazakhstan,2009,25.477552631578945,Gm3
natural-gas,Kazakhstan,2010,29.406473684210525,Gm3
natural-gas,Kazakhstan,2011,29.180552631578944,Gm3
natural-gas,Kazakhstan,2012,29.372710526315792,Gm3
natural-gas,Kazakhstan,2013,31.254000000000005,Gm3
natural-gas,Kazakhstan,2014,14.66737806036464,Gm3
natural-gas,Kazakhstan,2015,13.81733280592745,Gm3
natural-gas,Kazakhstan,2016,15.32250491579763,Gm3
natural-gas,Kazakhstan,2017,16.141545622218317,Gm3
natural-gas,Kazakhstan,2018,17.54826088406515,Gm3
natural-gas,Kazakhstan,2019,20.741152885256326,Gm3
natural-gas,Kazakhstan,2020,18.58508503362413,Gm3
natural-gas,Kazakhstan,2021,22.758821576089787,Gm3
natural-gas,Kazakhstan,2022,22.34760717953757,Gm3
natural-gas,Kazakhstan,1990,13.182985315338257,Gm3
natural-gas,Kazakhstan,1991,12.550012466645093,Gm3
natural-gas,Kazakhstan,2023,24.933516418172502,Gm3
natural-gas,Kazakhstan,2024,24.415873502616574,Gm3
natural-gas,Kuwait,1990,6.991713112268328,Gm3
natural-gas,Kuwait,1991,0.9342180037333441,Gm3
natural-gas,Kuwait,1992,5.244335758245837,Gm3
natural-gas,Kuwait,1993,9.779818640890277,Gm3
natural-gas,Kuwait,1994,10.157002780352578,Gm3
natural-gas,Kuwait,1995,10.709411374173566,Gm3
natural-gas,Kuwait,1996,10.734314738129465,Gm3
natural-gas,Kuwait,1997,10.70840778590882,Gm3
natural-gas,Kuwait,1998,9.618342105263158,Gm3
natural-gas,Kuwait,1999,8.80334297368421,Gm3
natural-gas,Kuwait,2000,9.806605263157895,Gm3
natural-gas,Kuwait,2001,9.712184210526315,Gm3
natural-gas,Kuwait,2002,8.905,Gm3
natural-gas,Kuwait,2003,10.16671052631579,Gm3
natural-gas,Kuwait,2004,11.09728947368421,Gm3
natural-gas,Kuwait,2005,12.488342105263158,Gm3
natural-gas,Kuwait,2006,12.621657894736844,Gm3
natural-gas,Kuwait,2007,12.285789473684211,Gm3
natural-gas,Kuwait,2008,12.946631578947368,Gm3
natural-gas,Kuwait,2009,13.74257894736842,Gm3
natural-gas,Kuwait,2010,14.512999999999998,Gm3
natural-gas,Kuwait,2011,16.993,Gm3
natural-gas,Kuwait,2012,18.165,Gm3
natural-gas,Kuwait,2013,18.491210526315786,Gm3
natural-gas,Kuwait,2014,18.33878947368421,Gm3
natural-gas,Kuwait,2015,20.899,Gm3
natural-gas,Kuwait,2016,22.07,Gm3
natural-gas,Kuwait,2017,22.43,Gm3
natural-gas,Kuwait,2018,23.739065421052626,Gm3
natural-gas,Kuwait,2019,25.492219815789475,Gm3
natural-gas,Kuwait,2020,25.68011221052632,Gm3
natural-gas,Kuwait,2021,26.892174289473683,Gm3
natural-gas,Kuwait,2022,25.036474736842113,Gm3
natural-gas,Kuwait,2023,27.47582466576556,Gm3
natural-gas,Kuwait,2024,29.51555724926924,Gm3
natural-gas,Malaysia,1990,5.793447475212436,Gm3
natural-gas,Malaysia,1991,9.675103989578457,Gm3
natural-gas,Malaysia,1992,11.04504318733425,Gm3
natural-gas,Malaysia,1993,10.71406159102496,Gm3
natural-gas,Malaysia,1994,12.89017438019524,Gm3
natural-gas,Malaysia,1995,15.938856127250414,Gm3
natural-gas,Malaysia,1996,17.63118397043914,Gm3
natural-gas,Malaysia,1997,18.44436842105263,Gm3
natural-gas,Malaysia,1998,18.576263157894736,Gm3
natural-gas,Malaysia,1999,22.016657894736845,Gm3
natural-gas,Malaysia,2000,25.333000000000002,Gm3
natural-gas,Malaysia,2001,26.72360527368421,Gm3
natural-gas,Malaysia,2002,26.54978948157895,Gm3
natural-gas,Malaysia,2003,27.509789473684208,Gm3
natural-gas,Malaysia,2004,27.364684210526313,Gm3
natural-gas,Malaysia,2005,33.7994473868421,Gm3
natural-gas,Malaysia,2006,38.41463157894737,Gm3
natural-gas,Malaysia,2007,35.00647368421053,Gm3
natural-gas,Malaysia,2008,38.854026315789476,Gm3
natural-gas,Malaysia,2009,35.062,Gm3
natural-gas,Malaysia,2010,32.529526315789475,Gm3
natural-gas,Malaysia,2011,34.65484210526316,Gm3
natural-gas,Malaysia,2012,35.460210526315784,Gm3
natural-gas,Malaysia,2013,40.76694736842104,Gm3
natural-gas,Malaysia,2014,40.70065789473685,Gm3
natural-gas,Malaysia,2015,46.92434210526316,Gm3
natural-gas,Malaysia,2016,44.5726052631579,Gm3
natural-gas,Malaysia,2017,43.765131578947376,Gm3
natural-gas,Malaysia,2018,43.52710526315789,Gm3
natural-gas,Malaysia,2019,48.01913463157894,Gm3
natural-gas,Malaysia,2020,44.7987875,Gm3
natural-gas,Malaysia,2021,52.21013052631579,Gm3
natural-gas,Malaysia,2022,57.34714531578949,Gm3
natural-gas,Malaysia,2023,56.627568478766484,Gm3
natural-gas,Malaysia,2024,57.94508465801631,Gm3
natural-gas,Mexico,1990,28.00407894736842,Gm3
natural-gas,Mexico,1991,29.895026315789472,Gm3
natural-gas,Mexico,1992,30.16205263157895,Gm3
natural-gas,Mexico,1993,30.120526315789473,Gm3
natural-gas,Mexico,1994,31.291921052631576,Gm3
natural-gas,Mexico,1995,30.85605263157895,Gm3
natural-gas,Mexico,1996,33.25055263157895,Gm3
natural-gas,Mexico,1997,35.34194736842105,Gm3
natural-gas,Mexico,1998,40.528473684210525,Gm3
natural-gas,Mexico,1999,38.856947368421054,Gm3
natural-gas,Mexico,2000,43.773289473684216,Gm3
natural-gas,Mexico,2001,44.17668421052631,Gm3
natural-gas,Mexico,2002,49.569631578947366,Gm3
natural-gas,Mexico,2003,55.33257894736842,Gm3
natural-gas,Mexico,2004,57.90855263157895,Gm3
natural-gas,Mexico,2005,57.63823684210526,Gm3
natural-gas,Mexico,2006,63.61652631578947,Gm3
natural-gas,Mexico,2007,65.57694736842106,Gm3
natural-gas,Mexico,2008,68.94497368421054,Gm3
natural-gas,Mexico,2009,68.92373684210527,Gm3
natural-gas,Mexico,2010,70.96842105263158,Gm3
natural-gas,Mexico,2011,73.87239473684211,Gm3
natural-gas,Mexico,2012,77.2933947368421,Gm3
natural-gas,Mexico,2013,74.01192105263159,Gm3
natural-gas,Mexico,2014,72.97055263157894,Gm3
natural-gas,Mexico,2015,75.77905263157895,Gm3
natural-gas,Mexico,2016,76.81376315789474,Gm3
natural-gas,Mexico,2017,78.72113157894736,Gm3
natural-gas,Mexico,2018,77.74078947368422,Gm3
natural-gas,Mexico,2019,77.32986842105262,Gm3
natural-gas,Mexico,2020,72.70468421052632,Gm3
natural-gas,Mexico,2021,78.92052631578946,Gm3
natural-gas,Mexico,2022,70.44915789473684,Gm3
natural-gas,Mexico,2023,77.47472334473213,Gm3
natural-gas,Mexico,2024,77.89485195187059,Gm3
natural-gas,Netherlands,1990,44.16447007698962,Gm3
natural-gas,Netherlands,1991,49.31853457751375,Gm3
natural-gas,Netherlands,1992,48.03359782789316,Gm3
natural-gas,Netherlands,1993,49.36744194082376,Gm3
natural-gas,Netherlands,1994,47.70778936272064,Gm3
natural-gas,Netherlands,1995,48.97341836460295,Gm3
natural-gas,Netherlands,1996,54.272249481263685,Gm3
natural-gas,Netherlands,1997,50.851767274317126,Gm3
natural-gas,Netherlands,1998,50.21652768397685,Gm3
natural-gas,Netherlands,1999,49.06596369509282,Gm3
natural-gas,Netherlands,2000,49.20358702880893,Gm3
natural-gas,Netherlands,2001,50.196966683380886,Gm3
natural-gas,Netherlands,2002,49.686958522769125,Gm3
natural-gas,Netherlands,2003,50.02722684028334,Gm3
natural-gas,Netherlands,2004,51.22403993618321,Gm3
natural-gas,Netherlands,2005,49.759053559827414,Gm3
natural-gas,Netherlands,2006,47.79618796221136,Gm3
natural-gas,Netherlands,2007,46.605643608101076,Gm3
natural-gas,Netherlands,2008,48.51557416274113,Gm3
natural-gas,Netherlands,2009,49.67810565323909,Gm3
natural-gas,Netherlands,2010,56.1521913566425,Gm3
natural-gas,Netherlands,2011,49.17165810580752,Gm3
natural-gas,Netherlands,2012,47.21493252410047,Gm3
natural-gas,Netherlands,2013,47.0305345212697,Gm3
natural-gas,Netherlands,2014,41.45019154697767,Gm3
natural-gas,Netherlands,2015,40.667765723924994,Gm3
natural-gas,Netherlands,2016,42.32786509229876,Gm3
natural-gas,Netherlands,2017,43.712022812559354,Gm3
natural-gas,Netherlands,2018,42.86433547148836,Gm3
natural-gas,Netherlands,2019,44.81238109709844,Gm3
natural-gas,Netherlands,2020,43.61423712966169,Gm3
natural-gas,Netherlands,2021,42.108691282070616,Gm3
natural-gas,Netherlands,2022,33.4381762501763,Gm3
natural-gas,Netherlands,2023,31.46467762342551,Gm3
natural-gas,Netherlands,2024,31.874630498228246,Gm3
natural-gas,New Zealand,1990,4.72192105263158,Gm3
natural-gas,New Zealand,1991,5.118184210526317,Gm3
natural-gas,New Zealand,1992,5.435394736842106,Gm3
natural-gas,New Zealand,1993,5.294894736842106,Gm3
natural-gas,New Zealand,1994,4.964078947368422,Gm3
natural-gas,New Zealand,1995,4.7335,Gm3
natural-gas,New Zealand,1996,5.396078947368422,Gm3
natural-gas,New Zealand,1997,5.804157894736842,Gm3
natural-gas,New Zealand,1998,5.102657894736842,Gm3
natural-gas,New Zealand,1999,5.8289210526315784,Gm3
natural-gas,New Zealand,2000,6.196631578947369,Gm3
natural-gas,New Zealand,2001,6.531052631578948,Gm3
natural-gas,New Zealand,2002,6.234105263157895,Gm3
natural-gas,New Zealand,2003,4.683236842105264,Gm3
natural-gas,New Zealand,2004,4.274394736842105,Gm3
natural-gas,New Zealand,2005,3.946131578947367,Gm3
natural-gas,New Zealand,2006,3.976447368421052,Gm3
natural-gas,New Zealand,2007,4.419789473684211,Gm3
natural-gas,New Zealand,2008,4.09357894736842,Gm3
natural-gas,New Zealand,2009,4.190315789473684,Gm3
natural-gas,New Zealand,2010,4.598315789473683,Gm3
natural-gas,New Zealand,2011,4.197842105263159,Gm3
natural-gas,New Zealand,2012,4.526105263157895,Gm3
natural-gas,New Zealand,2013,4.908105263157895,Gm3
natural-gas,New Zealand,2014,5.510184210526317,Gm3
natural-gas,New Zealand,2015,5.057921052631578,Gm3
natural-gas,New Zealand,2016,5.128368421052632,Gm3
natural-gas,New Zealand,2017,5.2952569210526335,Gm3
natural-gas,New Zealand,2018,4.713578552631579,Gm3
natural-gas,New Zealand,2019,5.05998702631579,Gm3
natural-gas,New Zealand,2020,4.815791921052632,Gm3
natural-gas,New Zealand,2021,4.07862852631579,Gm3
natural-gas,New Zealand,2022,3.8126808947368422,Gm3
natural-gas,New Zealand,2023,4.000538757005436,Gm3
natural-gas,New Zealand,2024,3.155197209391941,Gm3
natural-gas,Nigeria,1990,4.0,Gm3
natural-gas,Nigeria,1991,4.877631578947368,Gm3
natural-gas,Nigeria,1992,5.131578947368422,Gm3
natural-gas,Nigeria,1993,5.605263157894736,Gm3
natural-gas,Nigeria,1994,5.493157894736842,Gm3
natural-gas,Nigeria,1995,5.3845,Gm3
natural-gas,Nigeria,1996,5.457131578947369,Gm3
natural-gas,Nigeria,1997,6.177657894736843,Gm3
natural-gas,Nigeria,1998,6.269157894736843,Gm3
natural-gas,Nigeria,1999,6.64021052631579,Gm3
natural-gas,Nigeria,2000,7.645815789473685,Gm3
natural-gas,Nigeria,2001,7.201947368421053,Gm3
natural-gas,Nigeria,2002,7.644342105263158,Gm3
natural-gas,Nigeria,2003,10.694105263157896,Gm3
natural-gas,Nigeria,2004,11.026684210526314,Gm3
natural-gas,Nigeria,2005,11.036421052631578,Gm3
natural-gas,Nigeria,2006,11.564184210526317,Gm3
natural-gas,Nigeria,2007,11.894473684210526,Gm3
natural-gas,Nigeria,2008,11.077315789473683,Gm3
natural-gas,Nigeria,2009,9.657894736842104,Gm3
natural-gas,Nigeria,2010,10.786421052631578,Gm3
natural-gas,Nigeria,2011,13.904,Gm3
natural-gas,Nigeria,2012,15.445736842105264,Gm3
natural-gas,Nigeria,2013,15.842947368421054,Gm3
natural-gas,Nigeria,2014,18.017289473684208,Gm3
natural-gas,Nigeria,2015,18.384473684210526,Gm3
natural-gas,Nigeria,2016,18.75397368421053,Gm3
natural-gas,Nigeria,2017,17.44127807894737,Gm3
natural-gas,Nigeria,2018,18.147182789473685,Gm3
natural-gas,Nigeria,2019,18.287648342105264,Gm3
natural-gas,Nigeria,2020,18.675649131578947,Gm3
natural-gas,Nigeria,2021,19.033613394736843,Gm3
natural-gas,Nigeria,2022,18.114785394736842,Gm3
natural-gas,Nigeria,2023,17.6068460670765,Gm3
natural-gas,Nigeria,2024,18.573661548075272,Gm3
natural-gas,Norway,1990,2.262000016388095,Gm3
natural-gas,Norway,1991,2.215999993884788,Gm3
natural-gas,Norway,1992,3.697000020547754,Gm3
natural-gas,Norway,1993,4.196000020598298,Gm3
natural-gas,Norway,1994,4.40499994694863,Gm3
natural-gas,Norway,1995,3.850999994403833,Gm3
natural-gas,Norway,1996,3.3719999825103733,Gm3
natural-gas,Norway,1997,4.42699995086153,Gm3
natural-gas,Norway,1998,4.952999980244768,Gm3
natural-gas,Norway,1999,5.490999945161712,Gm3
natural-gas,Norway,2000,4.109401848202237,Gm3
natural-gas,Norway,2001,4.574934685010516,Gm3
natural-gas,Norway,2002,4.519053030018808,Gm3
natural-gas,Norway,2003,5.002905678967212,Gm3
natural-gas,Norway,2004,5.335104341628496,Gm3
natural-gas,Norway,2005,4.864233547348138,Gm3
natural-gas,Norway,2006,5.373541269812957,Gm3
natural-gas,Norway,2007,5.567060221791547,Gm3
natural-gas,Norway,2008,5.777025773011694,Gm3
natural-gas,Norway,2009,5.985419307622024,Gm3
natural-gas,Norway,2010,6.217015919491055,Gm3
natural-gas,Norway,2011,5.839581796191288,Gm3
natural-gas,Norway,2012,5.77475397181378,Gm3
natural-gas,Norway,2013,5.73986253180716,Gm3
natural-gas,Norway,2014,6.132563720432398,Gm3
natural-gas,Norway,2015,6.409470776449694,Gm3
natural-gas,Norway,2016,6.147560568384215,Gm3
natural-gas,Norway,2017,6.294428969778573,Gm3
natural-gas,Norway,2018,6.205570038862993,Gm3
natural-gas,Norway,2019,6.256244934314568,Gm3
natural-gas,Norway,2020,5.878544888248159,Gm3
natural-gas,Norway,2021,5.440054834331449,Gm3
natural-gas,Norway,2022,5.111944462107117,Gm3
natural-gas,Norway,2023,5.113317514530796,Gm3
natural-gas,Norway,2024,5.390456273678487,Gm3
natural-gas,Philippines,1990,0.0,Gm3
natural-gas,Philippines,1991,0.0,Gm3
natural-gas,Philippines,1992,0.0,Gm3
natural-gas,Philippines,1993,0.0,Gm3
natural-gas,Philippines,1994,0.006552631578947,Gm3
natural-gas,Philippines,1995,0.007157894736842,Gm3
natural-gas,Philippines,1996,0.010684210526315002,Gm3
natural-gas,Philippines,1997,0.0057105263157890005,Gm3
natural-gas,Philippines,1998,0.009236842105263,Gm3
natural-gas,Philippines,1999,0.0071052631578940005,Gm3
natural-gas,Philippines,2000,0.010552631578947001,Gm3
natural-gas,Philippines,2001,0.139026315789473,Gm3
natural-gas,Philippines,2002,1.7465000000000002,Gm3
natural-gas,Philippines,2003,2.661736803131579,Gm3
natural-gas,Philippines,2004,2.543208667289473,Gm3
natural-gas,Philippines,2005,3.220527381105263,Gm3
natural-gas,Philippines,2006,2.778163863552631,Gm3
natural-gas,Philippines,2007,3.6690348577631573,Gm3
natural-gas,Philippines,2008,3.985769752394736,Gm3
natural-gas,Philippines,2009,4.013617910526316,Gm3
natural-gas,Philippines,2010,3.780313405263158,Gm3
natural-gas,Philippines,2011,4.081493913157895,Gm3
natural-gas,Philippines,2012,3.9127794315789473,Gm3
natural-gas,Philippines,2013,3.604000097368421,Gm3
natural-gas,Philippines,2014,3.790274028947368,Gm3
natural-gas,Philippines,2015,3.5631307342105263,Gm3
natural-gas,Philippines,2016,4.082418094736842,Gm3
natural-gas,Philippines,2017,4.02717257368421,Gm3
natural-gas,Philippines,2018,4.496040694736843,Gm3
natural-gas,Philippines,2019,4.527154807894737,Gm3
natural-gas,Philippines,2020,4.105507894736842,Gm3
natural-gas,Philippines,2021,3.521029128947368,Gm3
natural-gas,Philippines,2022,3.261744852631579,Gm3
natural-gas,Philippines,2023,3.164381310806375,Gm3
natural-gas,Philippines,2024,3.490849488304111,Gm3
natural-gas,Poland,1990,11.96712240008539,Gm3
natural-gas,Poland,1991,10.951933501650327,Gm3
natural-gas,Poland,1992,10.563999999531916,Gm3
natural-gas,Poland,1993,10.816945668135094,Gm3
natural-gas,Poland,1994,11.544827955415643,Gm3
natural-gas,Poland,1995,11.840789906358285,Gm3
natural-gas,Poland,1996,12.929449782775373,Gm3
natural-gas,Poland,1997,13.096014580832962,Gm3
natural-gas,Poland,1998,12.857926542365309,Gm3
natural-gas,Poland,1999,12.444427411813313,Gm3
natural-gas,Poland,2000,13.329000083772835,Gm3
natural-gas,Poland,2001,13.633845598905376,Gm3
natural-gas,Poland,2002,13.398021470097403,Gm3
natural-gas,Poland,2003,14.773270870697363,Gm3
natural-gas,Poland,2004,15.556298277727702,Gm3
natural-gas,Poland,2005,16.261106422654233,Gm3
natural-gas,Poland,2006,16.220121488733536,Gm3
natural-gas,Poland,2007,16.25420224505046,Gm3
natural-gas,Poland,2008,16.389755021006298,Gm3
natural-gas,Poland,2009,16.089025018967664,Gm3
natural-gas,Poland,2010,17.44096127034676,Gm3
natural-gas,Poland,2011,17.24830469150794,Gm3
natural-gas,Poland,2012,18.35648097134679,Gm3
natural-gas,Poland,2013,18.338070550615615,Gm3
natural-gas,Poland,2014,17.824242039472754,Gm3
natural-gas,Poland,2015,18.50203955632606,Gm3
natural-gas,Poland,2016,19.224489640402087,Gm3
natural-gas,Poland,2017,20.061679466664334,Gm3
natural-gas,Poland,2018,20.16648728384519,Gm3
natural-gas,Poland,2019,20.753689685524126,Gm3
natural-gas,Poland,2020,21.286260983209672,Gm3
natural-gas,Poland,2021,22.82899238505676,Gm3
natural-gas,Poland,2022,19.648505014034278,Gm3
natural-gas,Poland,2023,20.216665689593253,Gm3
natural-gas,Poland,2024,21.635420483069744,Gm3
natural-gas,Portugal,1990,0.0,Gm3
natural-gas,Portugal,1991,0.0,Gm3
natural-gas,Portugal,1992,0.0,Gm3
natural-gas,Portugal,1993,0.0,Gm3
natural-gas,Portugal,1994,0.0,Gm3
natural-gas,Portugal,1995,0.0,Gm3
natural-gas,Portugal,1996,0.0,Gm3
natural-gas,Portugal,1997,0.099826388888888,Gm3
natural-gas,Portugal,1998,0.8059313054856391,Gm3
natural-gas,Portugal,1999,2.24819736888495,Gm3
natural-gas,Portugal,2000,2.28165881347629,Gm3
natural-gas,Portugal,2001,2.542526337476594,Gm3
natural-gas,Portugal,2002,3.112901923595144,Gm3
natural-gas,Portugal,2003,3.017581646386423,Gm3
natural-gas,Portugal,2004,3.7600517585303113,Gm3
natural-gas,Portugal,2005,4.256897018225182,Gm3
natural-gas,Portugal,2006,4.138209826634451,Gm3
natural-gas,Portugal,2007,4.343281372390128,Gm3
natural-gas,Portugal,2008,4.720278921305669,Gm3
natural-gas,Portugal,2009,4.745264917868764,Gm3
natural-gas,Portugal,2010,5.140556885783925,Gm3
natural-gas,Portugal,2011,5.175853285256039,Gm3
natural-gas,Portugal,2012,4.490771895258527,Gm3
natural-gas,Portugal,2013,4.263818133595201,Gm3
natural-gas,Portugal,2014,4.079073075846232,Gm3
natural-gas,Portugal,2015,4.731917730635672,Gm3
natural-gas,Portugal,2016,5.049239085160462,Gm3
natural-gas,Portugal,2017,6.282258705410361,Gm3
natural-gas,Portugal,2018,5.728977190942252,Gm3
natural-gas,Portugal,2019,6.06091544971508,Gm3
natural-gas,Portugal,2020,5.977097449110758,Gm3
natural-gas,Portugal,2021,5.757313265932913,Gm3
natural-gas,Portugal,2022,5.554665878752162,Gm3
natural-gas,Portugal,2023,4.4225384272971064,Gm3
natural-gas,Portugal,2024,3.320062776492327,Gm3
natural-gas,Qatar,1990,5.402210526315789,Gm3
natural-gas,Qatar,1991,6.392026315789473,Gm3
natural-gas,Qatar,1992,6.977894736842105,Gm3
natural-gas,Qatar,1993,7.141552631578946,Gm3
natural-gas,Qatar,1994,7.295131578947369,Gm3
natural-gas,Qatar,1995,7.452394736842105,Gm3
natural-gas,Qatar,1996,7.8065,Gm3
natural-gas,Qatar,1997,8.615447368421053,Gm3
natural-gas,Qatar,1998,11.274926438907043,Gm3
natural-gas,Qatar,1999,12.888786771902563,Gm3
natural-gas,Qatar,2000,14.107639089134052,Gm3
natural-gas,Qatar,2001,14.317484438624469,Gm3
natural-gas,Qatar,2002,14.639412334909114,Gm3
natural-gas,Qatar,2003,13.644940416743772,Gm3
natural-gas,Qatar,2004,15.721702926808485,Gm3
natural-gas,Qatar,2005,16.599827765954053,Gm3
natural-gas,Qatar,2006,18.97456796289018,Gm3
natural-gas,Qatar,2007,20.8679210625,Gm3
natural-gas,Qatar,2008,22.788210602842103,Gm3
natural-gas,Qatar,2009,24.82557885423684,Gm3
natural-gas,Qatar,2010,28.076499897605263,Gm3
natural-gas,Qatar,2011,35.13305259968421,Gm3
natural-gas,Qatar,2012,44.140710526315786,Gm3
natural-gas,Qatar,2013,48.44971052631579,Gm3
natural-gas,Qatar,2014,52.82760526315789,Gm3
natural-gas,Qatar,2015,54.72092105263157,Gm3
natural-gas,Qatar,2016,53.3068947368421,Gm3
natural-gas,Qatar,2017,51.3916962631579,Gm3
natural-gas,Qatar,2018,54.09711855263158,Gm3
natural-gas,Qatar,2019,55.87887339473684,Gm3
natural-gas,Qatar,2020,54.983412736842105,Gm3
natural-gas,Qatar,2021,56.484471578947364,Gm3
natural-gas,Qatar,2022,55.26250478947368,Gm3
natural-gas,Qatar,2023,57.69470677024478,Gm3
natural-gas,Qatar,2024,56.672686832214225,Gm3
natural-gas,Romania,1990,35.66700041102133,Gm3
natural-gas,Romania,1991,29.433000332199104,Gm3
natural-gas,Romania,1992,26.480168243535182,Gm3
natural-gas,Romania,1993,24.95233077535045,Gm3
natural-gas,Romania,1994,23.98528121440172,Gm3
natural-gas,Romania,1995,23.962600647062995,Gm3
natural-gas,Romania,1996,24.17963029148338,Gm3
natural-gas,Romania,1997,20.868241839567784,Gm3
natural-gas,Romania,1998,18.711127194517285,Gm3
natural-gas,Romania,1999,17.132367872170754,Gm3
natural-gas,Romania,2000,17.120000120520185,Gm3
natural-gas,Romania,2001,16.561999780334865,Gm3
natural-gas,Romania,2002,17.08999980996406,Gm3
natural-gas,Romania,2003,18.42999981548725,Gm3
natural-gas,Romania,2004,17.331526806611283,Gm3
natural-gas,Romania,2005,17.35249363781525,Gm3
natural-gas,Romania,2006,17.958335407523922,Gm3
natural-gas,Romania,2007,15.917096932003206,Gm3
natural-gas,Romania,2008,16.00923129870001,Gm3
natural-gas,Romania,2009,13.25598782798987,Gm3
natural-gas,Romania,2010,13.576756406478077,Gm3
natural-gas,Romania,2011,13.890061072737799,Gm3
natural-gas,Romania,2012,13.530621672723118,Gm3
natural-gas,Romania,2013,12.571270167456422,Gm3
natural-gas,Romania,2014,11.964742002102582,Gm3
natural-gas,Romania,2015,11.30375405792041,Gm3
natural-gas,Romania,2016,11.272096521981668,Gm3
natural-gas,Romania,2017,11.793051374801681,Gm3
natural-gas,Romania,2018,11.770465015918425,Gm3
natural-gas,Romania,2019,10.987254505918298,Gm3
natural-gas,Romania,2020,11.35626131614194,Gm3
natural-gas,Romania,2021,12.041279066117795,Gm3
natural-gas,Romania,2022,10.004827138245089,Gm3
natural-gas,Romania,2023,9.579485528465211,Gm3
natural-gas,Romania,2024,9.933804315013782,Gm3
natural-gas,Russia,1992,465.1837894736842,Gm3
natural-gas,Russia,1993,450.70084210526323,Gm3
natural-gas,Russia,1994,416.8977631578948,Gm3
natural-gas,Russia,1995,395.6222368421053,Gm3
natural-gas,Russia,1996,391.43428947368426,Gm3
natural-gas,Russia,1997,376.6898421052631,Gm3
natural-gas,Russia,1998,380.6842105263158,Gm3
natural-gas,Russia,1999,388.0908947368421,Gm3
natural-gas,Russia,2000,393.5384210526316,Gm3
natural-gas,Russia,2001,398.2777631578947,Gm3
natural-gas,Russia,2002,398.67252631578947,Gm3
natural-gas,Russia,2003,419.41518421052626,Gm3
natural-gas,Russia,2004,424.38594736842106,Gm3
natural-gas,Russia,2005,428.06878947368426,Gm3
natural-gas,Russia,2006,439.133552631579,Gm3
natural-gas,Russia,2007,448.14039473684215,Gm3
natural-gas,Russia,2008,448.39652631578934,Gm3
natural-gas,Russia,2009,428.95686842105266,Gm3
natural-gas,Russia,2010,468.59665789473684,Gm3
natural-gas,Russia,2011,479.0641315789473,Gm3
natural-gas,Russia,2012,473.9148157894736,Gm3
natural-gas,Russia,2013,468.7361842105263,Gm3
natural-gas,Russia,2014,467.44828947368427,Gm3
natural-gas,Russia,2015,448.14239473684216,Gm3
natural-gas,Russia,2016,454.54065789473685,Gm3
natural-gas,Russia,2017,473.90197560526326,Gm3
natural-gas,Russia,2018,536.4877669473685,Gm3
natural-gas,Russia,2019,492.3035,Gm3
natural-gas,Russia,2020,471.83350044736846,Gm3
natural-gas,Russia,2021,528.1260003684212,Gm3
natural-gas,Russia,2022,498.44449999999995,Gm3
natural-gas,Russia,1990,471.54946377190686,Gm3
natural-gas,Russia,1991,486.01799633795446,Gm3
natural-gas,Russia,2023,512.400946,Gm3
natural-gas,Russia,2024,544.50417858096,Gm3
natural-gas,Saudi Arabia,1990,34.42062947368421,Gm3
natural-gas,Saudi Arabia,1991,36.114962368421054,Gm3
natural-gas,Saudi Arabia,1992,39.27771710526316,Gm3
natural-gas,Saudi Arabia,1993,41.11581157894738,Gm3
natural-gas,Saudi Arabia,1994,43.91916236842104,Gm3
natural-gas,Saudi Arabia,1995,44.08346131578948,Gm3
natural-gas,Saudi Arabia,1996,45.70591342105264,Gm3
natural-gas,Saudi Arabia,1997,47.07164842105263,Gm3
natural-gas,Saudi Arabia,1998,47.97529263157895,Gm3
natural-gas,Saudi Arabia,1999,47.441321052631565,Gm3
natural-gas,Saudi Arabia,2000,51.14831605263157,Gm3
natural-gas,Saudi Arabia,2001,55.13256552631578,Gm3
natural-gas,Saudi Arabia,2002,58.86009789473685,Gm3
natural-gas,Saudi Arabia,2003,61.67371736842106,Gm3
natural-gas,Saudi Arabia,2004,67.44471052631579,Gm3
natural-gas,Saudi Arabia,2005,73.15410526315789,Gm3
natural-gas,Saudi Arabia,2006,75.43478947368422,Gm3
natural-gas,Saudi Arabia,2007,76.41955263157897,Gm3
natural-gas,Saudi Arabia,2008,82.60128947368422,Gm3
natural-gas,Saudi Arabia,2009,80.55781578947368,Gm3
natural-gas,Saudi Arabia,2010,90.01528947368422,Gm3
natural-gas,Saudi Arabia,2011,94.73886842105263,Gm3
natural-gas,Saudi Arabia,2012,101.99884210526315,Gm3
natural-gas,Saudi Arabia,2013,102.71765789473685,Gm3
natural-gas,Saudi Arabia,2014,105.13078894736842,Gm3
natural-gas,Saudi Arabia,2015,107.2564065789474,Gm3
natural-gas,Saudi Arabia,2016,113.8386331578947,Gm3
natural-gas,Saudi Arabia,2017,119.21942105263157,Gm3
natural-gas,Saudi Arabia,2018,123.59797368421052,Gm3
natural-gas,Saudi Arabia,2019,124.76451168421052,Gm3
natural-gas,Saudi Arabia,2020,125.68868421052632,Gm3
natural-gas,Saudi Arabia,2021,129.38542105263159,Gm3
natural-gas,Saudi Arabia,2022,135.77986352316125,Gm3
natural-gas,Saudi Arabia,2023,136.48325360451884,Gm3
natural-gas,Saudi Arabia,2024,138.54226820631115,Gm3
natural-gas,Singapore,1990,0.0,Gm3
natural-gas,Singapore,1991,0.0,Gm3
natural-gas,Singapore,1992,0.49002631578947303,Gm3
natural-gas,Singapore,1993,1.458605263157895,Gm3
natural-gas,Singapore,1994,1.737657894736842,Gm3
natural-gas,Singapore,1995,1.809631578947368,Gm3
natural-gas,Singapore,1996,1.6139999999999999,Gm3
natural-gas,Singapore,1997,1.591184210526316,Gm3
natural-gas,Singapore,1998,1.7424473684210522,Gm3
natural-gas,Singapore,1999,1.419210526315788,Gm3
natural-gas,Singapore,2000,1.449052631578947,Gm3
natural-gas,Singapore,2001,2.186578947368421,Gm3
natural-gas,Singapore,2002,3.549263157894737,Gm3
natural-gas,Singapore,2003,5.490289473684211,Gm3
natural-gas,Singapore,2004,6.472763157894737,Gm3
natural-gas,Singapore,2005,6.138179210526315,Gm3
natural-gas,Singapore,2006,6.618780000000001,Gm3
natural-gas,Singapore,2007,6.987265789473684,Gm3
natural-gas,Singapore,2008,7.233399999999999,Gm3
natural-gas,Singapore,2009,7.257402631578948,Gm3
natural-gas,Singapore,2010,7.828955263157895,Gm3
natural-gas,Singapore,2011,8.085965789473684,Gm3
natural-gas,Singapore,2012,8.677086842105263,Gm3
natural-gas,Singapore,2013,9.826147368421053,Gm3
natural-gas,Singapore,2014,10.395355263157894,Gm3
natural-gas,Singapore,2015,10.478452631578948,Gm3
natural-gas,Singapore,2016,10.727547368421051,Gm3
natural-gas,Singapore,2017,10.866589473684211,Gm3
natural-gas,Singapore,2018,10.96961052631579,Gm3
natural-gas,Singapore,2019,11.212647368421052,Gm3
natural-gas,Singapore,2020,11.290257894736841,Gm3
natural-gas,Singapore,2021,11.750265789473683,Gm3
natural-gas,Singapore,2022,11.559981578947369,Gm3
natural-gas,Singapore,2023,11.77408157894737,Gm3
natural-gas,Singapore,2024,12.200729670264487,Gm3
natural-gas,South Africa,1990,1.842105263157894,Gm3
natural-gas,South Africa,1991,1.8684210526315792,Gm3
natural-gas,South Africa,1992,1.881578947368421,Gm3
natural-gas,South Africa,1993,2.099815789473684,Gm3
natural-gas,South Africa,1994,2.099815789473684,Gm3
natural-gas,South Africa,1995,2.099815789473684,Gm3
natural-gas,South Africa,1996,1.889842105263158,Gm3
natural-gas,South Africa,1997,1.6873684210526312,Gm3
natural-gas,South Africa,1998,1.420605263157894,Gm3
natural-gas,South Africa,1999,1.8586315789473682,Gm3
natural-gas,South Africa,2000,1.711157894736842,Gm3
natural-gas,South Africa,2001,2.223105263157894,Gm3
natural-gas,South Africa,2002,2.204315789473684,Gm3
natural-gas,South Africa,2003,1.321526315789473,Gm3
natural-gas,South Africa,2004,3.404236842105263,Gm3
natural-gas,South Africa,2005,3.377868421052631,Gm3
natural-gas,South Africa,2006,3.276736842105263,Gm3
natural-gas,South Africa,2007,4.222421052631579,Gm3
natural-gas,South Africa,2008,4.344368421052632,Gm3
natural-gas,South Africa,2009,3.764868421052631,Gm3
natural-gas,South Africa,2010,4.742789473684211,Gm3
natural-gas,South Africa,2011,4.707605263157895,Gm3
natural-gas,South Africa,2012,4.950394736842105,Gm3
natural-gas,South Africa,2013,5.020368421052631,Gm3
natural-gas,South Africa,2014,4.783,Gm3
natural-gas,South Africa,2015,5.255921052631578,Gm3
natural-gas,South Africa,2016,5.747447368421052,Gm3
natural-gas,South Africa,2017,4.880157894736842,Gm3
natural-gas,South Africa,2018,5.21391894736842,Gm3
natural-gas,South Africa,2019,5.264584210526316,Gm3
natural-gas,South Africa,2020,5.114995394736841,Gm3
natural-gas,South Africa,2021,3.801031868421052,Gm3
natural-gas,South Africa,2022,3.707936394736842,Gm3
natural-gas,South Africa,2023,3.795,Gm3
natural-gas,South Africa,2024,3.7782599364667098,Gm3
natural-gas,South Korea,1990,3.613947368421052,Gm3
natural-gas,South Korea,1991,4.282026315789474,Gm3
natural-gas,South Korea,1992,5.637736842105263,Gm3
natural-gas,South Korea,1993,7.04028947368421,Gm3
natural-gas,South Korea,1994,9.346394736842106,Gm3
natural-gas,South Korea,1995,11.27828947368421,Gm3
natural-gas,South Korea,1996,14.465,Gm3
natural-gas,South Korea,1997,17.153657894736842,Gm3
natural-gas,South Korea,1998,15.7965,Gm3
natural-gas,South Korea,1999,19.073210526315794,Gm3
natural-gas,South Korea,2000,21.288947368421052,Gm3
natural-gas,South Korea,2001,22.744157894736844,Gm3
natural-gas,South Korea,2002,25.448026315789473,Gm3
natural-gas,South Korea,2003,26.59015789473684,Gm3
natural-gas,South Korea,2004,31.185710526315788,Gm3
natural-gas,South Korea,2005,33.35668421052632,Gm3
natural-gas,South Korea,2006,36.43871052631579,Gm3
natural-gas,South Korea,2007,38.77521052631579,Gm3
natural-gas,South Korea,2008,39.89063157894737,Gm3
natural-gas,South Korea,2009,37.88668421052631,Gm3
natural-gas,South Korea,2010,47.90502631578946,Gm3
natural-gas,South Korea,2011,51.61442105263157,Gm3
natural-gas,South Korea,2012,55.59876315789473,Gm3
natural-gas,South Korea,2013,58.577210526315795,Gm3
natural-gas,South Korea,2014,52.91068421052632,Gm3
natural-gas,South Korea,2015,48.655473684210534,Gm3
natural-gas,South Korea,2016,50.518315789473704,Gm3
natural-gas,South Korea,2017,52.6185842631579,Gm3
natural-gas,South Korea,2018,61.213449815789474,Gm3
natural-gas,South Korea,2019,59.54772878947368,Gm3
natural-gas,South Korea,2020,60.17236513157895,Gm3
natural-gas,South Korea,2021,66.51822886842105,Gm3
natural-gas,South Korea,2022,65.65280210526316,Gm3
natural-gas,South Korea,2023,62.98983469337522,Gm3
natural-gas,South Korea,2024,66.04109771158839,Gm3
natural-gas,Spain,1990,5.741720003807768,Gm3
natural-gas,Spain,1991,6.444113432526001,Gm3
natural-gas,Spain,1992,6.8038953708249235,Gm3
natural-gas,Spain,1993,6.704359040623107,Gm3
natural-gas,Spain,1994,7.148365051643335,Gm3
natural-gas,Spain,1995,8.918975243283715,Gm3
natural-gas,Spain,1996,9.982999877607465,Gm3
natural-gas,Spain,1997,13.061000104501506,Gm3
natural-gas,Spain,1998,13.409000153121003,Gm3
natural-gas,Spain,1999,15.348999813618224,Gm3
natural-gas,Spain,2000,17.577000046872527,Gm3
natural-gas,Spain,2001,18.942000049904603,Gm3
natural-gas,Spain,2002,21.65700002341217,Gm3
natural-gas,Spain,2003,24.549832100721293,Gm3
natural-gas,Spain,2004,28.496213500986677,Gm3
natural-gas,Spain,2005,33.634814248845935,Gm3
natural-gas,Spain,2006,36.167432783073714,Gm3
natural-gas,Spain,2007,36.78416793392011,Gm3
natural-gas,Spain,2008,40.3228277749079,Gm3
natural-gas,Spain,2009,35.83624395833108,Gm3
natural-gas,Spain,2010,35.759328198198446,Gm3
natural-gas,Spain,2011,33.253269754192814,Gm3
natural-gas,Spain,2012,32.399551824410445,Gm3
natural-gas,Spain,2013,29.626796917752895,Gm3
natural-gas,Spain,2014,27.233473508021685,Gm3
natural-gas,Spain,2015,28.202594346248073,Gm3
natural-gas,Spain,2016,28.758911235942065,Gm3
natural-gas,Spain,2017,31.13031819640415,Gm3
natural-gas,Spain,2018,30.957505627983767,Gm3
natural-gas,Spain,2019,35.41291462854881,Gm3
natural-gas,Spain,2020,31.920201891945094,Gm3
natural-gas,Spain,2021,33.760462862938276,Gm3
natural-gas,Spain,2022,32.62247395104084,Gm3
natural-gas,Spain,2023,28.96010960326434,Gm3
natural-gas,Spain,2024,27.86908098902814,Gm3
natural-gas,Sweden,1990,0.6156721333496461,Gm3
natural-gas,Sweden,1991,0.638612830160302,Gm3
natural-gas,Sweden,1992,0.7233766525132591,Gm3
natural-gas,Sweden,1993,0.8045105755552551,Gm3
natural-gas,Sweden,1994,0.806680235161169,Gm3
natural-gas,Sweden,1995,0.796403508047214,Gm3
natural-gas,Sweden,1996,0.815648229485291,Gm3
natural-gas,Sweden,1997,0.855189116688421,Gm3
natural-gas,Sweden,1998,0.889075648242678,Gm3
natural-gas,Sweden,1999,0.875603579882933,Gm3
natural-gas,Sweden,2000,0.8050461582524311,Gm3
natural-gas,Sweden,2001,0.8811605045733241,Gm3
natural-gas,Sweden,2002,0.8885873288850741,Gm3
natural-gas,Sweden,2003,0.9264540588809901,Gm3
natural-gas,Sweden,2004,0.889171475268661,Gm3
natural-gas,Sweden,2005,0.8199907116222621,Gm3
natural-gas,Sweden,2006,0.8310655203520051,Gm3
natural-gas,Sweden,2007,0.9208446599437441,Gm3
natural-gas,Sweden,2008,0.785968680964178,Gm3
natural-gas,Sweden,2009,1.226516152774808,Gm3
natural-gas,Sweden,2010,1.554251276410863,Gm3
natural-gas,Sweden,2011,1.303159495074248,Gm3
natural-gas,Sweden,2012,1.166776219097268,Gm3
natural-gas,Sweden,2013,1.074941053175132,Gm3
natural-gas,Sweden,2014,0.919896785925928,Gm3
natural-gas,Sweden,2015,0.964910344581373,Gm3
natural-gas,Sweden,2016,0.9211677517134781,Gm3
natural-gas,Sweden,2017,1.092447901662225,Gm3
natural-gas,Sweden,2018,1.103465589072942,Gm3
natural-gas,Sweden,2019,1.063911687061825,Gm3
natural-gas,Sweden,2020,1.017835471655763,Gm3
natural-gas,Sweden,2021,1.165661841295531,Gm3
natural-gas,Sweden,2022,0.7967143851893771,Gm3
natural-gas,Sweden,2023,0.7873586366946821,Gm3
natural-gas,Sweden,2024,0.8526570182811831,Gm3
natural-gas,Taiwan,1990,2.04078947368421,Gm3
natural-gas,Taiwan,1991,3.300263157894736,Gm3
natural-gas,Taiwan,1992,3.477210526315789,Gm3
natural-gas,Taiwan,1993,3.378236842105263,Gm3
natural-gas,Taiwan,1994,4.437026315789473,Gm3
natural-gas,Taiwan,1995,4.7609473684210535,Gm3
natural-gas,Taiwan,1996,4.963394736842105,Gm3
natural-gas,Taiwan,1997,5.649894736842105,Gm3
natural-gas,Taiwan,1998,7.036131578947368,Gm3
natural-gas,Taiwan,1999,6.913815789473684,Gm3
natural-gas,Taiwan,2000,7.56178947368421,Gm3
natural-gas,Taiwan,2001,8.369131578947368,Gm3
natural-gas,Taiwan,2002,9.550631578947367,Gm3
natural-gas,Taiwan,2003,9.734184210526317,Gm3
natural-gas,Taiwan,2004,11.56878947368421,Gm3
natural-gas,Taiwan,2005,12.25007894736842,Gm3
natural-gas,Taiwan,2006,12.516605263157897,Gm3
natural-gas,Taiwan,2007,13.683105263157895,Gm3
natural-gas,Taiwan,2008,14.84892105263158,Gm3
natural-gas,Taiwan,2009,14.328157894736844,Gm3
natural-gas,Taiwan,2010,17.95507894736842,Gm3
natural-gas,Taiwan,2011,19.58157894736842,Gm3
natural-gas,Taiwan,2012,20.410657894736843,Gm3
natural-gas,Taiwan,2013,20.855473684210526,Gm3
natural-gas,Taiwan,2014,21.918236842105266,Gm3
natural-gas,Taiwan,2015,23.549236842105262,Gm3
natural-gas,Taiwan,2016,24.679736842105264,Gm3
natural-gas,Taiwan,2017,27.109931394736844,Gm3
natural-gas,Taiwan,2018,27.47833510526316,Gm3
natural-gas,Taiwan,2019,26.912129763157893,Gm3
natural-gas,Taiwan,2020,29.325320394736845,Gm3
natural-gas,Taiwan,2021,31.782306684210525,Gm3
natural-gas,Taiwan,2022,32.96133889473684,Gm3
natural-gas,Taiwan,2023,32.51863186022486,Gm3
natural-gas,Taiwan,2024,35.01672085768483,Gm3
natural-gas,Thailand,1990,4.893973684210527,Gm3
natural-gas,Thailand,1991,6.302315789473685,Gm3
natural-gas,Thailand,1992,6.735236842105261,Gm3
natural-gas,Thailand,1993,8.927789473684212,Gm3
natural-gas,Thailand,1994,10.0395,Gm3
natural-gas,Thailand,1995,10.426236842105263,Gm3
natural-gas,Thailand,1996,11.8255,Gm3
natural-gas,Thailand,1997,14.751842105263162,Gm3
natural-gas,Thailand,1998,15.321473684210527,Gm3
natural-gas,Thailand,1999,16.545578947368412,Gm3
natural-gas,Thailand,2000,18.960684210526317,Gm3
natural-gas,Thailand,2001,24.290052631578952,Gm3
natural-gas,Thailand,2002,25.970289473684215,Gm3
natural-gas,Thailand,2003,26.33165789473684,Gm3
natural-gas,Thailand,2004,26.761473688710527,Gm3
natural-gas,Thailand,2005,28.908763157894743,Gm3
natural-gas,Thailand,2006,29.390236842105267,Gm3
natural-gas,Thailand,2007,30.906894736842098,Gm3
natural-gas,Thailand,2008,32.25268421052632,Gm3
natural-gas,Thailand,2009,37.03552631578948,Gm3
natural-gas,Thailand,2010,40.239552631578945,Gm3
natural-gas,Thailand,2011,37.71102631578948,Gm3
natural-gas,Thailand,2012,43.0885,Gm3
natural-gas,Thailand,2013,46.33852631578948,Gm3
natural-gas,Thailand,2014,46.40326315789474,Gm3
natural-gas,Thailand,2015,46.17805263157895,Gm3
natural-gas,Thailand,2016,45.297421052631584,Gm3
natural-gas,Thailand,2017,42.76202184210526,Gm3
natural-gas,Thailand,2018,45.837002207694226,Gm3
natural-gas,Thailand,2019,49.55582563930613,Gm3
natural-gas,Thailand,2020,41.975677203864,Gm3
natural-gas,Thailand,2021,41.037596730351666,Gm3
natural-gas,Thailand,2022,37.315992264292376,Gm3
natural-gas,Thailand,2023,39.60487561418054,Gm3
natural-gas,Thailand,2024,38.39091301538985,Gm3
natural-gas,Turkiye,1990,3.468000042086366,Gm3
natural-gas,Turkiye,1991,4.23700004584831,Gm3
natural-gas,Turkiye,1992,4.634026115215766,Gm3
natural-gas,Turkiye,1993,5.150000000000002,Gm3
natural-gas,Turkiye,1994,5.493000059394797,Gm3
natural-gas,Turkiye,1995,7.028999941331659,Gm3
natural-gas,Turkiye,1996,8.214075783410433,Gm3
natural-gas,Turkiye,1997,9.79999993938535,Gm3
natural-gas,Turkiye,1998,10.350296332282253,Gm3
natural-gas,Turkiye,1999,12.528153062656425,Gm3
natural-gas,Turkiye,2000,14.835960077604657,Gm3
natural-gas,Turkiye,2001,15.944205213799837,Gm3
natural-gas,Turkiye,2002,17.587999974239885,Gm3
natural-gas,Turkiye,2003,21.18100016228092,Gm3
natural-gas,Turkiye,2004,22.442999859647767,Gm3
natural-gas,Turkiye,2005,27.375000225914484,Gm3
natural-gas,Turkiye,2006,31.182999890211246,Gm3
natural-gas,Turkiye,2007,36.5990003357315,Gm3
natural-gas,Turkiye,2008,36.64500034595566,Gm3
natural-gas,Turkiye,2009,35.11500035227457,Gm3
natural-gas,Turkiye,2010,38.12700007539277,Gm3
natural-gas,Turkiye,2011,44.68599954629977,Gm3
natural-gas,Turkiye,2012,45.25399951780877,Gm3
natural-gas,Turkiye,2013,45.91289837912752,Gm3
natural-gas,Turkiye,2014,48.72169847218384,Gm3
natural-gas,Turkiye,2015,48.05526012272949,Gm3
natural-gas,Turkiye,2016,46.449009045512646,Gm3
natural-gas,Turkiye,2017,53.98812717844727,Gm3
natural-gas,Turkiye,2018,49.710461359234436,Gm3
natural-gas,Turkiye,2019,45.28522500111161,Gm3
natural-gas,Turkiye,2020,48.24813742145445,Gm3
natural-gas,Turkiye,2021,59.558687140873616,Gm3
natural-gas,Turkiye,2022,52.334671812490484,Gm3
natural-gas,Turkiye,2023,49.5769951055412,Gm3
natural-gas,Turkiye,2024,52.18813183305606,Gm3
natural-gas,United Arab Emirates,1990,16.422815789473685,Gm3
natural-gas,United Arab Emirates,1991,19.684605263157895,Gm3
natural-gas,United Arab Emirates,1992,18.19007894736842,Gm3
natural-gas,United Arab Emirates,1993,19.043210526315786,Gm3
natural-gas,United Arab Emirates,1994,22.07592105263157,Gm3
natural-gas,United Arab Emirates,1995,24.005236842105262,Gm3
natural-gas,United Arab Emirates,1996,29.015184210526314,Gm3
natural-gas,United Arab Emirates,1997,28.43565789473684,Gm3
natural-gas,United Arab Emirates,1998,29.906473684210525,Gm3
natural-gas,United Arab Emirates,1999,30.749736805263154,Gm3
natural-gas,United Arab Emirates,2000,32.13231573421053,Gm3
natural-gas,United Arab Emirates,2001,33.12947368684211,Gm3
natural-gas,United Arab Emirates,2002,37.193684155263156,Gm3
natural-gas,United Arab Emirates,2003,38.630526300000014,Gm3
natural-gas,United Arab Emirates,2004,41.2313156868421,Gm3
natural-gas,United Arab Emirates,2005,41.84710526315791,Gm3
natural-gas,United Arab Emirates,2006,44.16657894736842,Gm3
natural-gas,United Arab Emirates,2007,48.838894736842114,Gm3
natural-gas,United Arab Emirates,2008,57.66989473684211,Gm3
natural-gas,United Arab Emirates,2009,59.703736842105265,Gm3
natural-gas,United Arab Emirates,2010,61.49857894736843,Gm3
natural-gas,United Arab Emirates,2011,64.38352631578947,Gm3
natural-gas,United Arab Emirates,2012,70.93696234210525,Gm3
natural-gas,United Arab Emirates,2013,71.46173684210527,Gm3
natural-gas,United Arab Emirates,2014,72.4415105263158,Gm3
natural-gas,United Arab Emirates,2015,76.07143950000001,Gm3
natural-gas,United Arab Emirates,2016,72.17211052631578,Gm3
natural-gas,United Arab Emirates,2017,64.17249736842106,Gm3
natural-gas,United Arab Emirates,2018,62.89757105263158,Gm3
natural-gas,United Arab Emirates,2019,67.35531021052631,Gm3
natural-gas,United Arab Emirates,2020,68.49301184210528,Gm3
natural-gas,United Arab Emirates,2021,66.66703331578947,Gm3
natural-gas,United Arab Emirates,2022,68.06613018421052,Gm3
natural-gas,United Arab Emirates,2023,70.76954519996116,Gm3
natural-gas,United Arab Emirates,2024,70.9151231469782,Gm3
natural-gas,United Kingdom,1990,57.865394736842106,Gm3
natural-gas,United Kingdom,1991,62.31157894736842,Gm3
natural-gas,United Kingdom,1992,63.29936842105264,Gm3
natural-gas,United Kingdom,1993,69.83713157894736,Gm3
natural-gas,United Kingdom,1994,72.8360789473684,Gm3
natural-gas,United Kingdom,1995,77.70394736842105,Gm3
natural-gas,United Kingdom,1996,90.49826315789471,Gm3
natural-gas,United Kingdom,1997,93.06281578947367,Gm3
natural-gas,United Kingdom,1998,96.83697368421053,Gm3
natural-gas,United Kingdom,1999,103.08768421052632,Gm3
natural-gas,United Kingdom,2000,106.66365789473684,Gm3
natural-gas,United Kingdom,2001,106.16665789473684,Gm3
natural-gas,United Kingdom,2002,104.78200000000001,Gm3
natural-gas,United Kingdom,2003,105.06994736842105,Gm3
natural-gas,United Kingdom,2004,107.3596842105263,Gm3
natural-gas,United Kingdom,2005,104.62226315789474,Gm3
natural-gas,United Kingdom,2006,99.22668421052632,Gm3
natural-gas,United Kingdom,2007,100.32160526315792,Gm3
natural-gas,United Kingdom,2008,103.063,Gm3
natural-gas,United Kingdom,2009,96.12305263157896,Gm3
natural-gas,United Kingdom,2010,103.76413157894737,Gm3
natural-gas,United Kingdom,2011,86.29834210526316,Gm3
natural-gas,United Kingdom,2012,80.95123684210525,Gm3
natural-gas,United Kingdom,2013,80.34863157894738,Gm3
natural-gas,United Kingdom,2014,73.75589473684211,Gm3
natural-gas,United Kingdom,2015,75.85994736842103,Gm3
natural-gas,United Kingdom,2016,84.09484210526317,Gm3
natural-gas,United Kingdom,2017,82.3226052631579,Gm3
natural-gas,United Kingdom,2018,83.01602631578946,Gm3
natural-gas,United Kingdom,2019,81.99942105263158,Gm3
natural-gas,United Kingdom,2020,77.01468421052633,Gm3
natural-gas,United Kingdom,2021,81.00318421052631,Gm3
natural-gas,United Kingdom,2022,74.63965789473686,Gm3
natural-gas,United Kingdom,2023,66.83639596303962,Gm3
natural-gas,United Kingdom,2024,64.89267872995603,Gm3
natural-gas,United States,1990,535.5301315789474,Gm3
natural-gas,United States,1991,544.3683684210527,Gm3
natural-gas,United States,1992,558.7962368421053,Gm3
natural-gas,United States,1993,578.3840263157896,Gm3
natural-gas,United States,1994,590.5675263157895,Gm3
natural-gas,United States,1995,613.6611052631579,Gm3
natural-gas,United States,1996,626.1713684210525,Gm3
natural-gas,United States,1997,647.1048684210526,Gm3
natural-gas,United States,1998,636.7906842105263,Gm3
natural-gas,United States,1999,638.850447368421,Gm3
natural-gas,United States,2000,664.6026578947368,Gm3
natural-gas,United States,2001,634.9925526315789,Gm3
natural-gas,United States,2002,655.7042105263158,Gm3
natural-gas,United States,2003,637.5911052631578,Gm3
natural-gas,United States,2004,638.3517105263159,Gm3
natural-gas,United States,2005,628.7638947368422,Gm3
natural-gas,United States,2006,618.9497105263158,Gm3
natural-gas,United States,2007,660.0703684210525,Gm3
natural-gas,United States,2008,663.6189210526315,Gm3
natural-gas,United States,2009,650.0557105263158,Gm3
natural-gas,United States,2010,685.2196315789474,Gm3
natural-gas,United States,2011,694.4370789473684,Gm3
natural-gas,United States,2012,731.2835526315789,Gm3
natural-gas,United States,2013,744.5476578947369,Gm3
natural-gas,United States,2014,759.4171315789474,Gm3
natural-gas,United States,2015,784.6538684210526,Gm3
natural-gas,United States,2016,794.3635263157895,Gm3
natural-gas,United States,2017,783.7865263157895,Gm3
natural-gas,United States,2018,869.5277894999999,Gm3
natural-gas,United States,2019,900.1405981052632,Gm3
natural-gas,United States,2020,875.5735864473684,Gm3
natural-gas,United States,2021,883.2993397105264,Gm3
natural-gas,United States,2022,928.1389637894738,Gm3
natural-gas,United States,2023,937.5521034088207,Gm3
natural-gas,United States,2024,950.3537697967263,Gm3
natural-gas,Uzbekistan,1992,41.109,Gm3
natural-gas,Uzbekistan,1993,43.625,Gm3
natural-gas,Uzbekistan,1994,41.80831578947369,Gm3
natural-gas,Uzbekistan,1995,41.87831578947369,Gm3
natural-gas,Uzbekistan,1996,43.46765789473683,Gm3
natural-gas,Uzbekistan,1997,44.13673684210526,Gm3
natural-gas,Uzbekistan,1998,50.47610526315789,Gm3
natural-gas,Uzbekistan,1999,51.855105263157895,Gm3
natural-gas,Uzbekistan,2000,51.015526315789465,Gm3
natural-gas,Uzbekistan,2001,51.80518421052631,Gm3
natural-gas,Uzbekistan,2002,54.59402631578948,Gm3
natural-gas,Uzbekistan,2003,51.88497368421053,Gm3
natural-gas,Uzbekistan,2004,50.37092105263158,Gm3
natural-gas,Uzbekistan,2005,48.85684210526316,Gm3
natural-gas,Uzbekistan,2006,49.94357894736843,Gm3
natural-gas,Uzbekistan,2007,50.580894736842104,Gm3
natural-gas,Uzbekistan,2008,52.446236842105264,Gm3
natural-gas,Uzbekistan,2009,46.07500000000001,Gm3
natural-gas,Uzbekistan,2010,45.576473684210534,Gm3
natural-gas,Uzbekistan,2011,50.890921052631576,Gm3
natural-gas,Uzbekistan,2012,52.55602631578947,Gm3
natural-gas,Uzbekistan,2013,47.244736843157895,Gm3
natural-gas,Uzbekistan,2014,45.188860723684215,Gm3
natural-gas,Uzbekistan,2015,43.86735372631579,Gm3
natural-gas,Uzbekistan,2016,46.577333502631575,Gm3
natural-gas,Uzbekistan,2017,45.97939498421052,Gm3
natural-gas,Uzbekistan,2018,42.68942025631579,Gm3
natural-gas,Uzbekistan,2019,44.260751559999996,Gm3
natural-gas,Uzbekistan,2020,41.610131170526316,Gm3
natural-gas,Uzbekistan,2021,53.58172213157894,Gm3
natural-gas,Uzbekistan,2022,47.88537615789474,Gm3
natural-gas,Uzbekistan,1990,40.09198890191564,Gm3
natural-gas,Uzbekistan,1991,41.17299423608956,Gm3
natural-gas,Uzbekistan,2023,46.84786403052081,Gm3
natural-gas,Uzbekistan,2024,48.92884968297849,Gm3
natural-gas,Vietnam,1990,0.003184210526315,Gm3
natural-gas,Vietnam,1991,0.0026315789473680003,Gm3
natural-gas,Vietnam,1992,0.0,Gm3
natural-gas,Vietnam,1993,0.0,Gm3
natural-gas,Vietnam,1994,0.0,Gm3
natural-gas,Vietnam,1995,0.22807894736842102,Gm3
natural-gas,Vietnam,1996,0.33494736842105205,Gm3
natural-gas,Vietnam,1997,0.6103947368421051,Gm3
natural-gas,Vietnam,1998,1.014736842105263,Gm3
natural-gas,Vietnam,1999,1.154657894736842,Gm3
natural-gas,Vietnam,2000,1.370605263157894,Gm3
natural-gas,Vietnam,2001,1.372842105263157,Gm3
natural-gas,Vietnam,2002,2.832684210526316,Gm3
natural-gas,Vietnam,2003,3.315605263157894,Gm3
natural-gas,Vietnam,2004,4.4622368421052645,Gm3
natural-gas,Vietnam,2005,5.743631578947368,Gm3
natural-gas,Vietnam,2006,6.269973684210526,Gm3
natural-gas,Vietnam,2007,6.6815,Gm3
natural-gas,Vietnam,2008,7.784236842105264,Gm3
natural-gas,Vietnam,2009,8.693131578947368,Gm3
natural-gas,Vietnam,2010,9.945394736842108,Gm3
natural-gas,Vietnam,2011,9.255236842105264,Gm3
natural-gas,Vietnam,2012,10.103605263157895,Gm3
natural-gas,Vietnam,2013,10.434157894736844,Gm3
natural-gas,Vietnam,2014,10.940447368421053,Gm3
natural-gas,Vietnam,2015,11.48078947368421,Gm3
natural-gas,Vietnam,2016,11.613105263157895,Gm3
natural-gas,Vietnam,2017,9.487473684210526,Gm3
natural-gas,Vietnam,2018,10.10596052631579,Gm3
natural-gas,Vietnam,2019,10.43649210526316,Gm3
natural-gas,Vietnam,2020,8.970157789473683,Gm3
natural-gas,Vietnam,2021,7.601025184210526,Gm3
natural-gas,Vietnam,2022,8.299373131578948,Gm3
natural-gas,Vietnam,2023,7.670531272839436,Gm3
natural-gas,Vietnam,2024,6.491588885096406,Gm3
electricity,Algeria,1990,12.555,TWh
electricity,Algeria,1991,12.868,TWh
electricity,Algeria,1992,13.962,TWh
electricity,Algeria,1993,13.905,TWh
electricity,Algeria,1994,14.251,TWh
electricity,Algeria,1995,14.873,TWh
electricity,Algeria,1996,15.444,TWh
electricity,Algeria,1997,15.685,TWh
electricity,Algeria,1998,16.676,TWh
electricity,Algeria,1999,17.973,TWh
electricity,Algeria,2000,19.566,TWh
electricity,Algeria,2001,20.124,TWh
electricity,Algeria,2002,21.197,TWh
electricity,Algeria,2003,23.158,TWh
electricity,Algeria,2004,24.106,TWh
electricity,Algeria,2005,25.752,TWh
electricity,Algeria,2006,26.925,TWh
electricity,Algeria,2007,28.539,TWh
electricity,Algeria,2008,30.541,TWh
electricity,Algeria,2009,28.476,TWh
electricity,Algeria,2010,34.069,TWh
electricity,Algeria,2011,36.639,TWh
electricity,Algeria,2012,41.527,TWh
electricity,Algeria,2013,43.908,TWh
electricity,Algeria,2014,46.499,TWh
electricity,Algeria,2015,50.985,TWh
electricity,Algeria,2016,53.1,TWh
electricity,Algeria,2017,57.334,TWh
electricity,Algeria,2018,58.967,TWh
electricity,Algeria,2019,63.29599999999999,TWh
electricity,Algeria,2020,59.81399999999999,TWh
electricity,Algeria,2021,64.42,TWh
electricity,Algeria,2022,70.31501600000001,TWh
electricity,Algeria,2023,74.35481899237114,TWh
electricity,Algeria,2024,78.76443932668842,TWh
electricity,Argentina,1990,40.903,TWh
electricity,Argentina,1991,41.864,TWh
electricity,Argentina,1992,44.721,TWh
electricity,Argentina,1993,48.56,TWh
electricity,Argentina,1994,52.495,TWh
electricity,Argentina,1995,55.796,TWh
electricity,Argentina,1996,59.105,TWh
electricity,Argentina,1997,63.032,TWh
electricity,Argentina,1998,67.92,TWh
electricity,Argentina,1999,70.871,TWh
electricity,Argentina,2000,74.512,TWh
electricity,Argentina,2001,75.898,TWh
electricity,Argentina,2002,74.162,TWh
electricity,Argentina,2003,79.567,TWh
electricity,Argentina,2004,85.247,TWh
electricity,Argentina,2005,90.276,TWh
electricity,Argentina,2006,98.681,TWh
electricity,Argentina,2007,97.617,TWh
electricity,Argentina,2008,107.046,TWh
electricity,Argentina,2009,106.381,TWh
electricity,Argentina,2010,112.757,TWh
electricity,Argentina,2011,115.99,TWh
electricity,Argentina,2012,119.85,TWh
electricity,Argentina,2013,120.922,TWh
electricity,Argentina,2014,126.243,TWh
electricity,Argentina,2015,129.122,TWh
electricity,Argentina,2016,128.781,TWh
electricity,Argentina,2017,129.001,TWh
electricity,Argentina,2018,128.744,TWh
electricity,Argentina,2019,125.619,TWh
electricity,Argentina,2020,124.52189600000001,TWh
electricity,Argentina,2021,129.064,TWh
electricity,Argentina,2022,124.413,TWh
electricity,Argentina,2023,124.292,TWh
electricity,Argentina,2024,123.7060765005567,TWh
electricity,Australia,1990,134.339,TWh
electricity,Australia,1991,136.949,TWh
electricity,Australia,1992,138.566,TWh
electricity,Australia,1993,142.69,TWh
electricity,Australia,1994,146.499,TWh
electricity,Australia,1995,151.119,TWh
electricity,Australia,1996,155.147,TWh
electricity,Australia,1997,160.346,TWh
electricity,Australia,1998,170.054,TWh
electricity,Australia,1999,175.457,TWh
electricity,Australia,2000,179.852,TWh
electricity,Australia,2001,188.035,TWh
electricity,Australia,2002,197.742,TWh
electricity,Australia,2003,193.791,TWh
electricity,Australia,2004,198.266,TWh
electricity,Australia,2005,198.66,TWh
electricity,Australia,2006,202.515,TWh
electricity,Australia,2007,212.145,TWh
electricity,Australia,2008,213.009,TWh
electricity,Australia,2009,220.547,TWh
electricity,Australia,2010,222.82,TWh
electricity,Australia,2011,225.71,TWh
electricity,Australia,2012,223.485,TWh
electricity,Australia,2013,223.27,TWh
electricity,Australia,2014,223.228,TWh
electricity,Australia,2015,227.257,TWh
electricity,Australia,2016,231.47,TWh
electricity,Australia,2017,231.837626,TWh
electricity,Australia,2018,235.55340500000005,TWh
electricity,Australia,2019,238.94947599999998,TWh
electricity,Australia,2020,240.084379,TWh
electricity,Australia,2021,239.16879300000005,TWh
electricity,Australia,2022,243.772123,TWh
electricity,Australia,2023,247.00397689792575,TWh
electricity,Australia,2024,252.18852211618764,TWh
electricity,Azerbaijan,1992,14.312,TWh
electricity,Azerbaijan,1993,15.11,TWh
electricity,Azerbaijan,1994,14.354,TWh
electricity,Azerbaijan,1995,13.563,TWh
electricity,Azerbaijan,1996,13.765,TWh
electricity,Azerbaijan,1997,13.142,TWh
electricity,Azerbaijan,1998,15.109,TWh
electricity,Azerbaijan,1999,15.111,TWh
electricity,Azerbaijan,2000,15.403,TWh
electricity,Azerbaijan,2001,16.037,TWh
electricity,Azerbaijan,2002,15.361,TWh
electricity,Azerbaijan,2003,17.423,TWh
electricity,Azerbaijan,2004,17.99,TWh
electricity,Azerbaijan,2005,19.039,TWh
electricity,Azerbaijan,2006,20.613,TWh
electricity,Azerbaijan,2007,16.864,TWh
electricity,Azerbaijan,2008,16.638,TWh
electricity,Azerbaijan,2009,13.436,TWh
electricity,Azerbaijan,2010,13.419,TWh
electricity,Azerbaijan,2011,14.567,TWh
electricity,Azerbaijan,2012,18.023,TWh
electricity,Azerbaijan,2013,18.661,TWh
electricity,Azerbaijan,2014,19.914,TWh
electricity,Azerbaijan,2015,20.573199999999996,TWh
electricity,Azerbaijan,2016,20.660300000000003,TWh
electricity,Azerbaijan,2017,19.987099999999998,TWh
electricity,Azerbaijan,2018,20.8042,TWh
electricity,Azerbaijan,2019,21.648899999999998,TWh
electricity,Azerbaijan,2020,21.9973,TWh
electricity,Azerbaijan,2021,23.4192,TWh
electricity,Azerbaijan,2022,23.1963,TWh
electricity,Azerbaijan,1990,17.431,TWh
electricity,Azerbaijan,1991,17.735,TWh
electricity,Azerbaijan,2023,23.18316740304003,TWh
electricity,Azerbaijan,2024,24.050660727779796,TWh
electricity,Belgium,1990,59.108,TWh
electricity,Belgium,1991,61.783,TWh
electricity,Belgium,1992,63.871,TWh
electricity,Belgium,1993,64.644,TWh
electricity,Belgium,1994,67.822,TWh
electricity,Belgium,1995,69.829,TWh
electricity,Belgium,1996,71.405,TWh
electricity,Belgium,1997,73.321,TWh
electricity,Belgium,1998,75.527,TWh
electricity,Belgium,1999,76.05,TWh
electricity,Belgium,2000,79.166,TWh
electricity,Belgium,2001,79.816,TWh
electricity,Belgium,2002,80.438,TWh
electricity,Belgium,2003,82.065,TWh
electricity,Belgium,2004,82.77969999999999,TWh
electricity,Belgium,2005,83.273,TWh
electricity,Belgium,2006,85.8738,TWh
electricity,Belgium,2007,86.09259999999999,TWh
electricity,Belgium,2008,86.2373,TWh
electricity,Belgium,2009,80.79440000000001,TWh
electricity,Belgium,2010,86.9292,TWh
electricity,Belgium,2011,84.5539,TWh
electricity,Belgium,2012,84.037,TWh
electricity,Belgium,2013,83.6908,TWh
electricity,Belgium,2014,82.03049999999999,TWh
electricity,Belgium,2015,82.57399999999998,TWh
electricity,Belgium,2016,82.8411,TWh
electricity,Belgium,2017,82.9267,TWh
electricity,Belgium,2018,83.44530000000002,TWh
electricity,Belgium,2019,82.51870000000001,TWh
electricity,Belgium,2020,79.72229999999999,TWh
electricity,Belgium,2021,81.54460000000002,TWh
electricity,Belgium,2022,77.77759999999999,TWh
electricity,Belgium,2023,75.5988,TWh
electricity,Belgium,2024,77.65841416656926,TWh
electricity,Brazil,1990,214.655,TWh
electricity,Brazil,1991,222.27,TWh
electricity,Brazil,1992,227.292,TWh
electricity,Brazil,1993,238.104,TWh
electricity,Brazil,1994,247.065,TWh
electricity,Brazil,1995,261.844,TWh
electricity,Brazil,1996,275.422,TWh
electricity,Brazil,1997,293.032,TWh
electricity,Brazil,1998,305.313,TWh
electricity,Brazil,1999,313.923,TWh
electricity,Brazil,2000,329.701,TWh
electricity,Brazil,2001,307.427,TWh
electricity,Brazil,2002,320.633,TWh
electricity,Brazil,2003,338.828,TWh
electricity,Brazil,2004,356.087,TWh
electricity,Brazil,2005,371.405,TWh
electricity,Brazil,2006,386.188,TWh
electricity,Brazil,2007,407.235,TWh
electricity,Brazil,2008,422.566,TWh
electricity,Brazil,2009,421.135,TWh
electricity,Brazil,2010,459.015,TWh
electricity,Brazil,2011,475.045,TWh
electricity,Brazil,2012,492.269,TWh
electricity,Brazil,2013,508.51,TWh
electricity,Brazil,2014,526.473,TWh
electricity,Brazil,2015,516.148,TWh
electricity,Brazil,2016,513.854,TWh
electricity,Brazil,2017,520.295,TWh
electricity,Brazil,2018,530.581,TWh
electricity,Brazil,2019,538.014,TWh
electricity,Brazil,2020,533.716,TWh
electricity,Brazil,2021,562.542623,TWh
electricity,Brazil,2022,580.2968510000001,TWh
electricity,Brazil,2023,610.2784620000001,TWh
electricity,Brazil,2024,645.120864360017,TWh
electricity,Canada,1990,432.985,TWh
electricity,Canada,1991,437.946,TWh
electricity,Canada,1992,442.485,TWh
electricity,Canada,1993,451.774,TWh
electricity,Canada,1994,457.851,TWh
electricity,Canada,1995,466.983,TWh
electricity,Canada,1996,474.501,TWh
electricity,Canada,1997,480.387,TWh
electricity,Canada,1998,477.606,TWh
electricity,Canada,1999,487.106,TWh
electricity,Canada,2000,453.928,TWh
electricity,Canada,2001,458.523,TWh
electricity,Canada,2002,474.913,TWh
electricity,Canada,2003,483.189,TWh
electricity,Canada,2004,484.623,TWh
electricity,Canada,2005,512.704,TWh
electricity,Canada,2006,503.494,TWh
electricity,Canada,2007,518.042,TWh
electricity,Canada,2008,509.702,TWh
electricity,Canada,2009,497.281,TWh
electricity,Canada,2010,500.587,TWh
electricity,Canada,2011,509.006,TWh
electricity,Canada,2012,505.009,TWh
electricity,Canada,2013,515.762,TWh
electricity,Canada,2014,522.965,TWh
electricity,Canada,2015,521.954,TWh
electricity,Canada,2016,516.583,TWh
electricity,Canada,2017,535.916,TWh
electricity,Canada,2018,545.625,TWh
electricity,Canada,2019,551.78,TWh
electricity,Canada,2020,539.726,TWh
electricity,Canada,2021,547.609,TWh
electricity,Canada,2022,558.958,TWh
electricity,Canada,2023,555.1116237849353,TWh
electricity,Canada,2024,563.8405454842693,TWh
electricity,Chile,1990,15.811,TWh
electricity,Chile,1991,17.272,TWh
electricity,Chile,1992,19.613,TWh
electricity,Chile,1993,20.648,TWh
electricity,Chile,1994,21.957,TWh
electricity,Chile,1995,24.481,TWh
electricity,Chile,1996,27.242,TWh
electricity,Chile,1997,29.653,TWh
electricity,Chile,1998,31.252,TWh
electricity,Chile,1999,35.06,TWh
electricity,Chile,2000,37.141,TWh
electricity,Chile,2001,39.933,TWh
electricity,Chile,2002,41.359,TWh
electricity,Chile,2003,44.878,TWh
electricity,Chile,2004,47.544,TWh
electricity,Chile,2005,48.907,TWh
electricity,Chile,2006,51.37,TWh
electricity,Chile,2007,53.635,TWh
electricity,Chile,2008,54.153,TWh
electricity,Chile,2009,54.533,TWh
electricity,Chile,2010,55.29,TWh
electricity,Chile,2011,58.492,TWh
electricity,Chile,2012,62.947,TWh
electricity,Chile,2013,66.065,TWh
electricity,Chile,2014,67.836,TWh
electricity,Chile,2015,67.647,TWh
electricity,Chile,2016,70.83,TWh
electricity,Chile,2017,70.35028799999999,TWh
electricity,Chile,2018,73.716051,TWh
electricity,Chile,2019,74.843211,TWh
electricity,Chile,2020,75.116956,TWh
electricity,Chile,2021,76.96082000000001,TWh
electricity,Chile,2022,79.99850899999998,TWh
electricity,Chile,2023,82.07150203476236,TWh
electricity,Chile,2024,83.98106416467702,TWh
electricity,China,1990,540.8,TWh
electricity,China,1991,586.07,TWh
electricity,China,1992,645.46,TWh
electricity,China,1993,716.805,TWh
electricity,China,1994,797.755,TWh
electricity,China,1995,848.364,TWh
electricity,China,1996,917.321,TWh
electricity,China,1997,952.42,TWh
electricity,China,1998,986.153,TWh
electricity,China,1999,1043.065,TWh
electricity,China,2000,1159.926,TWh
electricity,China,2001,1256.568,TWh
electricity,China,2002,1379.138,TWh
electricity,China,2003,1603.672,TWh
electricity,China,2004,1857.954,TWh
electricity,China,2005,2124.249,TWh
electricity,China,2006,2442.303,TWh
electricity,China,2007,2810.944,TWh
electricity,China,2008,2973.592,TWh
electricity,China,2009,3195.272,TWh
electricity,China,2010,3624.895000000001,TWh
electricity,China,2011,4049.062,TWh
electricity,China,2012,4320.113,TWh
electricity,China,2013,4702.056,TWh
electricity,China,2014,5034.381999999999,TWh
electricity,China,2015,5058.669400000002,TWh
electricity,China,2016,5322.696,TWh
electricity,China,2017,5762.184400000001,TWh
electricity,China,2018,6262.221,TWh
electricity,China,2019,6583.317,TWh
electricity,China,2020,6850.068,TWh
electricity,China,2021,7572.089,TWh
electricity,China,2022,7881.601001,TWh
electricity,China,2023,8428.784694512688,TWh
electricity,China,2024,8989.844868552831,TWh
electricity,Colombia,1990,26.815518170939672,TWh
electricity,Colombia,1991,27.97736651347889,TWh
electricity,Colombia,1992,25.873412642999998,TWh
electricity,Colombia,1993,27.769504850461683,TWh
electricity,Colombia,1994,30.246242724000002,TWh
electricity,Colombia,1995,31.790574917999997,TWh
electricity,Colombia,1996,32.65322500400001,TWh
electricity,Colombia,1997,33.302016526,TWh
electricity,Colombia,1998,34.25058937077695,TWh
electricity,Colombia,1999,33.146013719440504,TWh
electricity,Colombia,2000,35.58318246447409,TWh
electricity,Colombia,2001,34.870287843042725,TWh
electricity,Colombia,2002,35.79415227776483,TWh
electricity,Colombia,2003,37.413786785866776,TWh
electricity,Colombia,2004,39.402371253638805,TWh
electricity,Colombia,2005,40.33006645005211,TWh
electricity,Colombia,2006,43.217959097417626,TWh
electricity,Colombia,2007,44.54891687490247,TWh
electricity,Colombia,2008,48.67428419227451,TWh
electricity,Colombia,2009,49.96903793601088,TWh
electricity,Colombia,2010,51.99734071312289,TWh
electricity,Colombia,2011,52.70251870518413,TWh
electricity,Colombia,2012,54.886758121807745,TWh
electricity,Colombia,2013,62.203700909331616,TWh
electricity,Colombia,2014,66.99707413276192,TWh
electricity,Colombia,2015,68.3999286575166,TWh
electricity,Colombia,2016,68.60728969059147,TWh
electricity,Colombia,2017,70.24410675520035,TWh
electricity,Colombia,2018,71.13554458113046,TWh
electricity,Colombia,2019,75.43277061780859,TWh
electricity,Colombia,2020,73.15202832645453,TWh
electricity,Colombia,2021,81.25613285885788,TWh
electricity,Colombia,2022,80.0115249998727,TWh
electricity,Colombia,2023,83.00850844757039,TWh
electricity,Colombia,2024,85.21852077488026,TWh
electricity,Czechia,1990,53.037,TWh
electricity,Czechia,1991,49.708,TWh
electricity,Czechia,1992,48.148,TWh
electricity,Czechia,1993,47.773,TWh
electricity,Czechia,1994,49.312,TWh
electricity,Czechia,1995,52.155,TWh
electricity,Czechia,1996,54.146,TWh
electricity,Czechia,1997,53.163,TWh
electricity,Czechia,1998,52.196,TWh
electricity,Czechia,1999,51.178,TWh
electricity,Czechia,2000,52.292,TWh
electricity,Czechia,2001,53.775,TWh
electricity,Czechia,2002,53.669,TWh
electricity,Czechia,2003,54.807,TWh
electricity,Czechia,2004,54.91,TWh
electricity,Czechia,2005,55.974,TWh
electricity,Czechia,2006,57.631,TWh
electricity,Czechia,2007,57.88999,TWh
electricity,Czechia,2008,58.586346,TWh
electricity,Czechia,2009,55.336696,TWh
electricity,Czechia,2010,56.172746,TWh
electricity,Czechia,2011,55.747442,TWh
electricity,Czechia,2012,55.98371099999999,TWh
electricity,Czechia,2013,55.136533,TWh
electricity,Czechia,2014,55.099282,TWh
electricity,Czechia,2015,56.398075,TWh
electricity,Czechia,2016,57.642139,TWh
electricity,Czechia,2017,59.15108799999999,TWh
electricity,Czechia,2018,59.86537299999998,TWh
electricity,Czechia,2019,60.05743999999999,TWh
electricity,Czechia,2020,58.59065699999999,TWh
electricity,Czechia,2021,61.343053,TWh
electricity,Czechia,2022,59.26782,TWh
electricity,Czechia,2023,56.899785,TWh
electricity,Czechia,2024,56.876455825022305,TWh
electricity,Denmark,1990,28.866,TWh
electricity,Denmark,1991,29.84,TWh
electricity,Denmark,1992,30.338,TWh
electricity,Denmark,1993,30.71,TWh
electricity,Denmark,1994,31.338,TWh
electricity,Denmark,1995,31.473,TWh
electricity,Denmark,1996,32.42,TWh
electricity,Denmark,1997,32.488,TWh
electricity,Denmark,1998,32.62,TWh
electricity,Denmark,1999,32.751,TWh
electricity,Denmark,2000,32.991,TWh
electricity,Denmark,2001,33.194,TWh
electricity,Denmark,2002,33.153,TWh
electricity,Denmark,2003,33.135,TWh
electricity,Denmark,2004,33.702,TWh
electricity,Denmark,2005,34.23,TWh
electricity,Denmark,2006,34.646,TWh
electricity,Denmark,2007,34.433,TWh
electricity,Denmark,2008,34.118,TWh
electricity,Denmark,2009,32.414461,TWh
electricity,Denmark,2010,33.048525,TWh
electricity,Denmark,2011,32.643505999999995,TWh
electricity,Denmark,2012,32.254454,TWh
electricity,Denmark,2013,32.297486,TWh
electricity,Denmark,2014,31.679378000000003,TWh
electricity,Denmark,2015,32.042975999999996,TWh
electricity,Denmark,2016,32.243390000000005,TWh
electricity,Denmark,2017,32.57895099999999,TWh
electricity,Denmark,2018,32.190686,TWh
electricity,Denmark,2019,32.588288,TWh
electricity,Denmark,2020,32.279207,TWh
electricity,Denmark,2021,34.648433,TWh
electricity,Denmark,2022,33.37275999999999,TWh
electricity,Denmark,2023,33.991047,TWh
electricity,Denmark,2024,36.161503878768514,TWh
electricity,Egypt,1990,28.714,TWh
electricity,Egypt,1991,30.144,TWh
electricity,Egypt,1992,30.681,TWh
electricity,Egypt,1993,33.699,TWh
electricity,Egypt,1994,35.016,TWh
electricity,Egypt,1995,44.265,TWh
electricity,Egypt,1996,48.914,TWh
electricity,Egypt,1997,48.181,TWh
electricity,Egypt,1998,49.605,TWh
electricity,Egypt,1999,55.5,TWh
electricity,Egypt,2000,60.085,TWh
electricity,Egypt,2001,63.38,TWh
electricity,Egypt,2002,72.374,TWh
electricity,Egypt,2003,82.642,TWh
electricity,Egypt,2004,88.088,TWh
electricity,Egypt,2005,95.085,TWh
electricity,Egypt,2006,101.443,TWh
electricity,Egypt,2007,107.226,TWh
electricity,Egypt,2008,112.617,TWh
electricity,Egypt,2009,120.18,TWh
electricity,Egypt,2010,126.934,TWh
electricity,Egypt,2011,135.838,TWh
electricity,Egypt,2012,140.257,TWh
electricity,Egypt,2013,137.591,TWh
electricity,Egypt,2014,146.645,TWh
electricity,Egypt,2015,154.205,TWh
electricity,Egypt,2016,162.275,TWh
electricity,Egypt,2017,151.606,TWh
electricity,Egypt,2018,165.61,TWh
electricity,Egypt,2019,156.33950400000003,TWh
electricity,Egypt,2020,157.435299,TWh
electricity,Egypt,2021,158.046219,TWh
electricity,Egypt,2022,172.355,TWh
electricity,Egypt,2023,178.7197082285794,TWh
electricity,Egypt,2024,188.7711505615373,TWh
electricity,France,1990,323.25200000000007,TWh
electricity,France,1991,346.798,TWh
electricity,France,1992,355.874,TWh
electricity,France,1993,356.188,TWh
electricity,France,1994,363.239,TWh
electricity,France,1995,367.887,TWh
electricity,France,1996,384.181,TWh
electricity,France,1997,381.61800000000005,TWh
electricity,France,1998,393.30699999999996,TWh
electricity,France,1999,401.037,TWh
electricity,France,2000,410.393,TWh
electricity,France,2001,421.425,TWh
electricity,France,2002,419.4460000000001,TWh
electricity,France,2003,436.9990000000001,TWh
electricity,France,2004,448.7199999999999,TWh
electricity,France,2005,451.11000000000007,TWh
electricity,France,2006,446.466,TWh
electricity,France,2007,448.432,TWh
electricity,France,2008,460.9060000000001,TWh
electricity,France,2009,447.6460000000001,TWh
electricity,France,2010,471.791,TWh
electricity,France,2011,439.72187400000007,TWh
electricity,France,2012,453.922079,TWh
electricity,France,2013,458.99599299999994,TWh
electricity,France,2014,433.53257399999995,TWh
electricity,France,2015,443.02818799999994,TWh
electricity,France,2016,451.314964,TWh
electricity,France,2017,447.5049759999999,TWh
electricity,France,2018,445.83865700000007,TWh
electricity,France,2019,440.5567260000001,TWh
electricity,France,2020,420.4748859999999,TWh
electricity,France,2021,442.0520920000001,TWh
electricity,France,2022,425.12243700000005,TWh
electricity,France,2023,408.15282200000007,TWh
electricity,France,2024,410.1408333784504,TWh
electricity,Germany,1990,481.001,TWh
electricity,Germany,1991,481.055,TWh
electricity,Germany,1992,475.878,TWh
electricity,Germany,1993,467.164,TWh
electricity,Germany,1994,465.073,TWh
electricity,Germany,1995,472.579,TWh
electricity,Germany,1996,479.658,TWh
electricity,Germany,1997,482.877,TWh
electricity,Germany,1998,487.477,TWh
electricity,Germany,1999,490.652,TWh
electricity,Germany,2000,501.411,TWh
electricity,Germany,2001,512.637,TWh
electricity,Germany,2002,525.51,TWh
electricity,Germany,2003,531.751,TWh
electricity,Germany,2004,538.406,TWh
electricity,Germany,2005,539.471,TWh
electricity,Germany,2006,544.629,TWh
electricity,Germany,2007,545.614,TWh
electricity,Germany,2008,542.991,TWh
electricity,Germany,2009,513.898,TWh
electricity,Germany,2010,546.883,TWh
electricity,Germany,2011,539.891,TWh
electricity,Germany,2012,538.206,TWh
electricity,Germany,2013,536.44,TWh
electricity,Germany,2014,524.826,TWh
electricity,Germany,2015,528.35,TWh
electricity,Germany,2016,530.551,TWh
electricity,Germany,2017,531.318,TWh
electricity,Germany,2018,521.809,TWh
electricity,Germany,2019,507.543,TWh
electricity,Germany,2020,492.822,TWh
electricity,Germany,2021,510.10200000000003,TWh
electricity,Germany,2022,487.555,TWh
electricity,Germany,2023,463.322267,TWh
electricity,Germany,2024,464.3787167348313,TWh
electricity,India,1990,216.3564,TWh
electricity,India,1991,236.438,TWh
electricity,India,1992,252.0566,TWh
electricity,India,1993,270.27,TWh
electricity,India,1994,294.16159999999996,TWh
electricity,India,1995,315.6754,TWh
electricity,India,1996,324.3944,TWh
electricity,India,1997,341.022,TWh
electricity,India,1998,358.43,TWh
electricity,India,1999,360.228,TWh
electricity,India,2000,372.139,TWh
electricity,India,2001,387.336,TWh
electricity,India,2002,396.84,TWh
electricity,India,2003,421.226,TWh
electricity,India,2004,450.556,TWh
electricity,India,2005,474.451,TWh
electricity,India,2006,525.671,TWh
electricity,India,2007,577.959,TWh
electricity,India,2008,631.574,TWh
electricity,India,2009,682.144,TWh
electricity,India,2010,694.392,TWh
electricity,India,2011,772.603,TWh
electricity,India,2012,785.13,TWh
electricity,India,2013,897.233,TWh
electricity,India,2014,955.927,TWh
electricity,India,2015,1034.374,TWh
electricity,India,2016,1071.213,TWh
electricity,India,2017,1135.2844444444445,TWh
electricity,India,2018,1163.99,TWh
electricity,India,2019,1297.138,TWh
electricity,India,2020,1187.126,TWh
electricity,India,2021,1212.023,TWh
electricity,India,2022,1409.224,TWh
electricity,India,2023,1473.025361364939,TWh
electricity,India,2024,1532.2614782450448,TWh
electricity,Indonesia,1990,39.663,TWh
electricity,Indonesia,1991,42.285,TWh
electricity,Indonesia,1992,54.531,TWh
electricity,Indonesia,1993,49.932,TWh
electricity,Indonesia,1994,47.385,TWh
electricity,Indonesia,1995,51.563,TWh
electricity,Indonesia,1996,56.842,TWh
electricity,Indonesia,1997,61.443,TWh
electricity,Indonesia,1998,67.55,TWh
electricity,Indonesia,1999,71.792,TWh
electricity,Indonesia,2000,79.187,TWh
electricity,Indonesia,2001,84.56,TWh
electricity,Indonesia,2002,87.128,TWh
electricity,Indonesia,2003,90.441,TWh
electricity,Indonesia,2004,100.098,TWh
electricity,Indonesia,2005,107.032,TWh
electricity,Indonesia,2006,112.611,TWh
electricity,Indonesia,2007,121.247,TWh
electricity,Indonesia,2008,129.018,TWh
electricity,Indonesia,2009,134.582,TWh
electricity,Indonesia,2010,147.299,TWh
electricity,Indonesia,2011,159.867,TWh
electricity,Indonesia,2012,173.991,TWh
electricity,Indonesia,2013,196.967,TWh
electricity,Indonesia,2014,198.355,TWh
electricity,Indonesia,2015,212.767,TWh
electricity,Indonesia,2016,215.781,TWh
electricity,Indonesia,2017,244.637,TWh
electricity,Indonesia,2018,251.796,TWh
electricity,Indonesia,2019,258.092,TWh
electricity,Indonesia,2020,250.20365555533334,TWh
electricity,Indonesia,2021,258.51081,TWh
electricity,Indonesia,2022,294.155948,TWh
electricity,Indonesia,2023,308.79379767911104,TWh
electricity,Indonesia,2024,327.83262057465515,TWh
electricity,Iran,1990,52.017,TWh
electricity,Iran,1991,56.407,TWh
electricity,Iran,1992,61.158,TWh
electricity,Iran,1993,64.294,TWh
electricity,Iran,1994,68.09,TWh
electricity,Iran,1995,70.516,TWh
electricity,Iran,1996,77.502,TWh
electricity,Iran,1997,81.07,TWh
electricity,Iran,1998,85.699,TWh
electricity,Iran,1999,94.217,TWh
electricity,Iran,2000,99.718,TWh
electricity,Iran,2001,106.952,TWh
electricity,Iran,2002,115.425,TWh
electricity,Iran,2003,126.241,TWh
electricity,Iran,2004,129.813,TWh
electricity,Iran,2005,137.25,TWh
electricity,Iran,2006,148.68410000000003,TWh
electricity,Iran,2007,156.68699999999998,TWh
electricity,Iran,2008,166.3637,TWh
electricity,Iran,2009,174.25250000000003,TWh
electricity,Iran,2010,188.14090000000002,TWh
electricity,Iran,2011,191.6982,TWh
electricity,Iran,2012,201.79259999999996,TWh
electricity,Iran,2013,208.168,TWh
electricity,Iran,2014,224.136,TWh
electricity,Iran,2015,235.555,TWh
electricity,Iran,2016,243.46799999999996,TWh
electricity,Iran,2017,254.942,TWh
electricity,Iran,2018,262.084477,TWh
electricity,Iran,2019,277.697867,TWh
electricity,Iran,2020,291.0672139999999,TWh
electricity,Iran,2021,307.1431790000001,TWh
electricity,Iran,2022,318.539251,TWh
electricity,Iran,2023,333.76902592478604,TWh
electricity,Iran,2024,350.09557934172665,TWh
electricity,Italy,1990,218.778,TWh
electricity,Italy,1991,223.687,TWh
electricity,Italy,1992,228.069,TWh
electricity,Italy,1993,228.964,TWh
electricity,Italy,1994,236.555,TWh
electricity,Italy,1995,243.465,TWh
electricity,Italy,1996,245.954,TWh
electricity,Italy,1997,253.674,TWh
electricity,Italy,1998,260.809,TWh
electricity,Italy,1999,267.284,TWh
electricity,Italy,2000,279.31899999999996,TWh
electricity,Italy,2001,285.491,TWh
electricity,Italy,2002,290.96,TWh
electricity,Italy,2003,299.788,TWh
electricity,Italy,2004,304.49,TWh
electricity,Italy,2005,309.845,TWh
electricity,Italy,2006,317.566,TWh
electricity,Italy,2007,318.954,TWh
electricity,Italy,2008,319.036,TWh
electricity,Italy,2009,299.915,TWh
electricity,Italy,2010,309.883,TWh
electricity,Italy,2011,313.791,TWh
electricity,Italy,2012,307.222,TWh
electricity,Italy,2013,297.289,TWh
electricity,Italy,2014,291.085,TWh
electricity,Italy,2015,297.18,TWh
electricity,Italy,2016,295.509,TWh
electricity,Italy,2017,301.880515,TWh
electricity,Italy,2018,303.44297,TWh
electricity,Italy,2019,301.80356500000005,TWh
electricity,Italy,2020,283.814521,TWh
electricity,Italy,2021,300.88706099999996,TWh
electricity,Italy,2022,295.853384,TWh
electricity,Italy,2023,287.37195699999995,TWh
electricity,Italy,2024,293.1874626135289,TWh
electricity,Japan,1990,774.858,TWh
electricity,Japan,1991,798.326,TWh
electricity,Japan,1992,806.203,TWh
electricity,Japan,1993,813.674,TWh
electricity,Japan,1994,866.615,TWh
electricity,Japan,1995,884.005,TWh
electricity,Japan,1996,904.371,TWh
electricity,Japan,1997,915.292,TWh
electricity,Japan,1998,924.781,TWh
electricity,Japan,1999,945.89,TWh
electricity,Japan,2000,986.454,TWh
electricity,Japan,2001,970.009,TWh
electricity,Japan,2002,987.658,TWh
electricity,Japan,2003,981.745,TWh
electricity,Japan,2004,1015.503,TWh
electricity,Japan,2005,1039.726,TWh
electricity,Japan,2006,1043.894,TWh
electricity,Japan,2007,1076.84,TWh
electricity,Japan,2008,1037.452,TWh
electricity,Japan,2009,1004.155,TWh
electricity,Japan,2010,1051.271,TWh
electricity,Japan,2011,1011.723,TWh
electricity,Japan,2012,1006.623,TWh
electricity,Japan,2013,1005.232,TWh
electricity,Japan,2014,988.673,TWh
electricity,Japan,2015,964.66,TWh
electricity,Japan,2016,966.002,TWh
electricity,Japan,2017,980.0738470000001,TWh
electricity,Japan,2018,960.945748,TWh
electricity,Japan,2019,942.0171659999999,TWh
electricity,Japan,2020,927.3481229999999,TWh
electricity,Japan,2021,937.716895,TWh
electricity,Japan,2022,920.768495,TWh
electricity,Japan,2023,911.5921006416238,TWh
electricity,Japan,2024,913.3512459048137,TWh
electricity,Kazakhstan,1992,88.023,TWh
electricity,Kazakhstan,1993,74.17,TWh
electricity,Kazakhstan,1994,61.398,TWh
electricity,Kazakhstan,1995,54.846,TWh
electricity,Kazakhstan,1996,48.625,TWh
electricity,Kazakhstan,1997,41.474,TWh
electricity,Kazakhstan,1998,38.46,TWh
electricity,Kazakhstan,1999,38.162,TWh
electricity,Kazakhstan,2000,41.273,TWh
electricity,Kazakhstan,2001,43.178,TWh
electricity,Kazakhstan,2002,45.243,TWh
electricity,Kazakhstan,2003,45.932,TWh
electricity,Kazakhstan,2004,47.359,TWh
electricity,Kazakhstan,2005,50.415,TWh
electricity,Kazakhstan,2006,53.714,TWh
electricity,Kazakhstan,2007,57.988,TWh
electricity,Kazakhstan,2008,59.246,TWh
electricity,Kazakhstan,2009,58.142,TWh
electricity,Kazakhstan,2010,63.016999999999996,TWh
electricity,Kazakhstan,2011,71.296,TWh
electricity,Kazakhstan,2012,75.362,TWh
electricity,Kazakhstan,2013,73.338,TWh
electricity,Kazakhstan,2014,77.015,TWh
electricity,Kazakhstan,2015,78.795,TWh
electricity,Kazakhstan,2016,80.02005399999999,TWh
electricity,Kazakhstan,2017,88.74967,TWh
electricity,Kazakhstan,2018,95.308031,TWh
electricity,Kazakhstan,2019,80.66232799999999,TWh
electricity,Kazakhstan,2020,80.050332,TWh
electricity,Kazakhstan,2021,103.4638,TWh
electricity,Kazakhstan,2022,94.88309999999998,TWh
electricity,Kazakhstan,1990,96.535,TWh
electricity,Kazakhstan,1991,92.811,TWh
electricity,Kazakhstan,2023,90.2054,TWh
electricity,Kazakhstan,2024,93.88998408527667,TWh
electricity,Kuwait,1990,14.449,TWh
electricity,Kuwait,1991,8.2,TWh
electricity,Kuwait,1992,13.1,TWh
electricity,Kuwait,1993,13.8,TWh
electricity,Kuwait,1994,18.2,TWh
electricity,Kuwait,1995,19.047,TWh
electricity,Kuwait,1996,21.357,TWh
electricity,Kuwait,1997,22.307,TWh
electricity,Kuwait,1998,22.455,TWh
electricity,Kuwait,1999,23.489,TWh
electricity,Kuwait,2000,23.907,TWh
electricity,Kuwait,2001,25.5,TWh
electricity,Kuwait,2002,27.053,TWh
electricity,Kuwait,2003,29.933,TWh
electricity,Kuwait,2004,31.094,TWh
electricity,Kuwait,2005,32.939,TWh
electricity,Kuwait,2006,36.135,TWh
electricity,Kuwait,2007,36.633,TWh
electricity,Kuwait,2008,38.72,TWh
electricity,Kuwait,2009,39.986,TWh
electricity,Kuwait,2010,43.24,TWh
electricity,Kuwait,2011,43.427,TWh
electricity,Kuwait,2012,48.338090120000004,TWh
electricity,Kuwait,2013,48.18957884,TWh
electricity,Kuwait,2014,51.75090924,TWh
electricity,Kuwait,2015,54.331198480000005,TWh
electricity,Kuwait,2016,55.68750000500001,TWh
electricity,Kuwait,2017,59.427,TWh
electricity,Kuwait,2018,58.9086,TWh
electricity,Kuwait,2019,60.075,TWh
electricity,Kuwait,2020,60.0048,TWh
electricity,Kuwait,2021,64.9998,TWh
electricity,Kuwait,2022,67.38300004999999,TWh
electricity,Kuwait,2023,70.99411781822064,TWh
electricity,Kuwait,2024,81.22373446391815,TWh
electricity,Malaysia,1990,19.925,TWh
electricity,Malaysia,1991,22.365,TWh
electricity,Malaysia,1992,25.743,TWh
electricity,Malaysia,1993,28.437,TWh
electricity,Malaysia,1994,35.031,TWh
electricity,Malaysia,1995,38.174,TWh
electricity,Malaysia,1996,42.83,TWh
electricity,Malaysia,1997,50.609,TWh
electricity,Malaysia,1998,56.647,TWh
electricity,Malaysia,1999,56.193,TWh
electricity,Malaysia,2000,61.156,TWh
electricity,Malaysia,2001,65.003,TWh
electricity,Malaysia,2002,68.826,TWh
electricity,Malaysia,2003,73.371,TWh
electricity,Malaysia,2004,77.25809,TWh
electricity,Malaysia,2005,80.69309,TWh
electricity,Malaysia,2006,86.772,TWh
electricity,Malaysia,2007,89.298,TWh
electricity,Malaysia,2008,92.82699999999998,TWh
electricity,Malaysia,2009,96.36,TWh
electricity,Malaysia,2010,110.853,TWh
electricity,Malaysia,2011,107.341,TWh
electricity,Malaysia,2012,116.353,TWh
electricity,Malaysia,2013,123.076,TWh
electricity,Malaysia,2014,128.333,TWh
electricity,Malaysia,2015,132.199,TWh
electricity,Malaysia,2016,144.024,TWh
electricity,Malaysia,2017,146.52,TWh
electricity,Malaysia,2018,152.866,TWh
electricity,Malaysia,2019,158.709264,TWh
electricity,Malaysia,2020,152.130863,TWh
electricity,Malaysia,2021,155.40006,TWh
electricity,Malaysia,2022,164.22765399999997,TWh
electricity,Malaysia,2023,171.63956969547195,TWh
electricity,Malaysia,2024,180.75910949700844,TWh
electricity,Mexico,1990,100.194,TWh
electricity,Mexico,1991,102.532,TWh
electricity,Mexico,1992,106.12,TWh
electricity,Mexico,1993,109.88,TWh
electricity,Mexico,1994,118.458,TWh
electricity,Mexico,1995,122.669,TWh
electricity,Mexico,1996,111.286,TWh
electricity,Mexico,1997,120.013,TWh
electricity,Mexico,1998,129.429,TWh
electricity,Mexico,1999,137.219,TWh
electricity,Mexico,2000,148.338,TWh
electricity,Mexico,2001,151.303,TWh
electricity,Mexico,2002,154.976,TWh
electricity,Mexico,2003,177.498,TWh
electricity,Mexico,2004,186.797,TWh
electricity,Mexico,2005,194.558,TWh
electricity,Mexico,2006,199.077,TWh
electricity,Mexico,2007,208.381,TWh
electricity,Mexico,2008,214.61,TWh
electricity,Mexico,2009,211.272,TWh
electricity,Mexico,2010,221.091,TWh
electricity,Mexico,2011,238.955,TWh
electricity,Mexico,2012,253.065,TWh
electricity,Mexico,2013,246.503,TWh
electricity,Mexico,2014,256.779,TWh
electricity,Mexico,2015,261.85,TWh
electricity,Mexico,2016,274.21,TWh
electricity,Mexico,2017,275.859,TWh
electricity,Mexico,2018,303.881,TWh
electricity,Mexico,2019,284.167,TWh
electricity,Mexico,2020,303.74,TWh
electricity,Mexico,2021,297.77093099999996,TWh
electricity,Mexico,2022,302.834168,TWh
electricity,Mexico,2023,313.5049793746787,TWh
electricity,Mexico,2024,318.693168826997,TWh
electricity,Netherlands,1990,74.074,TWh
electricity,Netherlands,1991,76.306,TWh
electricity,Netherlands,1992,78.006,TWh
electricity,Netherlands,1993,79.381,TWh
electricity,Netherlands,1994,82.723,TWh
electricity,Netherlands,1995,83.64899999999999,TWh
electricity,Netherlands,1996,87.22099999999999,TWh
electricity,Netherlands,1997,90.377,TWh
electricity,Netherlands,1998,93.656,TWh
electricity,Netherlands,1999,95.77599999999998,TWh
electricity,Netherlands,2000,98.59199999999998,TWh
electricity,Netherlands,2001,100.64,TWh
electricity,Netherlands,2002,102.12799999999999,TWh
electricity,Netherlands,2003,103.804,TWh
electricity,Netherlands,2004,106.30600000000001,TWh
electricity,Netherlands,2005,108.481,TWh
electricity,Netherlands,2006,109.62,TWh
electricity,Netherlands,2007,111.925,TWh
electricity,Netherlands,2008,112.733,TWh
electricity,Netherlands,2009,108.799,TWh
electricity,Netherlands,2010,112.30000000000001,TWh
electricity,Netherlands,2011,112.958,TWh
electricity,Netherlands,2012,108.90276900000002,TWh
electricity,Netherlands,2013,110.319452,TWh
electricity,Netherlands,2014,107.291285,TWh
electricity,Netherlands,2015,109.52683599999997,TWh
electricity,Netherlands,2016,110.65203100000001,TWh
electricity,Netherlands,2017,111.557895,TWh
electricity,Netherlands,2018,113.71256799999999,TWh
electricity,Netherlands,2019,113.38452099999999,TWh
electricity,Netherlands,2020,111.40006000000002,TWh
electricity,Netherlands,2021,112.602026,TWh
electricity,Netherlands,2022,108.94787899999999,TWh
electricity,Netherlands,2023,106.53290199999999,TWh
electricity,Netherlands,2024,110.56604866520038,TWh
electricity,New Zealand,1990,28.806,TWh
electricity,New Zealand,1991,29.421,TWh
electricity,New Zealand,1992,28.763,TWh
electricity,New Zealand,1993,29.891,TWh
electricity,New Zealand,1994,30.541,TWh
electricity,New Zealand,1995,31.186,TWh
electricity,New Zealand,1996,31.922,TWh
electricity,New Zealand,1997,33.254,TWh
electricity,New Zealand,1998,32.97,TWh
electricity,New Zealand,1999,34.076,TWh
electricity,New Zealand,2000,34.695,TWh
electricity,New Zealand,2001,35.42,TWh
electricity,New Zealand,2002,36.228,TWh
electricity,New Zealand,2003,36.465,TWh
electricity,New Zealand,2004,37.796,TWh
electricity,New Zealand,2005,38.369,TWh
electricity,New Zealand,2006,39.228,TWh
electricity,New Zealand,2007,39.662,TWh
electricity,New Zealand,2008,39.186,TWh
electricity,New Zealand,2009,39.321,TWh
electricity,New Zealand,2010,40.579,TWh
electricity,New Zealand,2011,40.334,TWh
electricity,New Zealand,2012,39.987,TWh
electricity,New Zealand,2013,39.454,TWh
electricity,New Zealand,2014,40.236,TWh
electricity,New Zealand,2015,40.747,TWh
electricity,New Zealand,2016,40.232,TWh
electricity,New Zealand,2017,39.933323,TWh
electricity,New Zealand,2018,39.96754,TWh
electricity,New Zealand,2019,40.318863,TWh
electricity,New Zealand,2020,39.44132,TWh
electricity,New Zealand,2021,39.56780299999999,TWh
electricity,New Zealand,2022,39.03828200000001,TWh
electricity,New Zealand,2023,38.97900730431982,TWh
electricity,New Zealand,2024,39.496388932804315,TWh
electricity,Nigeria,1990,7.871,TWh
electricity,Nigeria,1991,8.292,TWh
electricity,Nigeria,1992,8.699,TWh
electricity,Nigeria,1993,9.998,TWh
electricity,Nigeria,1994,9.595,TWh
electricity,Nigeria,1995,9.436,TWh
electricity,Nigeria,1996,9.052,TWh
electricity,Nigeria,1997,8.843,TWh
electricity,Nigeria,1998,8.521,TWh
electricity,Nigeria,1999,8.576,TWh
electricity,Nigeria,2000,8.688,TWh
electricity,Nigeria,2001,9.034,TWh
electricity,Nigeria,2002,12.843,TWh
electricity,Nigeria,2003,12.867,TWh
electricity,Nigeria,2004,16.036,TWh
electricity,Nigeria,2005,17.286,TWh
electricity,Nigeria,2006,15.268,TWh
electricity,Nigeria,2007,19.671,TWh
electricity,Nigeria,2008,18.517,TWh
electricity,Nigeria,2009,18.051,TWh
electricity,Nigeria,2010,20.876,TWh
electricity,Nigeria,2011,23.679,TWh
electricity,Nigeria,2012,25.399,TWh
electricity,Nigeria,2013,23.689,TWh
electricity,Nigeria,2014,24.625,TWh
electricity,Nigeria,2015,25.026,TWh
electricity,Nigeria,2016,25.594,TWh
electricity,Nigeria,2017,26.167101000000002,TWh
electricity,Nigeria,2018,26.798447999999997,TWh
electricity,Nigeria,2019,27.403641,TWh
electricity,Nigeria,2020,27.866151000000002,TWh
electricity,Nigeria,2021,28.525916000000002,TWh
electricity,Nigeria,2022,32.410135000000004,TWh
electricity,Nigeria,2023,34.271157142353275,TWh
electricity,Nigeria,2024,33.27663056750846,TWh
electricity,Norway,1990,97.698,TWh
electricity,Norway,1991,99.903,TWh
electricity,Norway,1992,100.441,TWh
electricity,Norway,1993,101.932,TWh
electricity,Norway,1994,102.923,TWh
electricity,Norway,1995,104.965,TWh
electricity,Norway,1996,104.141,TWh
electricity,Norway,1997,104.894,TWh
electricity,Norway,1998,110.455,TWh
electricity,Norway,1999,110.224,TWh
electricity,Norway,2000,110.918,TWh
electricity,Norway,2001,113.785,TWh
electricity,Norway,2002,110.464,TWh
electricity,Norway,2003,104.559,TWh
electricity,Norway,2004,109.692,TWh
electricity,Norway,2005,114.241,TWh
electricity,Norway,2006,111.22,TWh
electricity,Norway,2007,114.947,TWh
electricity,Norway,2008,116.592,TWh
electricity,Norway,2009,113.423,TWh
electricity,Norway,2010,120.57797700000002,TWh
electricity,Norway,2011,114.933436,TWh
electricity,Norway,2012,118.71658599999998,TWh
electricity,Norway,2013,119.56405799999999,TWh
electricity,Norway,2014,117.059888,TWh
electricity,Norway,2015,120.05580599999998,TWh
electricity,Norway,2016,123.55841000000001,TWh
electricity,Norway,2017,124.90712500000001,TWh
electricity,Norway,2018,127.658328,TWh
electricity,Norway,2019,126.13853799999997,TWh
electricity,Norway,2020,126.55449600000001,TWh
electricity,Norway,2021,132.12992700000004,TWh
electricity,Norway,2022,125.24421200000002,TWh
electricity,Norway,2023,127.332343,TWh
electricity,Norway,2024,130.07702477550862,TWh
electricity,Philippines,1990,22.507,TWh
electricity,Philippines,1991,22.338,TWh
electricity,Philippines,1992,21.768,TWh
electricity,Philippines,1993,22.147,TWh
electricity,Philippines,1994,27.261,TWh
electricity,Philippines,1995,29.105,TWh
electricity,Philippines,1996,32.937,TWh
electricity,Philippines,1997,36.092,TWh
electricity,Philippines,1998,34.112,TWh
electricity,Philippines,1999,36.034,TWh
electricity,Philippines,2000,36.817,TWh
electricity,Philippines,2001,38.53033333333333,TWh
electricity,Philippines,2002,34.732666666666674,TWh
electricity,Philippines,2003,42.753,TWh
electricity,Philippines,2004,45.271,TWh
electricity,Philippines,2005,46.226,TWh
electricity,Philippines,2006,46.634,TWh
electricity,Philippines,2007,48.0083839,TWh
electricity,Philippines,2008,49.2035,TWh
electricity,Philippines,2009,50.8669,TWh
electricity,Philippines,2010,55.2669,TWh
electricity,Philippines,2011,56.098099999999995,TWh
electricity,Philippines,2012,59.210699999999996,TWh
electricity,Philippines,2013,61.5672,TWh
electricity,Philippines,2014,63.34599999999999,TWh
electricity,Philippines,2015,67.80930000000001,TWh
electricity,Philippines,2016,74.1555,TWh
electricity,Philippines,2017,77.79360000000001,TWh
electricity,Philippines,2018,82.6175,TWh
electricity,Philippines,2019,87.11829999999999,TWh
electricity,Philippines,2020,83.2433,TWh
electricity,Philippines,2021,88.6362,TWh
electricity,Philippines,2022,91.3325,TWh
electricity,Philippines,2023,96.1630605582394,TWh
electricity,Philippines,2024,103.6577835034259,TWh
electricity,Poland,1990,109.195,TWh
electricity,Poland,1991,102.833,TWh
electricity,Poland,1992,98.444,TWh
electricity,Poland,1993,99.335,TWh
electricity,Poland,1994,100.003,TWh
electricity,Poland,1995,103.81,TWh
electricity,Poland,1996,107.293,TWh
electricity,Poland,1997,108.851,TWh
electricity,Poland,1998,108.661,TWh
electricity,Poland,1999,107.026,TWh
electricity,Poland,2000,108.818,TWh
electricity,Poland,2001,109.139,TWh
electricity,Poland,2002,107.657,TWh
electricity,Poland,2003,111.462,TWh
electricity,Poland,2004,114.798,TWh
electricity,Poland,2005,115.659,TWh
electricity,Poland,2006,121.279,TWh
electricity,Poland,2007,124.741,TWh
electricity,Poland,2008,127.35,TWh
electricity,Poland,2009,122.303,TWh
electricity,Poland,2010,129.424,TWh
electricity,Poland,2011,132.388,TWh
electricity,Poland,2012,133.278,TWh
electricity,Poland,2013,134.481,TWh
electricity,Poland,2014,136.308,TWh
electricity,Poland,2015,138.927,TWh
electricity,Poland,2016,143.763,TWh
electricity,Poland,2017,146.425464,TWh
electricity,Poland,2018,151.39891599999996,TWh
electricity,Poland,2019,152.00231599999998,TWh
electricity,Poland,2020,148.24158,TWh
electricity,Poland,2021,157.314714,TWh
electricity,Poland,2022,153.207743,TWh
electricity,Poland,2023,147.58189800000002,TWh
electricity,Poland,2024,148.6507269305971,TWh
electricity,Portugal,1990,23.95,TWh
electricity,Portugal,1991,25.256,TWh
electricity,Portugal,1992,26.035,TWh
electricity,Portugal,1993,26.376,TWh
electricity,Portugal,1994,27.431,TWh
electricity,Portugal,1995,29.291,TWh
electricity,Portugal,1996,30.69,TWh
electricity,Portugal,1997,32.439,TWh
electricity,Portugal,1998,34.412,TWh
electricity,Portugal,1999,36.741,TWh
electricity,Portugal,2000,38.939,TWh
electricity,Portugal,2001,40.541,TWh
electricity,Portugal,2002,42.117,TWh
electricity,Portugal,2003,43.803,TWh
electricity,Portugal,2004,45.498,TWh
electricity,Portugal,2005,47.028,TWh
electricity,Portugal,2006,48.545,TWh
electricity,Portugal,2007,49.676,TWh
electricity,Portugal,2008,49.187,TWh
electricity,Portugal,2009,48.773,TWh
electricity,Portugal,2010,50.613,TWh
electricity,Portugal,2011,49.114,TWh
electricity,Portugal,2012,47.11,TWh
electricity,Portugal,2013,46.273,TWh
electricity,Portugal,2014,46.139,TWh
electricity,Portugal,2015,46.849,TWh
electricity,Portugal,2016,47.35932199999999,TWh
electricity,Portugal,2017,47.660588000000004,TWh
electricity,Portugal,2018,48.897005,TWh
electricity,Portugal,2019,48.810498,TWh
electricity,Portugal,2020,47.17928100000001,TWh
electricity,Portugal,2021,48.11652099999999,TWh
electricity,Portugal,2022,49.470232,TWh
electricity,Portugal,2023,50.23025299999999,TWh
electricity,Portugal,2024,51.20027526546126,TWh
electricity,Qatar,1990,4.335,TWh
electricity,Qatar,1991,4.141,TWh
electricity,Qatar,1992,4.593,TWh
electricity,Qatar,1993,4.901,TWh
electricity,Qatar,1994,5.12,TWh
electricity,Qatar,1995,5.129,TWh
electricity,Qatar,1996,5.804,TWh
electricity,Qatar,1997,6.085,TWh
electricity,Qatar,1998,7.596,TWh
electricity,Qatar,1999,7.9879999999999995,TWh
electricity,Qatar,2000,8.501,TWh
electricity,Qatar,2001,9.257,TWh
electricity,Qatar,2002,10.176,TWh
electricity,Qatar,2003,10.168,TWh
electricity,Qatar,2004,11.13,TWh
electricity,Qatar,2005,12.125,TWh
electricity,Qatar,2006,14.453,TWh
electricity,Qatar,2007,16.525,TWh
electricity,Qatar,2008,18.217,TWh
electricity,Qatar,2009,21.131,TWh
electricity,Qatar,2010,24.618,TWh
electricity,Qatar,2011,27.759,TWh
electricity,Qatar,2012,30.184,TWh
electricity,Qatar,2013,30.066,TWh
electricity,Qatar,2014,33.784,TWh
electricity,Qatar,2015,36.378,TWh
electricity,Qatar,2016,37.134,TWh
electricity,Qatar,2017,40.03,TWh
electricity,Qatar,2018,41.868,TWh
electricity,Qatar,2019,43.660301,TWh
electricity,Qatar,2020,43.089429,TWh
electricity,Qatar,2021,45.404091,TWh
electricity,Qatar,2022,48.199426,TWh
electricity,Qatar,2023,52.59309547855685,TWh
electricity,Qatar,2024,55.4566038963586,TWh
electricity,Romania,1990,57.602,TWh
electricity,Romania,1991,49.095,TWh
electricity,Romania,1992,46.736,TWh
electricity,Romania,1993,42.688,TWh
electricity,Romania,1994,40.949,TWh
electricity,Romania,1995,43.108,TWh
electricity,Romania,1996,46.147,TWh
electricity,Romania,1997,46.739,TWh
electricity,Romania,1998,44.029,TWh
electricity,Romania,1999,38.996,TWh
electricity,Romania,2000,41.3,TWh
electricity,Romania,2001,42.299,TWh
electricity,Romania,2002,41.516,TWh
electricity,Romania,2003,44.459,TWh
electricity,Romania,2004,45.438,TWh
electricity,Romania,2005,46.521,TWh
electricity,Romania,2006,47.499,TWh
electricity,Romania,2007,47.324,TWh
electricity,Romania,2008,47.894,TWh
electricity,Romania,2009,42.665,TWh
electricity,Romania,2010,45.972,TWh
electricity,Romania,2011,47.25,TWh
electricity,Romania,2012,46.861,TWh
electricity,Romania,2013,44.952,TWh
electricity,Romania,2014,45.808,TWh
electricity,Romania,2015,46.798,TWh
electricity,Romania,2016,47.142,TWh
electricity,Romania,2017,48.860709,TWh
electricity,Romania,2018,49.77762799999999,TWh
electricity,Romania,2019,49.619082999999996,TWh
electricity,Romania,2020,48.06263700000001,TWh
electricity,Romania,2021,49.623168,TWh
electricity,Romania,2022,45.407272000000006,TWh
electricity,Romania,2023,43.59950500000001,TWh
electricity,Romania,2024,45.15679823766636,TWh
electricity,Russia,1992,838.323,TWh
electricity,Russia,1993,781.57,TWh
electricity,Russia,1994,706.808,TWh
electricity,Russia,1995,696.988,TWh
electricity,Russia,1996,681.006,TWh
electricity,Russia,1997,667.926,TWh
electricity,Russia,1998,649.717,TWh
electricity,Russia,1999,669.173,TWh
electricity,Russia,2000,692.869,TWh
electricity,Russia,2001,700.089,TWh
electricity,Russia,2002,699.311,TWh
electricity,Russia,2003,721.223,TWh
electricity,Russia,2004,739.053,TWh
electricity,Russia,2005,759.86,TWh
electricity,Russia,2006,797.813,TWh
electricity,Russia,2007,820.698,TWh
electricity,Russia,2008,843.37,TWh
electricity,Russia,2009,807.937,TWh
electricity,Russia,2010,850.661,TWh
electricity,Russia,2011,856.239,TWh
electricity,Russia,2012,874.739,TWh
electricity,Russia,2013,871.74,TWh
electricity,Russia,2014,877.1269719999999,TWh
electricity,Russia,2015,876.816598,TWh
electricity,Russia,2016,898.487351,TWh
electricity,Russia,2017,904.8778630000002,TWh
electricity,Russia,2018,926.1767150000001,TWh
electricity,Russia,2019,931.2339790000001,TWh
electricity,Russia,2020,912.5885890000001,TWh
electricity,Russia,2021,964.9505790000002,TWh
electricity,Russia,2022,983.4579909999999,TWh
electricity,Russia,1990,917.409,TWh
electricity,Russia,1991,898.511,TWh
electricity,Russia,2023,999.7956268413727,TWh
electricity,Russia,2024,1024.279065478484,TWh
electricity,Saudi Arabia,1990,64.969,TWh
electricity,Saudi Arabia,1991,69.102,TWh
electricity,Saudi Arabia,1992,73.785,TWh
electricity,Saudi Arabia,1993,81.455,TWh
electricity,Saudi Arabia,1994,89.771,TWh
electricity,Saudi Arabia,1995,92.507,TWh
electricity,Saudi Arabia,1996,98.398,TWh
electricity,Saudi Arabia,1997,97.051,TWh
electricity,Saudi Arabia,1998,105.611,TWh
electricity,Saudi Arabia,1999,110.612,TWh
electricity,Saudi Arabia,2000,114.161,TWh
electricity,Saudi Arabia,2001,122.943,TWh
electricity,Saudi Arabia,2002,128.628,TWh
electricity,Saudi Arabia,2003,142.195,TWh
electricity,Saudi Arabia,2004,144.385,TWh
electricity,Saudi Arabia,2005,153.284,TWh
electricity,Saudi Arabia,2006,163.151,TWh
electricity,Saudi Arabia,2007,169.78,TWh
electricity,Saudi Arabia,2008,181.098,TWh
electricity,Saudi Arabia,2009,193.472,TWh
electricity,Saudi Arabia,2010,212.263,TWh
electricity,Saudi Arabia,2011,219.662,TWh
electricity,Saudi Arabia,2012,241.07400000000004,TWh
electricity,Saudi Arabia,2013,257.438,TWh
electricity,Saudi Arabia,2014,279.221,TWh
electricity,Saudi Arabia,2015,301.335,TWh
electricity,Saudi Arabia,2016,306.235,TWh
electricity,Saudi Arabia,2017,330.58337,TWh
electricity,Saudi Arabia,2018,312.57898,TWh
electricity,Saudi Arabia,2019,301.612981,TWh
electricity,Saudi Arabia,2020,300.69106,TWh
electricity,Saudi Arabia,2021,314.74985,TWh
electricity,Saudi Arabia,2022,335.276,TWh
electricity,Saudi Arabia,2023,353.3276121985245,TWh
electricity,Saudi Arabia,2024,363.2455329994107,TWh
electricity,Singapore,1990,14.058,TWh
electricity,Singapore,1991,14.897,TWh
electricity,Singapore,1992,15.748,TWh
electricity,Singapore,1993,17.214,TWh
electricity,Singapore,1994,18.811,TWh
electricity,Singapore,1995,20.141,TWh
electricity,Singapore,1996,24.049,TWh
electricity,Singapore,1997,27.069,TWh
electricity,Singapore,1998,26.081,TWh
electricity,Singapore,1999,27.213,TWh
electricity,Singapore,2000,29.132,TWh
electricity,Singapore,2001,29.598,TWh
electricity,Singapore,2002,31.087,TWh
electricity,Singapore,2003,31.986,TWh
electricity,Singapore,2004,33.171,TWh
electricity,Singapore,2005,35.9852,TWh
electricity,Singapore,2006,36.7274,TWh
electricity,Singapore,2007,38.1067,TWh
electricity,Singapore,2008,38.438,TWh
electricity,Singapore,2009,38.8229,TWh
electricity,Singapore,2010,42.2518,TWh
electricity,Singapore,2011,43.0073,TWh
electricity,Singapore,2012,44.2007,TWh
electricity,Singapore,2013,44.948800000000006,TWh
electricity,Singapore,2014,46.402899999999995,TWh
electricity,Singapore,2015,47.5138,TWh
electricity,Singapore,2016,48.623,TWh
electricity,Singapore,2017,49.637699999999995,TWh
electricity,Singapore,2018,50.4609,TWh
electricity,Singapore,2019,51.730199999999996,TWh
electricity,Singapore,2020,50.7795,TWh
electricity,Singapore,2021,53.483399999999996,TWh
electricity,Singapore,2022,54.884800000000006,TWh
electricity,Singapore,2023,55.72900459869202,TWh
electricity,Singapore,2024,58.32016916925949,TWh
electricity,South Africa,1990,140.427,TWh
electricity,South Africa,1991,141.671,TWh
electricity,South Africa,1992,142.066,TWh
electricity,South Africa,1993,149.272,TWh
electricity,South Africa,1994,150.323,TWh
electricity,South Africa,1995,159.241,TWh
electricity,South Africa,1996,164.757,TWh
electricity,South Africa,1997,170.31,TWh
electricity,South Africa,1998,174.32,TWh
electricity,South Africa,1999,173.308,TWh
electricity,South Africa,2000,178.61,TWh
electricity,South Africa,2001,181.288,TWh
electricity,South Africa,2002,190.857,TWh
electricity,South Africa,2003,200.627,TWh
electricity,South Africa,2004,208.22,TWh
electricity,South Africa,2005,204.041,TWh
electricity,South Africa,2006,210.473,TWh
electricity,South Africa,2007,219.151,TWh
electricity,South Africa,2008,213.463,TWh
electricity,South Africa,2009,205.315,TWh
electricity,South Africa,2010,213.586,TWh
electricity,South Africa,2011,216.439,TWh
electricity,South Africa,2012,209.055,TWh
electricity,South Africa,2013,208.875,TWh
electricity,South Africa,2014,211.216,TWh
electricity,South Africa,2015,206.98,TWh
electricity,South Africa,2016,219.388,TWh
electricity,South Africa,2017,218.321,TWh
electricity,South Africa,2018,219.111204,TWh
electricity,South Africa,2019,214.074065,TWh
electricity,South Africa,2020,203.65843600000002,TWh
electricity,South Africa,2021,203.90193100000002,TWh
electricity,South Africa,2022,195.532798,TWh
electricity,South Africa,2023,187.75301465448996,TWh
electricity,South Africa,2024,194.316240066322,TWh
electricity,South Korea,1990,94.384,TWh
electricity,South Korea,1991,104.374,TWh
electricity,South Korea,1992,115.245,TWh
electricity,South Korea,1993,127.733,TWh
electricity,South Korea,1994,146.54,TWh
electricity,South Korea,1995,163.27,TWh
electricity,South Korea,1996,182.47,TWh
electricity,South Korea,1997,200.783,TWh
electricity,South Korea,1998,193.47,TWh
electricity,South Korea,1999,214.215,TWh
electricity,South Korea,2000,263.122,TWh
electricity,South Korea,2001,281.572,TWh
electricity,South Korea,2002,300.786,TWh
electricity,South Korea,2003,318.062,TWh
electricity,South Korea,2004,337.938,TWh
electricity,South Korea,2005,357.627,TWh
electricity,South Korea,2006,371.354,TWh
electricity,South Korea,2007,392.656,TWh
electricity,South Korea,2008,408.042,TWh
electricity,South Korea,2009,414.69,TWh
electricity,South Korea,2010,458.473,TWh
electricity,South Korea,2011,480.958,TWh
electricity,South Korea,2012,492.568,TWh
electricity,South Korea,2013,498.162,TWh
electricity,South Korea,2014,499.046,TWh
electricity,South Korea,2015,506.645,TWh
electricity,South Korea,2016,530.142,TWh
electricity,South Korea,2017,538.384461,TWh
electricity,South Korea,2018,545.4839380000001,TWh
electricity,South Korea,2019,538.247956,TWh
electricity,South Korea,2020,527.9965540000001,TWh
electricity,South Korea,2021,552.1564089999998,TWh
electricity,South Korea,2022,558.095881,TWh
electricity,South Korea,2023,556.4653532653078,TWh
electricity,South Korea,2024,558.0946306029438,TWh
electricity,Spain,1990,129.161,TWh
electricity,Spain,1991,132.075,TWh
electricity,Spain,1992,134.252,TWh
electricity,Spain,1993,134.101,TWh
electricity,Spain,1994,139.998,TWh
electricity,Spain,1995,145.537,TWh
electricity,Spain,1996,151.516,TWh
electricity,Spain,1997,163.44,TWh
electricity,Spain,1998,169.673,TWh
electricity,Spain,1999,181.652,TWh
electricity,Spain,2000,194.709,TWh
electricity,Spain,2001,207.297,TWh
electricity,Spain,2002,211.866,TWh
electricity,Spain,2003,224.266,TWh
electricity,Spain,2004,237.03800000000004,TWh
electricity,Spain,2005,248.469,TWh
electricity,Spain,2006,254.04,TWh
electricity,Spain,2007,257.643,TWh
electricity,Spain,2008,260.96,TWh
electricity,Spain,2009,247.161,TWh
electricity,Spain,2010,250.169,TWh
electricity,Spain,2011,248.835,TWh
electricity,Spain,2012,245.503,TWh
electricity,Spain,2013,235.181,TWh
electricity,Spain,2014,233.306,TWh
electricity,Spain,2015,238.54499999999996,TWh
electricity,Spain,2016,239.821,TWh
electricity,Spain,2017,246.542,TWh
electricity,Spain,2018,245.769,TWh
electricity,Spain,2019,242.165,TWh
electricity,Spain,2020,227.172,TWh
electricity,Spain,2021,235.025,TWh
electricity,Spain,2022,231.847,TWh
electricity,Spain,2023,229.77126,TWh
electricity,Spain,2024,231.65804937580742,TWh
electricity,Sweden,1990,130.737,TWh
electricity,Sweden,1991,132.335,TWh
electricity,Sweden,1992,130.053,TWh
electricity,Sweden,1993,130.598,TWh
electricity,Sweden,1994,129.613,TWh
electricity,Sweden,1995,132.389,TWh
electricity,Sweden,1996,132.299,TWh
electricity,Sweden,1997,132.04,TWh
electricity,Sweden,1998,132.883,TWh
electricity,Sweden,1999,132.686,TWh
electricity,Sweden,2000,135.408,TWh
electricity,Sweden,2001,138.51,TWh
electricity,Sweden,2002,136.655,TWh
electricity,Sweden,2003,134.617,TWh
electricity,Sweden,2004,135.414,TWh
electricity,Sweden,2005,135.418,TWh
electricity,Sweden,2006,135.357,TWh
electricity,Sweden,2007,135.641,TWh
electricity,Sweden,2008,133.256,TWh
electricity,Sweden,2009,127.944,TWh
electricity,Sweden,2010,136.634,TWh
electricity,Sweden,2011,128.961,TWh
electricity,Sweden,2012,132.116,TWh
electricity,Sweden,2013,129.341,TWh
electricity,Sweden,2014,126.845,TWh
electricity,Sweden,2015,129.275,TWh
electricity,Sweden,2016,132.057,TWh
electricity,Sweden,2017,132.003,TWh
electricity,Sweden,2018,131.859,TWh
electricity,Sweden,2019,128.594,TWh
electricity,Sweden,2020,127.26,TWh
electricity,Sweden,2021,131.906,TWh
electricity,Sweden,2022,126.432,TWh
electricity,Sweden,2023,124.956,TWh
electricity,Sweden,2024,126.81419292423062,TWh
electricity,Taiwan,1990,78.8,TWh
electricity,Taiwan,1991,87.078,TWh
electricity,Taiwan,1992,93.025,TWh
electricity,Taiwan,1993,101.385,TWh
electricity,Taiwan,1994,108.65,TWh
electricity,Taiwan,1995,115.837,TWh
electricity,Taiwan,1996,123.146,TWh
electricity,Taiwan,1997,131.766,TWh
electricity,Taiwan,1998,142.544,TWh
electricity,Taiwan,1999,149.185,TWh
electricity,Taiwan,2000,163.745,TWh
electricity,Taiwan,2001,166.526,TWh
electricity,Taiwan,2002,175.907,TWh
electricity,Taiwan,2003,185.255,TWh
electricity,Taiwan,2004,195.126,TWh
electricity,Taiwan,2005,203.202,TWh
electricity,Taiwan,2006,209.977,TWh
electricity,Taiwan,2007,217.089,TWh
electricity,Taiwan,2008,214.346,TWh
electricity,Taiwan,2009,205.505,TWh
electricity,Taiwan,2010,222.218,TWh
electricity,Taiwan,2011,226.922,TWh
electricity,Taiwan,2012,226.395,TWh
electricity,Taiwan,2013,230.503,TWh
electricity,Taiwan,2014,236.012,TWh
electricity,Taiwan,2015,234.76,TWh
electricity,Taiwan,2016,240.119,TWh
electricity,Taiwan,2017,245.410279,TWh
electricity,Taiwan,2018,250.19550300000003,TWh
electricity,Taiwan,2019,249.28583500000002,TWh
electricity,Taiwan,2020,255.16499299999998,TWh
electricity,Taiwan,2021,267.354744,TWh
electricity,Taiwan,2022,264.0833879999999,TWh
electricity,Taiwan,2023,257.72273037616617,TWh
electricity,Taiwan,2024,264.0940613966543,TWh
electricity,Thailand,1990,38.618,TWh
electricity,Thailand,1991,43.717,TWh
electricity,Thailand,1992,49.57,TWh
electricity,Thailand,1993,56.545,TWh
electricity,Thailand,1994,62.826,TWh
electricity,Thailand,1995,71.123,TWh
electricity,Thailand,1996,79.995,TWh
electricity,Thailand,1997,84.587,TWh
electricity,Thailand,1998,80.433,TWh
electricity,Thailand,1999,81.4498,TWh
electricity,Thailand,2000,87.932,TWh
electricity,Thailand,2001,92.2898,TWh
electricity,Thailand,2002,100.1819,TWh
electricity,Thailand,2003,106.959,TWh
electricity,Thailand,2004,115.044,TWh
electricity,Thailand,2005,121.229,TWh
electricity,Thailand,2006,128.171,TWh
electricity,Thailand,2007,133.178,TWh
electricity,Thailand,2008,135.45,TWh
electricity,Thailand,2009,135.209,TWh
electricity,Thailand,2010,149.32,TWh
electricity,Thailand,2011,148.7,TWh
electricity,Thailand,2012,161.749,TWh
electricity,Thailand,2013,164.322,TWh
electricity,Thailand,2014,168.788,TWh
electricity,Thailand,2015,174.053,TWh
electricity,Thailand,2016,184.96,TWh
electricity,Thailand,2017,185.368999,TWh
electricity,Thailand,2018,188.048,TWh
electricity,Thailand,2019,193.17599900000002,TWh
electricity,Thailand,2020,196.706,TWh
electricity,Thailand,2021,199.21199999999996,TWh
electricity,Thailand,2022,217.038,TWh
electricity,Thailand,2023,227.65855435843423,TWh
electricity,Thailand,2024,234.60031455631082,TWh
electricity,Turkiye,1990,46.82,TWh
electricity,Turkiye,1991,49.283,TWh
electricity,Turkiye,1992,53.985,TWh
electricity,Turkiye,1993,59.237,TWh
electricity,Turkiye,1994,61.401,TWh
electricity,Turkiye,1995,67.394,TWh
electricity,Turkiye,1996,74.157,TWh
electricity,Turkiye,1997,81.885,TWh
electricity,Turkiye,1998,87.704,TWh
electricity,Turkiye,1999,91.202,TWh
electricity,Turkiye,2000,98.296,TWh
electricity,Turkiye,2001,97.068,TWh
electricity,Turkiye,2002,102.948,TWh
electricity,Turkiye,2003,111.766,TWh
electricity,Turkiye,2004,121.142,TWh
electricity,Turkiye,2005,130.263,TWh
electricity,Turkiye,2006,143.07,TWh
electricity,Turkiye,2007,155.135,TWh
electricity,Turkiye,2008,161.949,TWh
electricity,Turkiye,2009,156.894,TWh
electricity,Turkiye,2010,172.05,TWh
electricity,Turkiye,2011,186.1,TWh
electricity,Turkiye,2012,194.923,TWh
electricity,Turkiye,2013,198.045,TWh
electricity,Turkiye,2014,207.375,TWh
electricity,Turkiye,2015,217.313,TWh
electricity,Turkiye,2016,231.204,TWh
electricity,Turkiye,2017,249.022646,TWh
electricity,Turkiye,2018,258.2321769999999,TWh
electricity,Turkiye,2019,257.27312900000004,TWh
electricity,Turkiye,2020,262.70212900000007,TWh
electricity,Turkiye,2021,286.69146500000005,TWh
electricity,Turkiye,2022,286.57631799999996,TWh
electricity,Turkiye,2023,290.07492799999994,TWh
electricity,Turkiye,2024,305.3855017330803,TWh
electricity,United Arab Emirates,1990,15.38,TWh
electricity,United Arab Emirates,1991,15.5,TWh
electricity,United Arab Emirates,1992,16.85,TWh
electricity,United Arab Emirates,1993,19.55,TWh
electricity,United Arab Emirates,1994,21.38,TWh
electricity,United Arab Emirates,1995,20.9,TWh
electricity,United Arab Emirates,1996,21.921,TWh
electricity,United Arab Emirates,1997,22.988,TWh
electricity,United Arab Emirates,1998,28.312,TWh
electricity,United Arab Emirates,1999,31.479,TWh
electricity,United Arab Emirates,2000,33.868,TWh
electricity,United Arab Emirates,2001,38.4054,TWh
electricity,United Arab Emirates,2002,42.1029,TWh
electricity,United Arab Emirates,2003,44.4184,TWh
electricity,United Arab Emirates,2004,47.084,TWh
electricity,United Arab Emirates,2005,53.874,TWh
electricity,United Arab Emirates,2006,59.261,TWh
electricity,United Arab Emirates,2007,67.23162268216666,TWh
electricity,United Arab Emirates,2008,75.65424536433333,TWh
electricity,United Arab Emirates,2009,80.0138680465,TWh
electricity,United Arab Emirates,2010,88.26049072866665,TWh
electricity,United Arab Emirates,2011,88.74511341083334,TWh
electricity,United Arab Emirates,2012,87.78981879,TWh
electricity,United Arab Emirates,2013,91.99557091,TWh
electricity,United Arab Emirates,2014,97.29469661,TWh
electricity,United Arab Emirates,2015,108.94712879999999,TWh
electricity,United Arab Emirates,2016,110.645246,TWh
electricity,United Arab Emirates,2017,114.4851987,TWh
electricity,United Arab Emirates,2018,116.38948440000001,TWh
electricity,United Arab Emirates,2019,119.94065930000001,TWh
electricity,United Arab Emirates,2020,118.22343670000001,TWh
electricity,United Arab Emirates,2021,129.02795839999996,TWh
electricity,United Arab Emirates,2022,134.60571,TWh
electricity,United Arab Emirates,2023,146.60682854421862,TWh
electricity,United Arab Emirates,2024,154.92590628854884,TWh
electricity,United Kingdom,1990,284.416,TWh
electricity,United Kingdom,1991,290.842,TWh
electricity,United Kingdom,1992,291.453,TWh
electricity,United Kingdom,1993,295.746,TWh
electricity,United Kingdom,1994,291.782,TWh
electricity,United Kingdom,1995,303.805,TWh
electricity,United Kingdom,1996,319.778,TWh
electricity,United Kingdom,1997,321.066,TWh
electricity,United Kingdom,1998,325.35,TWh
electricity,United Kingdom,1999,332.054,TWh
electricity,United Kingdom,2000,340.297,TWh
electricity,United Kingdom,2001,342.505,TWh
electricity,United Kingdom,2002,344.109,TWh
electricity,United Kingdom,2003,346.616,TWh
electricity,United Kingdom,2004,347.721,TWh
electricity,United Kingdom,2005,357.195,TWh
electricity,United Kingdom,2006,353.863,TWh
electricity,United Kingdom,2007,351.449,TWh
electricity,United Kingdom,2008,350.669,TWh
electricity,United Kingdom,2009,329.635,TWh
electricity,United Kingdom,2010,336.363,TWh
electricity,United Kingdom,2011,324.802,TWh
electricity,United Kingdom,2012,324.431,TWh
electricity,United Kingdom,2013,323.351,TWh
electricity,United Kingdom,2014,309.637,TWh
electricity,United Kingdom,2015,309.336,TWh
electricity,United Kingdom,2016,309.443,TWh
electricity,United Kingdom,2017,305.098978,TWh
electricity,United Kingdom,2018,307.856844,TWh
electricity,United Kingdom,2019,305.11711399999996,TWh
electricity,United Kingdom,2020,290.201239,TWh
electricity,United Kingdom,2021,292.339033,TWh
electricity,United Kingdom,2022,280.1275750000001,TWh
electricity,United Kingdom,2023,276.8262258288247,TWh
electricity,United Kingdom,2024,279.55487027741935,TWh
electricity,United States,1990,2712.555,TWh
electricity,United States,1991,2854.26,TWh
electricity,United States,1992,2865.559,TWh
electricity,United States,1993,2963.142,TWh
electricity,United States,1994,3047.324,TWh
electricity,United States,1995,3135.807,TWh
electricity,United States,1996,3221.305,TWh
electricity,United States,1997,3270.628,TWh
electricity,United States,1998,3373.86,TWh
electricity,United States,1999,3459.621,TWh
electricity,United States,2000,3589.779,TWh
electricity,United States,2001,3554.396,TWh
electricity,United States,2002,3631.904,TWh
electricity,United States,2003,3662.327,TWh
electricity,United States,2004,3716.318,TWh
electricity,United States,2005,3811.487,TWh
electricity,United States,2006,3817.56,TWh
electricity,United States,2007,3921.94,TWh
electricity,United States,2008,3907.229,TWh
electricity,United States,2009,3724.658,TWh
electricity,United States,2010,3894.367,TWh
electricity,United States,2011,3885.019,TWh
electricity,United States,2012,3830.933,TWh
electricity,United States,2013,3873.143,TWh
electricity,United States,2014,3895.216,TWh
electricity,United States,2015,3895.365,TWh
electricity,United States,2016,3922.011,TWh
electricity,United States,2017,3886.956078,TWh
electricity,United States,2018,4042.8400120000006,TWh
electricity,United States,2019,3964.472686,TWh
electricity,United States,2020,3903.6744119999994,TWh
electricity,United States,2021,3956.9191700000006,TWh
electricity,United States,2022,4126.373048999999,TWh
electricity,United States,2023,4069.026510087215,TWh
electricity,United States,2024,4145.49593611385,TWh
electricity,Uzbekistan,1992,42.527,TWh
electricity,Uzbekistan,1993,41.582,TWh
electricity,Uzbekistan,1994,40.441,TWh
electricity,Uzbekistan,1995,39.211,TWh
electricity,Uzbekistan,1996,39.788,TWh
electricity,Uzbekistan,1997,40.293,TWh
electricity,Uzbekistan,1998,40.137,TWh
electricity,Uzbekistan,1999,39.738,TWh
electricity,Uzbekistan,2000,41.148,TWh
electricity,Uzbekistan,2001,41.03,TWh
electricity,Uzbekistan,2002,42.074,TWh
electricity,Uzbekistan,2003,42.156,TWh
electricity,Uzbekistan,2004,42.668,TWh
electricity,Uzbekistan,2005,41.991,TWh
electricity,Uzbekistan,2006,43.457,TWh
electricity,Uzbekistan,2007,41.778,TWh
electricity,Uzbekistan,2008,42.163,TWh
electricity,Uzbekistan,2009,42.78,TWh
electricity,Uzbekistan,2010,44.28,TWh
electricity,Uzbekistan,2011,44.881,TWh
electricity,Uzbekistan,2012,44.969,TWh
electricity,Uzbekistan,2013,44.56456749999999,TWh
electricity,Uzbekistan,2014,51.0235,TWh
electricity,Uzbekistan,2015,52.0295,TWh
electricity,Uzbekistan,2016,52.9467,TWh
electricity,Uzbekistan,2017,55.3397,TWh
electricity,Uzbekistan,2018,58.711006399999995,TWh
electricity,Uzbekistan,2019,59.442808,TWh
electricity,Uzbekistan,2020,56.80507599999999,TWh
electricity,Uzbekistan,2021,62.570134,TWh
electricity,Uzbekistan,2022,63.767026,TWh
electricity,Uzbekistan,1990,45.62,TWh
electricity,Uzbekistan,1991,45.578,TWh
electricity,Uzbekistan,2023,61.72453157336276,TWh
electricity,Uzbekistan,2024,63.477510917408786,TWh
electricity,Vietnam,1990,6.2,TWh
electricity,Vietnam,1991,6.55,TWh
electricity,Vietnam,1992,6.975,TWh
electricity,Vietnam,1993,7.833,TWh
electricity,Vietnam,1994,9.233,TWh
electricity,Vietnam,1995,11.198,TWh
electricity,Vietnam,1996,13.375,TWh
electricity,Vietnam,1997,15.301,TWh
electricity,Vietnam,1998,17.725,TWh
electricity,Vietnam,1999,19.55,TWh
electricity,Vietnam,2000,22.692,TWh
electricity,Vietnam,2001,25.746,TWh
electricity,Vietnam,2002,30.068,TWh
electricity,Vietnam,2003,34.835,TWh
electricity,Vietnam,2004,39.596,TWh
electricity,Vietnam,2005,47.109,TWh
electricity,Vietnam,2006,53.842,TWh
electricity,Vietnam,2007,61.339,TWh
electricity,Vietnam,2008,67.836,TWh
electricity,Vietnam,2009,76.913,TWh
electricity,Vietnam,2010,85.669,TWh
electricity,Vietnam,2011,93.523,TWh
electricity,Vietnam,2012,104.255,TWh
electricity,Vietnam,2013,115.283,TWh
electricity,Vietnam,2014,128.627,TWh
electricity,Vietnam,2015,143.683,TWh
electricity,Vietnam,2016,159.791,TWh
electricity,Vietnam,2017,174.653,TWh
electricity,Vietnam,2018,192.701,TWh
electricity,Vietnam,2019,207.04888888888888,TWh
electricity,Vietnam,2020,215.743,TWh
electricity,Vietnam,2021,223.528557,TWh
electricity,Vietnam,2022,225.44818105399997,TWh
electricity,Vietnam,2023,235.15982705353528,TWh
electricity,Vietnam,2024,256.8815356780505,TWh
renewables,Algeria,1990,0.8383010432190761,%
renewables,Algeria,1991,1.6892476217930241,%
renewables,Algeria,1992,1.088264245871158,%
renewables,Algeria,1993,1.818181818181818,%
renewables,Algeria,1994,0.8346741753821391,%
renewables,Algeria,1995,0.9789996956477631,%
renewables,Algeria,1996,0.6294180304057321,%
renewables,Algeria,1997,0.349015775513053,%
renewables,Algeria,1998,0.42345966546686403,%
renewables,Algeria,1999,0.405613693518293,%
renewables,Algeria,2000,0.212498032425625,%
renewables,Algeria,2001,0.25916466346153805,%
renewables,Algeria,2002,0.206170651426917,%
renewables,Algeria,2003,0.8961482533563281,%
renewables,Algeria,2004,0.803199999999999,%
renewables,Algeria,2005,1.688212927756653,%
renewables,Algeria,2006,0.6188610685289271,%
renewables,Algeria,2007,0.607592214216582,%
renewables,Algeria,2008,0.7033502336216321,%
renewables,Algeria,2009,0.7947845510506221,%
renewables,Algeria,2010,0.38046092622556504,%
renewables,Algeria,2011,0.9800093706075271,%
renewables,Algeria,2012,1.083680331724654,%
renewables,Algeria,2013,0.5510101853397891,%
renewables,Algeria,2014,0.607855008376678,%
renewables,Algeria,2015,0.47387821001712604,%
renewables,Algeria,2016,0.605557626439166,%
renewables,Algeria,2017,0.8354589235984581,%
renewables,Algeria,2018,1.019674752842684,%
renewables,Algeria,2019,1.030404348769978,%
renewables,Algeria,2020,0.912897039464541,%
renewables,Algeria,2021,0.7752573456219041,%
renewables,Algeria,2022,0.7464439780032771,%
renewables,Algeria,2023,0.7093453590924901,%
renewables,Algeria,2024,0.6707036586807,%
renewables,Argentina,1990,35.83004301962402,%
renewables,Argentina,1991,30.585775606867966,%
renewables,Argentina,1992,34.95992749631262,%
renewables,Argentina,1993,39.22158108261004,%
renewables,Argentina,1994,42.30277380263679,%
renewables,Argentina,1995,40.40098382648878,%
renewables,Argentina,1996,33.40104718033819,%
renewables,Argentina,1997,39.227555981647605,%
renewables,Argentina,1998,36.383904587944556,%
renewables,Argentina,1999,27.396922773692054,%
renewables,Argentina,2000,33.12668161434977,%
renewables,Argentina,2001,41.7585580798016,%
renewables,Argentina,2002,43.30021750631944,%
renewables,Argentina,2003,37.74471163709791,%
renewables,Argentina,2004,31.689607021743466,%
renewables,Argentina,2005,33.27790907307595,%
renewables,Argentina,2006,34.62329748170525,%
renewables,Argentina,2007,30.075851120127005,%
renewables,Argentina,2008,26.538830611759494,%
renewables,Argentina,2009,29.176657287960712,%
renewables,Argentina,2010,28.77371857226721,%
renewables,Argentina,2011,26.21870477011671,%
renewables,Argentina,2012,24.013549594325738,%
renewables,Argentina,2013,25.851861316977597,%
renewables,Argentina,2014,31.822938845623632,%
renewables,Argentina,2015,30.45479248502026,%
renewables,Argentina,2016,27.867553107896665,%
renewables,Argentina,2017,30.631515334642696,%
renewables,Argentina,2018,29.63330355265924,%
renewables,Argentina,2019,32.34879101308309,%
renewables,Argentina,2020,25.72604436218236,%
renewables,Argentina,2021,24.38386980771719,%
renewables,Argentina,2022,29.420086799029495,%
renewables,Argentina,2023,39.26515607420393,%
renewables,Argentina,2024,37.00436096011433,%
renewables,Australia,1990,10.082635031834807,%
renewables,Australia,1991,10.758968995906082,%
renewables,Australia,1992,10.303049296436741,%
renewables,Australia,1993,10.775435380384968,%
renewables,Australia,1994,10.352137487086699,%
renewables,Australia,1995,9.808903955324297,%
renewables,Australia,1996,9.394813004650953,%
renewables,Australia,1997,9.755710920033454,%
renewables,Australia,1998,8.598088744887878,%
renewables,Australia,1999,8.705456720281195,%
renewables,Australia,2000,8.538511302230004,%
renewables,Australia,2001,8.249827497941103,%
renewables,Australia,2002,7.932587726044253,%
renewables,Australia,2003,8.530266935987898,%
renewables,Australia,2004,8.27547562972237,%
renewables,Australia,2005,8.924557183468181,%
renewables,Australia,2006,9.339432203753812,%
renewables,Australia,2007,8.714945487894653,%
renewables,Australia,2008,8.171169430271235,%
renewables,Australia,2009,7.522908422723866,%
renewables,Australia,2010,8.615496653618882,%
renewables,Australia,2011,10.395596862331029,%
renewables,Australia,2012,10.529587814977024,%
renewables,Australia,2013,13.17645737842314,%
renewables,Australia,2014,14.6271383021285,%
renewables,Australia,2015,13.342083805659962,%
renewables,Australia,2016,14.596025147819445,%
renewables,Australia,2017,15.678918418070717,%
renewables,Australia,2018,17.10088389401891,%
renewables,Australia,2019,19.703796766742528,%
renewables,Australia,2020,22.600026784253103,%
renewables,Australia,2021,26.66051746947203,%
renewables,Australia,2022,30.933994912842294,%
renewables,Australia,2023,33.92377322918919,%
renewables,Australia,2024,35.12266701454392,%
renewables,Azerbaijan,1990,7.161368348306841,%
renewables,Azerbaijan,1991,7.49680170575693,%
renewables,Azerbaijan,1992,8.83975104994181,%
renewables,Azerbaijan,1993,12.56544502617801,%
renewables,Azerbaijan,1994,10.402092930671673,%
renewables,Azerbaijan,1995,9.128776767380465,%
renewables,Azerbaijan,1996,9.000468164794007,%
renewables,Azerbaijan,1997,10.168686148728915,%
renewables,Azerbaijan,1998,10.840093343704856,%
renewables,Azerbaijan,1999,8.28519557682786,%
renewables,Azerbaijan,2000,8.203647253863842,%
renewables,Azerbaijan,2001,6.858558701038536,%
renewables,Azerbaijan,2002,10.801561413828138,%
renewables,Azerbaijan,2003,11.599173165460867,%
renewables,Azerbaijan,2004,12.670744607459872,%
renewables,Azerbaijan,2005,13.155823714585521,%
renewables,Azerbaijan,2006,10.259544472965814,%
renewables,Azerbaijan,2007,10.820707648647412,%
renewables,Azerbaijan,2008,10.321090321090322,%
renewables,Azerbaijan,2009,12.238299676684159,%
renewables,Azerbaijan,2010,18.41894275482388,%
renewables,Azerbaijan,2011,13.186163398048684,%
renewables,Azerbaijan,2012,7.921524273534018,%
renewables,Azerbaijan,2013,6.748950929177014,%
renewables,Azerbaijan,2014,5.605386606276287,%
renewables,Azerbaijan,2015,7.03819847523657,%
renewables,Azerbaijan,2016,8.434490580253197,%
renewables,Azerbaijan,2017,7.774588933797679,%
renewables,Azerbaijan,2018,7.812772501704375,%
renewables,Azerbaijan,2019,6.951097850515533,%
renewables,Azerbaijan,2020,5.081070345205095,%
renewables,Azerbaijan,2021,5.45559846764298,%
renewables,Azerbaijan,2022,6.348141017184752,%
renewables,Azerbaijan,2023,6.866386720325288,%
renewables,Azerbaijan,2024,13.267916576728728,%
renewables,Belgium,1990,1.672236087023955,%
renewables,Belgium,1991,1.787700177935943,%
renewables,Belgium,1992,1.982692973347179,%
renewables,Belgium,1993,1.797159556145354,%
renewables,Belgium,1994,1.992269219579101,%
renewables,Belgium,1995,2.096548758198043,%
renewables,Belgium,1996,2.000026281554291,%
renewables,Belgium,1997,1.9788667182525082,%
renewables,Belgium,1998,2.244448985970691,%
renewables,Belgium,1999,2.364105355325744,%
renewables,Belgium,2000,2.7174689330095703,%
renewables,Belgium,2001,2.853885568960549,%
renewables,Belgium,2002,2.763528250618381,%
renewables,Belgium,2003,2.671629445822994,%
renewables,Belgium,2004,3.310227916422826,%
renewables,Belgium,2005,3.994371268538867,%
renewables,Belgium,2006,4.990592547169377,%
renewables,Belgium,2007,5.424856226349056,%
renewables,Belgium,2008,6.828910502963847,%
renewables,Belgium,2009,7.532715302347443,%
renewables,Belgium,2010,8.471154527091945,%
renewables,Belgium,2011,10.60375539096866,%
renewables,Belgium,2012,14.2435710492823,%
renewables,Belgium,2013,15.63159855174702,%
renewables,Belgium,2014,18.451291325731678,%
renewables,Belgium,2015,22.312172727924825,%
renewables,Belgium,2016,17.966964932364554,%
renewables,Belgium,2017,19.548482434569777,%
renewables,Belgium,2018,24.250734968643897,%
renewables,Belgium,2019,21.73479441539925,%
renewables,Belgium,2020,27.397883892665643,%
renewables,Belgium,2021,23.5596367892231,%
renewables,Belgium,2022,26.892747931687854,%
renewables,Belgium,2023,34.328201230079344,%
renewables,Belgium,2024,36.16990966866919,%
renewables,Brazil,1990,94.50094246476978,%
renewables,Brazil,1991,94.62592696892894,%
renewables,Brazil,1992,94.41983030724235,%
renewables,Brazil,1993,94.81493889730774,%
renewables,Brazil,1994,94.7693917932968,%
renewables,Brazil,1995,94.1574958000878,%
renewables,Brazil,1996,93.56106906923405,%
renewables,Brazil,1997,92.97714137281642,%
renewables,Brazil,1998,92.9233437348484,%
renewables,Brazil,1999,90.14627325852364,%
renewables,Brazil,2000,89.49238913298309,%
renewables,Brazil,2001,84.42021375365667,%
renewables,Brazil,2002,85.8579400643965,%
renewables,Brazil,2003,87.28766341237144,%
renewables,Brazil,2004,86.16986406022956,%
renewables,Brazil,2005,87.32137450426617,%
renewables,Brazil,2006,86.91121201137035,%
renewables,Brazil,2007,88.47951219293003,%
renewables,Brazil,2008,84.37186906201417,%
renewables,Brazil,2009,89.1217140969371,%
renewables,Brazil,2010,84.71552817188123,%
renewables,Brazil,2011,87.22560408004378,%
renewables,Brazil,2012,82.49550224616198,%
renewables,Brazil,2013,76.73805878375302,%
renewables,Brazil,2014,73.13823572243803,%
renewables,Brazil,2015,74.01501648234428,%
renewables,Brazil,2016,80.46647331045074,%
renewables,Brazil,2017,79.24697026772957,%
renewables,Brazil,2018,82.35671670579784,%
renewables,Brazil,2019,82.29524738595849,%
renewables,Brazil,2020,84.17123042894535,%
renewables,Brazil,2021,77.36227089654214,%
renewables,Brazil,2022,87.67779200928207,%
renewables,Brazil,2023,88.98616698428586,%
renewables,Brazil,2024,87.78052962817785,%
renewables,Canada,1990,62.418172662675545,%
renewables,Canada,1991,61.45496118427256,%
renewables,Canada,1992,61.725743547223125,%
renewables,Canada,1993,61.769209693703296,%
renewables,Canada,1994,60.44515777687113,%
renewables,Canada,1995,61.05664993010584,%
renewables,Canada,1996,63.17033697373441,%
renewables,Canada,1997,62.39008013484665,%
renewables,Canada,1998,60.45253696311246,%
renewables,Canada,1999,61.22229621782772,%
renewables,Canada,2000,60.6350531245412,%
renewables,Canada,2001,58.07010025695184,%
renewables,Canada,2002,59.91926718937477,%
renewables,Canada,2003,58.94577353553294,%
renewables,Canada,2004,58.474336294978535,%
renewables,Canada,2005,59.864800904117786,%
renewables,Canada,2006,59.569124405088594,%
renewables,Canada,2007,60.277239956181695,%
renewables,Canada,2008,61.36548125546828,%
renewables,Canada,2009,62.99850129164996,%
renewables,Canada,2010,61.27859696601862,%
renewables,Canada,2011,62.47789594674818,%
renewables,Canada,2012,63.63808951256941,%
renewables,Canada,2013,64.05459376345034,%
renewables,Canada,2014,63.144941882355795,%
renewables,Canada,2015,64.02632638946945,%
renewables,Canada,2016,64.8612071817389,%
renewables,Canada,2017,66.525220393615,%
renewables,Canada,2018,65.90390996970135,%
renewables,Canada,2019,65.82463468754648,%
renewables,Canada,2020,66.99889326024655,%
renewables,Canada,2021,67.49580030061007,%
renewables,Canada,2022,68.99576392844587,%
renewables,Canada,2023,66.97862420591674,%
renewables,Canada,2024,65.87614972369737,%
renewables,Chile,1990,53.83736120182887,%
renewables,Chile,1991,70.97339812634638,%
renewables,Chile,1992,82.69462952197827,%
renewables,Chile,1993,81.66479190101238,%
renewables,Chile,1994,74.26514222415635,%
renewables,Chile,1995,72.40518071859277,%
renewables,Chile,1996,60.452933328994895,%
renewables,Chile,1997,62.134726852268976,%
renewables,Chile,1998,48.170886254189085,%
renewables,Chile,1999,38.03073717113832,%
renewables,Chile,2000,48.54783172813015,%
renewables,Chile,2001,54.26159742305613,%
renewables,Chile,2002,55.45098578003709,%
renewables,Chile,2003,50.156954024215764,%
renewables,Chile,2004,46.900874863302604,%
renewables,Chile,2005,53.88308817925462,%
renewables,Chile,2006,55.25488069414317,%
renewables,Chile,2007,44.15559999316345,%
renewables,Chile,2008,45.749028540801284,%
renewables,Chile,2009,48.82744310134712,%
renewables,Chile,2010,40.20253499685607,%
renewables,Chile,2011,39.596426886612996,%
renewables,Chile,2012,36.44535562214162,%
renewables,Chile,2013,35.66687196332033,%
renewables,Chile,2014,42.89429423487343,%
renewables,Chile,2015,43.58872357917628,%
renewables,Chile,2016,43.258334908930486,%
renewables,Chile,2017,43.90106900137935,%
renewables,Chile,2018,46.242132374435876,%
renewables,Chile,2019,46.581286475223514,%
renewables,Chile,2020,48.69377316785645,%
renewables,Chile,2021,48.84197397792294,%
renewables,Chile,2022,55.32162186683402,%
renewables,Chile,2023,63.04720547309167,%
renewables,Chile,2024,68.85879937286226,%
renewables,China,1990,20.399227301996138,%
renewables,China,1991,18.462106117629695,%
renewables,China,1992,17.558719049891312,%
renewables,China,1993,18.08320418177075,%
renewables,China,1994,18.194601129424846,%
renewables,China,1995,18.962694224422112,%
renewables,China,1996,17.448465287475376,%
renewables,China,1997,17.35355068573811,%
renewables,China,1998,17.9636425998971,%
renewables,China,1999,16.5679819252804,%
renewables,China,2000,16.520096355395168,%
renewables,China,2001,18.95660930640734,%
renewables,China,2002,17.575537650612333,%
renewables,China,2003,15.011526855327523,%
renewables,China,2004,16.24328702067912,%
renewables,China,2005,16.038064317199694,%
renewables,China,2006,15.388987709851573,%
renewables,China,2007,14.994395911037813,%
renewables,China,2008,17.31654288409206,%
renewables,China,2009,17.337840845407516,%
renewables,China,2010,18.37263871808381,%
renewables,China,2011,16.473005426788923,%
renewables,China,2012,19.58081510991195,%
renewables,China,2013,19.83957116850551,%
renewables,China,2014,21.931459212259437,%
renewables,China,2015,23.596844723526715,%
renewables,China,2016,24.49851045925185,%
renewables,China,2017,24.594910558312744,%
renewables,China,2018,25.09952310335224,%
renewables,China,2019,26.053927390502068,%
renewables,China,2020,27.07180632655325,%
renewables,China,2021,27.45520370754087,%
renewables,China,2022,29.05571388614024,%
renewables,China,2023,29.454116096157414,%
renewables,China,2024,32.633859397567,%
renewables,Colombia,1990,76.85948128076093,%
renewables,Colombia,1991,75.70442704781648,%
renewables,Colombia,1992,64.64179785535022,%
renewables,Colombia,1993,70.32893264712463,%
renewables,Colombia,1994,75.6389405204461,%
renewables,Colombia,1995,72.22516907571939,%
renewables,Colombia,1996,80.30357063255026,%
renewables,Colombia,1997,69.45103281728406,%
renewables,Colombia,1998,68.1331592689295,%
renewables,Colombia,1999,77.47796733047872,%
renewables,Colombia,2000,74.11874473750085,%
renewables,Colombia,2001,73.92638036809817,%
renewables,Colombia,2002,76.16595199151232,%
renewables,Colombia,2003,76.9913174782937,%
renewables,Colombia,2004,80.78163574102095,%
renewables,Colombia,2005,80.05220624860276,%
renewables,Colombia,2006,80.47054891183242,%
renewables,Colombia,2007,81.40073037567343,%
renewables,Colombia,2008,81.71849538897504,%
renewables,Colombia,2009,71.27920330470853,%
renewables,Colombia,2010,77.08393113342899,%
renewables,Colombia,2011,82.51611231661107,%
renewables,Colombia,2012,78.27198283343064,%
renewables,Colombia,2013,69.42338617045716,%
renewables,Colombia,2014,64.61866931969212,%
renewables,Colombia,2015,62.585723550687874,%
renewables,Colombia,2016,66.24202444708456,%
renewables,Colombia,2017,80.52476386749584,%
renewables,Colombia,2018,76.63791744296667,%
renewables,Colombia,2019,70.090448398203,%
renewables,Colombia,2020,65.79083321402615,%
renewables,Colombia,2021,74.77343191183667,%
renewables,Colombia,2022,74.8722935400984,%
renewables,Colombia,2023,67.12536729234951,%
renewables,Colombia,2024,62.0045909095636,%
renewables,Czechia,1990,2.316213494461228,%
renewables,Czechia,1991,2.179156753899021,%
renewables,Czechia,1992,2.762552071914053,%
renewables,Czechia,1993,2.983984646999881,%
renewables,Czechia,1994,3.572097777020697,%
renewables,Czechia,1995,4.402846483803639,%
renewables,Czechia,1996,4.194095584916818,%
renewables,Czechia,1997,3.98464348741447,%
renewables,Czechia,1998,3.795389244441293,%
renewables,Czechia,1999,4.471401716307569,%
renewables,Czechia,2000,3.864055221568476,%
renewables,Czechia,2001,4.005057269445041,%
renewables,Czechia,2002,4.389063177555952,%
renewables,Czechia,2003,2.751138010832438,%
renewables,Czechia,2004,3.895816421345738,%
renewables,Czechia,2005,4.5779058358150095,%
renewables,Czechia,2006,5.008485121370113,%
renewables,Czechia,2007,4.359956705716057,%
renewables,Czechia,2008,4.880870557010328,%
renewables,Czechia,2009,6.336062404618456,%
renewables,Czechia,2010,7.559199556343822,%
renewables,Czechia,2011,9.08440835458698,%
renewables,Czechia,2012,10.06215208311208,%
renewables,Czechia,2013,11.750656784124118,%
renewables,Czechia,2014,11.86790437513648,%
renewables,Czechia,2015,12.75072846112101,%
renewables,Czechia,2016,12.706436613981722,%
renewables,Czechia,2017,12.40256677077992,%
renewables,Czechia,2018,11.906007634256133,%
renewables,Czechia,2019,12.894228221410508,%
renewables,Czechia,2020,14.284291225948115,%
renewables,Czechia,2021,13.94564289723546,%
renewables,Czechia,2022,13.855447529450679,%
renewables,Czechia,2023,15.858349439802394,%
renewables,Czechia,2024,19.350315970041276,%
renewables,Denmark,1990,3.175275190516511,%
renewables,Denmark,1991,2.892324531399644,%
renewables,Denmark,1992,4.398464441408029,%
renewables,Denmark,1993,4.7300877141343385,%
renewables,Denmark,1994,4.295431021735916,%
renewables,Denmark,1995,5.039366347308364,%
renewables,Denmark,1996,3.879941057760722,%
renewables,Denmark,1997,6.608667729296018,%
renewables,Denmark,1998,9.54685865784545,%
renewables,Denmark,1999,11.251284686536485,%
renewables,Denmark,2000,15.455024547194407,%
renewables,Denmark,2001,15.494712290280685,%
renewables,Denmark,2002,17.28052536462443,%
renewables,Denmark,2003,17.49014852985753,%
renewables,Denmark,2004,23.544397724462033,%
renewables,Denmark,2005,27.07057330464051,%
renewables,Denmark,2006,20.17276534169389,%
renewables,Denmark,2007,26.210703021670568,%
renewables,Denmark,2008,27.572645837885073,%
renewables,Denmark,2009,27.658521837121736,%
renewables,Denmark,2010,31.98277828349763,%
renewables,Denmark,2011,40.25321267595635,%
renewables,Denmark,2012,48.327976199433515,%
renewables,Denmark,2013,45.95984547005162,%
renewables,Denmark,2014,55.87837229000343,%
renewables,Denmark,2015,65.43413080958287,%
renewables,Denmark,2016,60.21933495808525,%
renewables,Denmark,2017,70.26471929668988,%
renewables,Denmark,2018,68.3561477125551,%
renewables,Denmark,2019,78.16931997219903,%
renewables,Denmark,2020,81.61490522808269,%
renewables,Denmark,2021,78.9636622495527,%
renewables,Denmark,2022,81.17792369682992,%
renewables,Denmark,2023,86.60057990811946,%
renewables,Denmark,2024,89.56092610749926,%
renewables,Egypt,1990,25.752835906150917,%
renewables,Egypt,1991,19.82007944399533,%
renewables,Egypt,1992,19.366856326756814,%
renewables,Egypt,1993,22.031310841063696,%
renewables,Egypt,1994,22.139281705050507,%
renewables,Egypt,1995,22.134814815238094,%
renewables,Egypt,1996,21.66310450471784,%
renewables,Egypt,1997,21.345305883486642,%
renewables,Egypt,1998,20.794388602688237,%
renewables,Egypt,1999,23.693138905341335,%
renewables,Egypt,2000,20.732410475283277,%
renewables,Egypt,2001,18.337065583012187,%
renewables,Egypt,2002,18.13115211877225,%
renewables,Egypt,2003,13.890219283013868,%
renewables,Egypt,2004,12.864285402258055,%
renewables,Egypt,2005,12.03370439967768,%
renewables,Egypt,2006,11.646880861773376,%
renewables,Egypt,2007,12.952788032373624,%
renewables,Egypt,2008,11.78579036829511,%
renewables,Egypt,2009,9.971616791646227,%
renewables,Egypt,2010,9.958106106880374,%
renewables,Egypt,2011,9.415439812735011,%
renewables,Egypt,2012,9.021146665816266,%
renewables,Egypt,2013,8.946874276703362,%
renewables,Egypt,2014,9.077138584401217,%
renewables,Egypt,2015,8.464678608137403,%
renewables,Egypt,2016,8.296222963213838,%
renewables,Egypt,2017,8.13021322623623,%
renewables,Egypt,2018,7.757422179276071,%
renewables,Egypt,2019,9.53298764356821,%
renewables,Egypt,2020,12.141508266683976,%
renewables,Egypt,2021,12.327682677130722,%
renewables,Egypt,2022,11.88881102546134,%
renewables,Egypt,2023,12.521915203207316,%
renewables,Egypt,2024,12.006178888803701,%
renewables,France,1990,14.101236273300502,%
renewables,France,1991,13.971371585552431,%
renewables,France,1992,16.11569943836314,%
renewables,France,1993,14.792404222720585,%
renewables,France,1994,17.453767516780434,%
renewables,France,1995,15.887333500203008,%
renewables,France,1996,14.163055018066256,%
renewables,France,1997,13.91656145545716,%
renewables,France,1998,13.452142731950644,%
renewables,France,1999,15.210018994316703,%
renewables,France,2000,13.736875735847281,%
renewables,France,2001,14.918684597530655,%
renewables,France,2002,12.456650212740389,%
renewables,France,2003,12.06543344949957,%
renewables,France,2004,12.069310489347709,%
renewables,France,2005,10.619839474422541,%
renewables,France,2006,11.790068877147137,%
renewables,France,2007,12.56008443613363,%
renewables,France,2008,13.687478576630447,%
renewables,France,2009,13.925440910697349,%
renewables,France,2010,14.581018208746489,%
renewables,France,2011,12.413698388608701,%
renewables,France,2012,15.743318915132223,%
renewables,France,2013,17.959959234025437,%
renewables,France,2014,17.43426893326037,%
renewables,France,2015,16.703202194973237,%
renewables,France,2016,18.40915227872474,%
renewables,France,2017,17.396340456961457,%
renewables,France,2018,20.435060997813522,%
renewables,France,2019,20.62463191332803,%
renewables,France,2020,24.367917579930044,%
renewables,France,2021,22.801825775701165,%
renewables,France,2022,25.101309741783705,%
renewables,France,2023,27.375535410192832,%
renewables,France,2024,27.790176028433784,%
renewables,Germany,1990,3.901348145050589,%
renewables,Germany,1991,3.852055281913297,%
renewables,Germany,1992,4.378476938247716,%
renewables,Germany,1993,4.619059200875586,%
renewables,Germany,1994,5.175750245672386,%
renewables,Germany,1995,5.658459957862136,%
renewables,Germany,1996,5.623618043401541,%
renewables,Germany,1997,4.823643741138675,%
renewables,Germany,1998,5.197764889206011,%
renewables,Germany,1999,5.8371382347654155,%
renewables,Germany,2000,6.886736982323955,%
renewables,Germany,2001,7.23304331811066,%
renewables,Germany,2002,8.38887051853266,%
renewables,Germany,2003,8.411242564701865,%
renewables,Germany,2004,10.301600630350334,%
renewables,Germany,2005,11.262947069075642,%
renewables,Germany,2006,12.383887869973162,%
renewables,Germany,2007,15.01250483353915,%
renewables,Germany,2008,15.643436506290342,%
renewables,Germany,2009,17.031535534058712,%
renewables,Germany,2010,17.623831185241343,%
renewables,Germany,2011,21.183025265729714,%
renewables,Germany,2012,23.73625883914546,%
renewables,Germany,2013,24.756967657792924,%
renewables,Germany,2014,26.820865044297122,%
renewables,Germany,2015,30.033101550497605,%
renewables,Germany,2016,30.019263616363467,%
renewables,Germany,2017,34.0095116739047,%
renewables,Germany,2018,35.63722153175491,%
renewables,Germany,2019,40.57754190441197,%
renewables,Germany,2020,44.83962451039339,%
renewables,Germany,2021,40.309298663021146,%
renewables,Germany,2022,44.60141382469374,%
renewables,Germany,2023,53.831431365809976,%
renewables,Germany,2024,57.275958083291556,%
renewables,India,1990,24.785091926873097,%
renewables,India,1991,23.085272922424537,%
renewables,India,1992,21.036048085487096,%
renewables,India,1993,19.809542518510202,%
renewables,India,1994,21.517887685147,%
renewables,India,1995,17.498160077631567,%
renewables,India,1996,16.000298582546755,%
renewables,India,1997,16.26271191494183,%
renewables,India,1998,16.942004992513944,%
renewables,India,1999,15.522917241430733,%
renewables,India,2000,13.76894027194825,%
renewables,India,2001,13.365796380715569,%
renewables,India,2002,11.700194629231406,%
renewables,India,2003,13.068307408600315,%
renewables,India,2004,14.16065803185052,%
renewables,India,2005,16.30653966797457,%
renewables,India,2006,17.279210571159314,%
renewables,India,2007,17.240258773055395,%
renewables,India,2008,16.15323353087305,%
renewables,India,2009,15.091801211711505,%
renewables,India,2010,15.334417975588217,%
renewables,India,2011,14.686548695485948,%
renewables,India,2012,15.520485595944608,%
renewables,India,2013,17.30187258177766,%
renewables,India,2014,14.669766364727518,%
renewables,India,2015,14.071403456041207,%
renewables,India,2016,15.714995832047574,%
renewables,India,2017,16.528234168133412,%
renewables,India,2018,19.634181757972293,%
renewables,India,2019,21.348985882263406,%
renewables,India,2020,23.04287602599366,%
renewables,India,2021,23.6850669717443,%
renewables,India,2022,22.851033264256404,%
renewables,India,2023,22.08097189551263,%
renewables,India,2024,23.670953327405332,%
renewables,Indonesia,1990,23.242734728101926,%
renewables,Indonesia,1991,21.81839384280494,%
renewables,Indonesia,1992,25.112850382235163,%
renewables,Indonesia,1993,22.510528460806952,%
renewables,Indonesia,1994,19.982595453062114,%
renewables,Indonesia,1995,19.301451775610754,%
renewables,Indonesia,1996,17.332974896629416,%
renewables,Indonesia,1997,14.577387747336376,%
renewables,Indonesia,1998,17.44215109778076,%
renewables,Indonesia,1999,17.41119819894939,%
renewables,Indonesia,2000,16.50671785028791,%
renewables,Indonesia,2001,17.506665223764596,%
renewables,Indonesia,2002,15.055542206531985,%
renewables,Indonesia,2003,13.728042215611277,%
renewables,Indonesia,2004,13.680093209054592,%
renewables,Indonesia,2005,13.720764079171543,%
renewables,Indonesia,2006,12.317065841271749,%
renewables,Indonesia,2007,12.927810118394781,%
renewables,Indonesia,2008,13.360145077858899,%
renewables,Indonesia,2009,13.251379780028765,%
renewables,Indonesia,2010,15.980183231042938,%
renewables,Indonesia,2011,12.235935281184721,%
renewables,Indonesia,2012,11.556629620926401,%
renewables,Indonesia,2013,13.628616495824202,%
renewables,Indonesia,2014,15.332312083056385,%
renewables,Indonesia,2015,10.321235878666487,%
renewables,Indonesia,2016,15.084555069036194,%
renewables,Indonesia,2017,12.334453965528873,%
renewables,Indonesia,2018,12.21537729414697,%
renewables,Indonesia,2019,12.33386130211416,%
renewables,Indonesia,2020,13.244537401772366,%
renewables,Indonesia,2021,12.81682793785906,%
renewables,Indonesia,2022,12.61256550586212,%
renewables,Indonesia,2023,11.6473747749609,%
renewables,Indonesia,2024,11.582119475803594,%
renewables,Iran,1990,10.292375892524788,%
renewables,Iran,1991,11.003337179927017,%
renewables,Iran,1992,13.928879404843682,%
renewables,Iran,1993,12.890399454096901,%
renewables,Iran,1994,9.092796599819243,%
renewables,Iran,1995,8.577245819063425,%
renewables,Iran,1996,8.136399159062641,%
renewables,Iran,1997,7.088926174496644,%
renewables,Iran,1998,6.806009396933428,%
renewables,Iran,1999,4.387654562077811,%
renewables,Iran,2000,3.037492894392131,%
renewables,Iran,2001,3.910168280862372,%
renewables,Iran,2002,5.727206356632005,%
renewables,Iran,2003,7.229706457671287,%
renewables,Iran,2004,6.405136637694778,%
renewables,Iran,2005,9.080352532886065,%
renewables,Iran,2006,9.544794531169476,%
renewables,Iran,2007,8.88791790517339,%
renewables,Iran,2008,2.423472538922029,%
renewables,Iran,2009,3.369845610236408,%
renewables,Iran,2010,4.163358476735781,%
renewables,Iran,2011,5.122626340407065,%
renewables,Iran,2012,4.985413568528443,%
renewables,Iran,2013,5.707674089476332,%
renewables,Iran,2014,5.135996928694912,%
renewables,Iran,2015,5.104990674948544,%
renewables,Iran,2016,5.775119207346208,%
renewables,Iran,2017,5.021694688350143,%
renewables,Iran,2018,5.375395200729192,%
renewables,Iran,2019,9.91650488605062,%
renewables,Iran,2020,6.84444321219554,%
renewables,Iran,2021,3.834900417278507,%
renewables,Iran,2022,3.859657977065266,%
renewables,Iran,2023,5.820001257652466,%
renewables,Iran,2024,5.322014082162215,%
renewables,Italy,1990,17.70914127423823,%
renewables,Italy,1991,22.04800375085657,%
renewables,Italy,1992,21.813095017104672,%
renewables,Italy,1993,21.669464367465284,%
renewables,Italy,1994,22.13551440169447,%
renewables,Italy,1995,18.875808007818158,%
renewables,Italy,1996,20.970163603114145,%
renewables,Italy,1997,20.342144087039166,%
renewables,Italy,1998,20.25442648190916,%
renewables,Italy,1999,21.729081895756718,%
renewables,Italy,2000,20.813727570295153,%
renewables,Italy,2001,22.028994745947866,%
renewables,Italy,2002,19.650531658390978,%
renewables,Italy,2003,18.535354540010285,%
renewables,Italy,2004,20.254552270971686,%
renewables,Italy,2005,18.20869968238856,%
renewables,Italy,2006,18.166495108933272,%
renewables,Italy,2007,17.006358330267858,%
renewables,Italy,2008,19.98153678169234,%
renewables,Italy,2009,25.13679355502432,%
renewables,Italy,2010,26.568814315357447,%
renewables,Italy,2011,28.057225449043795,%
renewables,Italy,2012,31.47641059072598,%
renewables,Italy,2013,39.30491035229941,%
renewables,Italy,2014,43.73773186259726,%
renewables,Italy,2015,38.989292920166754,%
renewables,Italy,2016,37.908575104295636,%
renewables,Italy,2017,35.73796227008194,%
renewables,Italy,2018,40.08547483324381,%
renewables,Italy,2019,40.047808871560484,%
renewables,Italy,2020,42.36900813847978,%
renewables,Italy,2021,40.96910767454459,%
renewables,Italy,2022,36.04688941437517,%
renewables,Italy,2023,44.62498248077897,%
renewables,Italy,2024,49.88815857553347,%
renewables,Japan,1990,12.282007460903763,%
renewables,Japan,1991,13.039117798637337,%
renewables,Japan,1992,11.203439822475056,%
renewables,Japan,1993,12.851777424818135,%
renewables,Japan,1994,9.026093939834984,%
renewables,Japan,1995,10.589999242749325,%
renewables,Japan,1996,10.114005338776947,%
renewables,Japan,1997,11.013268649071776,%
renewables,Japan,1998,11.184699194970065,%
renewables,Japan,1999,10.385813010146647,%
renewables,Japan,2000,10.278120118522736,%
renewables,Japan,2001,10.16994502114791,%
renewables,Japan,2002,9.853369798166959,%
renewables,Japan,2003,11.221122735574825,%
renewables,Japan,2004,10.91946419712254,%
renewables,Japan,2005,9.57869333246756,%
renewables,Japan,2006,10.587079628679302,%
renewables,Japan,2007,9.272997487417381,%
renewables,Japan,2008,9.46142018753925,%
renewables,Japan,2009,9.66562216579411,%
renewables,Japan,2010,9.678659122451158,%
renewables,Japan,2011,10.497074417561958,%
renewables,Japan,2012,10.076103583866368,%
renewables,Japan,2013,10.858797413726737,%
renewables,Japan,2014,12.36034525543307,%
renewables,Japan,2015,14.178782316928599,%
renewables,Japan,2016,14.70373127566904,%
renewables,Japan,2017,16.197399973119936,%
renewables,Japan,2018,17.06109826789169,%
renewables,Japan,2019,18.57798809263242,%
renewables,Japan,2020,20.291142395276523,%
renewables,Japan,2021,21.09830306206379,%
renewables,Japan,2022,22.34711609622495,%
renewables,Japan,2023,23.437667078261857,%
renewables,Japan,2024,24.31502789276894,%
renewables,Kazakhstan,1990,8.429943121344946,%
renewables,Kazakhstan,1991,8.373650911797544,%
renewables,Kazakhstan,1992,8.302197071377613,%
renewables,Kazakhstan,1993,9.850989101802593,%
renewables,Kazakhstan,1994,13.824419778002017,%
renewables,Kazakhstan,1995,12.497937262785221,%
renewables,Kazakhstan,1996,12.498082070341136,%
renewables,Kazakhstan,1997,12.498076923076923,%
renewables,Kazakhstan,1998,11.642809744999525,%
renewables,Kazakhstan,1999,12.910017263884797,%
renewables,Kazakhstan,2000,14.585068267647912,%
renewables,Kazakhstan,2001,14.599819331526648,%
renewables,Kazakhstan,2002,15.240609624384977,%
renewables,Kazakhstan,2003,13.504838255096608,%
renewables,Kazakhstan,2004,12.035792178303605,%
renewables,Kazakhstan,2005,11.5672301077802,%
renewables,Kazakhstan,2006,10.841137147083863,%
renewables,Kazakhstan,2007,10.664178227900967,%
renewables,Kazakhstan,2008,9.287039227158989,%
renewables,Kazakhstan,2009,8.739677296404523,%
renewables,Kazakhstan,2010,9.71082879612825,%
renewables,Kazakhstan,2011,9.109491748565093,%
renewables,Kazakhstan,2012,8.239159709130083,%
renewables,Kazakhstan,2013,7.525119292392442,%
renewables,Kazakhstan,2014,8.786889552774992,%
renewables,Kazakhstan,2015,10.363489111852152,%
renewables,Kazakhstan,2016,12.710662209334883,%
renewables,Kazakhstan,2017,11.349018511974208,%
renewables,Kazakhstan,2018,10.447242712673765,%
renewables,Kazakhstan,2019,10.792341096330805,%
renewables,Kazakhstan,2020,10.990301245235855,%
renewables,Kazakhstan,2021,10.938284290031886,%
renewables,Kazakhstan,2022,11.749784947752879,%
renewables,Kazakhstan,2023,12.802834543528736,%
renewables,Kazakhstan,2024,15.040674907699364,%
renewables,Kuwait,1990,0.0,%
renewables,Kuwait,1991,0.0,%
renewables,Kuwait,1992,0.0,%
renewables,Kuwait,1993,0.0,%
renewables,Kuwait,1994,0.0,%
renewables,Kuwait,1995,0.0,%
renewables,Kuwait,1996,0.0,%
renewables,Kuwait,1997,0.0,%
renewables,Kuwait,1998,0.0,%
renewables,Kuwait,1999,0.0,%
renewables,Kuwait,2000,0.0,%
renewables,Kuwait,2001,0.0,%
renewables,Kuwait,2002,0.0,%
renewables,Kuwait,2003,0.0,%
renewables,Kuwait,2004,0.0,%
renewables,Kuwait,2005,0.0,%
renewables,Kuwait,2006,0.0,%
renewables,Kuwait,2007,0.0,%
renewables,Kuwait,2008,0.0,%
renewables,Kuwait,2009,0.0,%
renewables,Kuwait,2010,0.0,%
renewables,Kuwait,2011,0.0,%
renewables,Kuwait,2012,0.0,%
renewables,Kuwait,2013,0.0,%
renewables,Kuwait,2014,0.0,%
renewables,Kuwait,2015,0.0,%
renewables,Kuwait,2016,0.021398013536811002,%
renewables,Kuwait,2017,0.050844219258804,%
renewables,Kuwait,2018,0.07833505766832101,%
renewables,Kuwait,2019,0.17494350790868002,%
renewables,Kuwait,2020,0.28431304666157303,%
renewables,Kuwait,2021,0.23244630205121203,%
renewables,Kuwait,2022,0.19515375556348602,%
renewables,Kuwait,2023,0.19341085635973201,%
renewables,Kuwait,2024,0.169062901950316,%
renewables,Malaysia,1990,15.762181846969876,%
renewables,Malaysia,1991,15.683783306864301,%
renewables,Malaysia,1992,13.663875560573274,%
renewables,Malaysia,1993,13.842435144326709,%
renewables,Malaysia,1994,16.278895601378,%
renewables,Malaysia,1995,13.215877914951987,%
renewables,Malaysia,1996,9.69622641509434,%
renewables,Malaysia,1997,9.203238176395399,%
renewables,Malaysia,1998,7.997230967018838,%
renewables,Malaysia,1999,11.540290539815,%
renewables,Malaysia,2000,10.712324808553678,%
renewables,Malaysia,2001,9.014625126078672,%
renewables,Malaysia,2002,7.144590004852014,%
renewables,Malaysia,2003,7.331658739974753,%
renewables,Malaysia,2004,6.249013426052216,%
renewables,Malaysia,2005,6.542173525134279,%
renewables,Malaysia,2006,6.353331490185236,%
renewables,Malaysia,2007,6.680133396855645,%
renewables,Malaysia,2008,6.724407048179645,%
renewables,Malaysia,2009,7.275397280326524,%
renewables,Malaysia,2010,6.213584292024637,%
renewables,Malaysia,2011,6.951257205718838,%
renewables,Malaysia,2012,7.380366138877836,%
renewables,Malaysia,2013,8.578698917813071,%
renewables,Malaysia,2014,9.708329660045708,%
renewables,Malaysia,2015,9.957168455200069,%
renewables,Malaysia,2016,13.461207034117384,%
renewables,Malaysia,2017,16.86784309673027,%
renewables,Malaysia,2018,16.59592679009016,%
renewables,Malaysia,2019,16.10594167345821,%
renewables,Malaysia,2020,17.596151940454284,%
renewables,Malaysia,2021,19.12919714027666,%
renewables,Malaysia,2022,18.47427935013349,%
renewables,Malaysia,2023,18.037051928520224,%
renewables,Malaysia,2024,18.486138445006006,%
renewables,Mexico,1990,24.693319060403844,%
renewables,Mexico,1991,22.388582095356615,%
renewables,Mexico,1992,25.655557562620423,%
renewables,Mexico,1993,25.39635741820406,%
renewables,Mexico,1994,19.021824088737247,%
renewables,Mexico,1995,23.65022857443119,%
renewables,Mexico,1996,24.664692341351124,%
renewables,Mexico,1997,19.957251944857397,%
renewables,Mexico,1998,17.586558715113217,%
renewables,Mexico,1999,20.9075244112579,%
renewables,Mexico,2000,19.804059803087394,%
renewables,Mexico,2001,17.10563209151915,%
renewables,Mexico,2002,15.055837889112414,%
renewables,Mexico,2003,12.125714914675912,%
renewables,Mexico,2004,14.448424340125342,%
renewables,Mexico,2005,15.197313851847124,%
renewables,Mexico,2006,15.334248764555744,%
renewables,Mexico,2007,14.0904430169788,%
renewables,Mexico,2008,17.54302582477768,%
renewables,Mexico,2009,12.947332252739455,%
renewables,Mexico,2010,16.602851885590685,%
renewables,Mexico,2011,14.888472705292468,%
renewables,Mexico,2012,13.788131290116787,%
renewables,Mexico,2013,13.29920693111265,%
renewables,Mexico,2014,17.543848011250564,%
renewables,Mexico,2015,15.278135379386699,%
renewables,Mexico,2016,15.331991951710261,%
renewables,Mexico,2017,16.266653988771594,%
renewables,Mexico,2018,15.216503724915546,%
renewables,Mexico,2019,15.980791035816713,%
renewables,Mexico,2020,19.831906320825986,%
renewables,Mexico,2021,19.530684595294783,%
renewables,Mexico,2022,24.1485622200121,%
renewables,Mexico,2023,19.95928791444461,%
renewables,Mexico,2024,20.3312973003969,%
renewables,Netherlands,1990,1.120647867023087,%
renewables,Netherlands,1991,1.257512690205197,%
renewables,Netherlands,1992,1.2879234232994081,%
renewables,Netherlands,1993,1.434759989728765,%
renewables,Netherlands,1994,1.574762540542457,%
renewables,Netherlands,1995,1.730743113055585,%
renewables,Netherlands,1996,2.125830638367055,%
renewables,Netherlands,1997,2.329337246877909,%
renewables,Netherlands,1998,2.554660148685214,%
renewables,Netherlands,1999,2.891341551834449,%
renewables,Netherlands,2000,3.314748527298781,%
renewables,Netherlands,2001,3.5255978575624063,%
renewables,Netherlands,2002,4.141814225812145,%
renewables,Netherlands,2003,4.092074398152675,%
renewables,Netherlands,2004,5.243104437630324,%
renewables,Netherlands,2005,7.452707942099028,%
renewables,Netherlands,2006,8.145081616278562,%
renewables,Netherlands,2007,7.210364094941305,%
renewables,Netherlands,2008,8.861553846157708,%
renewables,Netherlands,2009,9.530357768574563,%
renewables,Netherlands,2010,9.38772367598478,%
renewables,Netherlands,2011,10.810858100501502,%
renewables,Netherlands,2012,12.08965458607167,%
renewables,Netherlands,2013,11.91164699541951,%
renewables,Netherlands,2014,11.269154464891344,%
renewables,Netherlands,2015,12.41857582379686,%
renewables,Netherlands,2016,12.835531731213234,%
renewables,Netherlands,2017,14.88339392538243,%
renewables,Netherlands,2018,16.50803407768649,%
renewables,Netherlands,2019,18.78228010045005,%
renewables,Netherlands,2020,26.549303810410684,%
renewables,Netherlands,2021,33.095587636143286,%
renewables,Netherlands,2022,39.558586477161626,%
renewables,Netherlands,2023,46.79728654735089,%
renewables,Netherlands,2024,50.694554126080924,%
renewables,New Zealand,1990,80.22075732025141,%
renewables,New Zealand,1991,77.42136869017182,%
renewables,New Zealand,1992,72.8381307960978,%
renewables,New Zealand,1993,77.25263614040156,%
renewables,New Zealand,1994,82.22758914618554,%
renewables,New Zealand,1995,84.0048337041004,%
renewables,New Zealand,1996,79.2522551896533,%
renewables,New Zealand,1997,70.36028096039313,%
renewables,New Zealand,1998,75.91391587473859,%
renewables,New Zealand,1999,69.92544587581338,%
renewables,New Zealand,2000,71.9229206865035,%
renewables,New Zealand,2001,63.91568237338505,%
renewables,New Zealand,2002,69.77731948638629,%
renewables,New Zealand,2003,66.26278944534194,%
renewables,New Zealand,2004,72.53682487725041,%
renewables,New Zealand,2005,64.62937974035643,%
renewables,New Zealand,2006,65.00068905324085,%
renewables,New Zealand,2007,65.7614762501424,%
renewables,New Zealand,2008,64.51546814177424,%
renewables,New Zealand,2009,71.92321822189565,%
renewables,New Zealand,2010,73.39822654843657,%
renewables,New Zealand,2011,76.31915036633731,%
renewables,New Zealand,2012,72.20292647948551,%
renewables,New Zealand,2013,74.69386822626336,%
renewables,New Zealand,2014,79.50897931348034,%
renewables,New Zealand,2015,80.46139043655322,%
renewables,New Zealand,2016,84.56435105515806,%
renewables,New Zealand,2017,81.51430582505546,%
renewables,New Zealand,2018,83.65199023477943,%
renewables,New Zealand,2019,82.02339211078306,%
renewables,New Zealand,2020,80.43131490475216,%
renewables,New Zealand,2021,81.43877739589782,%
renewables,New Zealand,2022,86.56678816118726,%
renewables,New Zealand,2023,87.61822745021645,%
renewables,New Zealand,2024,84.83773198928834,%
renewables,Nigeria,1990,32.58560499145807,%
renewables,Nigeria,1991,41.8648972965342,%
renewables,Nigeria,1992,40.84535526493191,%
renewables,Nigeria,1993,38.414339882799034,%
renewables,Nigeria,1994,35.81224647479235,%
renewables,Nigeria,1995,34.6849971621366,%
renewables,Nigeria,1996,33.860740011081695,%
renewables,Nigeria,1997,34.70248805608985,%
renewables,Nigeria,1998,38.21719277347628,%
renewables,Nigeria,1999,38.21244328423146,%
renewables,Nigeria,2000,38.215522509676106,%
renewables,Nigeria,2001,38.21627215108007,%
renewables,Nigeria,2002,38.217683917382224,%
renewables,Nigeria,2003,36.90051525961158,%
renewables,Nigeria,2004,33.40061791967044,%
renewables,Nigeria,2005,33.000552274947964,%
renewables,Nigeria,2006,27.1008221549113,%
renewables,Nigeria,2007,27.099834624423362,%
renewables,Nigeria,2008,27.100900047370914,%
renewables,Nigeria,2009,22.90033877736765,%
renewables,Nigeria,2010,24.40761015197336,%
renewables,Nigeria,2011,21.76727326527593,%
renewables,Nigeria,2012,19.780717020536024,%
renewables,Nigeria,2013,18.496370549602485,%
renewables,Nigeria,2014,16.639816593345312,%
renewables,Nigeria,2015,19.45391461758938,%
renewables,Nigeria,2016,22.404206951329737,%
renewables,Nigeria,2017,24.13916709973988,%
renewables,Nigeria,2018,23.14373867329669,%
renewables,Nigeria,2019,25.603107058609808,%
renewables,Nigeria,2020,22.061684217930395,%
renewables,Nigeria,2021,22.175918378503095,%
renewables,Nigeria,2022,24.540812077067915,%
renewables,Nigeria,2023,22.76143822216936,%
renewables,Nigeria,2024,27.25510348302428,%
renewables,Norway,1990,99.79236425710722,%
renewables,Norway,1991,99.80181787062311,%
renewables,Norway,1992,99.81787699037471,%
renewables,Norway,1993,99.80434112915982,%
renewables,Norway,1994,99.64624722114401,%
renewables,Norway,1995,99.66477000625005,%
renewables,Norway,1996,99.50087632401127,%
renewables,Norway,1997,99.58175483847856,%
renewables,Norway,1998,99.61797483932723,%
renewables,Norway,1999,99.56240781635796,%
renewables,Norway,2000,99.71604817389601,%
renewables,Norway,2001,99.52252030519321,%
renewables,Norway,2002,99.58456065184959,%
renewables,Norway,2003,99.40283202669823,%
renewables,Norway,2004,99.3536255729228,%
renewables,Norway,2005,99.47467194168496,%
renewables,Norway,2006,99.31815564804002,%
renewables,Norway,2007,99.14134934981631,%
renewables,Norway,2008,99.40689771623961,%
renewables,Norway,2009,96.59110743475522,%
renewables,Norway,2010,95.75268338847054,%
renewables,Norway,2011,96.57830153913706,%
renewables,Norway,2012,97.98256841592004,%
renewables,Norway,2013,97.69079300674265,%
renewables,Norway,2014,97.66507008522927,%
renewables,Norway,2015,97.69761875112421,%
renewables,Norway,2016,97.801961863099,%
renewables,Norway,2017,97.82245116403531,%
renewables,Norway,2018,97.75683200357074,%
renewables,Norway,2019,97.7121292384365,%
renewables,Norway,2020,98.39554669007316,%
renewables,Norway,2021,99.07571491245547,%
renewables,Norway,2022,98.53901437450031,%
renewables,Norway,2023,98.48389298951797,%
renewables,Norway,2024,98.63143935311226,%
renewables,Philippines,1990,46.09034969233078,%
renewables,Philippines,1991,42.53984335424541,%
renewables,Philippines,1992,38.78662878935285,%
renewables,Philippines,1993,40.20106178696487,%
renewables,Philippines,1994,40.008528504887494,%
renewables,Philippines,1995,36.87094276695849,%
renewables,Philippines,1996,36.95942084206516,%
renewables,Philippines,1997,33.399537409493156,%
renewables,Philippines,1998,33.69073949418213,%
renewables,Philippines,1999,44.51494607831311,%
renewables,Philippines,2000,42.9116913501225,%
renewables,Philippines,2001,37.32202813549237,%
renewables,Philippines,2002,35.66537414404752,%
renewables,Philippines,2003,33.43908150162399,%
renewables,Philippines,2004,33.75138457140815,%
renewables,Philippines,2005,32.408176245075346,%
renewables,Philippines,2006,36.049786979331714,%
renewables,Philippines,2007,31.619685717441115,%
renewables,Philippines,2008,33.945892556841834,%
renewables,Philippines,2009,32.638118804689434,%
renewables,Philippines,2010,26.35142613846833,%
renewables,Philippines,2011,28.680317491516412,%
renewables,Philippines,2012,28.4812755777048,%
renewables,Philippines,2013,26.443720951238596,%
renewables,Philippines,2014,25.645853543084968,%
renewables,Philippines,2015,25.454409140736427,%
renewables,Philippines,2016,24.247803845226763,%
renewables,Philippines,2017,24.60447632081108,%
renewables,Philippines,2018,23.411157393158735,%
renewables,Philippines,2019,20.819657570528275,%
renewables,Philippines,2020,21.263539963526597,%
renewables,Philippines,2021,22.07917842252965,%
renewables,Philippines,2022,22.175484810366054,%
renewables,Philippines,2023,22.30891809696078,%
renewables,Philippines,2024,22.112695080028395,%
renewables,Poland,1990,2.470820403342356,%
renewables,Poland,1991,2.593642828510771,%
renewables,Poland,1992,2.772881355932203,%
renewables,Poland,1993,2.716875704990774,%
renewables,Poland,1994,2.8349353882982262,%
renewables,Poland,1995,2.819302763909471,%
renewables,Poland,1996,2.8238564533815733,%
renewables,Poland,1997,2.792212339799706,%
renewables,Poland,1998,3.187219746055413,%
renewables,Poland,1999,3.151384667342113,%
renewables,Poland,2000,2.990675401955177,%
renewables,Poland,2001,3.212570046285319,%
renewables,Poland,2002,3.04872197699615,%
renewables,Poland,2003,2.553562810037858,%
renewables,Poland,2004,3.123916683576141,%
renewables,Poland,2005,3.456493489173183,%
renewables,Poland,2006,3.257629271561245,%
renewables,Poland,2007,3.775783871572809,%
renewables,Poland,2008,4.6377423147059815,%
renewables,Poland,2009,6.115132829137632,%
renewables,Poland,2010,7.266965718226571,%
renewables,Poland,2011,8.295577099263918,%
renewables,Poland,2012,10.674314454305684,%
renewables,Poland,2013,10.708686355142785,%
renewables,Poland,2014,12.821114291402749,%
renewables,Poland,2015,14.118051592246447,%
renewables,Poland,2016,13.976299405820741,%
renewables,Poland,2017,14.429003059642273,%
renewables,Poland,2018,12.958519081638348,%
renewables,Poland,2019,15.955568738322699,%
renewables,Poland,2020,18.37807470069125,%
renewables,Poland,2021,17.44128642820676,%
renewables,Poland,2022,21.551657833463526,%
renewables,Poland,2023,28.189123087133094,%
renewables,Poland,2024,30.833523504186356,%
renewables,Portugal,1990,35.07947089575804,%
renewables,Portugal,1991,33.446036422067486,%
renewables,Portugal,1992,19.82850305769742,%
renewables,Portugal,1993,30.936358392616803,%
renewables,Portugal,1994,37.24109162070906,%
renewables,Portugal,1995,28.56155117991883,%
renewables,Portugal,1996,46.024159207438956,%
renewables,Portugal,1997,41.80893528388286,%
renewables,Portugal,1998,36.48676380053355,%
renewables,Portugal,1999,20.77991082773119,%
renewables,Portugal,2000,30.29887578831917,%
renewables,Portugal,2001,34.57825367133243,%
renewables,Portugal,2002,22.100765610427917,%
renewables,Portugal,2003,38.491419789976945,%
renewables,Portugal,2004,27.917864710197986,%
renewables,Portugal,2005,18.5631695026316,%
renewables,Portugal,2006,33.00813024376499,%
renewables,Portugal,2007,35.076891592864165,%
renewables,Portugal,2008,32.93270528570261,%
renewables,Portugal,2009,37.87507682188365,%
renewables,Portugal,2010,53.154464944601685,%
renewables,Portugal,2011,47.06187031391637,%
renewables,Portugal,2012,43.7833056446602,%
renewables,Portugal,2013,59.23844380136981,%
renewables,Portugal,2014,61.36697322016887,%
renewables,Portugal,2015,48.66663225200718,%
renewables,Portugal,2016,55.5231512983574,%
renewables,Portugal,2017,40.90052278815008,%
renewables,Portugal,2018,51.37321563143601,%
renewables,Portugal,2019,54.23903148144351,%
renewables,Portugal,2020,59.62826009020129,%
renewables,Portugal,2021,64.90544583337143,%
renewables,Portugal,2022,61.28077002225795,%
renewables,Portugal,2023,75.81323665695759,%
renewables,Portugal,2024,87.12510676703637,%
renewables,Romania,1990,17.744017167115018,%
renewables,Romania,1991,25.681742161505554,%
renewables,Romania,1992,21.66395142180095,%
renewables,Romania,1993,23.065390173410407,%
renewables,Romania,1994,23.708361349882782,%
renewables,Romania,1995,28.26495538359945,%
renewables,Romania,1996,25.816018876581243,%
renewables,Romania,1997,30.883675016305588,%
renewables,Romania,1998,35.65025383584653,%
renewables,Romania,1999,36.243658845909955,%
renewables,Romania,2000,28.661753297129554,%
renewables,Romania,2001,27.872098018341084,%
renewables,Romania,2002,29.492079826527984,%
renewables,Romania,2003,24.1826370780985,%
renewables,Romania,2004,29.234118313452086,%
renewables,Romania,2005,34.02151007825213,%
renewables,Romania,2006,29.2851426962976,%
renewables,Romania,2007,25.950407243904156,%
renewables,Romania,2008,26.51595448697705,%
renewables,Romania,2009,27.28064320998659,%
renewables,Romania,2010,33.88038962226514,%
renewables,Romania,2011,26.57128287843883,%
renewables,Romania,2012,25.73731740492347,%
renewables,Romania,2013,34.8122411396929,%
renewables,Romania,2014,42.02728719169483,%
renewables,Romania,2015,40.08613509099006,%
renewables,Romania,2016,42.204690800704974,%
renewables,Romania,2017,38.32397305966953,%
renewables,Romania,2018,41.04367032087322,%
renewables,Romania,2019,42.031348575431835,%
renewables,Romania,2020,44.56387534208963,%
renewables,Romania,2021,44.85721973590028,%
renewables,Romania,2022,42.84146705993398,%
renewables,Romania,2023,49.788798090298265,%
renewables,Romania,2024,48.260801447581514,%
renewables,Russia,1990,15.338141037488265,%
renewables,Russia,1991,15.69414031379106,%
renewables,Russia,1992,17.0465565967574,%
renewables,Russia,1993,18.225629242295785,%
renewables,Russia,1994,20.101516815577785,%
renewables,Russia,1995,20.51923951224787,%
renewables,Russia,1996,18.22534210436234,%
renewables,Russia,1997,18.893772208715166,%
renewables,Russia,1998,19.285795458666904,%
renewables,Russia,1999,19.076582378702618,%
renewables,Russia,2000,18.849784566729628,%
renewables,Russia,2001,19.74308974468295,%
renewables,Russia,2002,18.44180032200699,%
renewables,Russia,2003,17.253892343656894,%
renewables,Russia,2004,19.12669753666035,%
renewables,Russia,2005,18.36791223457275,%
renewables,Russia,2006,17.653651257187732,%
renewables,Russia,2007,17.677747103659584,%
renewables,Russia,2008,16.0715470035439,%
renewables,Russia,2009,17.804693643016996,%
renewables,Russia,2010,16.275252160342188,%
renewables,Russia,2011,15.94383583073007,%
renewables,Russia,2012,15.675788757992178,%
renewables,Russia,2013,17.292171029523402,%
renewables,Russia,2014,16.715169135327994,%
renewables,Russia,2015,16.00720907053948,%
renewables,Russia,2016,17.207391933622556,%
renewables,Russia,2017,17.211891202998082,%
renewables,Russia,2018,17.44051492004943,%
renewables,Russia,2019,17.70439469763683,%
renewables,Russia,2020,20.012820055141585,%
renewables,Russia,2021,19.184656473002313,%
renewables,Russia,2022,18.067540703924188,%
renewables,Russia,2023,18.198475643531847,%
renewables,Russia,2024,18.679552248397894,%
renewables,Saudi Arabia,1990,0.0,%
renewables,Saudi Arabia,1991,0.0,%
renewables,Saudi Arabia,1992,0.0,%
renewables,Saudi Arabia,1993,0.0,%
renewables,Saudi Arabia,1994,0.0,%
renewables,Saudi Arabia,1995,0.0,%
renewables,Saudi Arabia,1996,0.0,%
renewables,Saudi Arabia,1997,0.0,%
renewables,Saudi Arabia,1998,0.0,%
renewables,Saudi Arabia,1999,0.0,%
renewables,Saudi Arabia,2000,0.00048259944129800005,%
renewables,Saudi Arabia,2001,0.00045558390225000005,%
renewables,Saudi Arabia,2002,0.00042967022020400005,%
renewables,Saudi Arabia,2003,0.00039803763134000004,%
renewables,Saudi Arabia,2004,0.00038092114476300003,%
renewables,Saudi Arabia,2005,0.000345777914544,%
renewables,Saudi Arabia,2006,0.000335658121323,%
renewables,Saudi Arabia,2007,0.00031962529376800003,%
renewables,Saudi Arabia,2008,0.00029823613307600004,%
renewables,Saudi Arabia,2009,0.000280538364084,%
renewables,Saudi Arabia,2010,0.001703245491588,%
renewables,Saudi Arabia,2011,0.0021560894219210002,%
renewables,Saudi Arabia,2012,0.009436099927138,%
renewables,Saudi Arabia,2013,0.014953275634284,%
renewables,Saudi Arabia,2014,0.014712574838451,%
renewables,Saudi Arabia,2015,0.013594344752582001,%
renewables,Saudi Arabia,2016,0.013327577365137,%
renewables,Saudi Arabia,2017,0.018400664426856003,%
renewables,Saudi Arabia,2018,0.060909073347584004,%
renewables,Saudi Arabia,2019,0.12905648478453902,%
renewables,Saudi Arabia,2020,0.254423153323283,%
renewables,Saudi Arabia,2021,0.35958791172552,%
renewables,Saudi Arabia,2022,0.577625247341507,%
renewables,Saudi Arabia,2023,0.54811714445949,%
renewables,Saudi Arabia,2024,0.533153009130457,%
renewables,Singapore,1990,0.5442438212319111,%
renewables,Singapore,1991,1.476170392239561,%
renewables,Singapore,1992,1.3965684318531602,%
renewables,Singapore,1993,1.292057799810146,%
renewables,Singapore,1994,1.184948732830334,%
renewables,Singapore,1995,1.110758489368454,%
renewables,Singapore,1996,1.044419814135902,%
renewables,Singapore,1997,0.935542996792423,%
renewables,Singapore,1998,0.844187168355041,%
renewables,Singapore,1999,0.809676459896229,%
renewables,Singapore,2000,0.773724932891204,%
renewables,Singapore,2001,1.429478074284505,%
renewables,Singapore,2002,1.364528040618509,%
renewables,Singapore,2003,1.401035917466247,%
renewables,Singapore,2004,1.301276826949198,%
renewables,Singapore,2005,1.250893027710682,%
renewables,Singapore,2006,1.208194445851612,%
renewables,Singapore,2007,1.183932552310613,%
renewables,Singapore,2008,1.2598599035787221,%
renewables,Singapore,2009,1.279803269119902,%
renewables,Singapore,2010,1.304795343291214,%
renewables,Singapore,2011,1.328047227185192,%
renewables,Singapore,2012,1.358921382777055,%
renewables,Singapore,2013,1.546468029587143,%
renewables,Singapore,2014,1.667754185596926,%
renewables,Singapore,2015,1.833513771218005,%
renewables,Singapore,2016,1.909820886636279,%
renewables,Singapore,2017,1.9484546903178401,%
renewables,Singapore,2018,2.045478495190209,%
renewables,Singapore,2019,2.304223493180818,%
renewables,Singapore,2020,2.198499496099436,%
renewables,Singapore,2021,2.850116764560186,%
renewables,Singapore,2022,3.986082023685068,%
renewables,Singapore,2023,4.825623387172354,%
renewables,Singapore,2024,5.714249853885711,%
renewables,South Africa,1990,0.374882849109653,%
renewables,South Africa,1991,0.368354761282349,%
renewables,South Africa,1992,0.45964419252661404,%
renewables,South Africa,1993,0.8540448273294341,%
renewables,South Africa,1994,1.420099533027864,%
renewables,South Africa,1995,0.9599361107413811,%
renewables,South Africa,1996,1.797109843907602,%
renewables,South Africa,1997,2.307047778645288,%
renewables,South Africa,1998,2.067924528301887,%
renewables,South Africa,1999,1.7304395799263101,%
renewables,South Africa,2000,2.013101058527554,%
renewables,South Africa,2001,2.008091385054735,%
renewables,South Africa,2002,2.137747577632903,%
renewables,South Africa,2003,1.682922246515441,%
renewables,South Africa,2004,1.9983316568119922,%
renewables,South Africa,2005,1.8318428682265502,%
renewables,South Africa,2006,2.417975615330659,%
renewables,South Africa,2007,1.5722327451062261,%
renewables,South Africa,2008,1.655267499593347,%
renewables,South Africa,2009,1.7817630836326321,%
renewables,South Africa,2010,2.043135427059217,%
renewables,South Africa,2011,2.006947565685729,%
renewables,South Africa,2012,1.7319390971584099,%
renewables,South Africa,2013,1.672179417587953,%
renewables,South Africa,2014,2.498238168011466,%
renewables,South Africa,2015,3.463579740041257,%
renewables,South Africa,2016,4.306735865031829,%
renewables,South Africa,2017,5.699288898199551,%
renewables,South Africa,2018,6.537601100742009,%
renewables,South Africa,2019,6.965809553373472,%
renewables,South Africa,2020,7.898457676358064,%
renewables,South Africa,2021,9.063802012112685,%
renewables,South Africa,2022,10.018987070012773,%
renewables,South Africa,2023,11.010760907419025,%
renewables,South Africa,2024,10.092694942663154,%
renewables,South Korea,1990,5.826861078546306,%
renewables,South Korea,1991,4.211719785579111,%
renewables,South Korea,1992,3.61761140979023,%
renewables,South Korea,1993,3.99383212479313,%
renewables,South Korea,1994,2.405278592375366,%
renewables,South Korea,1995,3.059687943868342,%
renewables,South Korea,1996,2.691764841432151,%
renewables,South Korea,1997,2.420223092943626,%
renewables,South Korea,1998,2.815762421473443,%
renewables,South Korea,1999,2.555661511671296,%
renewables,South Korea,2000,1.975338533109662,%
renewables,South Korea,2001,1.960208951373661,%
renewables,South Korea,2002,1.6849106954536142,%
renewables,South Korea,2003,2.058727484474293,%
renewables,South Korea,2004,1.6685292863197332,%
renewables,South Korea,2005,1.4379125476463481,%
renewables,South Korea,2006,1.4218289812567,%
renewables,South Korea,2007,1.47015351871194,%
renewables,South Korea,2008,1.634634693757013,%
renewables,South Korea,2009,1.722134759622986,%
renewables,South Korea,2010,1.8893819094208082,%
renewables,South Korea,2011,2.0366722691632,%
renewables,South Korea,2012,2.012858685216248,%
renewables,South Korea,2013,2.39359479381989,%
renewables,South Korea,2014,2.52440823467489,%
renewables,South Korea,2015,2.5984556897125373,%
renewables,South Korea,2016,3.5221820138513973,%
renewables,South Korea,2017,4.002922759733331,%
renewables,South Korea,2018,4.573432895627404,%
renewables,South Korea,2019,5.429917157629189,%
renewables,South Korea,2020,6.448676617182962,%
renewables,South Korea,2021,6.772325886163117,%
renewables,South Korea,2022,8.000710285848237,%
renewables,South Korea,2023,8.674546887666596,%
renewables,South Korea,2024,9.452249551027354,%
renewables,Spain,1990,17.606945623769935,%
renewables,Spain,1991,18.52427134614027,%
renewables,Spain,1992,13.623820264361589,%
renewables,Spain,1993,16.89200392852132,%
renewables,Spain,1994,18.542133911635865,%
renewables,Spain,1995,15.48267400801963,%
renewables,Spain,1996,24.26873935996423,%
renewables,Spain,1997,20.076469784981253,%
renewables,Spain,1998,19.829905907494783,%
renewables,Spain,1999,14.321454810873627,%
renewables,Spain,2000,16.947181780922,%
renewables,Spain,2001,22.145350709213847,%
renewables,Spain,2002,15.601487644467671,%
renewables,Spain,2003,22.69836520831895,%
renewables,Spain,2004,19.10616964309377,%
renewables,Spain,2005,15.948450205402331,%
renewables,Spain,2006,18.709334798299317,%
renewables,Spain,2007,20.161072469577775,%
renewables,Spain,2008,20.692099191929508,%
renewables,Spain,2009,26.07799877808703,%
renewables,Spain,2010,33.490577301152264,%
renewables,Spain,2011,30.57271301051227,%
renewables,Spain,2012,30.4405978164491,%
renewables,Spain,2013,40.46902172284309,%
renewables,Spain,2014,40.92182092149748,%
renewables,Spain,2015,35.71105861706871,%
renewables,Spain,2016,39.342385202188545,%
renewables,Spain,2017,32.88482043768089,%
renewables,Spain,2018,38.75140279538863,%
renewables,Spain,2019,37.77249988106435,%
renewables,Spain,2020,44.52772303918777,%
renewables,Spain,2021,47.014914039487884,%
renewables,Spain,2022,43.57283538607781,%
renewables,Spain,2023,52.427803700377126,%
renewables,Spain,2024,57.92057173221517,%
renewables,Sweden,1990,51.1773618903313,%
renewables,Sweden,1991,44.46185785231621,%
renewables,Sweden,1992,52.50550804130163,%
renewables,Sweden,1993,53.10658131464605,%
renewables,Sweden,1994,43.169179002601965,%
renewables,Sweden,1995,47.599207581003434,%
renewables,Sweden,1996,38.41687534019071,%
renewables,Sweden,1997,48.29247269713177,%
renewables,Sweden,1998,49.19575475135665,%
renewables,Sweden,1999,48.2817793036145,%
renewables,Sweden,2000,57.25715491931523,%
renewables,Sweden,2001,51.56806959813309,%
renewables,Sweden,2002,48.509101846829374,%
renewables,Sweden,2003,43.406824352441056,%
renewables,Sweden,2004,44.97302182566065,%
renewables,Sweden,2005,51.315281974888386,%
renewables,Sweden,2006,49.64656373412821,%
renewables,Sweden,2007,52.058801696016566,%
renewables,Sweden,2008,54.353034424573174,%
renewables,Sweden,2009,58.45999834248345,%
renewables,Sweden,2010,55.32787071200798,%
renewables,Sweden,2011,55.98897324817713,%
renewables,Sweden,2012,59.09846842898398,%
renewables,Sweden,2013,54.07412747055784,%
renewables,Sweden,2014,55.868998189576935,%
renewables,Sweden,2015,63.30367099386701,%
renewables,Sweden,2016,57.205208052594806,%
renewables,Sweden,2017,57.889193302891925,%
renewables,Sweden,2018,55.809669522643816,%
renewables,Sweden,2019,58.74827088738357,%
renewables,Sweden,2020,68.48070901466737,%
renewables,Sweden,2021,67.39193704234042,%
renewables,Sweden,2022,68.33719298448247,%
renewables,Sweden,2023,69.4183379191176,%
renewables,Sweden,2024,69.42050765587535,%
renewables,Taiwan,1990,9.418406667264092,%
renewables,Taiwan,1991,5.862216516902011,%
renewables,Taiwan,1992,8.257760223939261,%
renewables,Taiwan,1993,6.140831140389609,%
renewables,Taiwan,1994,7.4576602875105,%
renewables,Taiwan,1995,7.06071529275486,%
renewables,Taiwan,1996,6.797288513325285,%
renewables,Taiwan,1997,6.800250638386752,%
renewables,Taiwan,1998,6.957454992121296,%
renewables,Taiwan,1999,5.717266131931471,%
renewables,Taiwan,2000,5.346506902109172,%
renewables,Taiwan,2001,5.549448807246361,%
renewables,Taiwan,2002,4.000180549774062,%
renewables,Taiwan,2003,4.144198265463266,%
renewables,Taiwan,2004,3.8488399161946143,%
renewables,Taiwan,2005,4.316984901725392,%
renewables,Taiwan,2006,4.287589448278782,%
renewables,Taiwan,2007,4.381011785561866,%
renewables,Taiwan,2008,4.264539630699661,%
renewables,Taiwan,2009,4.164281873840124,%
renewables,Taiwan,2010,4.102354493286173,%
renewables,Taiwan,2011,4.080661471655464,%
renewables,Taiwan,2012,4.797357479220503,%
renewables,Taiwan,2013,4.921891718382196,%
renewables,Taiwan,2014,4.377579713880158,%
renewables,Taiwan,2015,4.5788574549765055,%
renewables,Taiwan,2016,5.42469529395283,%
renewables,Taiwan,2017,5.190850211103771,%
renewables,Taiwan,2018,5.16801108609364,%
renewables,Taiwan,2019,6.070938294032092,%
renewables,Taiwan,2020,5.905165721358211,%
renewables,Taiwan,2021,6.465546935980742,%
renewables,Taiwan,2022,8.712194556501364,%
renewables,Taiwan,2023,9.979228957507322,%
renewables,Taiwan,2024,12.061491938681087,%
renewables,Thailand,1990,11.266553480475382,%
renewables,Thailand,1991,9.141991790539194,%
renewables,Thailand,1992,7.425829275981647,%
renewables,Thailand,1993,5.837079094708619,%
renewables,Thailand,1994,6.343341247875016,%
renewables,Thailand,1995,8.743319514509764,%
renewables,Thailand,1996,9.130371870930402,%
renewables,Thailand,1997,8.09323579259005,%
renewables,Thailand,1998,6.105048544336198,%
renewables,Thailand,1999,4.8887812809588755,%
renewables,Thailand,2000,6.810909708481937,%
renewables,Thailand,2001,6.636216825262303,%
renewables,Thailand,2002,7.48434359603313,%
renewables,Thailand,2003,7.224902101076312,%
renewables,Thailand,2004,5.823654285598389,%
renewables,Thailand,2005,5.544969526609091,%
renewables,Thailand,2006,6.91688722055966,%
renewables,Thailand,2007,6.914021796897994,%
renewables,Thailand,2008,6.5986466540774025,%
renewables,Thailand,2009,6.898038951411821,%
renewables,Thailand,2010,5.613786531927431,%
renewables,Thailand,2011,8.081963001027749,%
renewables,Thailand,2012,8.33620475991851,%
renewables,Thailand,2013,8.049355428450502,%
renewables,Thailand,2014,8.23016352318127,%
renewables,Thailand,2015,7.911887014958217,%
renewables,Thailand,2016,13.471967705096539,%
renewables,Thailand,2017,14.22077211766858,%
renewables,Thailand,2018,16.53370711776636,%
renewables,Thailand,2019,17.615758719746598,%
renewables,Thailand,2020,19.395267426761247,%
renewables,Thailand,2021,17.72185911003211,%
renewables,Thailand,2022,19.442076014886,%
renewables,Thailand,2023,19.120348595210398,%
renewables,Thailand,2024,18.562866749818728,%
renewables,Turkiye,1990,40.36633474097631,%
renewables,Turkiye,1991,37.84815589416725,%
renewables,Turkiye,1992,39.62608773128211,%
renewables,Turkiye,1993,46.18063082592673,%
renewables,Turkiye,1994,39.21808965666935,%
renewables,Turkiye,1995,41.56550372766589,%
renewables,Turkiye,1996,42.94132529358436,%
renewables,Turkiye,1997,38.91050960346964,%
renewables,Turkiye,1998,38.33474446506098,%
renewables,Turkiye,1999,29.982823771899692,%
renewables,Turkiye,2000,24.938817285916056,%
renewables,Turkiye,2001,19.837877621855505,%
renewables,Turkiye,2002,26.24881646168489,%
renewables,Turkiye,2003,25.29434219861177,%
renewables,Turkiye,2004,30.731019424909427,%
renewables,Turkiye,2005,24.542221192532406,%
renewables,Turkiye,2006,25.253924555432967,%
renewables,Turkiye,2007,19.031726924702518,%
renewables,Turkiye,2008,17.34795003655402,%
renewables,Turkiye,2009,19.578442984306214,%
renewables,Turkiye,2010,26.3781783233479,%
renewables,Turkiye,2011,25.327334025004568,%
renewables,Turkiye,2012,27.230864290379902,%
renewables,Turkiye,2013,28.823234199091825,%
renewables,Turkiye,2014,20.887502309023542,%
renewables,Turkiye,2015,31.957092934313835,%
renewables,Turkiye,2016,32.8870287754626,%
renewables,Turkiye,2017,29.34477952662173,%
renewables,Turkiye,2018,32.07588874601211,%
renewables,Turkiye,2019,43.521497178193854,%
renewables,Turkiye,2020,41.84668036588729,%
renewables,Turkiye,2021,35.41801909046555,%
renewables,Turkiye,2022,41.972013397761216,%
renewables,Turkiye,2023,43.2811543380952,%
renewables,Turkiye,2024,46.40788374037492,%
renewables,United Arab Emirates,1990,0.0,%
renewables,United Arab Emirates,1991,0.0,%
renewables,United Arab Emirates,1992,0.0,%
renewables,United Arab Emirates,1993,0.0,%
renewables,United Arab Emirates,1994,0.0,%
renewables,United Arab Emirates,1995,0.0,%
renewables,United Arab Emirates,1996,0.0,%
renewables,United Arab Emirates,1997,0.0,%
renewables,United Arab Emirates,1998,0.0,%
renewables,United Arab Emirates,1999,0.0,%
renewables,United Arab Emirates,2000,0.0,%
renewables,United Arab Emirates,2001,0.0,%
renewables,United Arab Emirates,2002,0.0,%
renewables,United Arab Emirates,2003,0.0,%
renewables,United Arab Emirates,2004,0.0,%
renewables,United Arab Emirates,2005,0.0,%
renewables,United Arab Emirates,2006,0.0,%
renewables,United Arab Emirates,2007,0.0,%
renewables,United Arab Emirates,2008,0.0,%
renewables,United Arab Emirates,2009,0.0,%
renewables,United Arab Emirates,2010,0.0,%
renewables,United Arab Emirates,2011,0.0,%
renewables,United Arab Emirates,2012,0.017887066709344,%
renewables,United Arab Emirates,2013,0.06854832111161001,%
renewables,United Arab Emirates,2014,0.24977497942852903,%
renewables,United Arab Emirates,2015,0.228837442986897,%
renewables,United Arab Emirates,2016,0.23840201214384302,%
renewables,United Arab Emirates,2017,0.545297680664225,%
renewables,United Arab Emirates,2018,0.9690899920743561,%
renewables,United Arab Emirates,2019,2.7328912614361,%
renewables,United Arab Emirates,2020,3.988445157832182,%
renewables,United Arab Emirates,2021,3.865540355135659,%
renewables,United Arab Emirates,2022,4.973731778463004,%
renewables,United Arab Emirates,2023,8.802548815632877,%
renewables,United Arab Emirates,2024,8.304343396665171,%
renewables,United Kingdom,1990,2.437315668815307,%
renewables,United Kingdom,1991,2.120325203252032,%
renewables,United Kingdom,1992,2.523649479976202,%
renewables,United Kingdom,1993,2.214470972015029,%
renewables,United Kingdom,1994,2.578356871789688,%
renewables,United Kingdom,1995,2.52154675623651,%
renewables,United Kingdom,1996,2.063733188169943,%
renewables,United Kingdom,1997,2.4045673090633253,%
renewables,United Kingdom,1998,2.832344921326815,%
renewables,United Kingdom,1999,3.4002259936113353,%
renewables,United Kingdom,2000,3.358536501276955,%
renewables,United Kingdom,2001,3.111047584396683,%
renewables,United Kingdom,2002,3.5581941241636468,%
renewables,United Kingdom,2003,3.353105741364849,%
renewables,United Kingdom,2004,4.26119560223087,%
renewables,United Kingdom,2005,4.987498619325428,%
renewables,United Kingdom,2006,5.527294145483194,%
renewables,United Kingdom,2007,5.934027165284883,%
renewables,United Kingdom,2008,6.771654353243106,%
renewables,United Kingdom,2009,7.786662278967441,%
renewables,United Kingdom,2010,7.663732072415684,%
renewables,United Kingdom,2011,10.35865993754637,%
renewables,United Kingdom,2012,12.141505313728345,%
renewables,United Kingdom,2013,15.670060497097982,%
renewables,United Kingdom,2014,19.95890013443328,%
renewables,United Kingdom,2015,25.473247011421822,%
renewables,United Kingdom,2016,25.48570174710299,%
renewables,United Kingdom,2017,30.154653618143612,%
renewables,United Kingdom,2018,33.87418141750232,%
renewables,United Kingdom,2019,37.565604334730615,%
renewables,United Kingdom,2020,43.79337258342962,%
renewables,United Kingdom,2021,40.36012305142878,%
renewables,United Kingdom,2022,42.3194905413197,%
renewables,United Kingdom,2023,47.4797184416721,%
renewables,United Kingdom,2024,51.99924527593763,%
renewables,United States,1990,11.963166834492164,%
renewables,United States,1991,11.328147894891082,%
renewables,United States,1992,10.477562426525527,%
renewables,United States,1993,11.002849370324336,%
renewables,United States,1994,10.308613807369364,%
renewables,United States,1995,11.392239331299898,%
renewables,United States,1996,12.201313998121305,%
renewables,United States,1997,11.591928881734946,%
renewables,United States,1998,10.221775862037457,%
renewables,United States,1999,9.62633142425513,%
renewables,United States,2000,8.812616481936463,%
renewables,United States,2001,7.422489339139168,%
renewables,United States,2002,9.203825115029916,%
renewables,United States,2003,9.494620463113499,%
renewables,United States,2004,9.216198115575724,%
renewables,United States,2005,9.120923032213355,%
renewables,United States,2006,9.78948021905534,%
renewables,United States,2007,8.913912025749907,%
renewables,United States,2008,9.530176882745788,%
renewables,United States,2009,10.780630889292931,%
renewables,United States,2010,10.61439831172361,%
renewables,United States,2011,12.686393699636026,%
renewables,United States,2012,12.41296210839358,%
renewables,United States,2013,13.028580212898516,%
renewables,United States,2014,13.379294074170156,%
renewables,United States,2015,13.632808057335854,%
renewables,United States,2016,15.259444734174016,%
renewables,United States,2017,17.285418486325884,%
renewables,United States,2018,17.162882859110017,%
renewables,United States,2019,17.93827135656913,%
renewables,United States,2020,19.916696245022685,%
renewables,United States,2021,20.273306936592185,%
renewables,United States,2022,21.837991006330295,%
renewables,United States,2023,22.15197964636805,%
renewables,United States,2024,23.419997058289603,%
renewables,Uzbekistan,1990,11.802929427430092,%
renewables,Uzbekistan,1991,11.134496446044494,%
renewables,Uzbekistan,1992,12.337215925831352,%
renewables,Uzbekistan,1993,14.970803068221123,%
renewables,Uzbekistan,1994,14.970711297071132,%
renewables,Uzbekistan,1995,13.04027142646408,%
renewables,Uzbekistan,1996,14.36655070676824,%
renewables,Uzbekistan,1997,12.541519223671926,%
renewables,Uzbekistan,1998,12.54466230936819,%
renewables,Uzbekistan,1999,12.54525386313466,%
renewables,Uzbekistan,2000,12.544810515534314,%
renewables,Uzbekistan,2001,12.545263157894738,%
renewables,Uzbekistan,2002,12.545122693165686,%
renewables,Uzbekistan,2003,15.425101214574898,%
renewables,Uzbekistan,2004,18.020000000000003,%
renewables,Uzbekistan,2005,17.540650406504067,%
renewables,Uzbekistan,2006,17.98900235663786,%
renewables,Uzbekistan,2007,13.074565883554648,%
renewables,Uzbekistan,2008,22.995951417004047,%
renewables,Uzbekistan,2009,18.67867867867868,%
renewables,Uzbekistan,2010,20.978723404255316,%
renewables,Uzbekistan,2011,19.541984732824428,%
renewables,Uzbekistan,2012,21.35238095238095,%
renewables,Uzbekistan,2013,10.443744194975228,%
renewables,Uzbekistan,2014,10.893766490777002,%
renewables,Uzbekistan,2015,11.886868041122446,%
renewables,Uzbekistan,2016,11.699987826075033,%
renewables,Uzbekistan,2017,13.146327567882823,%
renewables,Uzbekistan,2018,9.449980234021938,%
renewables,Uzbekistan,2019,10.278420149869268,%
renewables,Uzbekistan,2020,7.539463480766282,%
renewables,Uzbekistan,2021,7.032937374462018,%
renewables,Uzbekistan,2022,9.317736278526485,%
renewables,Uzbekistan,2023,9.652840142569362,%
renewables,Uzbekistan,2024,10.914041241584826,%
renewables,Vietnam,1990,61.85650120925948,%
renewables,Vietnam,1991,68.62255965292842,%
renewables,Vietnam,1992,74.11703239289447,%
renewables,Vietnam,1993,74.45780850459325,%
renewables,Vietnam,1994,74.51242989871933,%
renewables,Vietnam,1995,72.2419442927362,%
renewables,Vietnam,1996,70.86874409820587,%
renewables,Vietnam,1997,60.97013366750208,%
renewables,Vietnam,1998,51.15732202139432,%
renewables,Vietnam,1999,58.46597903136805,%
renewables,Vietnam,2000,54.783328940928435,%
renewables,Vietnam,2001,59.494249869315205,%
renewables,Vietnam,2002,50.838082467314784,%
renewables,Vietnam,2003,46.39218081857056,%
renewables,Vietnam,2004,38.55958795905559,%
renewables,Vietnam,2005,31.67399731623677,%
renewables,Vietnam,2006,33.8187889507877,%
renewables,Vietnam,2007,34.45359758088586,%
renewables,Vietnam,2008,35.481497629298595,%
renewables,Vietnam,2009,36.132251277427116,%
renewables,Vietnam,2010,29.515344625188668,%
renewables,Vietnam,2011,39.613364514644985,%
renewables,Vietnam,2012,45.19724685100107,%
renewables,Vietnam,2013,45.99441631571475,%
renewables,Vietnam,2014,44.10172658484228,%
renewables,Vietnam,2015,35.22147601746853,%
renewables,Vietnam,2016,36.789373145502694,%
renewables,Vietnam,2017,44.94783349034504,%
renewables,Vietnam,2018,39.75112453623141,%
renewables,Vietnam,2019,38.87842752856812,%
renewables,Vietnam,2020,35.55738813367725,%
renewables,Vietnam,2021,44.12772528691413,%
renewables,Vietnam,2022,49.08909279596139,%
renewables,Vietnam,2023,39.98692679226137,%
renewables,Vietnam,2024,39.0313646178771,%
renewables-wind-solar,Algeria,1990,0.0,%
renewables-wind-solar,Algeria,1991,0.0,%
renewables-wind-solar,Algeria,1992,0.0,%
renewables-wind-solar,Algeria,1993,0.0,%
renewables-wind-solar,Algeria,1994,0.0,%
renewables-wind-solar,Algeria,1995,0.0,%
renewables-wind-solar,Algeria,1996,0.0,%
renewables-wind-solar,Algeria,1997,0.0,%
renewables-wind-solar,Algeria,1998,0.0,%
renewables-wind-solar,Algeria,1999,0.0,%
renewables-wind-solar,Algeria,2000,0.0,%
renewables-wind-solar,Algeria,2001,0.0,%
renewables-wind-solar,Algeria,2002,0.0,%
renewables-wind-solar,Algeria,2003,0.0,%
renewables-wind-solar,Algeria,2004,0.0,%
renewables-wind-solar,Algeria,2005,0.0,%
renewables-wind-solar,Algeria,2006,0.0,%
renewables-wind-solar,Algeria,2007,0.0,%
renewables-wind-solar,Algeria,2008,0.0,%
renewables-wind-solar,Algeria,2009,0.0,%
renewables-wind-solar,Algeria,2010,0.0,%
renewables-wind-solar,Algeria,2011,0.0,%
renewables-wind-solar,Algeria,2012,0.0,%
renewables-wind-solar,Algeria,2013,0.0,%
renewables-wind-solar,Algeria,2014,0.30869067873070305,%
renewables-wind-solar,Algeria,2015,0.26297153685858204,%
renewables-wind-solar,Algeria,2016,0.5042796958848801,%
renewables-wind-solar,Algeria,2017,0.7617922573702841,%
renewables-wind-solar,Algeria,2018,0.8670561701605881,%
renewables-wind-solar,Algeria,2019,0.8439724227932651,%
renewables-wind-solar,Algeria,2020,0.8502348568497591,%
renewables-wind-solar,Algeria,2021,0.764717593188977,%
renewables-wind-solar,Algeria,2022,0.7284643886243031,%
renewables-wind-solar,Algeria,2023,0.678255433103776,%
renewables-wind-solar,Algeria,2024,0.641307361317988,%
renewables-wind-solar,Argentina,1990,0.0,%
renewables-wind-solar,Argentina,1991,0.0,%
renewables-wind-solar,Argentina,1992,0.0,%
renewables-wind-solar,Argentina,1993,0.0,%
renewables-wind-solar,Argentina,1994,0.0,%
renewables-wind-solar,Argentina,1995,0.0,%
renewables-wind-solar,Argentina,1996,0.014305742324969001,%
renewables-wind-solar,Argentina,1997,0.020543723892350003,%
renewables-wind-solar,Argentina,1998,0.044321478457075,%
renewables-wind-solar,Argentina,1999,0.043115660839893,%
renewables-wind-solar,Argentina,2000,0.039237668161434,%
renewables-wind-solar,Argentina,2001,0.054249147513396004,%
renewables-wind-solar,Argentina,2002,0.08582681794133201,%
renewables-wind-solar,Argentina,2003,0.084225075316653,%
renewables-wind-solar,Argentina,2004,0.071813285457809,%
renewables-wind-solar,Argentina,2005,0.07005875594331701,%
renewables-wind-solar,Argentina,2006,0.060765471323037,%
renewables-wind-solar,Argentina,2007,0.056633027267410006,%
renewables-wind-solar,Argentina,2008,0.03444684114265,%
renewables-wind-solar,Argentina,2009,0.029489633184272,%
renewables-wind-solar,Argentina,2010,0.01997705465281,%
renewables-wind-solar,Argentina,2011,0.021556369907307003,%
renewables-wind-solar,Argentina,2012,0.27883171729274303,%
renewables-wind-solar,Argentina,2013,0.33790498906777905,%
renewables-wind-solar,Argentina,2014,0.45831498870452003,%
renewables-wind-solar,Argentina,2015,0.42239084223633205,%
renewables-wind-solar,Argentina,2016,0.383319781623882,%
renewables-wind-solar,Argentina,2017,0.431265365545468,%
renewables-wind-solar,Argentina,2018,0.999185410973302,%
renewables-wind-solar,Argentina,2019,3.9701349407493662,%
renewables-wind-solar,Argentina,2020,7.422439874488991,%
renewables-wind-solar,Argentina,2021,9.84141496839289,%
renewables-wind-solar,Argentina,2022,11.681645764275707,%
renewables-wind-solar,Argentina,2023,11.600905308877783,%
renewables-wind-solar,Argentina,2024,13.083641184560769,%
renewables-wind-solar,Australia,1990,0.0,%
renewables-wind-solar,Australia,1991,0.0,%
renewables-wind-solar,Australia,1992,0.0,%
renewables-wind-solar,Australia,1993,0.006721662083715001,%
renewables-wind-solar,Australia,1994,0.010151496151388,%
renewables-wind-solar,Australia,1995,0.013282589989547,%
renewables-wind-solar,Australia,1996,0.014639804502302001,%
renewables-wind-solar,Australia,1997,0.016398908925926003,%
renewables-wind-solar,Australia,1998,0.018426669533037003,%
renewables-wind-solar,Australia,1999,0.030394093741267003,%
renewables-wind-solar,Australia,2000,0.045665575766801005,%
renewables-wind-solar,Australia,2001,0.113072317314755,%
renewables-wind-solar,Australia,2002,0.181934037924897,%
renewables-wind-solar,Australia,2003,0.34510556969592604,%
renewables-wind-solar,Australia,2004,0.338828720768361,%
renewables-wind-solar,Australia,2005,0.42160507325606805,%
renewables-wind-solar,Australia,2006,0.77524374006786,%
renewables-wind-solar,Australia,2007,1.119030091669168,%
renewables-wind-solar,Australia,2008,1.324309989680167,%
renewables-wind-solar,Australia,2009,1.605805884865531,%
renewables-wind-solar,Australia,2010,2.15387416340472,%
renewables-wind-solar,Australia,2011,2.945799959813883,%
renewables-wind-solar,Australia,2012,3.704604054501038,%
renewables-wind-solar,Australia,2013,4.585975000902278,%
renewables-wind-solar,Australia,2014,5.763969432332058,%
renewables-wind-solar,Australia,2015,6.559274506294374,%
renewables-wind-solar,Australia,2016,7.174845944270998,%
renewables-wind-solar,Australia,2017,8.010476395585135,%
renewables-wind-solar,Australia,2018,9.614653018582082,%
renewables-wind-solar,Australia,2019,12.332144595872016,%
renewables-wind-solar,Australia,2020,15.623109349196538,%
renewables-wind-solar,Australia,2021,19.6766879235252,%
renewables-wind-solar,Australia,2022,23.494290273839454,%
renewables-wind-solar,Australia,2023,26.724990405335486,%
renewables-wind-solar,Australia,2024,28.715857632539098,%
renewables-wind-solar,Azerbaijan,1992,0.0,%
renewables-wind-solar,Azerbaijan,1993,0.0,%
renewables-wind-solar,Azerbaijan,1994,0.0,%
renewables-wind-solar,Azerbaijan,1995,0.0,%
renewables-wind-solar,Azerbaijan,1996,0.0,%
renewables-wind-solar,Azerbaijan,1997,0.0,%
renewables-wind-solar,Azerbaijan,1998,0.0,%
renewables-wind-solar,Azerbaijan,1999,0.0,%
renewables-wind-solar,Azerbaijan,2000,0.0,%
renewables-wind-solar,Azerbaijan,2001,0.0,%
renewables-wind-solar,Azerbaijan,2002,0.0,%
renewables-wind-solar,Azerbaijan,2003,0.0,%
renewables-wind-solar,Azerbaijan,2004,0.0,%
renewables-wind-solar,Azerbaijan,2005,0.0,%
renewables-wind-solar,Azerbaijan,2006,0.0,%
renewables-wind-solar,Azerbaijan,2007,0.0,%
renewables-wind-solar,Azerbaijan,2008,0.009240009240009001,%
renewables-wind-solar,Azerbaijan,2009,0.005300259712725,%
renewables-wind-solar,Azerbaijan,2010,0.0,%
renewables-wind-solar,Azerbaijan,2011,0.0,%
renewables-wind-solar,Azerbaijan,2012,0.0,%
renewables-wind-solar,Azerbaijan,2013,0.008563843452941,%
renewables-wind-solar,Azerbaijan,2014,0.020219993529602003,%
renewables-wind-solar,Azerbaijan,2015,0.037264434095012004,%
renewables-wind-solar,Azerbaijan,2016,0.23283866805060702,%
renewables-wind-solar,Azerbaijan,2017,0.24382321377909502,%
renewables-wind-solar,Azerbaijan,2018,0.483566660853296,%
renewables-wind-solar,Azerbaijan,2019,0.5737872763918921,%
renewables-wind-solar,Azerbaijan,2020,0.553823404783053,%
renewables-wind-solar,Azerbaijan,2021,0.5292482814158981,%
renewables-wind-solar,Azerbaijan,2022,0.499989652489268,%
renewables-wind-solar,Azerbaijan,1990,0.0,%
renewables-wind-solar,Azerbaijan,1991,0.0,%
renewables-wind-solar,Azerbaijan,2023,0.46891940300115703,%
renewables-wind-solar,Azerbaijan,2024,2.197863309717759,%
renewables-wind-solar,Belgium,1990,0.009869858861018,%
renewables-wind-solar,Belgium,1991,0.011120996441281,%
renewables-wind-solar,Belgium,1992,0.012461059190031001,%
renewables-wind-solar,Belgium,1993,0.011294011350481001,%
renewables-wind-solar,Belgium,1994,0.012469000678867002,%
renewables-wind-solar,Belgium,1995,0.012095473604988001,%
renewables-wind-solar,Belgium,1996,0.010512621716448001,%
renewables-wind-solar,Belgium,1997,0.010148034452576001,%
renewables-wind-solar,Belgium,1998,0.013223855835928002,%
renewables-wind-solar,Belgium,1999,0.015382066876493001,%
renewables-wind-solar,Belgium,2000,0.019044898347855003,%
renewables-wind-solar,Belgium,2001,0.046353716440535,%
renewables-wind-solar,Belgium,2002,0.069453752330356,%
renewables-wind-solar,Belgium,2003,0.10398203946591,%
renewables-wind-solar,Belgium,2004,0.17534471479159303,%
renewables-wind-solar,Belgium,2005,0.273046978786651,%
renewables-wind-solar,Belgium,2006,0.44288384565086003,%
renewables-wind-solar,Belgium,2007,0.5718983347642761,%
renewables-wind-solar,Belgium,2008,0.8152935480600341,%
renewables-wind-solar,Belgium,2009,1.285317517923614,%
renewables-wind-solar,Belgium,2010,1.998323632031946,%
renewables-wind-solar,Belgium,2011,3.904225283739547,%
renewables-wind-solar,Belgium,2012,5.927385999535219,%
renewables-wind-solar,Belgium,2013,7.5690740738522795,%
renewables-wind-solar,Belgium,2014,10.351696036699675,%
renewables-wind-solar,Belgium,2015,12.396671687827272,%
renewables-wind-solar,Belgium,2016,9.959932714996611,%
renewables-wind-solar,Belgium,2017,11.359516965100037,%
renewables-wind-solar,Belgium,2018,15.307896851084735,%
renewables-wind-solar,Belgium,2019,14.970153814495587,%
renewables-wind-solar,Belgium,2020,20.05742955584645,%
renewables-wind-solar,Belgium,2021,17.54629703348673,%
renewables-wind-solar,Belgium,2022,20.070183995881095,%
renewables-wind-solar,Belgium,2023,27.929326611640576,%
renewables-wind-solar,Belgium,2024,29.65821448285243,%
renewables-wind-solar,Brazil,1990,0.0,%
renewables-wind-solar,Brazil,1991,0.0,%
renewables-wind-solar,Brazil,1992,0.0,%
renewables-wind-solar,Brazil,1993,0.0,%
renewables-wind-solar,Brazil,1994,0.0,%
renewables-wind-solar,Brazil,1995,0.0,%
renewables-wind-solar,Brazil,1996,0.0,%
renewables-wind-solar,Brazil,1997,0.0,%
renewables-wind-solar,Brazil,1998,0.0,%
renewables-wind-solar,Brazil,1999,0.0,%
renewables-wind-solar,Brazil,2000,0.0,%
renewables-wind-solar,Brazil,2001,0.0,%
renewables-wind-solar,Brazil,2002,0.0,%
renewables-wind-solar,Brazil,2003,0.0,%
renewables-wind-solar,Brazil,2004,0.0,%
renewables-wind-solar,Brazil,2005,0.0,%
renewables-wind-solar,Brazil,2006,0.0,%
renewables-wind-solar,Brazil,2007,0.14491320934454202,%
renewables-wind-solar,Brazil,2008,0.18073069614786602,%
renewables-wind-solar,Brazil,2009,0.26557519124417,%
renewables-wind-solar,Brazil,2010,0.42206445158763706,%
renewables-wind-solar,Brazil,2011,0.5086890865975,%
renewables-wind-solar,Brazil,2012,0.9140304580288071,%
renewables-wind-solar,Brazil,2013,1.15374239276292,%
renewables-wind-solar,Brazil,2014,2.070470855586901,%
renewables-wind-solar,Brazil,2015,3.730893900500319,%
renewables-wind-solar,Brazil,2016,5.7994772817962446,%
renewables-wind-solar,Brazil,2017,7.331256384412023,%
renewables-wind-solar,Brazil,2018,8.635907122761042,%
renewables-wind-solar,Brazil,2019,10.001293250033129,%
renewables-wind-solar,Brazil,2020,10.914394444283465,%
renewables-wind-solar,Brazil,2021,13.570646896175736,%
renewables-wind-solar,Brazil,2022,16.498767978264375,%
renewables-wind-solar,Brazil,2023,20.69451212054708,%
renewables-wind-solar,Brazil,2024,23.751124426080505,%
renewables-wind-solar,Canada,1990,0.005387808218894,%
renewables-wind-solar,Canada,1991,0.006285947763774001,%
renewables-wind-solar,Canada,1992,0.018041672424647,%
renewables-wind-solar,Canada,1993,0.017827586595156,%
renewables-wind-solar,Canada,1994,0.017074446383542,%
renewables-wind-solar,Canada,1995,0.017116937209368,%
renewables-wind-solar,Canada,1996,0.017420965435062,%
renewables-wind-solar,Canada,1997,0.017587178424537,%
renewables-wind-solar,Canada,1998,0.018492669612454,%
renewables-wind-solar,Canada,1999,0.036058480298957,%
renewables-wind-solar,Canada,2000,0.051466719013158004,%
renewables-wind-solar,Canada,2001,0.065720049527171,%
renewables-wind-solar,Canada,2002,0.076777600882776,%
renewables-wind-solar,Canada,2003,0.149480377734541,%
renewables-wind-solar,Canada,2004,0.166405149065032,%
renewables-wind-solar,Canada,2005,0.25967628204096205,%
renewables-wind-solar,Canada,2006,0.41203502707307604,%
renewables-wind-solar,Canada,2007,0.48706468295416905,%
renewables-wind-solar,Canada,2008,0.6070770912100161,%
renewables-wind-solar,Canada,2009,1.425909249265435,%
renewables-wind-solar,Canada,2010,1.99109174244987,%
renewables-wind-solar,Canada,2011,2.101148147680337,%
renewables-wind-solar,Canada,2012,2.365327722318024,%
renewables-wind-solar,Canada,2013,3.336522126626018,%
renewables-wind-solar,Canada,2014,4.083113696816587,%
renewables-wind-solar,Canada,2015,4.553766178493528,%
renewables-wind-solar,Canada,2016,5.132777961565066,%
renewables-wind-solar,Canada,2017,5.286126897226103,%
renewables-wind-solar,Canada,2018,5.648459628366834,%
renewables-wind-solar,Canada,2019,5.642580350338055,%
renewables-wind-solar,Canada,2020,6.162283967009638,%
renewables-wind-solar,Canada,2021,6.442641335589719,%
renewables-wind-solar,Canada,2022,6.604064724839592,%
renewables-wind-solar,Canada,2023,7.391289484164116,%
renewables-wind-solar,Canada,2024,8.646796558726633,%
renewables-wind-solar,Chile,1990,0.0,%
renewables-wind-solar,Chile,1991,0.0,%
renewables-wind-solar,Chile,1992,0.0,%
renewables-wind-solar,Chile,1993,0.0,%
renewables-wind-solar,Chile,1994,0.0,%
renewables-wind-solar,Chile,1995,0.0,%
renewables-wind-solar,Chile,1996,0.0,%
renewables-wind-solar,Chile,1997,0.0,%
renewables-wind-solar,Chile,1998,0.0,%
renewables-wind-solar,Chile,1999,0.0,%
renewables-wind-solar,Chile,2000,0.0,%
renewables-wind-solar,Chile,2001,0.016458583151113003,%
renewables-wind-solar,Chile,2002,0.01602894369261,%
renewables-wind-solar,Chile,2003,0.014948002306263001,%
renewables-wind-solar,Chile,2004,0.013669739103265001,%
renewables-wind-solar,Chile,2005,0.013337398064171,%
renewables-wind-solar,Chile,2006,0.012653651482284001,%
renewables-wind-solar,Chile,2007,0.015382248884786,%
renewables-wind-solar,Chile,2008,0.063647326812273,%
renewables-wind-solar,Chile,2009,0.289845525509699,%
renewables-wind-solar,Chile,2010,0.734685772909289,%
renewables-wind-solar,Chile,2011,0.514357889610883,%
renewables-wind-solar,Chile,2012,0.5863715215552461,%
renewables-wind-solar,Chile,2013,0.7691781290631621,%
renewables-wind-solar,Chile,2014,2.7179059545178292,%
renewables-wind-solar,Chile,2015,4.476622377807834,%
renewables-wind-solar,Chile,2016,6.413310644734355,%
renewables-wind-solar,Chile,2017,9.44004918028928,%
renewables-wind-solar,Chile,2018,10.954440671560173,%
renewables-wind-solar,Chile,2019,13.620619299676893,%
renewables-wind-solar,Chile,2020,16.417395873643976,%
renewables-wind-solar,Chile,2021,21.038059824371537,%
renewables-wind-solar,Chile,2022,27.547635861010477,%
renewables-wind-solar,Chile,2023,31.020716768485514,%
renewables-wind-solar,Chile,2024,33.78576927792034,%
renewables-wind-solar,China,1990,0.0,%
renewables-wind-solar,China,1991,0.0,%
renewables-wind-solar,China,1992,0.0,%
renewables-wind-solar,China,1993,0.0,%
renewables-wind-solar,China,1994,0.0,%
renewables-wind-solar,China,1995,0.0,%
renewables-wind-solar,China,1996,0.0,%
renewables-wind-solar,China,1997,0.0,%
renewables-wind-solar,China,1998,0.0,%
renewables-wind-solar,China,1999,0.0,%
renewables-wind-solar,China,2000,0.00047949017653700003,%
renewables-wind-solar,China,2001,0.00044167705457100003,%
renewables-wind-solar,China,2002,0.167441925704877,%
renewables-wind-solar,China,2003,0.16735739867301103,%
renewables-wind-solar,China,2004,0.16863213536211102,%
renewables-wind-solar,China,2005,0.11300795787200901,%
renewables-wind-solar,China,2006,0.191940455014555,%
renewables-wind-solar,China,2007,0.342353364979024,%
renewables-wind-solar,China,2008,0.6815242629803451,%
renewables-wind-solar,China,2009,1.951126489737626,%
renewables-wind-solar,China,2010,1.882192755153978,%
renewables-wind-solar,China,2011,1.9950980542969572,%
renewables-wind-solar,China,2012,2.511157508766059,%
renewables-wind-solar,China,2013,2.811883008036847,%
renewables-wind-solar,China,2014,3.257703844880307,%
renewables-wind-solar,China,2015,3.944242687137703,%
renewables-wind-solar,China,2016,4.871384827789348,%
renewables-wind-solar,China,2017,6.116011915493085,%
renewables-wind-solar,China,2018,7.586843676066208,%
renewables-wind-solar,China,2019,8.403288172877078,%
renewables-wind-solar,China,2020,9.35036865345505,%
renewables-wind-solar,China,2021,11.5054577161907,%
renewables-wind-solar,China,2022,13.447904204591321,%
renewables-wind-solar,China,2023,15.54552495250576,%
renewables-wind-solar,China,2024,18.20310088081909,%
renewables-wind-solar,Colombia,1990,0.0,%
renewables-wind-solar,Colombia,1991,0.0,%
renewables-wind-solar,Colombia,1992,0.0,%
renewables-wind-solar,Colombia,1993,0.0,%
renewables-wind-solar,Colombia,1994,0.0,%
renewables-wind-solar,Colombia,1995,0.0,%
renewables-wind-solar,Colombia,1996,0.0,%
renewables-wind-solar,Colombia,1997,0.0,%
renewables-wind-solar,Colombia,1998,0.0,%
renewables-wind-solar,Colombia,1999,0.0,%
renewables-wind-solar,Colombia,2000,0.0,%
renewables-wind-solar,Colombia,2001,0.0,%
renewables-wind-solar,Colombia,2002,0.0,%
renewables-wind-solar,Colombia,2003,0.0,%
renewables-wind-solar,Colombia,2004,0.103527912718005,%
renewables-wind-solar,Colombia,2005,0.098152032102141,%
renewables-wind-solar,Colombia,2006,0.116987298521874,%
renewables-wind-solar,Colombia,2007,0.08858516831181901,%
renewables-wind-solar,Colombia,2008,0.0,%
renewables-wind-solar,Colombia,2009,0.09941550539072001,%
renewables-wind-solar,Colombia,2010,0.068149210903873,%
renewables-wind-solar,Colombia,2011,0.066392460407423,%
renewables-wind-solar,Colombia,2012,0.08677953265277101,%
renewables-wind-solar,Colombia,2013,0.08918798394616201,%
renewables-wind-solar,Colombia,2014,0.096983428704054,%
renewables-wind-solar,Colombia,2015,0.09164244048709501,%
renewables-wind-solar,Colombia,2016,0.068797942294335,%
renewables-wind-solar,Colombia,2017,0.010834817521657,%
renewables-wind-solar,Colombia,2018,0.07006795485969401,%
renewables-wind-solar,Colombia,2019,0.24909139056772203,%
renewables-wind-solar,Colombia,2020,0.265134084146611,%
renewables-wind-solar,Colombia,2021,1.399981015676939,%
renewables-wind-solar,Colombia,2022,0.6800665420877741,%
renewables-wind-solar,Colombia,2023,1.5989261319346921,%
renewables-wind-solar,Colombia,2024,3.8082544475365463,%
renewables-wind-solar,Czechia,1990,0.0,%
renewables-wind-solar,Czechia,1991,0.0,%
renewables-wind-solar,Czechia,1992,0.0,%
renewables-wind-solar,Czechia,1993,0.0,%
renewables-wind-solar,Czechia,1994,0.0,%
renewables-wind-solar,Czechia,1995,0.0,%
renewables-wind-solar,Czechia,1996,0.0,%
renewables-wind-solar,Czechia,1997,0.0,%
renewables-wind-solar,Czechia,1998,0.0,%
renewables-wind-solar,Czechia,1999,0.0,%
renewables-wind-solar,Czechia,2000,0.0012727163188280002,%
renewables-wind-solar,Czechia,2001,0.00010851014671000001,%
renewables-wind-solar,Czechia,2002,0.002792495683911,%
renewables-wind-solar,Czechia,2003,0.0061002467962550004,%
renewables-wind-solar,Czechia,2004,0.012049578096983002,%
renewables-wind-solar,Czechia,2005,0.026270419835433004,%
renewables-wind-solar,Czechia,2006,0.059260299597609006,%
renewables-wind-solar,Czechia,2007,0.144248142314947,%
renewables-wind-solar,Czechia,2008,0.307960314701541,%
renewables-wind-solar,Czechia,2009,0.458563892468316,%
renewables-wind-solar,Czechia,2010,1.206219335083807,%
renewables-wind-solar,Czechia,2011,3.04435693679838,%
renewables-wind-solar,Czechia,2012,3.018184507866718,%
renewables-wind-solar,Czechia,2013,2.9778804410526023,%
renewables-wind-solar,Czechia,2014,3.109090279306481,%
renewables-wind-solar,Czechia,2015,3.475340249115692,%
renewables-wind-solar,Czechia,2016,3.248601045568605,%
renewables-wind-solar,Czechia,2017,3.303043804242357,%
renewables-wind-solar,Czechia,2018,3.479213433448379,%
renewables-wind-solar,Czechia,2019,3.565902809280045,%
renewables-wind-solar,Czechia,2020,3.765475019268739,%
renewables-wind-solar,Czechia,2021,3.460891019878815,%
renewables-wind-solar,Czechia,2022,3.9561849613374953,%
renewables-wind-solar,Czechia,2023,4.769353267954437,%
renewables-wind-solar,Czechia,2024,7.392189724242264,%
renewables-wind-solar,Denmark,1990,2.347779231775845,%
renewables-wind-solar,Denmark,1991,2.02490080722397,%
renewables-wind-solar,Denmark,1992,2.976771422994339,%
renewables-wind-solar,Denmark,1993,3.043503855889798,%
renewables-wind-solar,Denmark,1994,2.802010941889694,%
renewables-wind-solar,Denmark,1995,3.264467309801185,%
renewables-wind-solar,Denmark,1996,2.353404545874293,%
renewables-wind-solar,Denmark,1997,4.452256767266683,%
renewables-wind-solar,Denmark,1998,6.951572495317783,%
renewables-wind-solar,Denmark,1999,7.882836587872559,%
renewables-wind-solar,Denmark,2000,11.874185227304245,%
renewables-wind-solar,Denmark,2001,11.458029632378276,%
renewables-wind-solar,Denmark,2002,12.449410746557385,%
renewables-wind-solar,Denmark,2003,12.085913480275408,%
renewables-wind-solar,Denmark,2004,16.314617858026217,%
renewables-wind-solar,Denmark,2005,18.253048612260663,%
renewables-wind-solar,Denmark,2006,13.395891342000832,%
renewables-wind-solar,Denmark,2007,18.244480618577676,%
renewables-wind-solar,Denmark,2008,18.92888354817566,%
renewables-wind-solar,Denmark,2009,18.483907319352443,%
renewables-wind-solar,Denmark,2010,20.110724341785374,%
renewables-wind-solar,Denmark,2011,27.78702312782655,%
renewables-wind-solar,Denmark,2012,33.789652220482665,%
renewables-wind-solar,Denmark,2013,33.50570679721081,%
renewables-wind-solar,Denmark,2014,42.48752004901873,%
renewables-wind-solar,Denmark,2015,50.92270963536664,%
renewables-wind-solar,Denmark,2016,44.29016694584518,%
renewables-wind-solar,Denmark,2017,50.065131635336726,%
renewables-wind-solar,Denmark,2018,48.912884068428454,%
renewables-wind-solar,Denmark,2019,57.977193108164435,%
renewables-wind-solar,Denmark,2020,60.95218927386027,%
renewables-wind-solar,Denmark,2021,52.5357727836532,%
renewables-wind-solar,Denmark,2022,60.428407014622074,%
renewables-wind-solar,Denmark,2023,67.46069789964879,%
renewables-wind-solar,Denmark,2024,69.54309187023017,%
renewables-wind-solar,Egypt,1990,0.0,%
renewables-wind-solar,Egypt,1991,0.0,%
renewables-wind-solar,Egypt,1992,0.0,%
renewables-wind-solar,Egypt,1993,0.0,%
renewables-wind-solar,Egypt,1994,0.0,%
renewables-wind-solar,Egypt,1995,0.0,%
renewables-wind-solar,Egypt,1996,0.0,%
renewables-wind-solar,Egypt,1997,0.0,%
renewables-wind-solar,Egypt,1998,0.0,%
renewables-wind-solar,Egypt,1999,0.0,%
renewables-wind-solar,Egypt,2000,0.11515987318196601,%
renewables-wind-solar,Egypt,2001,0.23304864076658602,%
renewables-wind-solar,Egypt,2002,0.24783003281130003,%
renewables-wind-solar,Egypt,2003,0.37500127378150006,%
renewables-wind-solar,Egypt,2004,0.501683469385797,%
renewables-wind-solar,Egypt,2005,0.49422508729519204,%
renewables-wind-solar,Egypt,2006,0.520239512866637,%
renewables-wind-solar,Egypt,2007,0.6485651179670481,%
renewables-wind-solar,Egypt,2008,0.6918538115125661,%
renewables-wind-solar,Egypt,2009,0.7940290139463171,%
renewables-wind-solar,Egypt,2010,1.132331246760496,%
renewables-wind-solar,Egypt,2011,1.243469304178404,%
renewables-wind-solar,Egypt,2012,0.9093228369414681,%
renewables-wind-solar,Egypt,2013,0.8604581969651891,%
renewables-wind-solar,Egypt,2014,0.9743477459205311,%
renewables-wind-solar,Egypt,2015,0.8859222628162121,%
renewables-wind-solar,Egypt,2016,1.15985827428095,%
renewables-wind-solar,Egypt,2017,1.424545221624391,%
renewables-wind-solar,Egypt,2018,1.366114830554432,%
renewables-wind-solar,Egypt,2019,2.655758344343668,%
renewables-wind-solar,Egypt,2020,4.393076715557512,%
renewables-wind-solar,Egypt,2021,4.985413195072249,%
renewables-wind-solar,Egypt,2022,4.9226816164447555,%
renewables-wind-solar,Egypt,2023,4.8776956062955295,%
renewables-wind-solar,Egypt,2024,4.982454962251938,%
renewables-wind-solar,France,1990,0.11953470806213401,%
renewables-wind-solar,France,1991,0.113659888809837,%
renewables-wind-solar,France,1992,0.11151415483756201,%
renewables-wind-solar,France,1993,0.105160299884755,%
renewables-wind-solar,France,1994,0.10625513371317001,%
renewables-wind-solar,France,1995,0.10376573537050501,%
renewables-wind-solar,France,1996,0.09724817391363401,%
renewables-wind-solar,France,1997,0.10348623097556901,%
renewables-wind-solar,France,1998,0.10626888240139401,%
renewables-wind-solar,France,1999,0.105431045037813,%
renewables-wind-solar,France,2000,0.10384014655711801,%
renewables-wind-solar,France,2001,0.113248255451162,%
renewables-wind-solar,France,2002,0.137216130169854,%
renewables-wind-solar,France,2003,0.156285248960451,%
renewables-wind-solar,France,2004,0.186998650854365,%
renewables-wind-solar,France,2005,0.252397553781391,%
renewables-wind-solar,France,2006,0.462529792245697,%
renewables-wind-solar,France,2007,0.8524470779215271,%
renewables-wind-solar,France,2008,1.122681199902279,%
renewables-wind-solar,France,2009,1.6373066734404982,%
renewables-wind-solar,France,2010,1.963221550960284,%
renewables-wind-solar,France,2011,2.798469743687184,%
renewables-wind-solar,France,2012,3.649171589070217,%
renewables-wind-solar,France,2013,3.867241908162887,%
renewables-wind-solar,France,2014,4.349502214025799,%
renewables-wind-solar,France,2015,5.238313393436874,%
renewables-wind-solar,France,2016,5.539263028402758,%
renewables-wind-solar,France,2017,6.337639345217568,%
renewables-wind-solar,France,2018,6.990202963092456,%
renewables-wind-solar,France,2019,8.421942027274424,%
renewables-wind-solar,France,2020,10.236402441922316,%
renewables-wind-solar,France,2021,9.665294834342115,%
renewables-wind-solar,France,2022,12.429047069843591,%
renewables-wind-solar,France,2023,14.172775682196662,%
renewables-wind-solar,France,2024,12.608967757176707,%
renewables-wind-solar,Germany,1990,0.013090552075852002,%
renewables-wind-solar,Germany,1991,0.040027129498882,%
renewables-wind-solar,Germany,1992,0.054886784378663005,%
renewables-wind-solar,Germany,1993,0.128639725163222,%
renewables-wind-solar,Germany,1994,0.27118451886008005,%
renewables-wind-solar,Germany,1995,0.319942525740576,%
renewables-wind-solar,Germany,1996,0.37632433756113004,%
renewables-wind-solar,Germany,1997,0.553345637961106,%
renewables-wind-solar,Germany,1998,0.831786165534073,%
renewables-wind-solar,Germany,1999,0.999101204386122,%
renewables-wind-solar,Germany,2000,1.63248881696595,%
renewables-wind-solar,Germany,2001,1.802846492020886,%
renewables-wind-solar,Germany,2002,2.734645317661336,%
renewables-wind-solar,Germany,2003,3.519538584765681,%
renewables-wind-solar,Germany,2004,4.6138861518697745,%
renewables-wind-solar,Germany,2005,5.130842831327815,%
renewables-wind-solar,Germany,2006,5.7931868385943766,%
renewables-wind-solar,Germany,2007,7.126195911137721,%
renewables-wind-solar,Germany,2008,7.456399587661664,%
renewables-wind-solar,Germany,2009,8.0317534829916,%
renewables-wind-solar,Germany,2010,8.27426080363912,%
renewables-wind-solar,Germany,2011,11.674003421825637,%
renewables-wind-solar,Germany,2012,12.717228515087225,%
renewables-wind-solar,Germany,2013,13.400949740175763,%
renewables-wind-solar,Germany,2014,15.398705969678531,%
renewables-wind-solar,Germany,2015,18.711322396145043,%
renewables-wind-solar,Germany,2016,18.461862498059034,%
renewables-wind-solar,Germany,2017,22.48016361670004,%
renewables-wind-solar,Germany,2018,24.225254032988378,%
renewables-wind-solar,Germany,2019,28.33352830782463,%
renewables-wind-solar,Germany,2020,31.88307829187679,%
renewables-wind-solar,Germany,2021,28.08860065938011,%
renewables-wind-solar,Germany,2022,32.3550638652764,%
renewables-wind-solar,Germany,2023,40.21594946388766,%
renewables-wind-solar,Germany,2024,43.060132009881194,%
renewables-wind-solar,India,1990,0.011055870148805,%
renewables-wind-solar,India,1991,0.012356200753411001,%
renewables-wind-solar,India,1992,0.01562908572854,%
renewables-wind-solar,India,1993,0.015996183366775,%
renewables-wind-solar,India,1994,0.04720443410442501,%
renewables-wind-solar,India,1995,0.119126501340771,%
renewables-wind-solar,India,1996,0.21195800210126803,%
renewables-wind-solar,India,1997,0.22261578919121902,%
renewables-wind-solar,India,1998,0.226795244343199,%
renewables-wind-solar,India,1999,0.281292641280114,%
renewables-wind-solar,India,2000,0.282075878767995,%
renewables-wind-solar,India,2001,0.360029009531703,%
renewables-wind-solar,India,2002,0.42086173577391806,%
renewables-wind-solar,India,2003,0.537125101835887,%
renewables-wind-solar,India,2004,0.644908451529011,%
renewables-wind-solar,India,2005,0.858961675771,%
renewables-wind-solar,India,2006,1.268781879025163,%
renewables-wind-solar,India,2007,1.40363693607936,%
renewables-wind-solar,India,2008,1.582612390523316,%
renewables-wind-solar,India,2009,2.022261779941716,%
renewables-wind-solar,India,2010,1.9627275574911032,%
renewables-wind-solar,India,2011,2.4000879747915222,%
renewables-wind-solar,India,2012,2.73988084198813,%
renewables-wind-solar,India,2013,3.101518249153735,%
renewables-wind-solar,India,2014,2.450734334041576,%
renewables-wind-solar,India,2015,2.7380753731222063,%
renewables-wind-solar,India,2016,5.840369516559408,%
renewables-wind-solar,India,2017,7.253849503810416,%
renewables-wind-solar,India,2018,6.834748396473491,%
renewables-wind-solar,India,2019,7.643111736874817,%
renewables-wind-solar,India,2020,8.394210117881395,%
renewables-wind-solar,India,2021,9.484361666051791,%
renewables-wind-solar,India,2022,10.207643596073348,%
renewables-wind-solar,India,2023,10.97973075871203,%
renewables-wind-solar,India,2024,11.988059409163506,%
renewables-wind-solar,Indonesia,1990,2.300754647524388,%
renewables-wind-solar,Indonesia,1991,2.141802067946824,%
renewables-wind-solar,Indonesia,1992,1.8656716417910442,%
renewables-wind-solar,Indonesia,1993,1.845876918896888,%
renewables-wind-solar,Indonesia,1994,2.4879178256748142,%
renewables-wind-solar,Indonesia,1995,3.231041389493998,%
renewables-wind-solar,Indonesia,1996,2.829089698785155,%
renewables-wind-solar,Indonesia,1997,2.900256849315068,%
renewables-wind-solar,Indonesia,1998,3.411079100727469,%
renewables-wind-solar,Indonesia,1999,2.84332527307596,%
renewables-wind-solar,Indonesia,2000,2.662017264423028,%
renewables-wind-solar,Indonesia,2001,5.9332788965734355,%
renewables-wind-solar,Indonesia,2002,5.764929856015378,%
renewables-wind-solar,Indonesia,2003,5.591266468338292,%
renewables-wind-solar,Indonesia,2004,5.535119840213049,%
renewables-wind-solar,Indonesia,2005,5.184935109799087,%
renewables-wind-solar,Indonesia,2006,5.001953301078823,%
renewables-wind-solar,Indonesia,2007,4.93616243426418,%
renewables-wind-solar,Indonesia,2008,5.552172487402719,%
renewables-wind-solar,Indonesia,2009,5.903557129575049,%
renewables-wind-solar,Indonesia,2010,5.520756324603621,%
renewables-wind-solar,Indonesia,2011,5.141209173798859,%
renewables-wind-solar,Indonesia,2012,4.804188379194916,%
renewables-wind-solar,Indonesia,2013,6.178299538684806,%
renewables-wind-solar,Indonesia,2014,6.717484739868965,%
renewables-wind-solar,Indonesia,2015,3.365138337401119,%
renewables-wind-solar,Indonesia,2016,4.577759433792478,%
renewables-wind-solar,Indonesia,2017,5.319473828235819,%
renewables-wind-solar,Indonesia,2018,4.795233736999762,%
renewables-wind-solar,Indonesia,2019,4.653944002171182,%
renewables-wind-solar,Indonesia,2020,5.171089314633355,%
renewables-wind-solar,Indonesia,2021,5.880036342155172,%
renewables-wind-solar,Indonesia,2022,5.117881502655094,%
renewables-wind-solar,Indonesia,2023,4.929747689030197,%
renewables-wind-solar,Indonesia,2024,4.63053978808881,%
renewables-wind-solar,Iran,1990,0.0,%
renewables-wind-solar,Iran,1991,0.0,%
renewables-wind-solar,Iran,1992,0.0,%
renewables-wind-solar,Iran,1993,0.0,%
renewables-wind-solar,Iran,1994,0.0,%
renewables-wind-solar,Iran,1995,0.0,%
renewables-wind-solar,Iran,1996,0.0,%
renewables-wind-solar,Iran,1997,0.0,%
renewables-wind-solar,Iran,1998,0.0,%
renewables-wind-solar,Iran,1999,0.0,%
renewables-wind-solar,Iran,2000,0.030482027961081,%
renewables-wind-solar,Iran,2001,0.026113871842333002,%
renewables-wind-solar,Iran,2002,0.021264380037000003,%
renewables-wind-solar,Iran,2003,0.017546253874797,%
renewables-wind-solar,Iran,2004,0.00421628328605,%
renewables-wind-solar,Iran,2005,0.039895928060426,%
renewables-wind-solar,Iran,2006,0.06491532307829001,%
renewables-wind-solar,Iran,2007,0.070137314124719,%
renewables-wind-solar,Iran,2008,0.091399727534839,%
renewables-wind-solar,Iran,2009,0.10167073150078801,%
renewables-wind-solar,Iran,2010,0.070006296832244,%
renewables-wind-solar,Iran,2011,0.09041792256071,%
renewables-wind-solar,Iran,2012,0.081431298418041,%
renewables-wind-solar,Iran,2013,0.143300862804027,%
renewables-wind-solar,Iran,2014,0.067804248609553,%
renewables-wind-solar,Iran,2015,0.079056903381645,%
renewables-wind-solar,Iran,2016,0.087854076702924,%
renewables-wind-solar,Iran,2017,0.12695116802217601,%
renewables-wind-solar,Iran,2018,0.27702672216351404,%
renewables-wind-solar,Iran,2019,0.39438879038873903,%
renewables-wind-solar,Iran,2020,0.390779691862747,%
renewables-wind-solar,Iran,2021,0.381793862557923,%
renewables-wind-solar,Iran,2022,0.42112059941524205,%
renewables-wind-solar,Iran,2023,0.44081473587420206,%
renewables-wind-solar,Iran,2024,0.41756348597749704,%
renewables-wind-solar,Italy,1990,1.490304709141274,%
renewables-wind-solar,Italy,1991,1.43812889962852,%
renewables-wind-solar,Italy,1992,1.6720146384152321,%
renewables-wind-solar,Italy,1993,1.811025035681905,%
renewables-wind-solar,Italy,1994,1.612938014692877,%
renewables-wind-solar,Italy,1995,1.584751272314681,%
renewables-wind-solar,Italy,1996,1.699443201204419,%
renewables-wind-solar,Italy,1997,1.878929348279934,%
renewables-wind-solar,Italy,1998,1.9969207082371052,%
renewables-wind-solar,Italy,1999,2.062732669093263,%
renewables-wind-solar,Italy,2000,2.194900554141901,%
renewables-wind-solar,Italy,2001,2.338992380719775,%
renewables-wind-solar,Italy,2002,2.403290272641608,%
renewables-wind-solar,Italy,2003,2.623824526782136,%
renewables-wind-solar,Italy,2004,2.723876942149645,%
renewables-wind-solar,Italy,2005,2.902473745009299,%
renewables-wind-solar,Italy,2006,3.043438965654263,%
renewables-wind-solar,Italy,2007,3.397207609933138,%
renewables-wind-solar,Italy,2008,3.6005804435750433,%
renewables-wind-solar,Italy,2009,4.498400053198291,%
renewables-wind-solar,Italy,2010,5.689064156867586,%
renewables-wind-solar,Italy,2011,8.961045100011669,%
renewables-wind-solar,Italy,2012,12.901631552738014,%
renewables-wind-solar,Italy,2013,14.802440044109794,%
renewables-wind-solar,Italy,2014,15.746188216681576,%
renewables-wind-solar,Italy,2015,15.748215901312957,%
renewables-wind-solar,Italy,2016,16.156871703166182,%
renewables-wind-solar,Italy,2017,16.557404762814308,%
renewables-wind-solar,Italy,2018,16.24973685180921,%
renewables-wind-solar,Italy,2019,17.224823706321754,%
renewables-wind-solar,Italy,2020,17.90556306971775,%
renewables-wind-solar,Italy,2021,18.147512814650508,%
renewables-wind-solar,Italy,2022,19.423573957185436,%
renewables-wind-solar,Italy,2023,22.920313061231536,%
renewables-wind-solar,Italy,2024,23.793507362103895,%
renewables-wind-solar,Japan,1990,2.450061561644339,%
renewables-wind-solar,Japan,1991,2.454282053765128,%
renewables-wind-solar,Japan,1992,2.420271489206284,%
renewables-wind-solar,Japan,1993,2.416701036355818,%
renewables-wind-solar,Japan,1994,2.440106981127596,%
renewables-wind-solar,Japan,1995,2.650983163793321,%
renewables-wind-solar,Japan,1996,2.7022242266537297,%
renewables-wind-solar,Japan,1997,2.604346859688626,%
renewables-wind-solar,Japan,1998,2.256061966553731,%
renewables-wind-solar,Japan,1999,2.282995684145052,%
renewables-wind-solar,Japan,2000,2.230261506707173,%
renewables-wind-solar,Japan,2001,2.320461769035499,%
renewables-wind-solar,Japan,2002,2.30576717996444,%
renewables-wind-solar,Japan,2003,2.479794650564088,%
renewables-wind-solar,Japan,2004,2.403211877331275,%
renewables-wind-solar,Japan,2005,2.444545451266012,%
renewables-wind-solar,Japan,2006,2.537394050564539,%
renewables-wind-solar,Japan,2007,2.5399942024060893,%
renewables-wind-solar,Japan,2008,2.4571215107087943,%
renewables-wind-solar,Japan,2009,2.631885429533789,%
renewables-wind-solar,Japan,2010,2.65143589196114,%
renewables-wind-solar,Japan,2011,2.987434265552313,%
renewables-wind-solar,Japan,2012,3.179733860407299,%
renewables-wind-solar,Japan,2013,3.855952658048774,%
renewables-wind-solar,Japan,2014,4.839412727460298,%
renewables-wind-solar,Japan,2015,6.035043835494801,%
renewables-wind-solar,Japan,2016,7.014577820453784,%
renewables-wind-solar,Japan,2017,7.834421754205517,%
renewables-wind-solar,Japan,2018,8.589590669108603,%
renewables-wind-solar,Japan,2019,9.495542365717233,%
renewables-wind-solar,Japan,2020,10.612677634531359,%
renewables-wind-solar,Japan,2021,11.085692725356905,%
renewables-wind-solar,Japan,2022,11.882895491490356,%
renewables-wind-solar,Japan,2023,12.678675288537988,%
renewables-wind-solar,Japan,2024,12.889500927916231,%
renewables-wind-solar,Kazakhstan,1992,0.0,%
renewables-wind-solar,Kazakhstan,1993,0.0,%
renewables-wind-solar,Kazakhstan,1994,0.0,%
renewables-wind-solar,Kazakhstan,1995,0.0,%
renewables-wind-solar,Kazakhstan,1996,0.0,%
renewables-wind-solar,Kazakhstan,1997,0.0,%
renewables-wind-solar,Kazakhstan,1998,0.0,%
renewables-wind-solar,Kazakhstan,1999,0.0,%
renewables-wind-solar,Kazakhstan,2000,0.0,%
renewables-wind-solar,Kazakhstan,2001,0.0,%
renewables-wind-solar,Kazakhstan,2002,0.0,%
renewables-wind-solar,Kazakhstan,2003,0.0,%
renewables-wind-solar,Kazakhstan,2004,0.0,%
renewables-wind-solar,Kazakhstan,2005,0.0,%
renewables-wind-solar,Kazakhstan,2006,0.0,%
renewables-wind-solar,Kazakhstan,2007,0.0,%
renewables-wind-solar,Kazakhstan,2008,0.0,%
renewables-wind-solar,Kazakhstan,2009,0.0,%
renewables-wind-solar,Kazakhstan,2010,0.004839685420447,%
renewables-wind-solar,Kazakhstan,2011,0.005774272152995001,%
renewables-wind-solar,Kazakhstan,2012,0.011850255857796001,%
renewables-wind-solar,Kazakhstan,2013,0.027155991775613002,%
renewables-wind-solar,Kazakhstan,2014,0.11622704904771601,%
renewables-wind-solar,Kazakhstan,2015,0.272171317792318,%
renewables-wind-solar,Kazakhstan,2016,0.43441169428956306,%
renewables-wind-solar,Kazakhstan,2017,0.48395383319295204,%
renewables-wind-solar,Kazakhstan,2018,0.785349327636879,%
renewables-wind-solar,Kazakhstan,2019,1.439001081233212,%
renewables-wind-solar,Kazakhstan,2020,2.271640162489209,%
renewables-wind-solar,Kazakhstan,2021,2.934129932494688,%
renewables-wind-solar,Kazakhstan,2022,3.639935554834798,%
renewables-wind-solar,Kazakhstan,1990,0.0,%
renewables-wind-solar,Kazakhstan,1991,0.0,%
renewables-wind-solar,Kazakhstan,2023,4.986247173024854,%
renewables-wind-solar,Kazakhstan,2024,5.397981283863211,%
renewables-wind-solar,Kuwait,1990,0.0,%
renewables-wind-solar,Kuwait,1991,0.0,%
renewables-wind-solar,Kuwait,1992,0.0,%
renewables-wind-solar,Kuwait,1993,0.0,%
renewables-wind-solar,Kuwait,1994,0.0,%
renewables-wind-solar,Kuwait,1995,0.0,%
renewables-wind-solar,Kuwait,1996,0.0,%
renewables-wind-solar,Kuwait,1997,0.0,%
renewables-wind-solar,Kuwait,1998,0.0,%
renewables-wind-solar,Kuwait,1999,0.0,%
renewables-wind-solar,Kuwait,2000,0.0,%
renewables-wind-solar,Kuwait,2001,0.0,%
renewables-wind-solar,Kuwait,2002,0.0,%
renewables-wind-solar,Kuwait,2003,0.0,%
renewables-wind-solar,Kuwait,2004,0.0,%
renewables-wind-solar,Kuwait,2005,0.0,%
renewables-wind-solar,Kuwait,2006,0.0,%
renewables-wind-solar,Kuwait,2007,0.0,%
renewables-wind-solar,Kuwait,2008,0.0,%
renewables-wind-solar,Kuwait,2009,0.0,%
renewables-wind-solar,Kuwait,2010,0.0,%
renewables-wind-solar,Kuwait,2011,0.0,%
renewables-wind-solar,Kuwait,2012,0.0,%
renewables-wind-solar,Kuwait,2013,0.0,%
renewables-wind-solar,Kuwait,2014,0.0,%
renewables-wind-solar,Kuwait,2015,0.0,%
renewables-wind-solar,Kuwait,2016,0.021398013536811002,%
renewables-wind-solar,Kuwait,2017,0.050844219258804,%
renewables-wind-solar,Kuwait,2018,0.07833505766832101,%
renewables-wind-solar,Kuwait,2019,0.17494350790868002,%
renewables-wind-solar,Kuwait,2020,0.28431304666157303,%
renewables-wind-solar,Kuwait,2021,0.23244630205121203,%
renewables-wind-solar,Kuwait,2022,0.19515375556348602,%
renewables-wind-solar,Kuwait,2023,0.19341085635973201,%
renewables-wind-solar,Kuwait,2024,0.169062901950316,%
renewables-wind-solar,Malaysia,1990,0.0,%
renewables-wind-solar,Malaysia,1991,0.0,%
renewables-wind-solar,Malaysia,1992,0.0,%
renewables-wind-solar,Malaysia,1993,0.0,%
renewables-wind-solar,Malaysia,1994,0.0,%
renewables-wind-solar,Malaysia,1995,0.0,%
renewables-wind-solar,Malaysia,1996,0.0,%
renewables-wind-solar,Malaysia,1997,0.0,%
renewables-wind-solar,Malaysia,1998,0.0,%
renewables-wind-solar,Malaysia,1999,0.0,%
renewables-wind-solar,Malaysia,2000,0.0,%
renewables-wind-solar,Malaysia,2001,0.0,%
renewables-wind-solar,Malaysia,2002,0.0,%
renewables-wind-solar,Malaysia,2003,0.0,%
renewables-wind-solar,Malaysia,2004,0.0,%
renewables-wind-solar,Malaysia,2005,0.0,%
renewables-wind-solar,Malaysia,2006,0.0,%
renewables-wind-solar,Malaysia,2007,0.0,%
renewables-wind-solar,Malaysia,2008,0.0,%
renewables-wind-solar,Malaysia,2009,0.0,%
renewables-wind-solar,Malaysia,2010,0.0005830066106350001,%
renewables-wind-solar,Malaysia,2011,0.0005452637751940001,%
renewables-wind-solar,Malaysia,2012,0.035517583770534,%
renewables-wind-solar,Malaysia,2013,0.10192943013496601,%
renewables-wind-solar,Malaysia,2014,0.15393900760201001,%
renewables-wind-solar,Malaysia,2015,0.181850882276533,%
renewables-wind-solar,Malaysia,2016,0.197874445472824,%
renewables-wind-solar,Malaysia,2017,0.200669872165048,%
renewables-wind-solar,Malaysia,2018,0.37050498892002404,%
renewables-wind-solar,Malaysia,2019,0.8351490790758691,%
renewables-wind-solar,Malaysia,2020,1.2259223426147061,%
renewables-wind-solar,Malaysia,2021,1.177318061237488,%
renewables-wind-solar,Malaysia,2022,1.222925852892565,%
renewables-wind-solar,Malaysia,2023,1.400897640234741,%
renewables-wind-solar,Malaysia,2024,1.688201598651489,%
renewables-wind-solar,Mexico,1990,4.425183663250947,%
renewables-wind-solar,Mexico,1991,4.229602551139457,%
renewables-wind-solar,Mexico,1992,4.371387283236994,%
renewables-wind-solar,Mexico,1993,4.335424144818792,%
renewables-wind-solar,Mexico,1994,3.811569281796494,%
renewables-wind-solar,Mexico,1995,3.73141190688876,%
renewables-wind-solar,Mexico,1996,3.640664337216455,%
renewables-wind-solar,Mexico,1997,3.274166681592663,%
renewables-wind-solar,Mexico,1998,3.115126382306477,%
renewables-wind-solar,Mexico,1999,2.948671087671662,%
renewables-wind-solar,Mexico,2000,2.8817308861067223,%
renewables-wind-solar,Mexico,2001,2.613697964371834,%
renewables-wind-solar,Mexico,2002,2.486928389110122,%
renewables-wind-solar,Mexico,2003,2.6708492614841433,%
renewables-wind-solar,Mexico,2004,2.780501971942437,%
renewables-wind-solar,Mexico,2005,2.921824156192177,%
renewables-wind-solar,Mexico,2006,2.619840032272829,%
renewables-wind-solar,Mexico,2007,2.893256732712084,%
renewables-wind-solar,Mexico,2008,2.726918292705567,%
renewables-wind-solar,Mexico,2009,2.74991223287047,%
renewables-wind-solar,Mexico,2010,2.862773420629534,%
renewables-wind-solar,Mexico,2011,2.70717520338496,%
renewables-wind-solar,Mexico,2012,3.116252424909188,%
renewables-wind-solar,Mexico,2013,3.484727201791973,%
renewables-wind-solar,Mexico,2014,4.194748852389418,%
renewables-wind-solar,Mexico,2015,4.929001776564793,%
renewables-wind-solar,Mexico,2016,5.300017157206806,%
renewables-wind-solar,Mexico,2017,5.7359319403518825,%
renewables-wind-solar,Mexico,2018,8.855623168303541,%
renewables-wind-solar,Mexico,2019,12.329521892825348,%
renewables-wind-solar,Mexico,2020,10.745718962477966,%
renewables-wind-solar,Mexico,2021,10.588047115092143,%
renewables-wind-solar,Mexico,2022,17.622977048966128,%
renewables-wind-solar,Mexico,2023,13.524494871665759,%
renewables-wind-solar,Mexico,2024,13.082251340719573,%
renewables-wind-solar,Netherlands,1990,0.320169621813841,%
renewables-wind-solar,Netherlands,1991,0.281820829010055,%
renewables-wind-solar,Netherlands,1992,0.45925149817364,%
renewables-wind-solar,Netherlands,1993,0.504177228328912,%
renewables-wind-solar,Netherlands,1994,0.5712777413121011,%
renewables-wind-solar,Netherlands,1995,0.7448916003228241,%
renewables-wind-solar,Netherlands,1996,0.7901588528565261,%
renewables-wind-solar,Netherlands,1997,0.8247118484158921,%
renewables-wind-solar,Netherlands,1998,0.9391281675924551,%
renewables-wind-solar,Netherlands,1999,0.9553526691217281,%
renewables-wind-solar,Netherlands,2000,1.209097036197478,%
renewables-wind-solar,Netherlands,2001,1.152065740082799,%
renewables-wind-solar,Netherlands,2002,1.240609426217437,%
renewables-wind-solar,Netherlands,2003,1.6176291218233732,%
renewables-wind-solar,Netherlands,2004,2.081894442708787,%
renewables-wind-solar,Netherlands,2005,2.365913660380467,%
renewables-wind-solar,Netherlands,2006,2.952313418910504,%
renewables-wind-solar,Netherlands,2007,3.471321508617263,%
renewables-wind-solar,Netherlands,2008,4.135043622119325,%
renewables-wind-solar,Netherlands,2009,4.182904350735154,%
renewables-wind-solar,Netherlands,2010,3.523965926986433,%
renewables-wind-solar,Netherlands,2011,4.696899211779869,%
renewables-wind-solar,Netherlands,2012,5.152780100014327,%
renewables-wind-solar,Netherlands,2013,6.061331477087703,%
renewables-wind-solar,Netherlands,2014,6.450915292305635,%
renewables-wind-solar,Netherlands,2015,9.088344562591272,%
renewables-wind-solar,Netherlands,2016,9.609084731355438,%
renewables-wind-solar,Netherlands,2017,12.212657890519315,%
renewables-wind-solar,Netherlands,2018,12.96345358026908,%
renewables-wind-solar,Netherlands,2019,14.374219748711456,%
renewables-wind-solar,Netherlands,2020,19.75794668330828,%
renewables-wind-solar,Netherlands,2021,24.514214177232947,%
renewables-wind-solar,Netherlands,2022,31.935722490671225,%
renewables-wind-solar,Netherlands,2023,40.94095449271135,%
renewables-wind-solar,Netherlands,2024,45.18091277707029,%
renewables-wind-solar,New Zealand,1990,6.739230415453012,%
renewables-wind-solar,New Zealand,1991,6.998037933289732,%
renewables-wind-solar,New Zealand,1992,7.00650367337107,%
renewables-wind-solar,New Zealand,1993,7.077856420626897,%
renewables-wind-solar,New Zealand,1994,6.520812615428328,%
renewables-wind-solar,New Zealand,1995,6.121776386256901,%
renewables-wind-solar,New Zealand,1996,6.07542658406695,%
renewables-wind-solar,New Zealand,1997,6.246828512672596,%
renewables-wind-solar,New Zealand,1998,6.930142679408105,%
renewables-wind-solar,New Zealand,1999,7.637187491767433,%
renewables-wind-solar,New Zealand,2000,7.8932669848684895,%
renewables-wind-solar,New Zealand,2001,7.625859420253356,%
renewables-wind-solar,New Zealand,2002,7.534801502541062,%
renewables-wind-solar,New Zealand,2003,7.311401576345034,%
renewables-wind-solar,New Zealand,2004,7.575403320084171,%
renewables-wind-solar,New Zealand,2005,8.966544134754082,%
renewables-wind-solar,New Zealand,2006,9.338968257614038,%
renewables-wind-solar,New Zealand,2007,10.354254470896457,%
renewables-wind-solar,New Zealand,2008,12.121832957727241,%
renewables-wind-solar,New Zealand,2009,14.699669360764144,%
renewables-wind-solar,New Zealand,2010,16.876680667600063,%
renewables-wind-solar,New Zealand,2011,18.480428401783513,%
renewables-wind-solar,New Zealand,2012,19.203621126224036,%
renewables-wind-solar,New Zealand,2013,20.360047518961892,%
renewables-wind-solar,New Zealand,2014,22.523300750170495,%
renewables-wind-solar,New Zealand,2015,23.868340381732338,%
renewables-wind-solar,New Zealand,2016,24.12598496512997,%
renewables-wind-solar,New Zealand,2017,23.439272390788748,%
renewables-wind-solar,New Zealand,2018,23.30088439838994,%
renewables-wind-solar,New Zealand,2019,23.684635097690467,%
renewables-wind-solar,New Zealand,2020,24.278776453688593,%
renewables-wind-solar,New Zealand,2021,25.427402501578317,%
renewables-wind-solar,New Zealand,2022,26.1871157332085,%
renewables-wind-solar,New Zealand,2023,26.56566572372931,%
renewables-wind-solar,New Zealand,2024,30.378777012022496,%
renewables-wind-solar,Nigeria,1990,0.0,%
renewables-wind-solar,Nigeria,1991,0.0,%
renewables-wind-solar,Nigeria,1992,0.0,%
renewables-wind-solar,Nigeria,1993,0.0,%
renewables-wind-solar,Nigeria,1994,0.0,%
renewables-wind-solar,Nigeria,1995,0.0,%
renewables-wind-solar,Nigeria,1996,0.0,%
renewables-wind-solar,Nigeria,1997,0.0,%
renewables-wind-solar,Nigeria,1998,0.0,%
renewables-wind-solar,Nigeria,1999,0.0,%
renewables-wind-solar,Nigeria,2000,0.0,%
renewables-wind-solar,Nigeria,2001,0.0,%
renewables-wind-solar,Nigeria,2002,0.0,%
renewables-wind-solar,Nigeria,2003,0.0,%
renewables-wind-solar,Nigeria,2004,0.0,%
renewables-wind-solar,Nigeria,2005,0.0,%
renewables-wind-solar,Nigeria,2006,0.0,%
renewables-wind-solar,Nigeria,2007,0.0,%
renewables-wind-solar,Nigeria,2008,0.0,%
renewables-wind-solar,Nigeria,2009,0.0,%
renewables-wind-solar,Nigeria,2010,0.007656088504383001,%
renewables-wind-solar,Nigeria,2011,0.0073975440153860005,%
renewables-wind-solar,Nigeria,2012,0.08353637312913301,%
renewables-wind-solar,Nigeria,2013,0.086415485655029,%
renewables-wind-solar,Nigeria,2014,0.077452134580829,%
renewables-wind-solar,Nigeria,2015,0.084477296726504,%
renewables-wind-solar,Nigeria,2016,0.082167018158911,%
renewables-wind-solar,Nigeria,2017,0.09603905991896901,%
renewables-wind-solar,Nigeria,2018,0.093429388769901,%
renewables-wind-solar,Nigeria,2019,0.13377965815288,%
renewables-wind-solar,Nigeria,2020,0.12832112707183002,%
renewables-wind-solar,Nigeria,2021,0.135250536488799,%
renewables-wind-solar,Nigeria,2022,0.265571556968176,%
renewables-wind-solar,Nigeria,2023,0.252778678498616,%
renewables-wind-solar,Nigeria,2024,0.31852419626167805,%
renewables-wind-solar,Norway,1990,0.05334515133609,%
renewables-wind-solar,Norway,1991,0.037834770153771,%
renewables-wind-solar,Norway,1992,0.036594810345267,%
renewables-wind-solar,Norway,1993,0.052453229203959006,%
renewables-wind-solar,Norway,1994,0.05645929637601801,%
renewables-wind-solar,Norway,1995,0.044643219506651004,%
renewables-wind-solar,Norway,1996,0.05429398765526101,%
renewables-wind-solar,Norway,1997,0.050153595385869006,%
renewables-wind-solar,Norway,1998,0.055551757144810004,%
renewables-wind-solar,Norway,1999,0.066820407930441,%
renewables-wind-solar,Norway,2000,0.035668825446559,%
renewables-wind-solar,Norway,2001,0.07711871359422401,%
renewables-wind-solar,Norway,2002,0.08415898397153801,%
renewables-wind-solar,Norway,2003,0.237711260056118,%
renewables-wind-solar,Norway,2004,0.263069871719536,%
renewables-wind-solar,Norway,2005,0.397800143468904,%
renewables-wind-solar,Norway,2006,0.56011580661611,%
renewables-wind-solar,Norway,2007,0.6880867689078081,%
renewables-wind-solar,Norway,2008,0.671901163690601,%
renewables-wind-solar,Norway,2009,0.7452209481456741,%
renewables-wind-solar,Norway,2010,0.710986726630052,%
renewables-wind-solar,Norway,2011,1.005966802311449,%
renewables-wind-solar,Norway,2012,1.048333028585359,%
renewables-wind-solar,Norway,2013,1.40297750462438,%
renewables-wind-solar,Norway,2014,1.561597520602944,%
renewables-wind-solar,Norway,2015,1.739930541142611,%
renewables-wind-solar,Norway,2016,1.419734034701627,%
renewables-wind-solar,Norway,2017,1.909285523146909,%
renewables-wind-solar,Norway,2018,2.637149700470816,%
renewables-wind-solar,Norway,2019,4.104580045982177,%
renewables-wind-solar,Norway,2020,6.440178554986193,%
renewables-wind-solar,Norway,2021,7.52157584122546,%
renewables-wind-solar,Norway,2022,10.21101929256313,%
renewables-wind-solar,Norway,2023,9.246719145074916,%
renewables-wind-solar,Norway,2024,9.551952535722103,%
renewables-wind-solar,Philippines,1990,20.508779828905897,%
renewables-wind-solar,Philippines,1991,22.433074854849394,%
renewables-wind-solar,Philippines,1992,22.181577616064132,%
renewables-wind-solar,Philippines,1993,21.341164953499757,%
renewables-wind-solar,Philippines,1994,20.730827264974085,%
renewables-wind-solar,Philippines,1995,18.268715383241023,%
renewables-wind-solar,Philippines,1996,17.782979070843428,%
renewables-wind-solar,Philippines,1997,18.194388576025744,%
renewables-wind-solar,Philippines,1998,21.429945187037212,%
renewables-wind-solar,Philippines,1999,25.559120847306332,%
renewables-wind-solar,Philippines,2000,25.660493963405212,%
renewables-wind-solar,Philippines,2001,22.189638318670575,%
renewables-wind-solar,Philippines,2002,21.124494678656877,%
renewables-wind-solar,Philippines,2003,18.54747337412191,%
renewables-wind-solar,Philippines,2004,18.36924286275771,%
renewables-wind-solar,Philippines,2005,17.59094040951893,%
renewables-wind-solar,Philippines,2006,18.522235132565754,%
renewables-wind-solar,Philippines,2007,17.229812811463933,%
renewables-wind-solar,Philippines,2008,17.728178001739543,%
renewables-wind-solar,Philippines,2009,16.77021440758263,%
renewables-wind-solar,Philippines,2010,14.746479850176877,%
renewables-wind-solar,Philippines,2011,14.498268595972968,%
renewables-wind-solar,Philippines,2012,14.157760884020313,%
renewables-wind-solar,Philippines,2013,12.8471405857107,%
renewables-wind-solar,Philippines,2014,13.557034473923604,%
renewables-wind-solar,Philippines,2015,14.473592905117695,%
renewables-wind-solar,Philippines,2016,14.471932372846997,%
renewables-wind-solar,Philippines,2017,13.312124173177017,%
renewables-wind-solar,Philippines,2018,12.865358059391726,%
renewables-wind-solar,Philippines,2019,12.237328708419001,%
renewables-wind-solar,Philippines,2020,12.92663658659288,%
renewables-wind-solar,Philippines,2021,12.018775963088789,%
renewables-wind-solar,Philippines,2022,11.904068112393338,%
renewables-wind-solar,Philippines,2023,12.355291495923378,%
renewables-wind-solar,Philippines,2024,12.14686236261932,%
renewables-wind-solar,Poland,1990,0.0,%
renewables-wind-solar,Poland,1991,0.0,%
renewables-wind-solar,Poland,1992,0.0,%
renewables-wind-solar,Poland,1993,0.0,%
renewables-wind-solar,Poland,1994,0.0,%
renewables-wind-solar,Poland,1995,0.000719393407478,%
renewables-wind-solar,Poland,1996,0.0,%
renewables-wind-solar,Poland,1997,0.001400658309405,%
renewables-wind-solar,Poland,1998,0.0028013357469170003,%
renewables-wind-solar,Poland,1999,0.0028143645164920004,%
renewables-wind-solar,Poland,2000,0.0034438915268940004,%
renewables-wind-solar,Poland,2001,0.009614360976484,%
renewables-wind-solar,Poland,2002,0.042324087527711,%
renewables-wind-solar,Poland,2003,0.08177732139584,%
renewables-wind-solar,Poland,2004,0.23243448748678402,%
renewables-wind-solar,Poland,2005,0.24434804250308803,%
renewables-wind-solar,Poland,2006,0.31412821893367404,%
renewables-wind-solar,Poland,2007,0.437773698380836,%
renewables-wind-solar,Poland,2008,0.543964844047047,%
renewables-wind-solar,Poland,2009,0.715308626073868,%
renewables-wind-solar,Poland,2010,1.060102744158409,%
renewables-wind-solar,Poland,2011,1.964393583562523,%
renewables-wind-solar,Poland,2012,2.933114936718135,%
renewables-wind-solar,Poland,2013,3.653730195101366,%
renewables-wind-solar,Poland,2014,4.835017352200621,%
renewables-wind-solar,Poland,2015,6.622804486401549,%
renewables-wind-solar,Poland,2016,7.634264787012668,%
renewables-wind-solar,Poland,2017,8.847548041037992,%
renewables-wind-solar,Poland,2018,7.738687786125125,%
renewables-wind-solar,Poland,2019,9.755385836473987,%
renewables-wind-solar,Poland,2020,11.237724610205285,%
renewables-wind-solar,Poland,2021,11.227426141590785,%
renewables-wind-solar,Poland,2022,15.626982826707822,%
renewables-wind-solar,Poland,2023,21.34891006626892,%
renewables-wind-solar,Poland,2024,24.193370261026825,%
renewables-wind-solar,Portugal,1990,0.021051892916038,%
renewables-wind-solar,Portugal,1991,0.023433315479378002,%
renewables-wind-solar,Portugal,1992,0.033235841531507,%
renewables-wind-solar,Portugal,1993,0.051272191245273005,%
renewables-wind-solar,Portugal,1994,0.162513547973792,%
renewables-wind-solar,Portugal,1995,0.17736359537050903,%
renewables-wind-solar,Portugal,1996,0.205671909851974,%
renewables-wind-solar,Portugal,1997,0.26309634403951204,%
renewables-wind-solar,Portugal,1998,0.379642930432998,%
renewables-wind-solar,Portugal,1999,0.47127313050107406,%
renewables-wind-solar,Portugal,2000,0.5689607896901561,%
renewables-wind-solar,Portugal,2001,0.778343976434668,%
renewables-wind-solar,Portugal,2002,0.9976793111675011,%
renewables-wind-solar,Portugal,2003,1.2571501750192091,%
renewables-wind-solar,Portugal,2004,2.00320874508297,%
renewables-wind-solar,Portugal,2005,3.9661425109685613,%
renewables-wind-solar,Portugal,2006,6.148869108843973,%
renewables-wind-solar,Portugal,2007,9.019039097405754,%
renewables-wind-solar,Portugal,2008,13.028507288689859,%
renewables-wind-solar,Portugal,2009,15.776470267680345,%
renewables-wind-solar,Portugal,2010,17.730115572102846,%
renewables-wind-solar,Portugal,2011,18.39791208353008,%
renewables-wind-solar,Portugal,2012,23.16536396366654,%
renewables-wind-solar,Portugal,2013,24.559268730852754,%
renewables-wind-solar,Portugal,2014,24.513744891982267,%
renewables-wind-solar,Portugal,2015,24.05093850340719,%
renewables-wind-solar,Portugal,2016,22.404666809772884,%
renewables-wind-solar,Portugal,2017,22.641215073660494,%
renewables-wind-solar,Portugal,2018,23.229004212583916,%
renewables-wind-solar,Portugal,2019,28.64227021134937,%
renewables-wind-solar,Portugal,2020,26.81208312963309,%
renewables-wind-solar,Portugal,2021,30.6619484098353,%
renewables-wind-solar,Portugal,2022,34.74370413277962,%
renewables-wind-solar,Portugal,2023,37.74837363271474,%
renewables-wind-solar,Portugal,2024,43.1785074416454,%
renewables-wind-solar,Romania,1990,0.0,%
renewables-wind-solar,Romania,1991,0.0,%
renewables-wind-solar,Romania,1992,0.0,%
renewables-wind-solar,Romania,1993,0.0,%
renewables-wind-solar,Romania,1994,0.0,%
renewables-wind-solar,Romania,1995,0.0,%
renewables-wind-solar,Romania,1996,0.0,%
renewables-wind-solar,Romania,1997,0.0,%
renewables-wind-solar,Romania,1998,0.0,%
renewables-wind-solar,Romania,1999,0.0,%
renewables-wind-solar,Romania,2000,0.0,%
renewables-wind-solar,Romania,2001,0.0,%
renewables-wind-solar,Romania,2002,0.0,%
renewables-wind-solar,Romania,2003,0.0,%
renewables-wind-solar,Romania,2004,0.0,%
renewables-wind-solar,Romania,2005,0.00038207074940400004,%
renewables-wind-solar,Romania,2006,0.0008867998125340001,%
renewables-wind-solar,Romania,2007,0.004092520605654001,%
renewables-wind-solar,Romania,2008,0.007675892357509001,%
renewables-wind-solar,Romania,2009,0.015675486336962002,%
renewables-wind-solar,Romania,2010,0.502443010738017,%
renewables-wind-solar,Romania,2011,2.231981930395374,%
renewables-wind-solar,Romania,2012,4.484510894564634,%
renewables-wind-solar,Romania,2013,8.389687038819538,%
renewables-wind-solar,Romania,2014,11.902684418952573,%
renewables-wind-solar,Romania,2015,13.64362814340016,%
renewables-wind-solar,Romania,2016,12.91774641010252,%
renewables-wind-solar,Romania,2017,14.405831253720388,%
renewables-wind-solar,Romania,2018,12.474856829435094,%
renewables-wind-solar,Romania,2019,14.340861688744768,%
renewables-wind-solar,Romania,2020,15.515959963601972,%
renewables-wind-solar,Romania,2021,13.921074908966268,%
renewables-wind-solar,Romania,2022,16.044411850731272,%
renewables-wind-solar,Romania,2023,16.85857257997463,%
renewables-wind-solar,Romania,2024,20.41048061325161,%
renewables-wind-solar,Russia,1992,0.002875700332192,%
renewables-wind-solar,Russia,1993,0.0029270730210630004,%
renewables-wind-solar,Russia,1994,0.0035391602371920004,%
renewables-wind-solar,Russia,1995,0.0034882625778020005,%
renewables-wind-solar,Russia,1996,0.003305071041321,%
renewables-wind-solar,Russia,1997,0.003476667961425,%
renewables-wind-solar,Russia,1998,0.003626876606404,%
renewables-wind-solar,Russia,1999,0.0035451522406540004,%
renewables-wind-solar,Russia,2000,0.0068355347552760005,%
renewables-wind-solar,Russia,2001,0.010546582234170002,%
renewables-wind-solar,Russia,2002,0.018176004308386,%
renewables-wind-solar,Russia,2003,0.036342364720185004,%
renewables-wind-solar,Russia,2004,0.043997789379362,%
renewables-wind-solar,Russia,2005,0.043752609942859004,%
renewables-wind-solar,Russia,2006,0.046997672209312,%
renewables-wind-solar,Russia,2007,0.04845700868582,%
renewables-wind-solar,Russia,2008,0.045175844572026,%
renewables-wind-solar,Russia,2009,0.047178370531663,%
renewables-wind-solar,Russia,2010,0.049035191661127006,%
renewables-wind-solar,Russia,2011,0.049963735998065,%
renewables-wind-solar,Russia,2012,0.045015848941006006,%
renewables-wind-solar,Russia,2013,0.042394806116937,%
renewables-wind-solar,Russia,2014,0.066810310400138,%
renewables-wind-solar,Russia,2015,0.088052576755618,%
renewables-wind-solar,Russia,2016,0.09679432946553201,%
renewables-wind-solar,Russia,2017,0.10349627965148901,%
renewables-wind-solar,Russia,2018,0.12359245071131,%
renewables-wind-solar,Russia,2019,0.182158077932583,%
renewables-wind-solar,Russia,2020,0.33814896045831205,%
renewables-wind-solar,Russia,2021,0.5145260559694881,%
renewables-wind-solar,Russia,2022,0.742888043175508,%
renewables-wind-solar,Russia,1990,0.0025874368850210003,%
renewables-wind-solar,Russia,1991,0.002714941446202,%
renewables-wind-solar,Russia,2023,0.8002866365595641,%
renewables-wind-solar,Russia,2024,0.887819307763114,%
renewables-wind-solar,Saudi Arabia,1990,0.0,%
renewables-wind-solar,Saudi Arabia,1991,0.0,%
renewables-wind-solar,Saudi Arabia,1992,0.0,%
renewables-wind-solar,Saudi Arabia,1993,0.0,%
renewables-wind-solar,Saudi Arabia,1994,0.0,%
renewables-wind-solar,Saudi Arabia,1995,0.0,%
renewables-wind-solar,Saudi Arabia,1996,0.0,%
renewables-wind-solar,Saudi Arabia,1997,0.0,%
renewables-wind-solar,Saudi Arabia,1998,0.0,%
renewables-wind-solar,Saudi Arabia,1999,0.0,%
renewables-wind-solar,Saudi Arabia,2000,0.00048259944129800005,%
renewables-wind-solar,Saudi Arabia,2001,0.00045558390225000005,%
renewables-wind-solar,Saudi Arabia,2002,0.00042967022020400005,%
renewables-wind-solar,Saudi Arabia,2003,0.00039803763134000004,%
renewables-wind-solar,Saudi Arabia,2004,0.00038092114476300003,%
renewables-wind-solar,Saudi Arabia,2005,0.000345777914544,%
renewables-wind-solar,Saudi Arabia,2006,0.000335658121323,%
renewables-wind-solar,Saudi Arabia,2007,0.00031962529376800003,%
renewables-wind-solar,Saudi Arabia,2008,0.00029823613307600004,%
renewables-wind-solar,Saudi Arabia,2009,0.000280538364084,%
renewables-wind-solar,Saudi Arabia,2010,0.001703245491588,%
renewables-wind-solar,Saudi Arabia,2011,0.0021560894219210002,%
renewables-wind-solar,Saudi Arabia,2012,0.009436099927138,%
renewables-wind-solar,Saudi Arabia,2013,0.014953275634284,%
renewables-wind-solar,Saudi Arabia,2014,0.014712574838451,%
renewables-wind-solar,Saudi Arabia,2015,0.013594344752582001,%
renewables-wind-solar,Saudi Arabia,2016,0.013327577365137,%
renewables-wind-solar,Saudi Arabia,2017,0.018400664426856003,%
renewables-wind-solar,Saudi Arabia,2018,0.060909073347584004,%
renewables-wind-solar,Saudi Arabia,2019,0.12905648478453902,%
renewables-wind-solar,Saudi Arabia,2020,0.254423153323283,%
renewables-wind-solar,Saudi Arabia,2021,0.35958791172552,%
renewables-wind-solar,Saudi Arabia,2022,0.577625247341507,%
renewables-wind-solar,Saudi Arabia,2023,0.54811714445949,%
renewables-wind-solar,Saudi Arabia,2024,0.533153009130457,%
renewables-wind-solar,Singapore,1990,0.0,%
renewables-wind-solar,Singapore,1991,0.0,%
renewables-wind-solar,Singapore,1992,0.0,%
renewables-wind-solar,Singapore,1993,0.0,%
renewables-wind-solar,Singapore,1994,0.0,%
renewables-wind-solar,Singapore,1995,0.0,%
renewables-wind-solar,Singapore,1996,0.0,%
renewables-wind-solar,Singapore,1997,0.0,%
renewables-wind-solar,Singapore,1998,0.0,%
renewables-wind-solar,Singapore,1999,0.0,%
renewables-wind-solar,Singapore,2000,0.0,%
renewables-wind-solar,Singapore,2001,0.0,%
renewables-wind-solar,Singapore,2002,0.0,%
renewables-wind-solar,Singapore,2003,0.0,%
renewables-wind-solar,Singapore,2004,0.0,%
renewables-wind-solar,Singapore,2005,0.0,%
renewables-wind-solar,Singapore,2006,0.0,%
renewables-wind-solar,Singapore,2007,0.0,%
renewables-wind-solar,Singapore,2008,0.0023997331496730004,%
renewables-wind-solar,Singapore,2009,0.007176466929644001,%
renewables-wind-solar,Singapore,2010,0.011020230939959,%
renewables-wind-solar,Singapore,2011,0.017388507066254,%
renewables-wind-solar,Singapore,2012,0.027689620652197003,%
renewables-wind-solar,Singapore,2013,0.035431208225042005,%
renewables-wind-solar,Singapore,2014,0.077004445993539,%
renewables-wind-solar,Singapore,2015,0.13706657661326302,%
renewables-wind-solar,Singapore,2016,0.28222049539362004,%
renewables-wind-solar,Singapore,2017,0.333966278947719,%
renewables-wind-solar,Singapore,2018,0.44597829195959404,%
renewables-wind-solar,Singapore,2019,0.7515764774893681,%
renewables-wind-solar,Singapore,2020,0.9368817886603711,%
renewables-wind-solar,Singapore,2021,1.3003326020805321,%
renewables-wind-solar,Singapore,2022,2.118288231160774,%
renewables-wind-solar,Singapore,2023,3.053337475414084,%
renewables-wind-solar,Singapore,2024,3.775756800671796,%
renewables-wind-solar,South Africa,1990,0.0,%
renewables-wind-solar,South Africa,1991,0.0,%
renewables-wind-solar,South Africa,1992,0.0,%
renewables-wind-solar,South Africa,1993,0.0,%
renewables-wind-solar,South Africa,1994,0.0,%
renewables-wind-solar,South Africa,1995,0.0,%
renewables-wind-solar,South Africa,1996,0.0,%
renewables-wind-solar,South Africa,1997,0.0,%
renewables-wind-solar,South Africa,1998,0.0,%
renewables-wind-solar,South Africa,1999,0.0,%
renewables-wind-solar,South Africa,2000,0.0,%
renewables-wind-solar,South Africa,2001,0.0,%
renewables-wind-solar,South Africa,2002,0.0,%
renewables-wind-solar,South Africa,2003,0.0,%
renewables-wind-solar,South Africa,2004,0.0,%
renewables-wind-solar,South Africa,2005,0.008575278696557,%
renewables-wind-solar,South Africa,2006,0.008275340274110001,%
renewables-wind-solar,South Africa,2007,0.007971242792667001,%
renewables-wind-solar,South Africa,2008,0.008133041060238001,%
renewables-wind-solar,South Africa,2009,0.008417778347870001,%
renewables-wind-solar,South Africa,2010,0.013097021968328001,%
renewables-wind-solar,South Africa,2011,0.01409319793706,%
renewables-wind-solar,South Africa,2012,0.014345589119064,%
renewables-wind-solar,South Africa,2013,0.011324895635229001,%
renewables-wind-solar,South Africa,2014,0.817569226140043,%
renewables-wind-solar,South Africa,2015,1.8505537641945882,%
renewables-wind-solar,South Africa,2016,2.637665025557402,%
renewables-wind-solar,South Africa,2017,3.5178784105148413,%
renewables-wind-solar,South Africa,2018,4.176332202780289,%
renewables-wind-solar,South Africa,2019,4.525346918129504,%
renewables-wind-solar,South Africa,2020,5.137333834127009,%
renewables-wind-solar,South Africa,2021,6.141648360559419,%
renewables-wind-solar,South Africa,2022,6.774952703072,%
renewables-wind-solar,South Africa,2023,8.021938644199906,%
renewables-wind-solar,South Africa,2024,7.509212079812011,%
renewables-wind-solar,South Korea,1990,0.0009158851113710001,%
renewables-wind-solar,South Korea,1991,0.000833673750114,%
renewables-wind-solar,South Korea,1992,0.001487198935165,%
renewables-wind-solar,South Korea,1993,0.001993925174634,%
renewables-wind-solar,South Korea,1994,0.0017595307917880002,%
renewables-wind-solar,South Korea,1995,0.001067953907109,%
renewables-wind-solar,South Korea,1996,0.001440216608577,%
renewables-wind-solar,South Korea,1997,0.0017649758198310002,%
renewables-wind-solar,South Korea,1998,0.0027412906910330003,%
renewables-wind-solar,South Korea,1999,0.004560719764501,%
renewables-wind-solar,South Korea,2000,0.007609428774017,%
renewables-wind-solar,South Korea,2001,0.006126660647491001,%
renewables-wind-solar,South Korea,2002,0.006724970119735001,%
renewables-wind-solar,South Korea,2003,0.009536497331225,%
renewables-wind-solar,South Korea,2004,0.015386858003595,%
renewables-wind-solar,South Korea,2005,0.037445639261623004,%
renewables-wind-solar,South Korea,2006,0.068269479599255,%
renewables-wind-solar,South Korea,2007,0.111838086041424,%
renewables-wind-solar,South Korea,2008,0.18687614435059902,%
renewables-wind-solar,South Korea,2009,0.307073929194251,%
renewables-wind-solar,South Korea,2010,0.37593984962406,%
renewables-wind-solar,South Korea,2011,0.39451969366258705,%
renewables-wind-solar,South Korea,2012,0.45016605710571206,%
renewables-wind-solar,South Korea,2013,0.708903734327321,%
renewables-wind-solar,South Korea,2014,0.952236216853357,%
renewables-wind-solar,South Korea,2015,1.255229364803761,%
renewables-wind-solar,South Korea,2016,1.504874002882886,%
renewables-wind-solar,South Korea,2017,1.961727583428075,%
renewables-wind-solar,South Korea,2018,2.362367183071458,%
renewables-wind-solar,South Korea,2019,3.243487519067933,%
renewables-wind-solar,South Korea,2020,4.369734657414148,%
renewables-wind-solar,South Korea,2021,5.186862002078818,%
renewables-wind-solar,South Korea,2022,5.9313911592657185,%
renewables-wind-solar,South Korea,2023,7.012963821152931,%
renewables-wind-solar,South Korea,2024,8.02432117597244,%
renewables-wind-solar,Spain,1990,0.015139248171771001,%
renewables-wind-solar,Spain,1991,0.016687954506068,%
renewables-wind-solar,Spain,1992,0.07245372412141901,%
renewables-wind-solar,Spain,1993,0.082269358809198,%
renewables-wind-solar,Spain,1994,0.11739047160077301,%
renewables-wind-solar,Spain,1995,0.17355915973427402,%
renewables-wind-solar,Spain,1996,0.21896262159017302,%
renewables-wind-solar,Spain,1997,0.399680675623155,%
renewables-wind-solar,Spain,1998,0.7039303595450841,%
renewables-wind-solar,Spain,1999,1.3296710156688931,%
renewables-wind-solar,Spain,2000,2.112105066200973,%
renewables-wind-solar,Spain,2001,2.870748529885272,%
renewables-wind-solar,Spain,2002,3.821172397744855,%
renewables-wind-solar,Spain,2003,4.63932552377007,%
renewables-wind-solar,Spain,2004,6.6744474976603225,%
renewables-wind-solar,Spain,2005,8.91513851102514,%
renewables-wind-solar,Spain,2006,7.93126645896122,%
renewables-wind-solar,Spain,2007,9.312030994324223,%
renewables-wind-solar,Spain,2008,11.419989358873922,%
renewables-wind-solar,Spain,2009,15.11166926888874,%
renewables-wind-solar,Spain,2010,17.11825666142225,%
renewables-wind-solar,Spain,2011,17.862356940856976,%
renewables-wind-solar,Spain,2012,20.706717611384033,%
renewables-wind-solar,Spain,2013,24.06665072069178,%
renewables-wind-solar,Spain,2014,23.56434518098597,%
renewables-wind-solar,Spain,2015,22.569551044365742,%
renewables-wind-solar,Spain,2016,22.802826754758975,%
renewables-wind-solar,Spain,2017,23.071817674067734,%
renewables-wind-solar,Spain,2018,23.222275662046552,%
renewables-wind-solar,Spain,2019,25.949563963594713,%
renewables-wind-solar,Spain,2020,29.349249923112847,%
renewables-wind-solar,Spain,2021,32.611770538656714,%
renewables-wind-solar,Spain,2022,33.78719388348253,%
renewables-wind-solar,Spain,2023,39.57833530681934,%
renewables-wind-solar,Spain,2024,41.770826519776946,%
renewables-wind-solar,Sweden,1990,0.004095171792456,%
renewables-wind-solar,Sweden,1991,0.008819778012971001,%
renewables-wind-solar,Sweden,1992,0.021441923435776,%
renewables-wind-solar,Sweden,1993,0.03326623620498,%
renewables-wind-solar,Sweden,1994,0.050791087013566,%
renewables-wind-solar,Sweden,1995,0.06727971353847001,%
renewables-wind-solar,Sweden,1996,0.10302078151063901,%
renewables-wind-solar,Sweden,1997,0.13672648651737201,%
renewables-wind-solar,Sweden,1998,0.200347897609421,%
renewables-wind-solar,Sweden,1999,0.23202587291633803,%
renewables-wind-solar,Sweden,2000,0.315570526424076,%
renewables-wind-solar,Sweden,2001,0.29917671967678,%
renewables-wind-solar,Sweden,2002,0.41549212319425105,%
renewables-wind-solar,Sweden,2003,0.502686784120545,%
renewables-wind-solar,Sweden,2004,0.5680637140288011,%
renewables-wind-solar,Sweden,2005,0.5914921553143581,%
renewables-wind-solar,Sweden,2006,0.687807782704422,%
renewables-wind-solar,Sweden,2007,0.9596567381848041,%
renewables-wind-solar,Sweden,2008,1.334322464843635,%
renewables-wind-solar,Sweden,2009,1.8268956543608201,%
renewables-wind-solar,Sweden,2010,2.353202374125114,%
renewables-wind-solar,Sweden,2011,4.067670695183206,%
renewables-wind-solar,Sweden,2012,4.312534146648975,%
renewables-wind-solar,Sweden,2013,6.448564847638407,%
renewables-wind-solar,Sweden,2014,7.342068125359416,%
renewables-wind-solar,Sweden,2015,10.12813631490681,%
renewables-wind-solar,Sweden,2016,10.01348391052609,%
renewables-wind-solar,Sweden,2017,10.860882800608827,%
renewables-wind-solar,Sweden,2018,10.422276621787026,%
renewables-wind-solar,Sweden,2019,12.18601392789081,%
renewables-wind-solar,Sweden,2020,17.442761836748396,%
renewables-wind-solar,Sweden,2021,16.74641148325359,%
renewables-wind-solar,Sweden,2022,20.347195352248512,%
renewables-wind-solar,Sweden,2023,22.492820287429332,%
renewables-wind-solar,Sweden,2024,26.015283927639647,%
renewables-wind-solar,Taiwan,1990,0.0033605161752840004,%
renewables-wind-solar,Taiwan,1991,0.0020376143611060002,%
renewables-wind-solar,Taiwan,1992,0.0019172881875870003,%
renewables-wind-solar,Taiwan,1993,0.0008830645873430001,%
renewables-wind-solar,Taiwan,1994,0.0,%
renewables-wind-solar,Taiwan,1995,0.0,%
renewables-wind-solar,Taiwan,1996,0.0,%
renewables-wind-solar,Taiwan,1997,0.0,%
renewables-wind-solar,Taiwan,1998,0.0,%
renewables-wind-solar,Taiwan,1999,0.0,%
renewables-wind-solar,Taiwan,2000,0.0010780334513770002,%
renewables-wind-solar,Taiwan,2001,0.006341623244163001,%
renewables-wind-solar,Taiwan,2002,0.008024434402756,%
renewables-wind-solar,Taiwan,2003,0.011442793185816001,%
renewables-wind-solar,Taiwan,2004,0.012324321363526,%
renewables-wind-solar,Taiwan,2005,0.040746939598138,%
renewables-wind-solar,Taiwan,2006,0.11771181775839401,%
renewables-wind-solar,Taiwan,2007,0.1817898296182,%
renewables-wind-solar,Taiwan,2008,0.249549889042415,%
renewables-wind-solar,Taiwan,2009,0.34817975267530404,%
renewables-wind-solar,Taiwan,2010,0.42411635680811904,%
renewables-wind-solar,Taiwan,2011,0.616263161025519,%
renewables-wind-solar,Taiwan,2012,0.6286771020142431,%
renewables-wind-solar,Taiwan,2013,0.777516227976317,%
renewables-wind-solar,Taiwan,2014,0.7805016906382111,%
renewables-wind-solar,Taiwan,2015,0.9204200772440081,%
renewables-wind-solar,Taiwan,2016,0.97195454872457,%
renewables-wind-solar,Taiwan,2017,1.25433134482307,%
renewables-wind-solar,Taiwan,2018,1.603826101713036,%
renewables-wind-solar,Taiwan,2019,2.155135829695346,%
renewables-wind-solar,Taiwan,2020,2.995085934269508,%
renewables-wind-solar,Taiwan,2021,3.501272863068361,%
renewables-wind-solar,Taiwan,2022,4.94355851298591,%
renewables-wind-solar,Taiwan,2023,6.768778689994937,%
renewables-wind-solar,Taiwan,2024,8.783276933994594,%
renewables-wind-solar,Thailand,1990,0.002263723825693,%
renewables-wind-solar,Thailand,1991,0.001992587574223,%
renewables-wind-solar,Thailand,1992,0.0017513748292400002,%
renewables-wind-solar,Thailand,1993,0.0015771626843300002,%
renewables-wind-solar,Thailand,1994,0.001404948227657,%
renewables-wind-solar,Thailand,1995,0.0012486888766790002,%
renewables-wind-solar,Thailand,1996,0.002226105539663,%
renewables-wind-solar,Thailand,1997,0.002145324265762,%
renewables-wind-solar,Thailand,1998,0.0018878044501100001,%
renewables-wind-solar,Thailand,1999,0.001999138149331,%
renewables-wind-solar,Thailand,2000,0.001979643018267,%
renewables-wind-solar,Thailand,2001,0.0017574726761810002,%
renewables-wind-solar,Thailand,2002,0.0017429129947000002,%
renewables-wind-solar,Thailand,2003,0.0016241690024780002,%
renewables-wind-solar,Thailand,2004,0.001511211999977,%
renewables-wind-solar,Thailand,2005,0.0017398237331620002,%
renewables-wind-solar,Thailand,2006,0.001873987326079,%
renewables-wind-solar,Thailand,2007,0.002231859515602,%
renewables-wind-solar,Thailand,2008,0.003527164593779,%
renewables-wind-solar,Thailand,2009,0.008086798301772,%
renewables-wind-solar,Thailand,2010,0.01755287804511,%
renewables-wind-solar,Thailand,2011,0.06487667009249701,%
renewables-wind-solar,Thailand,2012,0.383864396123876,%
renewables-wind-solar,Thailand,2013,0.8147525468365141,%
renewables-wind-solar,Thailand,2014,0.9819520579764001,%
renewables-wind-solar,Thailand,2015,1.527983885073944,%
renewables-wind-solar,Thailand,2016,1.977531670783204,%
renewables-wind-solar,Thailand,2017,3.107568432653815,%
renewables-wind-solar,Thailand,2018,3.3722720131776303,%
renewables-wind-solar,Thailand,2019,4.602604234122375,%
renewables-wind-solar,Thailand,2020,4.092487208456314,%
renewables-wind-solar,Thailand,2021,4.316545536459403,%
renewables-wind-solar,Thailand,2022,4.019921557613024,%
renewables-wind-solar,Thailand,2023,4.099076981101528,%
renewables-wind-solar,Thailand,2024,3.983445304858045,%
renewables-wind-solar,Turkiye,1990,0.13902646716368602,%
renewables-wind-solar,Turkiye,1991,0.134448760083657,%
renewables-wind-solar,Turkiye,1992,0.10394701672062001,%
renewables-wind-solar,Turkiye,1993,0.10567960112724901,%
renewables-wind-solar,Turkiye,1994,0.100866945008363,%
renewables-wind-solar,Turkiye,1995,0.099713613227126,%
renewables-wind-solar,Turkiye,1996,0.08854968269697,%
renewables-wind-solar,Turkiye,1997,0.08035161090458401,%
renewables-wind-solar,Turkiye,1998,0.08106501414134101,%
renewables-wind-solar,Turkiye,1999,0.08759876331157601,%
renewables-wind-solar,Turkiye,2000,0.124077700433876,%
renewables-wind-solar,Turkiye,2001,0.15807723070072902,%
renewables-wind-solar,Turkiye,2002,0.149149784405145,%
renewables-wind-solar,Turkiye,2003,0.128751537949569,%
renewables-wind-solar,Turkiye,2004,0.11413563389010001,%
renewables-wind-solar,Turkiye,2005,0.14263133108602702,%
renewables-wind-solar,Turkiye,2006,0.171047738227652,%
renewables-wind-solar,Turkiye,2007,0.32160719728576703,%
renewables-wind-solar,Turkiye,2008,0.541516105390491,%
renewables-wind-solar,Turkiye,2009,1.030279242003996,%
renewables-wind-solar,Turkiye,2010,1.749734617527377,%
renewables-wind-solar,Turkiye,2011,2.4081694574563093,%
renewables-wind-solar,Turkiye,2012,2.8694063254754703,%
renewables-wind-solar,Turkiye,2013,3.8304751812344193,%
renewables-wind-solar,Turkiye,2014,4.460777699569952,%
renewables-wind-solar,Turkiye,2015,6.022756307022012,%
renewables-wind-solar,Turkiye,2016,8.050718836743478,%
renewables-wind-solar,Turkiye,2017,9.34107786769645,%
renewables-wind-solar,Turkiye,2018,11.853658747518066,%
renewables-wind-solar,Turkiye,2019,13.502491431652167,%
renewables-wind-solar,Turkiye,2020,15.351267422660131,%
renewables-wind-solar,Turkiye,2021,17.17364630126674,%
renewables-wind-solar,Turkiye,2022,19.585936132322036,%
renewables-wind-solar,Turkiye,2023,21.177139240134597,%
renewables-wind-solar,Turkiye,2024,22.737872753329817,%
renewables-wind-solar,United Arab Emirates,1990,0.0,%
renewables-wind-solar,United Arab Emirates,1991,0.0,%
renewables-wind-solar,United Arab Emirates,1992,0.0,%
renewables-wind-solar,United Arab Emirates,1993,0.0,%
renewables-wind-solar,United Arab Emirates,1994,0.0,%
renewables-wind-solar,United Arab Emirates,1995,0.0,%
renewables-wind-solar,United Arab Emirates,1996,0.0,%
renewables-wind-solar,United Arab Emirates,1997,0.0,%
renewables-wind-solar,United Arab Emirates,1998,0.0,%
renewables-wind-solar,United Arab Emirates,1999,0.0,%
renewables-wind-solar,United Arab Emirates,2000,0.0,%
renewables-wind-solar,United Arab Emirates,2001,0.0,%
renewables-wind-solar,United Arab Emirates,2002,0.0,%
renewables-wind-solar,United Arab Emirates,2003,0.0,%
renewables-wind-solar,United Arab Emirates,2004,0.0,%
renewables-wind-solar,United Arab Emirates,2005,0.0,%
renewables-wind-solar,United Arab Emirates,2006,0.0,%
renewables-wind-solar,United Arab Emirates,2007,0.0,%
renewables-wind-solar,United Arab Emirates,2008,0.0,%
renewables-wind-solar,United Arab Emirates,2009,0.0,%
renewables-wind-solar,United Arab Emirates,2010,0.0,%
renewables-wind-solar,United Arab Emirates,2011,0.0,%
renewables-wind-solar,United Arab Emirates,2012,0.017887066709344,%
renewables-wind-solar,United Arab Emirates,2013,0.06854832111161001,%
renewables-wind-solar,United Arab Emirates,2014,0.24977497942852903,%
renewables-wind-solar,United Arab Emirates,2015,0.228837442986897,%
renewables-wind-solar,United Arab Emirates,2016,0.23840201214384302,%
renewables-wind-solar,United Arab Emirates,2017,0.545297680664225,%
renewables-wind-solar,United Arab Emirates,2018,0.9580617317897681,%
renewables-wind-solar,United Arab Emirates,2019,2.730002217341342,%
renewables-wind-solar,United Arab Emirates,2020,3.987534811638448,%
renewables-wind-solar,United Arab Emirates,2021,3.858831327669572,%
renewables-wind-solar,United Arab Emirates,2022,4.959640072200779,%
renewables-wind-solar,United Arab Emirates,2023,8.789474395145628,%
renewables-wind-solar,United Arab Emirates,2024,8.292008960388523,%
renewables-wind-solar,United Kingdom,1990,0.0028148134247830002,%
renewables-wind-solar,United Kingdom,1991,0.0034068912117690003,%
renewables-wind-solar,United Kingdom,1992,0.012459390175147002,%
renewables-wind-solar,United Kingdom,1993,0.067470953445042,%
renewables-wind-solar,United Kingdom,1994,0.10475149087099901,%
renewables-wind-solar,United Kingdom,1995,0.11705149966620801,%
renewables-wind-solar,United Kingdom,1996,0.139083247593831,%
renewables-wind-solar,United Kingdom,1997,0.19020948709027902,%
renewables-wind-solar,United Kingdom,1998,0.241795628930557,%
renewables-wind-solar,United Kingdom,1999,0.23115452313174903,%
renewables-wind-solar,United Kingdom,2000,0.25141287138428203,%
renewables-wind-solar,United Kingdom,2001,0.251305907118168,%
renewables-wind-solar,United Kingdom,2002,0.325115494761741,%
renewables-wind-solar,United Kingdom,2003,0.323457174571444,%
renewables-wind-solar,United Kingdom,2004,0.49222317840615104,%
renewables-wind-solar,United Kingdom,2005,0.7310044281999011,%
renewables-wind-solar,United Kingdom,2006,1.066242451854219,%
renewables-wind-solar,United Kingdom,2007,1.332560542297709,%
renewables-wind-solar,United Kingdom,2008,1.9062876892337042,%
renewables-wind-solar,United Kingdom,2009,2.549023250382818,%
renewables-wind-solar,United Kingdom,2010,2.698085111941273,%
renewables-wind-solar,United Kingdom,2011,4.40491040975342,%
renewables-wind-solar,United Kingdom,2012,5.824637350744526,%
renewables-wind-solar,United Kingdom,2013,8.489973450512146,%
renewables-wind-solar,United Kingdom,2014,10.664053015273279,%
renewables-wind-solar,United Kingdom,2015,14.143422169762482,%
renewables-wind-solar,United Kingdom,2016,14.100769769069279,%
renewables-wind-solar,United Kingdom,2017,18.108259942093774,%
renewables-wind-solar,United Kingdom,2018,20.953585882973673,%
renewables-wind-solar,United Kingdom,2019,23.59865862632755,%
renewables-wind-solar,United Kingdom,2020,28.32371538709931,%
renewables-wind-solar,United Kingdom,2021,24.956101583735993,%
renewables-wind-solar,United Kingdom,2022,28.915173417338774,%
renewables-wind-solar,United Kingdom,2023,32.887073041068746,%
renewables-wind-solar,United Kingdom,2024,34.70690777094872,%
renewables-wind-solar,United States,1990,0.6134304101042031,%
renewables-wind-solar,United States,1991,0.6135830809807561,%
renewables-wind-solar,United States,1992,0.633038893576602,%
renewables-wind-solar,United States,1993,0.636945662625172,%
renewables-wind-solar,United States,1994,0.6273328851698671,%
renewables-wind-solar,United States,1995,0.529435969932838,%
renewables-wind-solar,United States,1996,0.545604568044466,%
renewables-wind-solar,United States,1997,0.515397563044117,%
renewables-wind-solar,United States,1998,0.503251673611384,%
renewables-wind-solar,United States,1999,0.544141168815641,%
renewables-wind-solar,United States,2000,0.51768378699755,%
renewables-wind-solar,United States,2001,0.56494865737702,%
renewables-wind-solar,United States,2002,0.656657911886095,%
renewables-wind-solar,United States,2003,0.6898243014539791,%
renewables-wind-solar,United States,2004,0.753247537160563,%
renewables-wind-solar,United States,2005,0.848227259517582,%
renewables-wind-solar,United States,2006,1.063561902339338,%
renewables-wind-solar,United States,2007,1.2465283213800231,%
renewables-wind-solar,United States,2008,1.727209065575523,%
renewables-wind-solar,United States,2009,2.254468789209723,%
renewables-wind-solar,United States,2010,2.750095353814038,%
renewables-wind-solar,United States,2011,3.425641280314374,%
renewables-wind-solar,United States,2012,4.063151123603362,%
renewables-wind-solar,United States,2013,4.838482332339689,%
renewables-wind-solar,United States,2014,5.3613850060282875,%
renewables-wind-solar,United States,2015,5.857370553180923,%
renewables-wind-solar,United States,2016,7.032955286371846,%
renewables-wind-solar,United States,2017,8.221274802244517,%
renewables-wind-solar,United States,2018,8.642579056533547,%
renewables-wind-solar,United States,2019,9.543241597636474,%
renewables-wind-solar,United States,2020,11.381182372578781,%
renewables-wind-solar,United States,2021,12.752974861194188,%
renewables-wind-solar,United States,2022,14.458572864477356,%
renewables-wind-solar,United States,2023,15.01748858747459,%
renewables-wind-solar,United States,2024,16.556093907171856,%
renewables-wind-solar,Uzbekistan,1990,0.0,%
renewables-wind-solar,Uzbekistan,1991,0.0,%
renewables-wind-solar,Uzbekistan,1992,0.0,%
renewables-wind-solar,Uzbekistan,1993,0.0,%
renewables-wind-solar,Uzbekistan,1994,0.0,%
renewables-wind-solar,Uzbekistan,1995,0.0,%
renewables-wind-solar,Uzbekistan,1996,0.0,%
renewables-wind-solar,Uzbekistan,1997,0.0,%
renewables-wind-solar,Uzbekistan,1998,0.0,%
renewables-wind-solar,Uzbekistan,1999,0.0,%
renewables-wind-solar,Uzbekistan,2000,0.0,%
renewables-wind-solar,Uzbekistan,2001,0.0,%
renewables-wind-solar,Uzbekistan,2002,0.0,%
renewables-wind-solar,Uzbekistan,2003,0.0,%
renewables-wind-solar,Uzbekistan,2004,0.0,%
renewables-wind-solar,Uzbekistan,2005,0.0,%
renewables-wind-solar,Uzbekistan,2006,0.0,%
renewables-wind-solar,Uzbekistan,2007,0.0,%
renewables-wind-solar,Uzbekistan,2008,0.0,%
renewables-wind-solar,Uzbekistan,2009,0.0,%
renewables-wind-solar,Uzbekistan,2010,0.0,%
renewables-wind-solar,Uzbekistan,2011,0.0,%
renewables-wind-solar,Uzbekistan,2012,0.0,%
renewables-wind-solar,Uzbekistan,2013,0.0,%
renewables-wind-solar,Uzbekistan,2014,0.0,%
renewables-wind-solar,Uzbekistan,2015,5.225224324540913e-06,%
renewables-wind-solar,Uzbekistan,2016,0.0005116527725080001,%
renewables-wind-solar,Uzbekistan,2017,0.0011604206445260002,%
renewables-wind-solar,Uzbekistan,2018,0.00032047307466100003,%
renewables-wind-solar,Uzbekistan,2019,0.024737710058900002,%
renewables-wind-solar,Uzbekistan,2020,0.023753505840814003,%
renewables-wind-solar,Uzbekistan,2021,0.070294688496929,%
renewables-wind-solar,Uzbekistan,2022,0.586834539522046,%
renewables-wind-solar,Uzbekistan,2023,0.807138248215266,%
renewables-wind-solar,Uzbekistan,2024,0.771244541360084,%
renewables-wind-solar,Vietnam,1990,0.0,%
renewables-wind-solar,Vietnam,1991,0.0,%
renewables-wind-solar,Vietnam,1992,0.0,%
renewables-wind-solar,Vietnam,1993,0.0,%
renewables-wind-solar,Vietnam,1994,0.0,%
renewables-wind-solar,Vietnam,1995,0.0,%
renewables-wind-solar,Vietnam,1996,0.0,%
renewables-wind-solar,Vietnam,1997,0.0,%
renewables-wind-solar,Vietnam,1998,0.0,%
renewables-wind-solar,Vietnam,1999,0.0,%
renewables-wind-solar,Vietnam,2000,0.0,%
renewables-wind-solar,Vietnam,2001,0.0,%
renewables-wind-solar,Vietnam,2002,0.0,%
renewables-wind-solar,Vietnam,2003,0.0,%
renewables-wind-solar,Vietnam,2004,0.0,%
renewables-wind-solar,Vietnam,2005,0.0,%
renewables-wind-solar,Vietnam,2006,0.0,%
renewables-wind-solar,Vietnam,2007,0.0,%
renewables-wind-solar,Vietnam,2008,0.0013624720693220002,%
renewables-wind-solar,Vietnam,2009,0.012022843402464001,%
renewables-wind-solar,Vietnam,2010,0.052406506791883,%
renewables-wind-solar,Vietnam,2011,0.083384450237693,%
renewables-wind-solar,Vietnam,2012,0.077983284452506,%
renewables-wind-solar,Vietnam,2013,0.072556349469234,%
renewables-wind-solar,Vietnam,2014,0.213951033740078,%
renewables-wind-solar,Vietnam,2015,0.159638885830672,%
renewables-wind-solar,Vietnam,2016,0.12166052859022401,%
renewables-wind-solar,Vietnam,2017,0.136020836377009,%
renewables-wind-solar,Vietnam,2018,0.196060957133945,%
renewables-wind-solar,Vietnam,2019,2.280719856235114,%
renewables-wind-solar,Vietnam,2020,4.3277135250201955,%
renewables-wind-solar,Vietnam,2021,12.282917713551967,%
renewables-wind-solar,Vietnam,2022,12.836926463803566,%
renewables-wind-solar,Vietnam,2023,12.716901119890828,%
renewables-wind-solar,Vietnam,2024,11.94139348498801,%
co2-emissions,Algeria,1990,50.118889614714014,MtCO2
co2-emissions,Algeria,1991,53.2211214219557,MtCO2
co2-emissions,Algeria,1992,55.90624516276496,MtCO2
co2-emissions,Algeria,1993,58.585924680891345,MtCO2
co2-emissions,Algeria,1994,57.65510554219013,MtCO2
co2-emissions,Algeria,1995,57.06650243444736,MtCO2
co2-emissions,Algeria,1996,55.353384657771805,MtCO2
co2-emissions,Algeria,1997,55.82981698928329,MtCO2
co2-emissions,Algeria,1998,59.62229889609602,MtCO2
co2-emissions,Algeria,1999,63.30533519122689,MtCO2
co2-emissions,Algeria,2000,75.71755133549891,MtCO2
co2-emissions,Algeria,2001,63.839903545121786,MtCO2
co2-emissions,Algeria,2002,66.64830458010267,MtCO2
co2-emissions,Algeria,2003,68.18657788811933,MtCO2
co2-emissions,Algeria,2004,71.65640286694061,MtCO2
co2-emissions,Algeria,2005,75.41497361216321,MtCO2
co2-emissions,Algeria,2006,79.99881066699517,MtCO2
co2-emissions,Algeria,2007,84.07532924847588,MtCO2
co2-emissions,Algeria,2008,87.29340241691203,MtCO2
co2-emissions,Algeria,2009,93.48282064031113,MtCO2
co2-emissions,Algeria,2010,94.55037024205109,MtCO2
co2-emissions,Algeria,2011,101.74876787668921,MtCO2
co2-emissions,Algeria,2012,111.06792762689606,MtCO2
co2-emissions,Algeria,2013,114.5097857001808,MtCO2
co2-emissions,Algeria,2014,122.28786042140337,MtCO2
co2-emissions,Algeria,2015,129.31887909049595,MtCO2
co2-emissions,Algeria,2016,125.9825285282409,MtCO2
co2-emissions,Algeria,2017,128.4321401083162,MtCO2
co2-emissions,Algeria,2018,135.12339068711324,MtCO2
co2-emissions,Algeria,2019,139.72791006644837,MtCO2
co2-emissions,Algeria,2020,130.66490405401566,MtCO2
co2-emissions,Algeria,2021,140.40309893777385,MtCO2
co2-emissions,Algeria,2022,149.56327872723799,MtCO2
co2-emissions,Algeria,2023,149.41033569206502,MtCO2
co2-emissions,Algeria,2024,149.67837644677064,MtCO2
co2-emissions,Argentina,1990,102.32442967685856,MtCO2
co2-emissions,Argentina,1991,98.6737451259025,MtCO2
co2-emissions,Argentina,1992,107.76469521721117,MtCO2
co2-emissions,Argentina,1993,111.67607376617647,MtCO2
co2-emissions,Argentina,1994,116.18338129965818,MtCO2
co2-emissions,Argentina,1995,115.89207129357686,MtCO2
co2-emissions,Argentina,1996,125.74490415116331,MtCO2
co2-emissions,Argentina,1997,121.75759181280428,MtCO2
co2-emissions,Argentina,1998,127.02756115449021,MtCO2
co2-emissions,Argentina,1999,134.12246841598602,MtCO2
co2-emissions,Argentina,2000,134.1362514882787,MtCO2
co2-emissions,Argentina,2001,119.2963033423485,MtCO2
co2-emissions,Argentina,2002,111.75693043171837,MtCO2
co2-emissions,Argentina,2003,120.14070304073157,MtCO2
co2-emissions,Argentina,2004,135.77229675969463,MtCO2
co2-emissions,Argentina,2005,142.75598017451333,MtCO2
co2-emissions,Argentina,2006,148.79771223606187,MtCO2
co2-emissions,Argentina,2007,153.79819187114754,MtCO2
co2-emissions,Argentina,2008,164.1702677131434,MtCO2
co2-emissions,Argentina,2009,154.86165888924816,MtCO2
co2-emissions,Argentina,2010,161.15156133256514,MtCO2
co2-emissions,Argentina,2011,169.15343745618654,MtCO2
co2-emissions,Argentina,2012,174.9365245156033,MtCO2
co2-emissions,Argentina,2013,175.76235208302123,MtCO2
co2-emissions,Argentina,2014,171.37887867054914,MtCO2
co2-emissions,Argentina,2015,178.6447164073315,MtCO2
co2-emissions,Argentina,2016,177.7702096916339,MtCO2
co2-emissions,Argentina,2017,174.4361818280011,MtCO2
co2-emissions,Argentina,2018,163.29115831168897,MtCO2
co2-emissions,Argentina,2019,155.18860784070165,MtCO2
co2-emissions,Argentina,2020,146.54969695645988,MtCO2
co2-emissions,Argentina,2021,171.9423102300778,MtCO2
co2-emissions,Argentina,2022,163.2892389960835,MtCO2
co2-emissions,Argentina,2023,155.56620969059392,MtCO2
co2-emissions,Argentina,2024,148.73500946051124,MtCO2
co2-emissions,Australia,1990,272.80661110141796,MtCO2
co2-emissions,Australia,1991,273.488098271266,MtCO2
co2-emissions,Australia,1992,278.5914560244997,MtCO2
co2-emissions,Australia,1993,281.4832828524294,MtCO2
co2-emissions,Australia,1994,282.7294493176377,MtCO2
co2-emissions,Australia,1995,292.47590878363997,MtCO2
co2-emissions,Australia,1996,309.952220962775,MtCO2
co2-emissions,Australia,1997,318.10720140312475,MtCO2
co2-emissions,Australia,1998,335.8097874733392,MtCO2
co2-emissions,Australia,1999,342.34121971288545,MtCO2
co2-emissions,Australia,2000,347.6512220821724,MtCO2
co2-emissions,Australia,2001,343.16932075510226,MtCO2
co2-emissions,Australia,2002,351.1349515885274,MtCO2
co2-emissions,Australia,2003,340.91802215129644,MtCO2
co2-emissions,Australia,2004,353.35076523913796,MtCO2
co2-emissions,Australia,2005,353.7011801930305,MtCO2
co2-emissions,Australia,2006,358.1464285738121,MtCO2
co2-emissions,Australia,2007,368.03986419482095,MtCO2
co2-emissions,Australia,2008,372.0892137225508,MtCO2
co2-emissions,Australia,2009,377.98466257278653,MtCO2
co2-emissions,Australia,2010,386.3960287486416,MtCO2
co2-emissions,Australia,2011,385.3532468172824,MtCO2
co2-emissions,Australia,2012,386.55558111618626,MtCO2
co2-emissions,Australia,2013,378.5707057090586,MtCO2
co2-emissions,Australia,2014,369.5714310725715,MtCO2
co2-emissions,Australia,2015,373.75048336925084,MtCO2
co2-emissions,Australia,2016,378.045254467286,MtCO2
co2-emissions,Australia,2017,391.6516398239486,MtCO2
co2-emissions,Australia,2018,388.44449200604555,MtCO2
co2-emissions,Australia,2019,386.41746599009025,MtCO2
co2-emissions,Australia,2020,370.4769382068751,MtCO2
co2-emissions,Australia,2021,362.81925797500264,MtCO2
co2-emissions,Australia,2022,356.2126801418074,MtCO2
co2-emissions,Australia,2023,359.9109133272787,MtCO2
co2-emissions,Australia,2024,361.52616044032334,MtCO2
co2-emissions,Azerbaijan,1990,52.6295394028814,MtCO2
co2-emissions,Azerbaijan,1991,51.029357562089125,MtCO2
co2-emissions,Azerbaijan,1992,35.98907113681258,MtCO2
co2-emissions,Azerbaijan,1993,43.617832059527274,MtCO2
co2-emissions,Azerbaijan,1994,34.71568209631713,MtCO2
co2-emissions,Azerbaijan,1995,30.65649428366476,MtCO2
co2-emissions,Azerbaijan,1996,28.047301432271226,MtCO2
co2-emissions,Azerbaijan,1997,25.680231710895946,MtCO2
co2-emissions,Azerbaijan,1998,26.931465377535424,MtCO2
co2-emissions,Azerbaijan,1999,26.39378119880471,MtCO2
co2-emissions,Azerbaijan,2000,28.013258894969063,MtCO2
co2-emissions,Azerbaijan,2001,26.228404060016512,MtCO2
co2-emissions,Azerbaijan,2002,25.543196983943503,MtCO2
co2-emissions,Azerbaijan,2003,28.413913073599723,MtCO2
co2-emissions,Azerbaijan,2004,30.06680102652223,MtCO2
co2-emissions,Azerbaijan,2005,31.282320844991816,MtCO2
co2-emissions,Azerbaijan,2006,32.389580771305184,MtCO2
co2-emissions,Azerbaijan,2007,26.77915143939772,MtCO2
co2-emissions,Azerbaijan,2008,28.91726785591571,MtCO2
co2-emissions,Azerbaijan,2009,24.51851914064543,MtCO2
co2-emissions,Azerbaijan,2010,23.76089172021673,MtCO2
co2-emissions,Azerbaijan,2011,26.514441141853094,MtCO2
co2-emissions,Azerbaijan,2012,28.084559299531374,MtCO2
co2-emissions,Azerbaijan,2013,28.718065664442047,MtCO2
co2-emissions,Azerbaijan,2014,29.96163640105703,MtCO2
co2-emissions,Azerbaijan,2015,30.69512355987357,MtCO2
co2-emissions,Azerbaijan,2016,31.284500291060773,MtCO2
co2-emissions,Azerbaijan,2017,31.008574979655794,MtCO2
co2-emissions,Azerbaijan,2018,31.53298067945766,MtCO2
co2-emissions,Azerbaijan,2019,33.3191613664405,MtCO2
co2-emissions,Azerbaijan,2020,32.156835301227936,MtCO2
co2-emissions,Azerbaijan,2021,34.071740522599384,MtCO2
co2-emissions,Azerbaijan,2022,36.50313127507097,MtCO2
co2-emissions,Azerbaijan,2023,37.51341204229013,MtCO2
co2-emissions,Azerbaijan,2024,36.201312328173564,MtCO2
co2-emissions,Belgium,1990,102.56801358130717,MtCO2
co2-emissions,Belgium,1991,106.44205253704871,MtCO2
co2-emissions,Belgium,1992,105.02983060003822,MtCO2
co2-emissions,Belgium,1993,102.96601648750881,MtCO2
co2-emissions,Belgium,1994,105.86866954256001,MtCO2
co2-emissions,Belgium,1995,107.0438137009564,MtCO2
co2-emissions,Belgium,1996,111.48662795490154,MtCO2
co2-emissions,Belgium,1997,107.54253061618162,MtCO2
co2-emissions,Belgium,1998,110.23790888387333,MtCO2
co2-emissions,Belgium,1999,106.47621393561381,MtCO2
co2-emissions,Belgium,2000,107.95075642834632,MtCO2
co2-emissions,Belgium,2001,111.57977176654086,MtCO2
co2-emissions,Belgium,2002,105.49269734091627,MtCO2
co2-emissions,Belgium,2003,110.14062073787252,MtCO2
co2-emissions,Belgium,2004,108.20384686918396,MtCO2
co2-emissions,Belgium,2005,105.7416099921201,MtCO2
co2-emissions,Belgium,2006,102.909671326748,MtCO2
co2-emissions,Belgium,2007,98.6997222269254,MtCO2
co2-emissions,Belgium,2008,100.79302649893462,MtCO2
co2-emissions,Belgium,2009,93.72738765921748,MtCO2
co2-emissions,Belgium,2010,99.27429005618362,MtCO2
co2-emissions,Belgium,2011,89.20831634865164,MtCO2
co2-emissions,Belgium,2012,88.0884979752892,MtCO2
co2-emissions,Belgium,2013,88.17770890538898,MtCO2
co2-emissions,Belgium,2014,81.25857473585708,MtCO2
co2-emissions,Belgium,2015,86.61094527409774,MtCO2
co2-emissions,Belgium,2016,84.8397670538063,MtCO2
co2-emissions,Belgium,2017,84.33802632505753,MtCO2
co2-emissions,Belgium,2018,85.11690396313435,MtCO2
co2-emissions,Belgium,2019,84.64059869501163,MtCO2
co2-emissions,Belgium,2020,78.15438309607512,MtCO2
co2-emissions,Belgium,2021,81.39468158755702,MtCO2
co2-emissions,Belgium,2022,75.55340897013517,MtCO2
co2-emissions,Belgium,2023,72.82387141498346,MtCO2
co2-emissions,Belgium,2024,72.13400838478836,MtCO2
co2-emissions,Brazil,1990,191.92813730409603,MtCO2
co2-emissions,Brazil,1991,203.29201384420742,MtCO2
co2-emissions,Brazil,1992,206.02092167647967,MtCO2
co2-emissions,Brazil,1993,213.63576820954245,MtCO2
co2-emissions,Brazil,1994,223.80161490127665,MtCO2
co2-emissions,Brazil,1995,238.38250113853377,MtCO2
co2-emissions,Brazil,1996,260.01625133983435,MtCO2
co2-emissions,Brazil,1997,274.60124079690496,MtCO2
co2-emissions,Brazil,1998,283.30321774811557,MtCO2
co2-emissions,Brazil,1999,293.9466910304981,MtCO2
co2-emissions,Brazil,2000,303.15637374616364,MtCO2
co2-emissions,Brazil,2001,311.82447236395484,MtCO2
co2-emissions,Brazil,2002,309.4069959789078,MtCO2
co2-emissions,Brazil,2003,303.9598626506287,MtCO2
co2-emissions,Brazil,2004,320.2121862435306,MtCO2
co2-emissions,Brazil,2005,324.4980338441919,MtCO2
co2-emissions,Brazil,2006,328.8974288303469,MtCO2
co2-emissions,Brazil,2007,347.37823881790735,MtCO2
co2-emissions,Brazil,2008,367.88914766808216,MtCO2
co2-emissions,Brazil,2009,342.67799546245027,MtCO2
co2-emissions,Brazil,2010,394.05993287809105,MtCO2
co2-emissions,Brazil,2011,414.758196148726,MtCO2
co2-emissions,Brazil,2012,448.1218948845214,MtCO2
co2-emissions,Brazil,2013,477.2378485856997,MtCO2
co2-emissions,Brazil,2014,501.954133917042,MtCO2
co2-emissions,Brazil,2015,478.8852107614011,MtCO2
co2-emissions,Brazil,2016,436.0467500809358,MtCO2
co2-emissions,Brazil,2017,440.7381780877677,MtCO2
co2-emissions,Brazil,2018,418.90188848644596,MtCO2
co2-emissions,Brazil,2019,418.7013011306775,MtCO2
co2-emissions,Brazil,2020,395.9418305637242,MtCO2
co2-emissions,Brazil,2021,454.6226275442287,MtCO2
co2-emissions,Brazil,2022,428.925954157692,MtCO2
co2-emissions,Brazil,2023,429.9632052636111,MtCO2
co2-emissions,Brazil,2024,436.097108421304,MtCO2
co2-emissions,Canada,1990,415.29870980374307,MtCO2
co2-emissions,Canada,1991,408.63476638745044,MtCO2
co2-emissions,Canada,1992,422.15764133928695,MtCO2
co2-emissions,Canada,1993,420.24703931801764,MtCO2
co2-emissions,Canada,1994,435.4176981348482,MtCO2
co2-emissions,Canada,1995,443.6981741063107,MtCO2
co2-emissions,Canada,1996,458.7650339765195,MtCO2
co2-emissions,Canada,1997,472.8357477701114,MtCO2
co2-emissions,Canada,1998,478.2786260189426,MtCO2
co2-emissions,Canada,1999,487.98815300962565,MtCO2
co2-emissions,Canada,2000,506.8566385083947,MtCO2
co2-emissions,Canada,2001,501.2335346523749,MtCO2
co2-emissions,Canada,2002,515.0593871753189,MtCO2
co2-emissions,Canada,2003,537.1228463068408,MtCO2
co2-emissions,Canada,2004,524.5521700098932,MtCO2
co2-emissions,Canada,2005,536.2232197522504,MtCO2
co2-emissions,Canada,2006,528.3221303717194,MtCO2
co2-emissions,Canada,2007,556.9594271729704,MtCO2
co2-emissions,Canada,2008,539.0856678118491,MtCO2
co2-emissions,Canada,2009,513.5912163637979,MtCO2
co2-emissions,Canada,2010,527.0528285474692,MtCO2
co2-emissions,Canada,2011,538.2173890174978,MtCO2
co2-emissions,Canada,2012,536.6866460121548,MtCO2
co2-emissions,Canada,2013,544.3764922150337,MtCO2
co2-emissions,Canada,2014,549.0544324189487,MtCO2
co2-emissions,Canada,2015,544.5302770496719,MtCO2
co2-emissions,Canada,2016,542.7615115769775,MtCO2
co2-emissions,Canada,2017,552.7679077555966,MtCO2
co2-emissions,Canada,2018,565.3031896175878,MtCO2
co2-emissions,Canada,2019,560.9516299247443,MtCO2
co2-emissions,Canada,2020,510.16354422244893,MtCO2
co2-emissions,Canada,2021,517.1024485070133,MtCO2
co2-emissions,Canada,2022,531.339640019451,MtCO2
co2-emissions,Canada,2023,525.9624167834597,MtCO2
co2-emissions,Canada,2024,520.7861021300789,MtCO2
co2-emissions,Chile,1990,27.79625401165079,MtCO2
co2-emissions,Chile,1991,26.922697090211997,MtCO2
co2-emissions,Chile,1992,27.83642518484219,MtCO2
co2-emissions,Chile,1993,29.67512541446874,MtCO2
co2-emissions,Chile,1994,32.68380429596584,MtCO2
co2-emissions,Chile,1995,35.83897703810789,MtCO2
co2-emissions,Chile,1996,41.47596561181162,MtCO2
co2-emissions,Chile,1997,47.53029858440088,MtCO2
co2-emissions,Chile,1998,48.390572138042906,MtCO2
co2-emissions,Chile,1999,50.86566883601832,MtCO2
co2-emissions,Chile,2000,47.45443858626976,MtCO2
co2-emissions,Chile,2001,45.48619024729075,MtCO2
co2-emissions,Chile,2002,46.24915375469334,MtCO2
co2-emissions,Chile,2003,47.53758396898865,MtCO2
co2-emissions,Chile,2004,53.73882601923325,MtCO2
co2-emissions,Chile,2005,54.84410496880512,MtCO2
co2-emissions,Chile,2006,55.636258337363614,MtCO2
co2-emissions,Chile,2007,63.7976669523211,MtCO2
co2-emissions,Chile,2008,67.29974462024089,MtCO2
co2-emissions,Chile,2009,64.59919838040864,MtCO2
co2-emissions,Chile,2010,70.39508863595417,MtCO2
co2-emissions,Chile,2011,76.68562747432281,MtCO2
co2-emissions,Chile,2012,78.5830677570732,MtCO2
co2-emissions,Chile,2013,83.51551858790118,MtCO2
co2-emissions,Chile,2014,76.72763576514544,MtCO2
co2-emissions,Chile,2015,81.48044935014718,MtCO2
co2-emissions,Chile,2016,86.0677276968827,MtCO2
co2-emissions,Chile,2017,87.56269359206253,MtCO2
co2-emissions,Chile,2018,86.58277214436687,MtCO2
co2-emissions,Chile,2019,92.08362492311967,MtCO2
co2-emissions,Chile,2020,85.03894105586522,MtCO2
co2-emissions,Chile,2021,89.318589320775,MtCO2
co2-emissions,Chile,2022,89.87220881759576,MtCO2
co2-emissions,Chile,2023,79.65132010125772,MtCO2
co2-emissions,Chile,2024,79.19196431816,MtCO2
co2-emissions,China,1990,2251.0533425842177,MtCO2
co2-emissions,China,1991,2380.093343190596,MtCO2
co2-emissions,China,1992,2498.3218495632054,MtCO2
co2-emissions,China,1993,2755.0176808391598,MtCO2
co2-emissions,China,1994,2860.271999888746,MtCO2
co2-emissions,China,1995,3074.5729826897746,MtCO2
co2-emissions,China,1996,3195.1391877371457,MtCO2
co2-emissions,China,1997,3049.5570851150196,MtCO2
co2-emissions,China,1998,3150.830332582035,MtCO2
co2-emissions,China,1999,3063.542819935839,MtCO2
co2-emissions,China,2000,3180.783464888757,MtCO2
co2-emissions,China,2001,3244.2652116514555,MtCO2
co2-emissions,China,2002,3544.8830059257307,MtCO2
co2-emissions,China,2003,4165.670450457093,MtCO2
co2-emissions,China,2004,4841.1882368218285,MtCO2
co2-emissions,China,2005,5468.684656953547,MtCO2
co2-emissions,China,2006,6033.747431184557,MtCO2
co2-emissions,China,2007,6527.439379016462,MtCO2
co2-emissions,China,2008,6743.66320653954,MtCO2
co2-emissions,China,2009,7242.789775916205,MtCO2
co2-emissions,China,2010,7756.546528407191,MtCO2
co2-emissions,China,2011,8604.538700197762,MtCO2
co2-emissions,China,2012,8880.21582182065,MtCO2
co2-emissions,China,2013,9327.019526520662,MtCO2
co2-emissions,China,2014,9273.700012080833,MtCO2
co2-emissions,China,2015,9135.191559187086,MtCO2
co2-emissions,China,2016,9111.441083065834,MtCO2
co2-emissions,China,2017,9344.850294495305,MtCO2
co2-emissions,China,2018,9741.630359810479,MtCO2
co2-emissions,China,2019,9879.090096187145,MtCO2
co2-emissions,China,2020,10003.543609455828,MtCO2
co2-emissions,China,2021,10542.154819308413,MtCO2
co2-emissions,China,2022,10931.03529045332,MtCO2
co2-emissions,China,2023,11674.72092550765,MtCO2
co2-emissions,China,2024,11949.514572820703,MtCO2
co2-emissions,Colombia,1990,43.1383650798067,MtCO2
co2-emissions,Colombia,1991,45.12488809498049,MtCO2
co2-emissions,Colombia,1992,51.00714652432465,MtCO2
co2-emissions,Colombia,1993,51.66949896730095,MtCO2
co2-emissions,Colombia,1994,51.44942302139696,MtCO2
co2-emissions,Colombia,1995,53.505798416189215,MtCO2
co2-emissions,Colombia,1996,54.25014572051751,MtCO2
co2-emissions,Colombia,1997,59.63459791827635,MtCO2
co2-emissions,Colombia,1998,56.606726057673946,MtCO2
co2-emissions,Colombia,1999,49.75559589949485,MtCO2
co2-emissions,Colombia,2000,52.959343621671906,MtCO2
co2-emissions,Colombia,2001,53.145652458431265,MtCO2
co2-emissions,Colombia,2002,52.79414971027999,MtCO2
co2-emissions,Colombia,2003,54.65395926467872,MtCO2
co2-emissions,Colombia,2004,56.024796249647856,MtCO2
co2-emissions,Colombia,2005,57.922335374764245,MtCO2
co2-emissions,Colombia,2006,59.43859660646357,MtCO2
co2-emissions,Colombia,2007,57.81270354896142,MtCO2
co2-emissions,Colombia,2008,63.62256604781228,MtCO2
co2-emissions,Colombia,2009,66.06426147924195,MtCO2
co2-emissions,Colombia,2010,68.7090446051003,MtCO2
co2-emissions,Colombia,2011,70.9418208720701,MtCO2
co2-emissions,Colombia,2012,76.72347265514985,MtCO2
co2-emissions,Colombia,2013,74.08530220928367,MtCO2
co2-emissions,Colombia,2014,84.77336939436911,MtCO2
co2-emissions,Colombia,2015,84.12581345411137,MtCO2
co2-emissions,Colombia,2016,86.4317865958003,MtCO2
co2-emissions,Colombia,2017,76.08263768908135,MtCO2
co2-emissions,Colombia,2018,79.89579311977579,MtCO2
co2-emissions,Colombia,2019,78.79854935080998,MtCO2
co2-emissions,Colombia,2020,71.86743052142677,MtCO2
co2-emissions,Colombia,2021,79.86978702322399,MtCO2
co2-emissions,Colombia,2022,84.92170928203836,MtCO2
co2-emissions,Colombia,2023,90.84991886494657,MtCO2
co2-emissions,Colombia,2024,92.97834389897872,MtCO2
co2-emissions,Czechia,1990,152.13104079568578,MtCO2
co2-emissions,Czechia,1991,138.88891354194206,MtCO2
co2-emissions,Czechia,1992,134.84258559816138,MtCO2
co2-emissions,Czechia,1993,130.2409712244328,MtCO2
co2-emissions,Czechia,1994,123.32320043094917,MtCO2
co2-emissions,Czechia,1995,123.48746707407871,MtCO2
co2-emissions,Czechia,1996,126.5950232467944,MtCO2
co2-emissions,Czechia,1997,121.74984147275823,MtCO2
co2-emissions,Czechia,1998,116.47766672067318,MtCO2
co2-emissions,Czechia,1999,109.63438931118935,MtCO2
co2-emissions,Czechia,2000,119.7347250528373,MtCO2
co2-emissions,Czechia,2001,120.16910819015635,MtCO2
co2-emissions,Czechia,2002,116.73310359891262,MtCO2
co2-emissions,Czechia,2003,119.72265431333373,MtCO2
co2-emissions,Czechia,2004,120.2113034787285,MtCO2
co2-emissions,Czechia,2005,118.6524683033309,MtCO2
co2-emissions,Czechia,2006,119.58917069538512,MtCO2
co2-emissions,Czechia,2007,120.600251701333,MtCO2
co2-emissions,Czechia,2008,115.30258036970055,MtCO2
co2-emissions,Czechia,2009,108.03478908313505,MtCO2
co2-emissions,Czechia,2010,110.88838378399798,MtCO2
co2-emissions,Czechia,2011,107.66707997564346,MtCO2
co2-emissions,Czechia,2012,104.05985042369767,MtCO2
co2-emissions,Czechia,2013,99.76069697322576,MtCO2
co2-emissions,Czechia,2014,96.56007335437896,MtCO2
co2-emissions,Czechia,2015,97.77596382517987,MtCO2
co2-emissions,Czechia,2016,99.40970025911695,MtCO2
co2-emissions,Czechia,2017,100.31150883873323,MtCO2
co2-emissions,Czechia,2018,99.18193376058777,MtCO2
co2-emissions,Czechia,2019,94.21524061299259,MtCO2
co2-emissions,Czechia,2020,86.16703777044013,MtCO2
co2-emissions,Czechia,2021,91.06086574645681,MtCO2
co2-emissions,Czechia,2022,89.63680881092381,MtCO2
co2-emissions,Czechia,2023,78.9145037432693,MtCO2
co2-emissions,Czechia,2024,71.61585009980102,MtCO2
co2-emissions,Denmark,1990,51.04127163652883,MtCO2
co2-emissions,Denmark,1991,61.29965909029699,MtCO2
co2-emissions,Denmark,1992,55.411377413150795,MtCO2
co2-emissions,Denmark,1993,57.80503811761938,MtCO2
co2-emissions,Denmark,1994,61.71158630840264,MtCO2
co2-emissions,Denmark,1995,56.95598285255242,MtCO2
co2-emissions,Denmark,1996,68.95749681596219,MtCO2
co2-emissions,Denmark,1997,58.90235490326996,MtCO2
co2-emissions,Denmark,1998,55.58195845506045,MtCO2
co2-emissions,Denmark,1999,52.24292104233659,MtCO2
co2-emissions,Denmark,2000,48.23383919862149,MtCO2
co2-emissions,Denmark,2001,50.101354906961554,MtCO2
co2-emissions,Denmark,2002,50.32282840711825,MtCO2
co2-emissions,Denmark,2003,57.40518905422296,MtCO2
co2-emissions,Denmark,2004,51.87385719518884,MtCO2
co2-emissions,Denmark,2005,48.531219530497346,MtCO2
co2-emissions,Denmark,2006,56.46290109116134,MtCO2
co2-emissions,Denmark,2007,51.71369109106872,MtCO2
co2-emissions,Denmark,2008,48.73514407488134,MtCO2
co2-emissions,Denmark,2009,47.010129064910096,MtCO2
co2-emissions,Denmark,2010,47.331572984739964,MtCO2
co2-emissions,Denmark,2011,42.11358322061184,MtCO2
co2-emissions,Denmark,2012,37.211211232284604,MtCO2
co2-emissions,Denmark,2013,38.87011829143277,MtCO2
co2-emissions,Denmark,2014,34.806990287018515,MtCO2
co2-emissions,Denmark,2015,32.61058720194996,MtCO2
co2-emissions,Denmark,2016,33.370858689471,MtCO2
co2-emissions,Denmark,2017,31.8094692344294,MtCO2
co2-emissions,Denmark,2018,31.79876267457661,MtCO2
co2-emissions,Denmark,2019,28.314275142154777,MtCO2
co2-emissions,Denmark,2020,25.77484059075264,MtCO2
co2-emissions,Denmark,2021,27.773619206163335,MtCO2
co2-emissions,Denmark,2022,26.948805253630482,MtCO2
co2-emissions,Denmark,2023,24.64619536193381,MtCO2
co2-emissions,Denmark,2024,22.44837603327246,MtCO2
co2-emissions,Egypt,1990,65.31935265374663,MtCO2
co2-emissions,Egypt,1991,69.34878308203395,MtCO2
co2-emissions,Egypt,1992,70.3855468969782,MtCO2
co2-emissions,Egypt,1993,75.25816955986795,MtCO2
co2-emissions,Egypt,1994,74.37065182570481,MtCO2
co2-emissions,Egypt,1995,79.99884030101353,MtCO2
co2-emissions,Egypt,1996,76.35942532585466,MtCO2
co2-emissions,Egypt,1997,93.53589026241735,MtCO2
co2-emissions,Egypt,1998,104.4600068985692,MtCO2
co2-emissions,Egypt,1999,106.90709247371386,MtCO2
co2-emissions,Egypt,2000,115.50564924020884,MtCO2
co2-emissions,Egypt,2001,112.36302552928973,MtCO2
co2-emissions,Egypt,2002,123.47036589110343,MtCO2
co2-emissions,Egypt,2003,125.846523544759,MtCO2
co2-emissions,Egypt,2004,132.8308741953637,MtCO2
co2-emissions,Egypt,2005,146.17206211630472,MtCO2
co2-emissions,Egypt,2006,153.42676715506732,MtCO2
co2-emissions,Egypt,2007,161.38371186127821,MtCO2
co2-emissions,Egypt,2008,168.7773965333561,MtCO2
co2-emissions,Egypt,2009,172.42340451849344,MtCO2
co2-emissions,Egypt,2010,174.79722514980625,MtCO2
co2-emissions,Egypt,2011,182.98727302860544,MtCO2
co2-emissions,Egypt,2012,189.63791606275018,MtCO2
co2-emissions,Egypt,2013,190.57523317347122,MtCO2
co2-emissions,Egypt,2014,190.16764510394725,MtCO2
co2-emissions,Egypt,2015,195.3162842381631,MtCO2
co2-emissions,Egypt,2016,202.30737814731643,MtCO2
co2-emissions,Egypt,2017,208.36375429123194,MtCO2
co2-emissions,Egypt,2018,193.0098022219674,MtCO2
co2-emissions,Egypt,2019,200.99347111756052,MtCO2
co2-emissions,Egypt,2020,191.58413572312722,MtCO2
co2-emissions,Egypt,2021,218.60953101285938,MtCO2
co2-emissions,Egypt,2022,206.6629480607068,MtCO2
co2-emissions,Egypt,2023,203.95940704158636,MtCO2
co2-emissions,Egypt,2024,211.86829286159673,MtCO2
co2-emissions,France,1990,340.2785106336399,MtCO2
co2-emissions,France,1991,366.7147474270327,MtCO2
co2-emissions,France,1992,354.93887940179553,MtCO2
co2-emissions,France,1993,338.30992958194884,MtCO2
co2-emissions,France,1994,331.0939043991667,MtCO2
co2-emissions,France,1995,337.8139541734701,MtCO2
co2-emissions,France,1996,352.9887765673088,MtCO2
co2-emissions,France,1997,343.35298160937623,MtCO2
co2-emissions,France,1998,364.52945760680865,MtCO2
co2-emissions,France,1999,360.96535675608766,MtCO2
co2-emissions,France,2000,358.9153175342869,MtCO2
co2-emissions,France,2001,363.1055217084105,MtCO2
co2-emissions,France,2002,357.023903799284,MtCO2
co2-emissions,France,2003,362.9273748549607,MtCO2
co2-emissions,France,2004,363.80049504390985,MtCO2
co2-emissions,France,2005,366.1387778967592,MtCO2
co2-emissions,France,2006,356.30749947422,MtCO2
co2-emissions,France,2007,347.1542354775405,MtCO2
co2-emissions,France,2008,343.3467945367042,MtCO2
co2-emissions,France,2009,331.3163888733843,MtCO2
co2-emissions,France,2010,333.6893945062815,MtCO2
co2-emissions,France,2011,322.7992599499487,MtCO2
co2-emissions,France,2012,327.51612537793795,MtCO2
co2-emissions,France,2013,327.3146774395264,MtCO2
co2-emissions,France,2014,293.69134020466845,MtCO2
co2-emissions,France,2015,300.05603092051354,MtCO2
co2-emissions,France,2016,302.34281701159955,MtCO2
co2-emissions,France,2017,307.7966853163051,MtCO2
co2-emissions,France,2018,301.2014794857005,MtCO2
co2-emissions,France,2019,294.29324761475687,MtCO2
co2-emissions,France,2020,260.48371462613346,MtCO2
co2-emissions,France,2021,285.60549063246776,MtCO2
co2-emissions,France,2022,276.9656642763073,MtCO2
co2-emissions,France,2023,254.73567416540791,MtCO2
co2-emissions,France,2024,248.66764692441495,MtCO2
co2-emissions,Germany,1990,946.72846481601,MtCO2
co2-emissions,Germany,1991,924.0603851618282,MtCO2
co2-emissions,Germany,1992,875.9695334002704,MtCO2
co2-emissions,Germany,1993,869.5097322728175,MtCO2
co2-emissions,Germany,1994,855.4298829043908,MtCO2
co2-emissions,Germany,1995,853.9186406034792,MtCO2
co2-emissions,Germany,1996,880.2987520067874,MtCO2
co2-emissions,Germany,1997,850.4601539673979,MtCO2
co2-emissions,Germany,1998,841.5655620966281,MtCO2
co2-emissions,Germany,1999,811.1251440088297,MtCO2
co2-emissions,Germany,2000,804.2743783450557,MtCO2
co2-emissions,Germany,2001,824.9845879134824,MtCO2
co2-emissions,Germany,2002,810.5023327398831,MtCO2
co2-emissions,Germany,2003,813.5523213198812,MtCO2
co2-emissions,Germany,2004,797.345855361872,MtCO2
co2-emissions,Germany,2005,778.3120016646593,MtCO2
co2-emissions,Germany,2006,791.4097672408964,MtCO2
co2-emissions,Germany,2007,758.0693740048008,MtCO2
co2-emissions,Germany,2008,765.7326015715443,MtCO2
co2-emissions,Germany,2009,712.8169106391279,MtCO2
co2-emissions,Germany,2010,748.3659796243224,MtCO2
co2-emissions,Germany,2011,721.0058122297013,MtCO2
co2-emissions,Germany,2012,740.0244813844149,MtCO2
co2-emissions,Germany,2013,756.3787034710479,MtCO2
co2-emissions,Germany,2014,719.4194133822181,MtCO2
co2-emissions,Germany,2015,721.2491685253302,MtCO2
co2-emissions,Germany,2016,729.0227378385056,MtCO2
co2-emissions,Germany,2017,710.2606889927993,MtCO2
co2-emissions,Germany,2018,690.487338021276,MtCO2
co2-emissions,Germany,2019,644.2848005311229,MtCO2
co2-emissions,Germany,2020,593.1115462047073,MtCO2
co2-emissions,Germany,2021,617.2185448142551,MtCO2
co2-emissions,Germany,2022,609.3750157065587,MtCO2
co2-emissions,Germany,2023,545.7936852626358,MtCO2
co2-emissions,Germany,2024,531.3705867417789,MtCO2
co2-emissions,India,1990,542.6087463071259,MtCO2
co2-emissions,India,1991,585.3456479514925,MtCO2
co2-emissions,India,1992,612.5583499062013,MtCO2
co2-emissions,India,1993,640.9606212965472,MtCO2
co2-emissions,India,1994,676.3482165586029,MtCO2
co2-emissions,India,1995,708.5825740397607,MtCO2
co2-emissions,India,1996,768.0836618529186,MtCO2
co2-emissions,India,1997,814.0363754620847,MtCO2
co2-emissions,India,1998,823.7146071383385,MtCO2
co2-emissions,India,1999,859.7813694312541,MtCO2
co2-emissions,India,2000,939.1750251657992,MtCO2
co2-emissions,India,2001,945.4972648933742,MtCO2
co2-emissions,India,2002,993.5015891363904,MtCO2
co2-emissions,India,2003,1044.876975705913,MtCO2
co2-emissions,India,2004,1099.2001888602715,MtCO2
co2-emissions,India,2005,1149.0196533775784,MtCO2
co2-emissions,India,2006,1234.2640071626072,MtCO2
co2-emissions,India,2007,1379.5698003347327,MtCO2
co2-emissions,India,2008,1501.6089922198637,MtCO2
co2-emissions,India,2009,1616.0831359508718,MtCO2
co2-emissions,India,2010,1667.2421352287527,MtCO2
co2-emissions,India,2011,1809.6508240868948,MtCO2
co2-emissions,India,2012,1988.2860081780238,MtCO2
co2-emissions,India,2013,1991.6452077296647,MtCO2
co2-emissions,India,2014,2166.2077634622256,MtCO2
co2-emissions,India,2015,2257.137015110714,MtCO2
co2-emissions,India,2016,2310.878111480944,MtCO2
co2-emissions,India,2017,2485.840373669017,MtCO2
co2-emissions,India,2018,2653.324616998833,MtCO2
co2-emissions,India,2019,2636.427837855519,MtCO2
co2-emissions,India,2020,2435.0147953286305,MtCO2
co2-emissions,India,2021,2581.314104624209,MtCO2
co2-emissions,India,2022,2816.0006952741774,MtCO2
co2-emissions,India,2023,3066.7765107561436,MtCO2
co2-emissions,India,2024,3219.375993870199,MtCO2
co2-emissions,Indonesia,1990,126.08399023624096,MtCO2
co2-emissions,Indonesia,1991,132.27397907325314,MtCO2
co2-emissions,Indonesia,1992,148.46000021007026,MtCO2
co2-emissions,Indonesia,1993,158.71535608326548,MtCO2
co2-emissions,Indonesia,1994,169.94295348071472,MtCO2
co2-emissions,Indonesia,1995,177.9752113904872,MtCO2
co2-emissions,Indonesia,1996,210.17206221612017,MtCO2
co2-emissions,Indonesia,1997,228.70817021774855,MtCO2
co2-emissions,Indonesia,1998,240.66583465173113,MtCO2
co2-emissions,Indonesia,1999,250.60008005865927,MtCO2
co2-emissions,Indonesia,2000,268.017150847045,MtCO2
co2-emissions,Indonesia,2001,273.0249974983172,MtCO2
co2-emissions,Indonesia,2002,278.35244782440054,MtCO2
co2-emissions,Indonesia,2003,290.720431251644,MtCO2
co2-emissions,Indonesia,2004,314.82458169213936,MtCO2
co2-emissions,Indonesia,2005,321.5066645292497,MtCO2
co2-emissions,Indonesia,2006,332.968354759571,MtCO2
co2-emissions,Indonesia,2007,363.17394633436123,MtCO2
co2-emissions,Indonesia,2008,400.2438556291754,MtCO2
co2-emissions,Indonesia,2009,419.0886655461813,MtCO2
co2-emissions,Indonesia,2010,439.7262059971703,MtCO2
co2-emissions,Indonesia,2011,471.35289343687026,MtCO2
co2-emissions,Indonesia,2012,494.04019502641233,MtCO2
co2-emissions,Indonesia,2013,488.49338935421986,MtCO2
co2-emissions,Indonesia,2014,464.30647743531796,MtCO2
co2-emissions,Indonesia,2015,485.835185712323,MtCO2
co2-emissions,Indonesia,2016,472.070286774463,MtCO2
co2-emissions,Indonesia,2017,502.8586247937472,MtCO2
co2-emissions,Indonesia,2018,586.4367643412361,MtCO2
co2-emissions,Indonesia,2019,620.25434262467,MtCO2
co2-emissions,Indonesia,2020,611.4236726648484,MtCO2
co2-emissions,Indonesia,2021,596.1724272304615,MtCO2
co2-emissions,Indonesia,2022,764.0293829047032,MtCO2
co2-emissions,Indonesia,2023,803.4508193833692,MtCO2
co2-emissions,Indonesia,2024,873.3033082775227,MtCO2
co2-emissions,Iran,1990,169.11580883684738,MtCO2
co2-emissions,Iran,1991,189.02845727528663,MtCO2
co2-emissions,Iran,1992,203.78666708129307,MtCO2
co2-emissions,Iran,1993,205.60555410000785,MtCO2
co2-emissions,Iran,1994,234.88416141332755,MtCO2
co2-emissions,Iran,1995,241.2979461400829,MtCO2
co2-emissions,Iran,1996,247.78540624356648,MtCO2
co2-emissions,Iran,1997,260.12773379139196,MtCO2
co2-emissions,Iran,1998,262.298292823319,MtCO2
co2-emissions,Iran,1999,285.14496930145236,MtCO2
co2-emissions,Iran,2000,297.88040957461214,MtCO2
co2-emissions,Iran,2001,309.9088517353264,MtCO2
co2-emissions,Iran,2002,331.2724203409097,MtCO2
co2-emissions,Iran,2003,344.8334950646594,MtCO2
co2-emissions,Iran,2004,371.4525465126634,MtCO2
co2-emissions,Iran,2005,408.1318334083911,MtCO2
co2-emissions,Iran,2006,442.47302001869514,MtCO2
co2-emissions,Iran,2007,469.1381733034586,MtCO2
co2-emissions,Iran,2008,479.69962546162697,MtCO2
co2-emissions,Iran,2009,498.8534976614971,MtCO2
co2-emissions,Iran,2010,496.3416942371192,MtCO2
co2-emissions,Iran,2011,508.6729970803948,MtCO2
co2-emissions,Iran,2012,515.9286642390331,MtCO2
co2-emissions,Iran,2013,527.6434185566211,MtCO2
co2-emissions,Iran,2014,561.1306673640051,MtCO2
co2-emissions,Iran,2015,554.4863499026397,MtCO2
co2-emissions,Iran,2016,557.0255882545408,MtCO2
co2-emissions,Iran,2017,580.0059051675235,MtCO2
co2-emissions,Iran,2018,568.4974057174335,MtCO2
co2-emissions,Iran,2019,625.0508102211439,MtCO2
co2-emissions,Iran,2020,644.7894403971411,MtCO2
co2-emissions,Iran,2021,686.4898160466633,MtCO2
co2-emissions,Iran,2022,695.3931105070681,MtCO2
co2-emissions,Iran,2023,716.2459640188147,MtCO2
co2-emissions,Iran,2024,735.756721700634,MtCO2
co2-emissions,Italy,1990,384.87818626040786,MtCO2
co2-emissions,Italy,1991,384.78237054345635,MtCO2
co2-emissions,Italy,1992,382.9926695064063,MtCO2
co2-emissions,Italy,1993,378.5104543477618,MtCO2
co2-emissions,Italy,1994,374.89621683725625,MtCO2
co2-emissions,Italy,1995,397.5143265744072,MtCO2
co2-emissions,Italy,1996,395.0253720549055,MtCO2
co2-emissions,Italy,1997,397.4304952110477,MtCO2
co2-emissions,Italy,1998,407.5922576998238,MtCO2
co2-emissions,Italy,1999,413.78143297952664,MtCO2
co2-emissions,Italy,2000,415.7141262024994,MtCO2
co2-emissions,Italy,2001,415.65042060651484,MtCO2
co2-emissions,Italy,2002,423.3665756685501,MtCO2
co2-emissions,Italy,2003,439.3370673376988,MtCO2
co2-emissions,Italy,2004,447.1612438246454,MtCO2
co2-emissions,Italy,2005,450.68499327059277,MtCO2
co2-emissions,Italy,2006,444.93346361462886,MtCO2
co2-emissions,Italy,2007,437.43960833532446,MtCO2
co2-emissions,Italy,2008,425.7632233819537,MtCO2
co2-emissions,Italy,2009,381.3757217709726,MtCO2
co2-emissions,Italy,2010,386.28315053558174,MtCO2
co2-emissions,Italy,2011,380.71642675919844,MtCO2
co2-emissions,Italy,2012,362.59852328061686,MtCO2
co2-emissions,Italy,2013,334.91712624538565,MtCO2
co2-emissions,Italy,2014,317.4564829486926,MtCO2
co2-emissions,Italy,2015,327.2933692478956,MtCO2
co2-emissions,Italy,2016,323.45987540277554,MtCO2
co2-emissions,Italy,2017,319.9931262449254,MtCO2
co2-emissions,Italy,2018,315.7772691965346,MtCO2
co2-emissions,Italy,2019,308.0613588398368,MtCO2
co2-emissions,Italy,2020,274.36448820753367,MtCO2
co2-emissions,Italy,2021,305.89822614822685,MtCO2
co2-emissions,Italy,2022,310.39784094874216,MtCO2
co2-emissions,Italy,2023,285.4717402052666,MtCO2
co2-emissions,Italy,2024,278.3156006828598,MtCO2
co2-emissions,Japan,1990,1013.6924179386523,MtCO2
co2-emissions,Japan,1991,1024.742741931819,MtCO2
co2-emissions,Japan,1992,1036.3798855251973,MtCO2
co2-emissions,Japan,1993,1030.3708147279153,MtCO2
co2-emissions,Japan,1994,1081.522804452808,MtCO2
co2-emissions,Japan,1995,1092.0610191976177,MtCO2
co2-emissions,Japan,1996,1106.0524575947277,MtCO2
co2-emissions,Japan,1997,1097.7621213706714,MtCO2
co2-emissions,Japan,1998,1062.6274046497385,MtCO2
co2-emissions,Japan,1999,1095.0715186213822,MtCO2
co2-emissions,Japan,2000,1108.8427304762704,MtCO2
co2-emissions,Japan,2001,1099.0535604466265,MtCO2
co2-emissions,Japan,2002,1136.9066121016415,MtCO2
co2-emissions,Japan,2003,1148.9586701423511,MtCO2
co2-emissions,Japan,2004,1145.325259066826,MtCO2
co2-emissions,Japan,2005,1156.7206728501315,MtCO2
co2-emissions,Japan,2006,1131.4767932389946,MtCO2
co2-emissions,Japan,2007,1167.790186422642,MtCO2
co2-emissions,Japan,2008,1108.00761498781,MtCO2
co2-emissions,Japan,2009,1053.8845316473326,MtCO2
co2-emissions,Japan,2010,1109.710670671689,MtCO2
co2-emissions,Japan,2011,1165.7217543458216,MtCO2
co2-emissions,Japan,2012,1208.8007153362646,MtCO2
co2-emissions,Japan,2013,1213.3816159941307,MtCO2
co2-emissions,Japan,2014,1169.5996844388928,MtCO2
co2-emissions,Japan,2015,1134.18605622563,MtCO2
co2-emissions,Japan,2016,1127.1869747111894,MtCO2
co2-emissions,Japan,2017,1115.4312253766223,MtCO2
co2-emissions,Japan,2018,1078.2521993521555,MtCO2
co2-emissions,Japan,2019,1043.271518386839,MtCO2
co2-emissions,Japan,2020,989.6222735230017,MtCO2
co2-emissions,Japan,2021,1000.0866351961255,MtCO2
co2-emissions,Japan,2022,970.6827243480762,MtCO2
co2-emissions,Japan,2023,910.0251509380465,MtCO2
co2-emissions,Japan,2024,891.4491370368272,MtCO2
co2-emissions,Kazakhstan,1990,237.89085086933162,MtCO2
co2-emissions,Kazakhstan,1991,247.542126023342,MtCO2
co2-emissions,Kazakhstan,1992,251.4988375543029,MtCO2
co2-emissions,Kazakhstan,1993,215.8048855699848,MtCO2
co2-emissions,Kazakhstan,1994,193.28509737759273,MtCO2
co2-emissions,Kazakhstan,1995,169.6364571096252,MtCO2
co2-emissions,Kazakhstan,1996,148.17333318721015,MtCO2
co2-emissions,Kazakhstan,1997,125.99663840937826,MtCO2
co2-emissions,Kazakhstan,1998,127.61666203591567,MtCO2
co2-emissions,Kazakhstan,1999,116.83136278402645,MtCO2
co2-emissions,Kazakhstan,2000,114.18711308238431,MtCO2
co2-emissions,Kazakhstan,2001,120.5461220214945,MtCO2
co2-emissions,Kazakhstan,2002,125.76332574892916,MtCO2
co2-emissions,Kazakhstan,2003,139.72670531784377,MtCO2
co2-emissions,Kazakhstan,2004,157.34571896959392,MtCO2
co2-emissions,Kazakhstan,2005,167.53996658425805,MtCO2
co2-emissions,Kazakhstan,2006,186.64049835052552,MtCO2
co2-emissions,Kazakhstan,2007,194.44931134559687,MtCO2
co2-emissions,Kazakhstan,2008,232.113522234095,MtCO2
co2-emissions,Kazakhstan,2009,202.76462225898908,MtCO2
co2-emissions,Kazakhstan,2010,237.6249030832514,MtCO2
co2-emissions,Kazakhstan,2011,235.20048761488107,MtCO2
co2-emissions,Kazakhstan,2012,234.21211097732854,MtCO2
co2-emissions,Kazakhstan,2013,251.23374371693674,MtCO2
co2-emissions,Kazakhstan,2014,197.88275420794753,MtCO2
co2-emissions,Kazakhstan,2015,195.65465343374015,MtCO2
co2-emissions,Kazakhstan,2016,205.66672318459004,MtCO2
co2-emissions,Kazakhstan,2017,228.1530159539301,MtCO2
co2-emissions,Kazakhstan,2018,212.26351621608694,MtCO2
co2-emissions,Kazakhstan,2019,210.31349554044343,MtCO2
co2-emissions,Kazakhstan,2020,209.24820556121972,MtCO2
co2-emissions,Kazakhstan,2021,228.92310753431195,MtCO2
co2-emissions,Kazakhstan,2022,217.9977678119182,MtCO2
co2-emissions,Kazakhstan,2023,229.3068255006644,MtCO2
co2-emissions,Kazakhstan,2024,228.41494766928074,MtCO2
co2-emissions,Kuwait,1990,32.276645883378315,MtCO2
co2-emissions,Kuwait,1991,14.159879412894101,MtCO2
co2-emissions,Kuwait,1992,29.21881811852,MtCO2
co2-emissions,Kuwait,1993,41.41256405534102,MtCO2
co2-emissions,Kuwait,1994,46.06343141735316,MtCO2
co2-emissions,Kuwait,1995,43.62888543256589,MtCO2
co2-emissions,Kuwait,1996,42.397701087461925,MtCO2
co2-emissions,Kuwait,1997,45.4885897732801,MtCO2
co2-emissions,Kuwait,1998,43.938870461353595,MtCO2
co2-emissions,Kuwait,1999,46.208813803370084,MtCO2
co2-emissions,Kuwait,2000,46.536837796825836,MtCO2
co2-emissions,Kuwait,2001,50.43220260850009,MtCO2
co2-emissions,Kuwait,2002,52.40027244453099,MtCO2
co2-emissions,Kuwait,2003,53.53776877786497,MtCO2
co2-emissions,Kuwait,2004,56.42346020852622,MtCO2
co2-emissions,Kuwait,2005,64.86581228503158,MtCO2
co2-emissions,Kuwait,2006,67.4646452542264,MtCO2
co2-emissions,Kuwait,2007,67.64978927048853,MtCO2
co2-emissions,Kuwait,2008,71.77225050661762,MtCO2
co2-emissions,Kuwait,2009,80.67039396467885,MtCO2
co2-emissions,Kuwait,2010,78.0933364981814,MtCO2
co2-emissions,Kuwait,2011,79.5856771566494,MtCO2
co2-emissions,Kuwait,2012,78.645714139663,MtCO2
co2-emissions,Kuwait,2013,84.81987127621606,MtCO2
co2-emissions,Kuwait,2014,82.91645208038592,MtCO2
co2-emissions,Kuwait,2015,87.1717852448762,MtCO2
co2-emissions,Kuwait,2016,88.67485253847,MtCO2
co2-emissions,Kuwait,2017,88.68163777651696,MtCO2
co2-emissions,Kuwait,2018,90.82089559466256,MtCO2
co2-emissions,Kuwait,2019,91.6096807027514,MtCO2
co2-emissions,Kuwait,2020,90.61026490199421,MtCO2
co2-emissions,Kuwait,2021,98.98620962534255,MtCO2
co2-emissions,Kuwait,2022,93.85702854658071,MtCO2
co2-emissions,Kuwait,2023,93.59640619139557,MtCO2
co2-emissions,Kuwait,2024,97.08876834500578,MtCO2
co2-emissions,Malaysia,1990,49.46160253296963,MtCO2
co2-emissions,Malaysia,1991,55.99665399724603,MtCO2
co2-emissions,Malaysia,1992,60.91770693949158,MtCO2
co2-emissions,Malaysia,1993,66.46532527541622,MtCO2
co2-emissions,Malaysia,1994,70.83069396402664,MtCO2
co2-emissions,Malaysia,1995,85.38361811451392,MtCO2
co2-emissions,Malaysia,1996,92.33082855587672,MtCO2
co2-emissions,Malaysia,1997,92.24860690388533,MtCO2
co2-emissions,Malaysia,1998,95.27334914504598,MtCO2
co2-emissions,Malaysia,1999,101.48243157189229,MtCO2
co2-emissions,Malaysia,2000,110.14440263164835,MtCO2
co2-emissions,Malaysia,2001,115.66750892841475,MtCO2
co2-emissions,Malaysia,2002,121.69670157988743,MtCO2
co2-emissions,Malaysia,2003,127.73398000282506,MtCO2
co2-emissions,Malaysia,2004,143.31695555194693,MtCO2
co2-emissions,Malaysia,2005,148.28888931567232,MtCO2
co2-emissions,Malaysia,2006,158.23184828997992,MtCO2
co2-emissions,Malaysia,2007,162.4551770284123,MtCO2
co2-emissions,Malaysia,2008,172.15303019191802,MtCO2
co2-emissions,Malaysia,2009,171.55842739974108,MtCO2
co2-emissions,Malaysia,2010,176.7319094945701,MtCO2
co2-emissions,Malaysia,2011,181.63621456298438,MtCO2
co2-emissions,Malaysia,2012,182.83559022493424,MtCO2
co2-emissions,Malaysia,2013,201.726229152774,MtCO2
co2-emissions,Malaysia,2014,202.8617582060958,MtCO2
co2-emissions,Malaysia,2015,220.42180217693618,MtCO2
co2-emissions,Malaysia,2016,219.05258721289897,MtCO2
co2-emissions,Malaysia,2017,220.58532706506824,MtCO2
co2-emissions,Malaysia,2018,221.57992766641988,MtCO2
co2-emissions,Malaysia,2019,231.47738477264753,MtCO2
co2-emissions,Malaysia,2020,223.47035608422757,MtCO2
co2-emissions,Malaysia,2021,226.11678885589694,MtCO2
co2-emissions,Malaysia,2022,240.4987485114438,MtCO2
co2-emissions,Malaysia,2023,243.3067059566725,MtCO2
co2-emissions,Malaysia,2024,244.34161639904522,MtCO2
co2-emissions,Mexico,1990,255.99466718456128,MtCO2
co2-emissions,Mexico,1991,274.0902136011556,MtCO2
co2-emissions,Mexico,1992,276.91810010745223,MtCO2
co2-emissions,Mexico,1993,284.3250016654783,MtCO2
co2-emissions,Mexico,1994,308.20122085124643,MtCO2
co2-emissions,Mexico,1995,290.1104326523705,MtCO2
co2-emissions,Mexico,1996,303.13034518526814,MtCO2
co2-emissions,Mexico,1997,320.7877814823619,MtCO2
co2-emissions,Mexico,1998,343.63010286651956,MtCO2
co2-emissions,Mexico,1999,333.8925217963722,MtCO2
co2-emissions,Mexico,2000,357.291497908132,MtCO2
co2-emissions,Mexico,2001,356.8798758167172,MtCO2
co2-emissions,Mexico,2002,361.45547436598423,MtCO2
co2-emissions,Mexico,2003,384.1834414545761,MtCO2
co2-emissions,Mexico,2004,392.4516470611965,MtCO2
co2-emissions,Mexico,2005,409.5730152512181,MtCO2
co2-emissions,Mexico,2006,422.9247010878929,MtCO2
co2-emissions,Mexico,2007,430.11648330700325,MtCO2
co2-emissions,Mexico,2008,430.20425588554986,MtCO2
co2-emissions,Mexico,2009,422.353554788425,MtCO2
co2-emissions,Mexico,2010,436.5111567843423,MtCO2
co2-emissions,Mexico,2011,454.1085800071053,MtCO2
co2-emissions,Mexico,2012,455.9760506632561,MtCO2
co2-emissions,Mexico,2013,446.1976086733107,MtCO2
co2-emissions,Mexico,2014,430.16243971585874,MtCO2
co2-emissions,Mexico,2015,438.0526611914374,MtCO2
co2-emissions,Mexico,2016,441.86667746530827,MtCO2
co2-emissions,Mexico,2017,442.8949786141518,MtCO2
co2-emissions,Mexico,2018,415.149407813443,MtCO2
co2-emissions,Mexico,2019,429.1783800109837,MtCO2
co2-emissions,Mexico,2020,365.93188263244843,MtCO2
co2-emissions,Mexico,2021,374.57766236437146,MtCO2
co2-emissions,Mexico,2022,379.02530985198314,MtCO2
co2-emissions,Mexico,2023,389.5106916112538,MtCO2
co2-emissions,Mexico,2024,393.77229076753565,MtCO2
co2-emissions,Netherlands,1990,148.4872930623899,MtCO2
co2-emissions,Netherlands,1991,154.96051682183978,MtCO2
co2-emissions,Netherlands,1992,153.83322180566896,MtCO2
co2-emissions,Netherlands,1993,157.79937828676069,MtCO2
co2-emissions,Netherlands,1994,156.70769418011577,MtCO2
co2-emissions,Netherlands,1995,161.53166322798555,MtCO2
co2-emissions,Netherlands,1996,171.1011017988101,MtCO2
co2-emissions,Netherlands,1997,163.25391729169573,MtCO2
co2-emissions,Netherlands,1998,163.80575837474447,MtCO2
co2-emissions,Netherlands,1999,158.73766037724934,MtCO2
co2-emissions,Netherlands,2000,159.6470185799917,MtCO2
co2-emissions,Netherlands,2001,164.55059041528855,MtCO2
co2-emissions,Netherlands,2002,164.62001233257425,MtCO2
co2-emissions,Netherlands,2003,167.42044619529113,MtCO2
co2-emissions,Netherlands,2004,169.32349513217812,MtCO2
co2-emissions,Netherlands,2005,165.39097363281988,MtCO2
co2-emissions,Netherlands,2006,161.83318624005287,MtCO2
co2-emissions,Netherlands,2007,162.19288418719375,MtCO2
co2-emissions,Netherlands,2008,163.56463428439838,MtCO2
co2-emissions,Netherlands,2009,158.8590071624893,MtCO2
co2-emissions,Netherlands,2010,169.7436950018241,MtCO2
co2-emissions,Netherlands,2011,157.13811777539806,MtCO2
co2-emissions,Netherlands,2012,155.32363878239684,MtCO2
co2-emissions,Netherlands,2013,154.17740623328447,MtCO2
co2-emissions,Netherlands,2014,146.5640262995528,MtCO2
co2-emissions,Netherlands,2015,155.376187594403,MtCO2
co2-emissions,Netherlands,2016,156.2051239806782,MtCO2
co2-emissions,Netherlands,2017,153.27233355237016,MtCO2
co2-emissions,Netherlands,2018,149.1545681012758,MtCO2
co2-emissions,Netherlands,2019,143.52970556745964,MtCO2
co2-emissions,Netherlands,2020,128.33942757427465,MtCO2
co2-emissions,Netherlands,2021,132.09289676058148,MtCO2
co2-emissions,Netherlands,2022,119.66030472663924,MtCO2
co2-emissions,Netherlands,2023,110.23150721627115,MtCO2
co2-emissions,Netherlands,2024,107.38784232274686,MtCO2
co2-emissions,New Zealand,1990,21.701444612190333,MtCO2
co2-emissions,New Zealand,1991,22.018015014775404,MtCO2
co2-emissions,New Zealand,1992,23.731616315939785,MtCO2
co2-emissions,New Zealand,1993,23.374475792585198,MtCO2
co2-emissions,New Zealand,1994,23.699971019379454,MtCO2
co2-emissions,New Zealand,1995,23.749660444540933,MtCO2
co2-emissions,New Zealand,1996,24.845197825558415,MtCO2
co2-emissions,New Zealand,1997,27.1014154097265,MtCO2
co2-emissions,New Zealand,1998,26.688809799040104,MtCO2
co2-emissions,New Zealand,1999,28.09065111728776,MtCO2
co2-emissions,New Zealand,2000,28.935984226043008,MtCO2
co2-emissions,New Zealand,2001,31.064663697842875,MtCO2
co2-emissions,New Zealand,2002,30.940829262646144,MtCO2
co2-emissions,New Zealand,2003,32.77496204259107,MtCO2
co2-emissions,New Zealand,2004,32.21505506166716,MtCO2
co2-emissions,New Zealand,2005,33.48693899010029,MtCO2
co2-emissions,New Zealand,2006,33.60493557825373,MtCO2
co2-emissions,New Zealand,2007,32.5166272771476,MtCO2
co2-emissions,New Zealand,2008,33.44906891859155,MtCO2
co2-emissions,New Zealand,2009,30.539381582854077,MtCO2
co2-emissions,New Zealand,2010,30.496288749304988,MtCO2
co2-emissions,New Zealand,2011,29.872766462225943,MtCO2
co2-emissions,New Zealand,2012,31.434715578981915,MtCO2
co2-emissions,New Zealand,2013,31.249539710155215,MtCO2
co2-emissions,New Zealand,2014,31.758078830286937,MtCO2
co2-emissions,New Zealand,2015,31.446681739599605,MtCO2
co2-emissions,New Zealand,2016,30.57810199328932,MtCO2
co2-emissions,New Zealand,2017,32.37855045298512,MtCO2
co2-emissions,New Zealand,2018,31.795122209506196,MtCO2
co2-emissions,New Zealand,2019,33.17797501551684,MtCO2
co2-emissions,New Zealand,2020,30.881111155899905,MtCO2
co2-emissions,New Zealand,2021,31.154406781491947,MtCO2
co2-emissions,New Zealand,2022,28.695650085715744,MtCO2
co2-emissions,New Zealand,2023,28.426657473173332,MtCO2
co2-emissions,New Zealand,2024,28.499614284696328,MtCO2
co2-emissions,Nigeria,1990,27.878321341303632,MtCO2
co2-emissions,Nigeria,1991,32.65982502154263,MtCO2
co2-emissions,Nigeria,1992,39.32314312432926,MtCO2
co2-emissions,Nigeria,1993,35.86468617826484,MtCO2
co2-emissions,Nigeria,1994,30.210363130601905,MtCO2
co2-emissions,Nigeria,1995,32.45027219318054,MtCO2
co2-emissions,Nigeria,1996,36.05377341761846,MtCO2
co2-emissions,Nigeria,1997,40.94239809667519,MtCO2
co2-emissions,Nigeria,1998,37.1206469014209,MtCO2
co2-emissions,Nigeria,1999,38.93163342555427,MtCO2
co2-emissions,Nigeria,2000,43.43802929231231,MtCO2
co2-emissions,Nigeria,2001,48.798475041820026,MtCO2
co2-emissions,Nigeria,2002,50.30535397088039,MtCO2
co2-emissions,Nigeria,2003,53.57743982759537,MtCO2
co2-emissions,Nigeria,2004,53.40467671560652,MtCO2
co2-emissions,Nigeria,2005,55.81478102485849,MtCO2
co2-emissions,Nigeria,2006,50.48145776307046,MtCO2
co2-emissions,Nigeria,2007,47.375134992028165,MtCO2
co2-emissions,Nigeria,2008,52.69888226900676,MtCO2
co2-emissions,Nigeria,2009,43.897926229761644,MtCO2
co2-emissions,Nigeria,2010,56.7876875158967,MtCO2
co2-emissions,Nigeria,2011,66.41948858739919,MtCO2
co2-emissions,Nigeria,2012,70.67349899380828,MtCO2
co2-emissions,Nigeria,2013,82.36708504051158,MtCO2
co2-emissions,Nigeria,2014,90.83356476018363,MtCO2
co2-emissions,Nigeria,2015,84.96737140239087,MtCO2
co2-emissions,Nigeria,2016,88.43566539498343,MtCO2
co2-emissions,Nigeria,2017,86.42620147806619,MtCO2
co2-emissions,Nigeria,2018,90.95099688414602,MtCO2
co2-emissions,Nigeria,2019,95.0217268614898,MtCO2
co2-emissions,Nigeria,2020,88.61650877166433,MtCO2
co2-emissions,Nigeria,2021,97.46192817532413,MtCO2
co2-emissions,Nigeria,2022,99.26801925148372,MtCO2
co2-emissions,Nigeria,2023,95.77606885979515,MtCO2
co2-emissions,Nigeria,2024,96.40745042709035,MtCO2
co2-emissions,Norway,1990,27.526557925777226,MtCO2
co2-emissions,Norway,1991,26.01317939311768,MtCO2
co2-emissions,Norway,1992,28.90343752147537,MtCO2
co2-emissions,Norway,1993,30.578202350940455,MtCO2
co2-emissions,Norway,1994,32.17257406934127,MtCO2
co2-emissions,Norway,1995,31.474603185421177,MtCO2
co2-emissions,Norway,1996,32.439821398981316,MtCO2
co2-emissions,Norway,1997,34.17831648721542,MtCO2
co2-emissions,Norway,1998,35.822327803836544,MtCO2
co2-emissions,Norway,1999,37.307244408615645,MtCO2
co2-emissions,Norway,2000,31.927866946526564,MtCO2
co2-emissions,Norway,2001,33.06743981892753,MtCO2
co2-emissions,Norway,2002,32.7045229004047,MtCO2
co2-emissions,Norway,2003,35.23900306419356,MtCO2
co2-emissions,Norway,2004,35.741883564658586,MtCO2
co2-emissions,Norway,2005,34.0995854709326,MtCO2
co2-emissions,Norway,2006,35.63155178790351,MtCO2
co2-emissions,Norway,2007,36.21878865419822,MtCO2
co2-emissions,Norway,2008,37.26186633600404,MtCO2
co2-emissions,Norway,2009,37.1695839993082,MtCO2
co2-emissions,Norway,2010,39.726114620990735,MtCO2
co2-emissions,Norway,2011,38.6012916155771,MtCO2
co2-emissions,Norway,2012,38.36405820604575,MtCO2
co2-emissions,Norway,2013,38.89309855654317,MtCO2
co2-emissions,Norway,2014,38.98459225660725,MtCO2
co2-emissions,Norway,2015,39.875563537601046,MtCO2
co2-emissions,Norway,2016,39.13923763244275,MtCO2
co2-emissions,Norway,2017,38.92693562799978,MtCO2
co2-emissions,Norway,2018,38.55663640253754,MtCO2
co2-emissions,Norway,2019,37.49731346718888,MtCO2
co2-emissions,Norway,2020,36.051483156904716,MtCO2
co2-emissions,Norway,2021,36.239178314413806,MtCO2
co2-emissions,Norway,2022,35.560175938620425,MtCO2
co2-emissions,Norway,2023,34.35847462778517,MtCO2
co2-emissions,Norway,2024,33.15138615303594,MtCO2
co2-emissions,Philippines,1990,37.19523387242844,MtCO2
co2-emissions,Philippines,1991,40.802693281106606,MtCO2
co2-emissions,Philippines,1992,45.30902084653861,MtCO2
co2-emissions,Philippines,1993,50.35608736432508,MtCO2
co2-emissions,Philippines,1994,51.46034062800683,MtCO2
co2-emissions,Philippines,1995,54.72595711143434,MtCO2
co2-emissions,Philippines,1996,58.864714779169894,MtCO2
co2-emissions,Philippines,1997,62.803721084600674,MtCO2
co2-emissions,Philippines,1998,67.51621409957976,MtCO2
co2-emissions,Philippines,1999,63.94100227378773,MtCO2
co2-emissions,Philippines,2000,63.07569020549147,MtCO2
co2-emissions,Philippines,2001,63.85086943959998,MtCO2
co2-emissions,Philippines,2002,65.4551225833967,MtCO2
co2-emissions,Philippines,2003,68.45380652911889,MtCO2
co2-emissions,Philippines,2004,71.15049058397928,MtCO2
co2-emissions,Philippines,2005,70.78332153843225,MtCO2
co2-emissions,Philippines,2006,63.728387199023125,MtCO2
co2-emissions,Philippines,2007,66.67646575162142,MtCO2
co2-emissions,Philippines,2008,69.8499565781932,MtCO2
co2-emissions,Philippines,2009,70.65038214829761,MtCO2
co2-emissions,Philippines,2010,76.13959444600185,MtCO2
co2-emissions,Philippines,2011,76.64037131081403,MtCO2
co2-emissions,Philippines,2012,79.12866887157054,MtCO2
co2-emissions,Philippines,2013,87.92682333813943,MtCO2
co2-emissions,Philippines,2014,93.60398822496691,MtCO2
co2-emissions,Philippines,2015,101.84088980310162,MtCO2
co2-emissions,Philippines,2016,112.03116626568445,MtCO2
co2-emissions,Philippines,2017,123.71402665843235,MtCO2
co2-emissions,Philippines,2018,128.7553878042724,MtCO2
co2-emissions,Philippines,2019,135.79061209716457,MtCO2
co2-emissions,Philippines,2020,125.68983162681131,MtCO2
co2-emissions,Philippines,2021,133.57186160921617,MtCO2
co2-emissions,Philippines,2022,138.98023809250776,MtCO2
co2-emissions,Philippines,2023,153.86008837155183,MtCO2
co2-emissions,Philippines,2024,166.11741259398067,MtCO2
co2-emissions,Poland,1990,342.46069599872817,MtCO2
co2-emissions,Poland,1991,345.2116976592004,MtCO2
co2-emissions,Poland,1992,337.89510605353973,MtCO2
co2-emissions,Poland,1993,338.75349659159167,MtCO2
co2-emissions,Poland,1994,332.01767846878033,MtCO2
co2-emissions,Poland,1995,333.1595418042244,MtCO2
co2-emissions,Poland,1996,348.84295319453986,MtCO2
co2-emissions,Poland,1997,337.82980148287515,MtCO2
co2-emissions,Poland,1998,311.59750800069656,MtCO2
co2-emissions,Poland,1999,302.818956867761,MtCO2
co2-emissions,Poland,2000,289.59781690861985,MtCO2
co2-emissions,Poland,2001,288.45695336053467,MtCO2
co2-emissions,Poland,2002,282.3466519459592,MtCO2
co2-emissions,Poland,2003,292.42633553074404,MtCO2
co2-emissions,Poland,2004,296.00344417818366,MtCO2
co2-emissions,Poland,2005,297.07585572360784,MtCO2
co2-emissions,Poland,2006,308.5307725153975,MtCO2
co2-emissions,Poland,2007,306.8971544996266,MtCO2
co2-emissions,Poland,2008,302.3168315954442,MtCO2
co2-emissions,Poland,2009,292.4912098877931,MtCO2
co2-emissions,Poland,2010,308.69843747347846,MtCO2
co2-emissions,Poland,2011,304.09601648779386,MtCO2
co2-emissions,Poland,2012,297.9463815392288,MtCO2
co2-emissions,Poland,2013,293.59763375570833,MtCO2
co2-emissions,Poland,2014,280.0765673075182,MtCO2
co2-emissions,Poland,2015,283.30910050405464,MtCO2
co2-emissions,Poland,2016,294.2440604748535,MtCO2
co2-emissions,Poland,2017,306.9506068933546,MtCO2
co2-emissions,Poland,2018,305.5592509223693,MtCO2
co2-emissions,Poland,2019,288.3746928302521,MtCO2
co2-emissions,Poland,2020,273.5617121738197,MtCO2
co2-emissions,Poland,2021,302.01574155995274,MtCO2
co2-emissions,Poland,2022,285.75559335966756,MtCO2
co2-emissions,Poland,2023,259.1948669690193,MtCO2
co2-emissions,Poland,2024,253.30415114112205,MtCO2
co2-emissions,Portugal,1990,38.13121631687905,MtCO2
co2-emissions,Portugal,1991,39.807905082188874,MtCO2
co2-emissions,Portugal,1992,43.96833834789571,MtCO2
co2-emissions,Portugal,1993,42.974042187355984,MtCO2
co2-emissions,Portugal,1994,43.604127298173566,MtCO2
co2-emissions,Portugal,1995,47.63425636961641,MtCO2
co2-emissions,Portugal,1996,45.679285890207055,MtCO2
co2-emissions,Portugal,1997,48.16315565193331,MtCO2
co2-emissions,Portugal,1998,52.64890021032968,MtCO2
co2-emissions,Portugal,1999,59.411620554740445,MtCO2
co2-emissions,Portugal,2000,58.80791378400977,MtCO2
co2-emissions,Portugal,2001,58.8934188618396,MtCO2
co2-emissions,Portugal,2002,62.93593837701632,MtCO2
co2-emissions,Portugal,2003,58.13298514971304,MtCO2
co2-emissions,Portugal,2004,59.32641582607511,MtCO2
co2-emissions,Portugal,2005,62.525430390199425,MtCO2
co2-emissions,Portugal,2006,57.49724280582078,MtCO2
co2-emissions,Portugal,2007,54.9418946945603,MtCO2
co2-emissions,Portugal,2008,53.140785675671495,MtCO2
co2-emissions,Portugal,2009,53.402206979260654,MtCO2
co2-emissions,Portugal,2010,47.86449445093732,MtCO2
co2-emissions,Portugal,2011,47.2254676434101,MtCO2
co2-emissions,Portugal,2012,46.049965683519865,MtCO2
co2-emissions,Portugal,2013,44.64119479757761,MtCO2
co2-emissions,Portugal,2014,43.657371002684464,MtCO2
co2-emissions,Portugal,2015,47.8172788540244,MtCO2
co2-emissions,Portugal,2016,47.31854140135103,MtCO2
co2-emissions,Portugal,2017,51.654512211888374,MtCO2
co2-emissions,Portugal,2018,48.03834929440779,MtCO2
co2-emissions,Portugal,2019,43.15334486518058,MtCO2
co2-emissions,Portugal,2020,37.22464612841244,MtCO2
co2-emissions,Portugal,2021,35.59659586452318,MtCO2
co2-emissions,Portugal,2022,36.130729134186694,MtCO2
co2-emissions,Portugal,2023,34.1773659860466,MtCO2
co2-emissions,Portugal,2024,32.34507158335138,MtCO2
co2-emissions,Qatar,1990,10.02269771668609,MtCO2
co2-emissions,Qatar,1991,11.929951498260271,MtCO2
co2-emissions,Qatar,1992,13.028290535642823,MtCO2
co2-emissions,Qatar,1993,13.053273132179498,MtCO2
co2-emissions,Qatar,1994,13.382779486906824,MtCO2
co2-emissions,Qatar,1995,13.806446706019935,MtCO2
co2-emissions,Qatar,1996,14.702253255270945,MtCO2
co2-emissions,Qatar,1997,16.446397792004248,MtCO2
co2-emissions,Qatar,1998,21.808938026399463,MtCO2
co2-emissions,Qatar,1999,24.629527553591075,MtCO2
co2-emissions,Qatar,2000,26.50763040190461,MtCO2
co2-emissions,Qatar,2001,27.388208552512182,MtCO2
co2-emissions,Qatar,2002,29.397827269969216,MtCO2
co2-emissions,Qatar,2003,27.501806129736185,MtCO2
co2-emissions,Qatar,2004,31.79621979132201,MtCO2
co2-emissions,Qatar,2005,33.942635686173006,MtCO2
co2-emissions,Qatar,2006,38.42143354629935,MtCO2
co2-emissions,Qatar,2007,43.145472415731916,MtCO2
co2-emissions,Qatar,2008,46.47406163519485,MtCO2
co2-emissions,Qatar,2009,50.16518868990788,MtCO2
co2-emissions,Qatar,2010,56.97461056761746,MtCO2
co2-emissions,Qatar,2011,63.209181887855664,MtCO2
co2-emissions,Qatar,2012,69.92322997481314,MtCO2
co2-emissions,Qatar,2013,71.43538510274672,MtCO2
co2-emissions,Qatar,2014,77.25756108607008,MtCO2
co2-emissions,Qatar,2015,80.30819637269497,MtCO2
co2-emissions,Qatar,2016,82.28489241303441,MtCO2
co2-emissions,Qatar,2017,84.28671416808074,MtCO2
co2-emissions,Qatar,2018,83.04644063939482,MtCO2
co2-emissions,Qatar,2019,86.39466194754604,MtCO2
co2-emissions,Qatar,2020,83.71671279390777,MtCO2
co2-emissions,Qatar,2021,85.41833038476933,MtCO2
co2-emissions,Qatar,2022,90.49053976380002,MtCO2
co2-emissions,Qatar,2023,94.936942293732,MtCO2
co2-emissions,Qatar,2024,97.44228741015667,MtCO2
co2-emissions,Romania,1990,166.20393268112065,MtCO2
co2-emissions,Romania,1991,137.82868234968808,MtCO2
co2-emissions,Romania,1992,118.68244909957791,MtCO2
co2-emissions,Romania,1993,113.59595397990054,MtCO2
co2-emissions,Romania,1994,110.87024243752084,MtCO2
co2-emissions,Romania,1995,116.42138719383631,MtCO2
co2-emissions,Romania,1996,119.1892163976112,MtCO2
co2-emissions,Romania,1997,109.41237958429122,MtCO2
co2-emissions,Romania,1998,95.70799358570005,MtCO2
co2-emissions,Romania,1999,83.18985454199763,MtCO2
co2-emissions,Romania,2000,85.64501062868008,MtCO2
co2-emissions,Romania,2001,89.42793008920358,MtCO2
co2-emissions,Romania,2002,90.3819385485571,MtCO2
co2-emissions,Romania,2003,96.45156222189372,MtCO2
co2-emissions,Romania,2004,94.71515177240238,MtCO2
co2-emissions,Romania,2005,90.93191446903731,MtCO2
co2-emissions,Romania,2006,94.80502744195596,MtCO2
co2-emissions,Romania,2007,92.0778945416694,MtCO2
co2-emissions,Romania,2008,91.05879024976821,MtCO2
co2-emissions,Romania,2009,77.73760385701534,MtCO2
co2-emissions,Romania,2010,75.34230043460222,MtCO2
co2-emissions,Romania,2011,82.8726722437834,MtCO2
co2-emissions,Romania,2012,79.74012668645094,MtCO2
co2-emissions,Romania,2013,70.37391795811614,MtCO2
co2-emissions,Romania,2014,69.54074225368281,MtCO2
co2-emissions,Romania,2015,70.66735324109578,MtCO2
co2-emissions,Romania,2016,69.11075486426668,MtCO2
co2-emissions,Romania,2017,72.0365350258575,MtCO2
co2-emissions,Romania,2018,72.60966741739514,MtCO2
co2-emissions,Romania,2019,71.09867463981492,MtCO2
co2-emissions,Romania,2020,65.73525405143684,MtCO2
co2-emissions,Romania,2021,70.92249103832431,MtCO2
co2-emissions,Romania,2022,67.49781217099354,MtCO2
co2-emissions,Romania,2023,63.12367948600925,MtCO2
co2-emissions,Romania,2024,61.13381045925539,MtCO2
co2-emissions,Russia,1990,2222.96082723635,MtCO2
co2-emissions,Russia,1991,2197.226324905285,MtCO2
co2-emissions,Russia,1992,2021.4042072229893,MtCO2
co2-emissions,Russia,1993,1842.3488994566144,MtCO2
co2-emissions,Russia,1994,1627.6381213602147,MtCO2
co2-emissions,Russia,1995,1587.9215681629191,MtCO2
co2-emissions,Russia,1996,1566.7183093907565,MtCO2
co2-emissions,Russia,1997,1456.784599146415,MtCO2
co2-emissions,Russia,1998,1453.7419297985184,MtCO2
co2-emissions,Russia,1999,1470.61438946761,MtCO2
co2-emissions,Russia,2000,1500.1534956023531,MtCO2
co2-emissions,Russia,2001,1505.3656560429008,MtCO2
co2-emissions,Russia,2002,1495.4842620351812,MtCO2
co2-emissions,Russia,2003,1524.7013318112245,MtCO2
co2-emissions,Russia,2004,1520.8428818617583,MtCO2
co2-emissions,Russia,2005,1507.7084413002474,MtCO2
co2-emissions,Russia,2006,1563.7704905204475,MtCO2
co2-emissions,Russia,2007,1557.2611267230209,MtCO2
co2-emissions,Russia,2008,1607.2396153596399,MtCO2
co2-emissions,Russia,2009,1482.6021527215144,MtCO2
co2-emissions,Russia,2010,1557.5675578229814,MtCO2
co2-emissions,Russia,2011,1630.4588827158307,MtCO2
co2-emissions,Russia,2012,1591.263234489768,MtCO2
co2-emissions,Russia,2013,1528.859877689718,MtCO2
co2-emissions,Russia,2014,1519.056987023847,MtCO2
co2-emissions,Russia,2015,1501.6705132805444,MtCO2
co2-emissions,Russia,2016,1478.9043061288035,MtCO2
co2-emissions,Russia,2017,1508.0423234760112,MtCO2
co2-emissions,Russia,2018,1701.1307914087106,MtCO2
co2-emissions,Russia,2019,1576.700423450995,MtCO2
co2-emissions,Russia,2020,1500.734135593113,MtCO2
co2-emissions,Russia,2021,1644.3041880244548,MtCO2
co2-emissions,Russia,2022,1610.9643828543099,MtCO2
co2-emissions,Russia,2023,1636.8202001278135,MtCO2
co2-emissions,Russia,2024,1658.7832462849196,MtCO2
co2-emissions,Saudi Arabia,1990,173.48246337461848,MtCO2
co2-emissions,Saudi Arabia,1991,193.8922047678201,MtCO2
co2-emissions,Saudi Arabia,1992,207.74071750300993,MtCO2
co2-emissions,Saudi Arabia,1993,226.8507427135193,MtCO2
co2-emissions,Saudi Arabia,1994,244.30587012295146,MtCO2
co2-emissions,Saudi Arabia,1995,240.7341388978576,MtCO2
co2-emissions,Saudi Arabia,1996,220.11796122658282,MtCO2
co2-emissions,Saudi Arabia,1997,219.80817284822032,MtCO2
co2-emissions,Saudi Arabia,1998,225.74647121238678,MtCO2
co2-emissions,Saudi Arabia,1999,232.06718298686388,MtCO2
co2-emissions,Saudi Arabia,2000,257.9092846019131,MtCO2
co2-emissions,Saudi Arabia,2001,267.60476810658787,MtCO2
co2-emissions,Saudi Arabia,2002,279.1256243623884,MtCO2
co2-emissions,Saudi Arabia,2003,292.6961036187377,MtCO2
co2-emissions,Saudi Arabia,2004,317.1153491630504,MtCO2
co2-emissions,Saudi Arabia,2005,332.9332575376395,MtCO2
co2-emissions,Saudi Arabia,2006,350.7941998636576,MtCO2
co2-emissions,Saudi Arabia,2007,360.99734603005976,MtCO2
co2-emissions,Saudi Arabia,2008,391.6448251190644,MtCO2
co2-emissions,Saudi Arabia,2009,409.10048144233434,MtCO2
co2-emissions,Saudi Arabia,2010,448.14698117350923,MtCO2
co2-emissions,Saudi Arabia,2011,470.52045487740185,MtCO2
co2-emissions,Saudi Arabia,2012,501.0197148267892,MtCO2
co2-emissions,Saudi Arabia,2013,508.3316248015828,MtCO2
co2-emissions,Saudi Arabia,2014,547.404964103606,MtCO2
co2-emissions,Saudi Arabia,2015,572.5851315435333,MtCO2
co2-emissions,Saudi Arabia,2016,561.0904401665952,MtCO2
co2-emissions,Saudi Arabia,2017,528.7015861542313,MtCO2
co2-emissions,Saudi Arabia,2018,506.66913834204223,MtCO2
co2-emissions,Saudi Arabia,2019,547.9994806845302,MtCO2
co2-emissions,Saudi Arabia,2020,531.1795978480088,MtCO2
co2-emissions,Saudi Arabia,2021,561.1017952923885,MtCO2
co2-emissions,Saudi Arabia,2022,588.6554660696136,MtCO2
co2-emissions,Saudi Arabia,2023,629.77610525089,MtCO2
co2-emissions,Saudi Arabia,2024,626.2078052219839,MtCO2
co2-emissions,Singapore,1990,30.223289436715508,MtCO2
co2-emissions,Singapore,1991,31.54489759266415,MtCO2
co2-emissions,Singapore,1992,32.35127688692477,MtCO2
co2-emissions,Singapore,1993,37.096906550354205,MtCO2
co2-emissions,Singapore,1994,37.21323011115791,MtCO2
co2-emissions,Singapore,1995,36.98517938571906,MtCO2
co2-emissions,Singapore,1996,38.196520338124785,MtCO2
co2-emissions,Singapore,1997,38.072355345878115,MtCO2
co2-emissions,Singapore,1998,39.35377405574195,MtCO2
co2-emissions,Singapore,1999,39.276346002617956,MtCO2
co2-emissions,Singapore,2000,42.540641451351995,MtCO2
co2-emissions,Singapore,2001,42.25394067567906,MtCO2
co2-emissions,Singapore,2002,43.58357955084539,MtCO2
co2-emissions,Singapore,2003,39.91805881543619,MtCO2
co2-emissions,Singapore,2004,41.21905640426222,MtCO2
co2-emissions,Singapore,2005,39.083807722170036,MtCO2
co2-emissions,Singapore,2006,40.43817023325123,MtCO2
co2-emissions,Singapore,2007,37.32238796378272,MtCO2
co2-emissions,Singapore,2008,37.33851591059172,MtCO2
co2-emissions,Singapore,2009,38.88024997569897,MtCO2
co2-emissions,Singapore,2010,42.72290441986643,MtCO2
co2-emissions,Singapore,2011,45.13493872036809,MtCO2
co2-emissions,Singapore,2012,44.130536069817865,MtCO2
co2-emissions,Singapore,2013,43.08792870478036,MtCO2
co2-emissions,Singapore,2014,41.484164202034606,MtCO2
co2-emissions,Singapore,2015,40.65623405659587,MtCO2
co2-emissions,Singapore,2016,43.391197723001866,MtCO2
co2-emissions,Singapore,2017,47.81354657895107,MtCO2
co2-emissions,Singapore,2018,45.05336907814527,MtCO2
co2-emissions,Singapore,2019,45.03087548232895,MtCO2
co2-emissions,Singapore,2020,43.83225416395937,MtCO2
co2-emissions,Singapore,2021,45.66529386336834,MtCO2
co2-emissions,Singapore,2022,47.32190569232046,MtCO2
co2-emissions,Singapore,2023,45.89608200874669,MtCO2
co2-emissions,Singapore,2024,47.131967120194496,MtCO2
co2-emissions,South Africa,1990,262.44577401370094,MtCO2
co2-emissions,South Africa,1991,255.58605538468777,MtCO2
co2-emissions,South Africa,1992,268.4939265252103,MtCO2
co2-emissions,South Africa,1993,258.3568553683744,MtCO2
co2-emissions,South Africa,1994,276.8733698849385,MtCO2
co2-emissions,South Africa,1995,290.0776664614181,MtCO2
co2-emissions,South Africa,1996,283.93252918507295,MtCO2
co2-emissions,South Africa,1997,285.0004425545016,MtCO2
co2-emissions,South Africa,1998,317.25231581970377,MtCO2
co2-emissions,South Africa,1999,295.1619820953533,MtCO2
co2-emissions,South Africa,2000,300.98336825743223,MtCO2
co2-emissions,South Africa,2001,381.6176740893828,MtCO2
co2-emissions,South Africa,2002,393.8163968120079,MtCO2
co2-emissions,South Africa,2003,403.86286435216493,MtCO2
co2-emissions,South Africa,2004,415.6578087957216,MtCO2
co2-emissions,South Africa,2005,417.8503810560984,MtCO2
co2-emissions,South Africa,2006,424.6692408642372,MtCO2
co2-emissions,South Africa,2007,437.922000424307,MtCO2
co2-emissions,South Africa,2008,480.1225633778301,MtCO2
co2-emissions,South Africa,2009,475.39850200905886,MtCO2
co2-emissions,South Africa,2010,465.821013780585,MtCO2
co2-emissions,South Africa,2011,447.5936245384917,MtCO2
co2-emissions,South Africa,2012,466.91635897579033,MtCO2
co2-emissions,South Africa,2013,477.0455034570587,MtCO2
co2-emissions,South Africa,2014,490.1892450176748,MtCO2
co2-emissions,South Africa,2015,462.9107854476575,MtCO2
co2-emissions,South Africa,2016,471.2287476558125,MtCO2
co2-emissions,South Africa,2017,474.1117400146547,MtCO2
co2-emissions,South Africa,2018,474.26658790524937,MtCO2
co2-emissions,South Africa,2019,485.68757614107335,MtCO2
co2-emissions,South Africa,2020,464.164139286117,MtCO2
co2-emissions,South Africa,2021,455.91471412080074,MtCO2
co2-emissions,South Africa,2022,436.13494782716504,MtCO2
co2-emissions,South Africa,2023,420.0614351206804,MtCO2
co2-emissions,South Africa,2024,439.09951239667646,MtCO2
co2-emissions,South Korea,1990,247.99946453845087,MtCO2
co2-emissions,South Korea,1991,268.9986734154598,MtCO2
co2-emissions,South Korea,1992,286.1103130217994,MtCO2
co2-emissions,South Korea,1993,309.18872352266834,MtCO2
co2-emissions,South Korea,1994,329.00588413465744,MtCO2
co2-emissions,South Korea,1995,353.98844381714804,MtCO2
co2-emissions,South Korea,1996,377.8339725417531,MtCO2
co2-emissions,South Korea,1997,396.94089272001605,MtCO2
co2-emissions,South Korea,1998,337.70056975108764,MtCO2
co2-emissions,South Korea,1999,373.32840777032317,MtCO2
co2-emissions,South Korea,2000,406.8721741993092,MtCO2
co2-emissions,South Korea,2001,416.7763319122416,MtCO2
co2-emissions,South Korea,2002,430.0035920843558,MtCO2
co2-emissions,South Korea,2003,436.70578142788554,MtCO2
co2-emissions,South Korea,2004,455.75802782809535,MtCO2
co2-emissions,South Korea,2005,451.67259704802785,MtCO2
co2-emissions,South Korea,2006,459.2365799030425,MtCO2
co2-emissions,South Korea,2007,484.60605861743784,MtCO2
co2-emissions,South Korea,2008,496.7763071244927,MtCO2
co2-emissions,South Korea,2009,505.04169212441815,MtCO2
co2-emissions,South Korea,2010,562.201945093747,MtCO2
co2-emissions,South Korea,2011,592.4500152357666,MtCO2
co2-emissions,South Korea,2012,594.662771851705,MtCO2
co2-emissions,South Korea,2013,594.1297008806088,MtCO2
co2-emissions,South Korea,2014,578.3423025617822,MtCO2
co2-emissions,South Korea,2015,590.9914554599612,MtCO2
co2-emissions,South Korea,2016,592.5845871738703,MtCO2
co2-emissions,South Korea,2017,616.3018325731265,MtCO2
co2-emissions,South Korea,2018,635.7186519389426,MtCO2
co2-emissions,South Korea,2019,611.819924141808,MtCO2
co2-emissions,South Korea,2020,564.9158250005896,MtCO2
co2-emissions,South Korea,2021,581.3355308363324,MtCO2
co2-emissions,South Korea,2022,560.5673184206408,MtCO2
co2-emissions,South Korea,2023,540.7085370772492,MtCO2
co2-emissions,South Korea,2024,527.1335170006591,MtCO2
co2-emissions,Spain,1990,201.89999638717828,MtCO2
co2-emissions,Spain,1991,209.85905506887997,MtCO2
co2-emissions,Spain,1992,222.69042013872084,MtCO2
co2-emissions,Spain,1993,208.0392314501943,MtCO2
co2-emissions,Spain,1994,217.50740688386884,MtCO2
co2-emissions,Spain,1995,228.7691269201826,MtCO2
co2-emissions,Spain,1996,218.81725553180144,MtCO2
co2-emissions,Spain,1997,235.6989593198376,MtCO2
co2-emissions,Spain,1998,242.44716993473105,MtCO2
co2-emissions,Spain,1999,263.57259155305803,MtCO2
co2-emissions,Spain,2000,278.3282049588109,MtCO2
co2-emissions,Spain,2001,279.4965038357185,MtCO2
co2-emissions,Spain,2002,297.197327185694,MtCO2
co2-emissions,Spain,2003,302.45668974976286,MtCO2
co2-emissions,Spain,2004,318.3318886561514,MtCO2
co2-emissions,Spain,2005,333.3500640882148,MtCO2
co2-emissions,Spain,2006,327.1989432160577,MtCO2
co2-emissions,Spain,2007,335.98235877452663,MtCO2
co2-emissions,Spain,2008,309.498974829813,MtCO2
co2-emissions,Spain,2009,276.41156210791576,MtCO2
co2-emissions,Spain,2010,261.8332707488874,MtCO2
co2-emissions,Spain,2011,264.1907631133788,MtCO2
co2-emissions,Spain,2012,261.10168194561373,MtCO2
co2-emissions,Spain,2013,235.32529347845005,MtCO2
co2-emissions,Spain,2014,234.4036967402863,MtCO2
co2-emissions,Spain,2015,249.69984657285926,MtCO2
co2-emissions,Spain,2016,241.21109064137883,MtCO2
co2-emissions,Spain,2017,256.8675474822791,MtCO2
co2-emissions,Spain,2018,252.23207182933876,MtCO2
co2-emissions,Spain,2019,234.22677686858802,MtCO2
co2-emissions,Spain,2020,195.05972907944272,MtCO2
co2-emissions,Spain,2021,211.1677108208528,MtCO2
co2-emissions,Spain,2022,217.9751491259935,MtCO2
co2-emissions,Spain,2023,200.54650973956936,MtCO2
co2-emissions,Spain,2024,201.66670026503988,MtCO2
co2-emissions,Sweden,1990,50.01203340911437,MtCO2
co2-emissions,Sweden,1991,50.37272346937092,MtCO2
co2-emissions,Sweden,1992,50.607597062805404,MtCO2
co2-emissions,Sweden,1993,50.30564844965728,MtCO2
co2-emissions,Sweden,1994,52.31223622338472,MtCO2
co2-emissions,Sweden,1995,51.79289715554762,MtCO2
co2-emissions,Sweden,1996,57.099666614860666,MtCO2
co2-emissions,Sweden,1997,51.57606931213956,MtCO2
co2-emissions,Sweden,1998,52.18193628154139,MtCO2
co2-emissions,Sweden,1999,50.32713559682167,MtCO2
co2-emissions,Sweden,2000,47.28813264959681,MtCO2
co2-emissions,Sweden,2001,47.24709300447565,MtCO2
co2-emissions,Sweden,2002,48.4142915439874,MtCO2
co2-emissions,Sweden,2003,51.01179254929573,MtCO2
co2-emissions,Sweden,2004,49.24476987086535,MtCO2
co2-emissions,Sweden,2005,46.781372966019234,MtCO2
co2-emissions,Sweden,2006,46.21848096912939,MtCO2
co2-emissions,Sweden,2007,44.219470033317485,MtCO2
co2-emissions,Sweden,2008,43.37703515246488,MtCO2
co2-emissions,Sweden,2009,41.08103518357131,MtCO2
co2-emissions,Sweden,2010,45.15706769708332,MtCO2
co2-emissions,Sweden,2011,41.911710508809215,MtCO2
co2-emissions,Sweden,2012,39.63041832899588,MtCO2
co2-emissions,Sweden,2013,37.81445508113675,MtCO2
co2-emissions,Sweden,2014,36.565865949104484,MtCO2
co2-emissions,Sweden,2015,36.47631273140545,MtCO2
co2-emissions,Sweden,2016,36.066069649896676,MtCO2
co2-emissions,Sweden,2017,35.651673629040424,MtCO2
co2-emissions,Sweden,2018,33.3908662559366,MtCO2
co2-emissions,Sweden,2019,32.551762991529046,MtCO2
co2-emissions,Sweden,2020,31.433675803586723,MtCO2
co2-emissions,Sweden,2021,33.991407841919745,MtCO2
co2-emissions,Sweden,2022,31.16973029111593,MtCO2
co2-emissions,Sweden,2023,30.213114942602225,MtCO2
co2-emissions,Sweden,2024,31.13980414388605,MtCO2
co2-emissions,Taiwan,1990,120.94842721263035,MtCO2
co2-emissions,Taiwan,1991,130.09331851694537,MtCO2
co2-emissions,Taiwan,1992,139.0056255364655,MtCO2
co2-emissions,Taiwan,1993,149.25727148255478,MtCO2
co2-emissions,Taiwan,1994,157.9919382646589,MtCO2
co2-emissions,Taiwan,1995,166.74219311077007,MtCO2
co2-emissions,Taiwan,1996,175.4411890646215,MtCO2
co2-emissions,Taiwan,1997,188.88786152212583,MtCO2
co2-emissions,Taiwan,1998,199.55658859476827,MtCO2
co2-emissions,Taiwan,1999,208.76435267269207,MtCO2
co2-emissions,Taiwan,2000,228.41451692348596,MtCO2
co2-emissions,Taiwan,2001,232.96931721908922,MtCO2
co2-emissions,Taiwan,2002,241.6886333024694,MtCO2
co2-emissions,Taiwan,2003,252.5602809317346,MtCO2
co2-emissions,Taiwan,2004,263.50860964605755,MtCO2
co2-emissions,Taiwan,2005,271.915976488735,MtCO2
co2-emissions,Taiwan,2006,280.2110992072283,MtCO2
co2-emissions,Taiwan,2007,283.4486931161924,MtCO2
co2-emissions,Taiwan,2008,271.3764104298095,MtCO2
co2-emissions,Taiwan,2009,257.96419966073216,MtCO2
co2-emissions,Taiwan,2010,275.74381028473516,MtCO2
co2-emissions,Taiwan,2011,280.53300672488143,MtCO2
co2-emissions,Taiwan,2012,276.10595779116926,MtCO2
co2-emissions,Taiwan,2013,277.3040216886313,MtCO2
co2-emissions,Taiwan,2014,281.78312359203653,MtCO2
co2-emissions,Taiwan,2015,282.51045738408413,MtCO2
co2-emissions,Taiwan,2016,287.83699163372256,MtCO2
co2-emissions,Taiwan,2017,295.65096790626086,MtCO2
co2-emissions,Taiwan,2018,289.90791438504345,MtCO2
co2-emissions,Taiwan,2019,281.2543721264294,MtCO2
co2-emissions,Taiwan,2020,280.2006546208524,MtCO2
co2-emissions,Taiwan,2021,289.5904421777455,MtCO2
co2-emissions,Taiwan,2022,279.7366944484859,MtCO2
co2-emissions,Taiwan,2023,272.27692592025886,MtCO2
co2-emissions,Taiwan,2024,267.03569305120965,MtCO2
co2-emissions,Thailand,1990,78.7210808970994,MtCO2
co2-emissions,Thailand,1991,87.360460200159,MtCO2
co2-emissions,Thailand,1992,94.49899507451705,MtCO2
co2-emissions,Thailand,1993,109.97479471529412,MtCO2
co2-emissions,Thailand,1994,122.93210627878088,MtCO2
co2-emissions,Thailand,1995,136.85278474910638,MtCO2
co2-emissions,Thailand,1996,152.56128951409815,MtCO2
co2-emissions,Thailand,1997,156.94709776188859,MtCO2
co2-emissions,Thailand,1998,141.2141695639146,MtCO2
co2-emissions,Thailand,1999,146.55383725186775,MtCO2
co2-emissions,Thailand,2000,148.06289030403653,MtCO2
co2-emissions,Thailand,2001,156.67619445490703,MtCO2
co2-emissions,Thailand,2002,164.3254952012006,MtCO2
co2-emissions,Thailand,2003,174.5033055064695,MtCO2
co2-emissions,Thailand,2004,194.222869142055,MtCO2
co2-emissions,Thailand,2005,191.5795205666458,MtCO2
co2-emissions,Thailand,2006,194.06206389050382,MtCO2
co2-emissions,Thailand,2007,198.19289289642185,MtCO2
co2-emissions,Thailand,2008,200.26530069565266,MtCO2
co2-emissions,Thailand,2009,208.51782035936847,MtCO2
co2-emissions,Thailand,2010,222.686870746256,MtCO2
co2-emissions,Thailand,2011,219.2129821055591,MtCO2
co2-emissions,Thailand,2012,236.5590492657418,MtCO2
co2-emissions,Thailand,2013,246.38226447303575,MtCO2
co2-emissions,Thailand,2014,243.86433030869253,MtCO2
co2-emissions,Thailand,2015,251.74005201185426,MtCO2
co2-emissions,Thailand,2016,248.16366062300827,MtCO2
co2-emissions,Thailand,2017,248.2288528174046,MtCO2
co2-emissions,Thailand,2018,242.4916761082333,MtCO2
co2-emissions,Thailand,2019,249.54619088376475,MtCO2
co2-emissions,Thailand,2020,238.23098018851925,MtCO2
co2-emissions,Thailand,2021,229.2386417715699,MtCO2
co2-emissions,Thailand,2022,235.60203785401603,MtCO2
co2-emissions,Thailand,2023,254.62781743983538,MtCO2
co2-emissions,Thailand,2024,249.94861862190476,MtCO2
co2-emissions,Turkiye,1990,130.7515783550444,MtCO2
co2-emissions,Turkiye,1991,132.28998272528966,MtCO2
co2-emissions,Turkiye,1992,137.2133597272235,MtCO2
co2-emissions,Turkiye,1993,143.2512619652142,MtCO2
co2-emissions,Turkiye,1994,140.98523621299574,MtCO2
co2-emissions,Turkiye,1995,154.01529237460878,MtCO2
co2-emissions,Turkiye,1996,171.23848257862153,MtCO2
co2-emissions,Turkiye,1997,179.23293636745152,MtCO2
co2-emissions,Turkiye,1998,179.5972407254928,MtCO2
co2-emissions,Turkiye,1999,178.8058919325354,MtCO2
co2-emissions,Turkiye,2000,202.33123687327577,MtCO2
co2-emissions,Turkiye,2001,184.49420766216218,MtCO2
co2-emissions,Turkiye,2002,194.39180314954285,MtCO2
co2-emissions,Turkiye,2003,208.16884245479113,MtCO2
co2-emissions,Turkiye,2004,208.96640751530072,MtCO2
co2-emissions,Turkiye,2005,217.24865354779195,MtCO2
co2-emissions,Turkiye,2006,241.71679931917734,MtCO2
co2-emissions,Turkiye,2007,267.4950295556223,MtCO2
co2-emissions,Turkiye,2008,261.4783782686861,MtCO2
co2-emissions,Turkiye,2009,260.9604269481215,MtCO2
co2-emissions,Turkiye,2010,266.6525820290333,MtCO2
co2-emissions,Turkiye,2011,286.7026293632999,MtCO2
co2-emissions,Turkiye,2012,296.8388224555561,MtCO2
co2-emissions,Turkiye,2013,283.43010617448357,MtCO2
co2-emissions,Turkiye,2014,307.81420320176824,MtCO2
co2-emissions,Turkiye,2015,319.6077904185312,MtCO2
co2-emissions,Turkiye,2016,339.614496518665,MtCO2
co2-emissions,Turkiye,2017,380.8719508779674,MtCO2
co2-emissions,Turkiye,2018,376.6674620039537,MtCO2
co2-emissions,Turkiye,2019,367.4226399509495,MtCO2
co2-emissions,Turkiye,2020,367.61017258718977,MtCO2
co2-emissions,Turkiye,2021,402.3012540103724,MtCO2
co2-emissions,Turkiye,2022,391.79983997468,MtCO2
co2-emissions,Turkiye,2023,380.7553528634265,MtCO2
co2-emissions,Turkiye,2024,388.344936791869,MtCO2
co2-emissions,United Arab Emirates,1990,48.24994080239158,MtCO2
co2-emissions,United Arab Emirates,1991,54.85712143732332,MtCO2
co2-emissions,United Arab Emirates,1992,52.72983223634487,MtCO2
co2-emissions,United Arab Emirates,1993,56.07378832221625,MtCO2
co2-emissions,United Arab Emirates,1994,61.689249325551515,MtCO2
co2-emissions,United Arab Emirates,1995,63.976649726779314,MtCO2
co2-emissions,United Arab Emirates,1996,73.9294062108195,MtCO2
co2-emissions,United Arab Emirates,1997,71.47236119543147,MtCO2
co2-emissions,United Arab Emirates,1998,76.78767718334956,MtCO2
co2-emissions,United Arab Emirates,1999,77.30434380770292,MtCO2
co2-emissions,United Arab Emirates,2000,80.53686329759284,MtCO2
co2-emissions,United Arab Emirates,2001,81.44610115823862,MtCO2
co2-emissions,United Arab Emirates,2002,91.94427537436941,MtCO2
co2-emissions,United Arab Emirates,2003,99.9710579951985,MtCO2
co2-emissions,United Arab Emirates,2004,105.35112345806847,MtCO2
co2-emissions,United Arab Emirates,2005,107.22233302979758,MtCO2
co2-emissions,United Arab Emirates,2006,112.864141577442,MtCO2
co2-emissions,United Arab Emirates,2007,124.3212988038156,MtCO2
co2-emissions,United Arab Emirates,2008,143.48195117122384,MtCO2
co2-emissions,United Arab Emirates,2009,151.01862395556216,MtCO2
co2-emissions,United Arab Emirates,2010,156.09455226534698,MtCO2
co2-emissions,United Arab Emirates,2011,163.51972103924643,MtCO2
co2-emissions,United Arab Emirates,2012,178.13727137876052,MtCO2
co2-emissions,United Arab Emirates,2013,186.8081263274321,MtCO2
co2-emissions,United Arab Emirates,2014,188.71402932506567,MtCO2
co2-emissions,United Arab Emirates,2015,195.28802969752556,MtCO2
co2-emissions,United Arab Emirates,2016,188.41850295004548,MtCO2
co2-emissions,United Arab Emirates,2017,177.18014430993733,MtCO2
co2-emissions,United Arab Emirates,2018,174.06975373168248,MtCO2
co2-emissions,United Arab Emirates,2019,177.48359883648897,MtCO2
co2-emissions,United Arab Emirates,2020,175.86959365911648,MtCO2
co2-emissions,United Arab Emirates,2021,178.97628387217085,MtCO2
co2-emissions,United Arab Emirates,2022,176.33419122960098,MtCO2
co2-emissions,United Arab Emirates,2023,181.17916598655117,MtCO2
co2-emissions,United Arab Emirates,2024,180.8621818804984,MtCO2
co2-emissions,United Kingdom,1990,568.3806190883737,MtCO2
co2-emissions,United Kingdom,1991,578.2740798940866,MtCO2
co2-emissions,United Kingdom,1992,559.9059813152398,MtCO2
co2-emissions,United Kingdom,1993,539.1027471095134,MtCO2
co2-emissions,United Kingdom,1994,531.9914130198379,MtCO2
co2-emissions,United Kingdom,1995,523.1066764471551,MtCO2
co2-emissions,United Kingdom,1996,541.7360334606781,MtCO2
co2-emissions,United Kingdom,1997,519.0136513674435,MtCO2
co2-emissions,United Kingdom,1998,521.759018634873,MtCO2
co2-emissions,United Kingdom,1999,517.699874439303,MtCO2
co2-emissions,United Kingdom,2000,526.6602022811888,MtCO2
co2-emissions,United Kingdom,2001,541.409282920871,MtCO2
co2-emissions,United Kingdom,2002,525.3737582764045,MtCO2
co2-emissions,United Kingdom,2003,538.8661866403095,MtCO2
co2-emissions,United Kingdom,2004,538.2503559882839,MtCO2
co2-emissions,United Kingdom,2005,536.8649670690926,MtCO2
co2-emissions,United Kingdom,2006,538.7496971389986,MtCO2
co2-emissions,United Kingdom,2007,526.956013228527,MtCO2
co2-emissions,United Kingdom,2008,515.4361041848302,MtCO2
co2-emissions,United Kingdom,2009,468.3048579469326,MtCO2
co2-emissions,United Kingdom,2010,485.63080074986556,MtCO2
co2-emissions,United Kingdom,2011,445.8905467478288,MtCO2
co2-emissions,United Kingdom,2012,469.5581858102859,MtCO2
co2-emissions,United Kingdom,2013,455.5338663496469,MtCO2
co2-emissions,United Kingdom,2014,414.3128680616321,MtCO2
co2-emissions,United Kingdom,2015,397.8073999688093,MtCO2
co2-emissions,United Kingdom,2016,371.6588738864033,MtCO2
co2-emissions,United Kingdom,2017,359.7906812067747,MtCO2
co2-emissions,United Kingdom,2018,353.45836854057967,MtCO2
co2-emissions,United Kingdom,2019,339.57933631173313,MtCO2
co2-emissions,United Kingdom,2020,301.0287341167305,MtCO2
co2-emissions,United Kingdom,2021,319.28174968728166,MtCO2
co2-emissions,United Kingdom,2022,309.4246973011587,MtCO2
co2-emissions,United Kingdom,2023,292.33956407894584,MtCO2
co2-emissions,United Kingdom,2024,280.2004887641928,MtCO2
co2-emissions,United States,1990,4790.5769487074185,MtCO2
co2-emissions,United States,1991,4759.681213868659,MtCO2
co2-emissions,United States,1992,4843.02820766291,MtCO2
co2-emissions,United States,1993,4961.954725735984,MtCO2
co2-emissions,United States,1994,5022.626621988781,MtCO2
co2-emissions,United States,1995,5015.148882789739,MtCO2
co2-emissions,United States,1996,5185.341323446923,MtCO2
co2-emissions,United States,1997,5413.411472173706,MtCO2
co2-emissions,United States,1998,5503.871322359562,MtCO2
co2-emissions,United States,1999,5527.960041697332,MtCO2
co2-emissions,United States,2000,5671.891385361824,MtCO2
co2-emissions,United States,2001,5579.576688032251,MtCO2
co2-emissions,United States,2002,5545.190704907029,MtCO2
co2-emissions,United States,2003,5629.061775488583,MtCO2
co2-emissions,United States,2004,5709.291522041205,MtCO2
co2-emissions,United States,2005,5729.544399579223,MtCO2
co2-emissions,United States,2006,5629.803593647741,MtCO2
co2-emissions,United States,2007,5722.251304243378,MtCO2
co2-emissions,United States,2008,5526.514730978767,MtCO2
co2-emissions,United States,2009,5121.709942317521,MtCO2
co2-emissions,United States,2010,5356.984377305809,MtCO2
co2-emissions,United States,2011,5140.624858344571,MtCO2
co2-emissions,United States,2012,4922.789626789832,MtCO2
co2-emissions,United States,2013,5060.938965567986,MtCO2
co2-emissions,United States,2014,5074.916550359984,MtCO2
co2-emissions,United States,2015,4944.338376584217,MtCO2
co2-emissions,United States,2016,4846.539777781976,MtCO2
co2-emissions,United States,2017,4761.086872932595,MtCO2
co2-emissions,United States,2018,4910.426204975659,MtCO2
co2-emissions,United States,2019,4746.290778004747,MtCO2
co2-emissions,United States,2020,4262.604150775309,MtCO2
co2-emissions,United States,2021,4550.7339130513765,MtCO2
co2-emissions,United States,2022,4610.561638816698,MtCO2
co2-emissions,United States,2023,4439.1253271540145,MtCO2
co2-emissions,United States,2024,4415.583687092279,MtCO2
co2-emissions,Uzbekistan,1990,110.48922522167923,MtCO2
co2-emissions,Uzbekistan,1991,111.14635276935465,MtCO2
co2-emissions,Uzbekistan,1992,101.065141225422,MtCO2
co2-emissions,Uzbekistan,1993,104.2637436477701,MtCO2
co2-emissions,Uzbekistan,1994,98.34299354727085,MtCO2
co2-emissions,Uzbekistan,1995,89.21160846068128,MtCO2
co2-emissions,Uzbekistan,1996,89.69139345076636,MtCO2
co2-emissions,Uzbekistan,1997,91.91421254513266,MtCO2
co2-emissions,Uzbekistan,1998,107.47778400903267,MtCO2
co2-emissions,Uzbekistan,1999,108.54914202114985,MtCO2
co2-emissions,Uzbekistan,2000,107.96399627996612,MtCO2
co2-emissions,Uzbekistan,2001,109.23529703027572,MtCO2
co2-emissions,Uzbekistan,2002,113.12551892224592,MtCO2
co2-emissions,Uzbekistan,2003,110.84763425959281,MtCO2
co2-emissions,Uzbekistan,2004,109.10962153262238,MtCO2
co2-emissions,Uzbekistan,2005,104.4391259648224,MtCO2
co2-emissions,Uzbekistan,2006,107.1438710319168,MtCO2
co2-emissions,Uzbekistan,2007,107.55147410469728,MtCO2
co2-emissions,Uzbekistan,2008,106.81235965765343,MtCO2
co2-emissions,Uzbekistan,2009,96.79854886477403,MtCO2
co2-emissions,Uzbekistan,2010,94.6919352841331,MtCO2
co2-emissions,Uzbekistan,2011,103.23662398643039,MtCO2
co2-emissions,Uzbekistan,2012,105.06175080560406,MtCO2
co2-emissions,Uzbekistan,2013,100.21073113989355,MtCO2
co2-emissions,Uzbekistan,2014,100.10179845490197,MtCO2
co2-emissions,Uzbekistan,2015,97.03986663958929,MtCO2
co2-emissions,Uzbekistan,2016,102.61057328221393,MtCO2
co2-emissions,Uzbekistan,2017,100.5073088778332,MtCO2
co2-emissions,Uzbekistan,2018,96.78196256080763,MtCO2
co2-emissions,Uzbekistan,2019,101.15641600034964,MtCO2
co2-emissions,Uzbekistan,2020,97.99108095424879,MtCO2
co2-emissions,Uzbekistan,2021,116.80427958239142,MtCO2
co2-emissions,Uzbekistan,2022,111.01359743477882,MtCO2
co2-emissions,Uzbekistan,2023,113.4916590009427,MtCO2
co2-emissions,Uzbekistan,2024,118.99727968168725,MtCO2
co2-emissions,Vietnam,1990,16.35233482422789,MtCO2
co2-emissions,Vietnam,1991,17.48247032713442,MtCO2
co2-emissions,Vietnam,1992,18.055450964782,MtCO2
co2-emissions,Vietnam,1993,21.165238788452,MtCO2
co2-emissions,Vietnam,1994,22.783296155026,MtCO2
co2-emissions,Vietnam,1995,24.62324184928375,MtCO2
co2-emissions,Vietnam,1996,29.178399181637428,MtCO2
co2-emissions,Vietnam,1997,36.49632760867876,MtCO2
co2-emissions,Vietnam,1998,39.416490044339156,MtCO2
co2-emissions,Vietnam,1999,39.499957103413806,MtCO2
co2-emissions,Vietnam,2000,43.42004480704504,MtCO2
co2-emissions,Vietnam,2001,47.871812645206695,MtCO2
co2-emissions,Vietnam,2002,56.16229497631199,MtCO2
co2-emissions,Vietnam,2003,59.275463822052025,MtCO2
co2-emissions,Vietnam,2004,72.21663720492765,MtCO2
co2-emissions,Vietnam,2005,77.43798186014823,MtCO2
co2-emissions,Vietnam,2006,79.3997163875202,MtCO2
co2-emissions,Vietnam,2007,87.60127685760767,MtCO2
co2-emissions,Vietnam,2008,98.50843614721127,MtCO2
co2-emissions,Vietnam,2009,111.22466013964632,MtCO2
co2-emissions,Vietnam,2010,127.78507882417576,MtCO2
co2-emissions,Vietnam,2011,131.69006868697903,MtCO2
co2-emissions,Vietnam,2012,124.06835560506043,MtCO2
co2-emissions,Vietnam,2013,128.60558699483593,MtCO2
co2-emissions,Vietnam,2014,137.96367954029233,MtCO2
co2-emissions,Vietnam,2015,159.32493989164655,MtCO2
co2-emissions,Vietnam,2016,164.91861165425993,MtCO2
co2-emissions,Vietnam,2017,161.36421888616042,MtCO2
co2-emissions,Vietnam,2018,239.87429567730246,MtCO2
co2-emissions,Vietnam,2019,299.020425773904,MtCO2
co2-emissions,Vietnam,2020,306.5543581258087,MtCO2
co2-emissions,Vietnam,2021,288.6527567076072,MtCO2
co2-emissions,Vietnam,2022,289.0068268830174,MtCO2
co2-emissions,Vietnam,2023,341.059719173611,MtCO2
co2-emissions,Vietnam,2024,387.64591636027,MtCO2
