country,year,co2-emissions,coal-lignite,electricity,natural-gas,oil-products,renewables,renewables-wind-solar,total-energy
Algeria,1990,50.118889614714014,1.065,12.555,14.602868421052634,8.072358570960342,0.8383010432190761,0.0,21.166733786127384
Algeria,1991,53.2211214219557,1.042,12.868,15.80484210526316,8.484124221566699,1.689247621793024,0.0,23.16567040767867
Algeria,1992,55.90624516276496,0.975,13.962,16.234184210526312,9.088171091445426,1.088264245871158,0.0,24.170773449501343
Algeria,1993,58.58592468089135,0.779,13.905,18.92892105263158,8.416735496558506,1.818181818181818,0.0,26.026683664283908
Algeria,1994,57.65510554219013,0.882,14.251,19.12084210526316,7.718124221566699,0.8346741753821391,0.0,27.025514676126
Algeria,1995,57.06650243444736,0.771,14.873,19.167131578947373,7.424627990822681,0.9789996956477632,0.0,25.903466932704973
Algeria,1996,55.353384657771805,0.581,15.444,18.80802631578948,7.293714847590954,0.6294180304057321,0.0,25.503388298494453
Algeria,1997,55.82981698928329,0.541,15.685,19.628000000000004,7.050110455588332,0.349015775513053,0.0,26.959642585360115
Algeria,1998,59.62229889609602,0.8200000000000001,16.676,20.438736842105264,7.524063585709604,0.423459665466864,0.0,28.94512758977421
Algeria,1999,63.30533519122689,0.854,17.973,21.644578947368423,7.922344149459193,0.405613693518293,0.0,26.404942813458423
Algeria,2000,75.71755133549891,0.772999999999999,19.566,25.98718421052632,9.58588921665028,0.212498032425625,0.0,31.484868622669
Algeria,2001,63.839903545121786,0.8260000000000001,20.124,21.66789473684211,8.310452966240577,0.259164663461538,0.0,28.301836816090027
Algeria,2002,66.64830458010267,1.025,21.197,22.24347364210527,9.127279252704032,0.206170651426917,0.0,29.6663734848708
Algeria,2003,68.18657788811933,1.1,23.158,22.67536844278947,9.451647984267453,0.8961482533563281,0.0,30.923781171104807
Algeria,2004,71.65640286694061,0.763,24.106,23.77115791671054,9.922647984267453,0.803199999999999,0.0,31.950261602877177
Algeria,2005,75.41497361216321,0.936,25.752,23.667157894736835,10.927104228121928,1.688212927756653,0.0,31.08388146784628
Algeria,2006,79.99881066699517,1.065,26.925,26.370552631578946,10.504,0.6188610685289271,0.0,34.77630057456898
Algeria,2007,84.07532924847588,1.196,28.539,27.361789473684222,11.656,0.607592214216582,0.0,36.9025645665305
Algeria,2008,87.29340241691203,1.195,30.541,27.41839473684212,12.969,0.7033502336216321,0.0,37.336496994296354
Algeria,2009,93.48282064031112,0.646,28.476,28.716131578947365,14.004,0.7947845510506221,0.0,40.74649954095386
Algeria,2010,94.55037024205107,0.509,34.069,28.50692105263158,14.113,0.380460926225565,0.0,39.9796984683975
Algeria,2011,101.7487678766892,0.439,36.639,30.8601052631579,14.83,0.9800093706075272,0.0,41.712492021169005
Algeria,2012,111.06792762689606,0.434,41.527,35.146368421052635,16.268,1.083680331724654,0.0,45.83312577866373
Algeria,2013,114.5097857001808,0.302,43.908,35.97797368421052,17.171,0.5510101853397891,0.0,47.4262002604377
Algeria,2014,122.28786042140337,0.226,46.499,39.32289473684211,17.752,0.607855008376678,0.308690678730703,51.5987601296037
Algeria,2015,129.31887909049595,0.214,50.985,42.25363157894736,18.215,0.473878210017126,0.262971536858582,53.99410030562712
Algeria,2016,125.9825285282409,0.0,53.1,41.83051199999999,17.854,0.605557626439166,0.5042796958848801,53.47352339104862
Algeria,2017,128.4321401083162,0.3642,57.334,43.274281578947374,17.402,0.8354589235984581,0.7617922573702841,55.519999280721215
Algeria,2018,135.12339068711324,0.6037,58.967,46.91967631578946,17.8082,1.019674752842684,0.8670561701605881,58.861424931140434
Algeria,2019,139.72791006644837,0.501040497586251,63.29599999999999,48.41480263157895,18.3063,1.030404348769978,0.8439724227932651,61.25773481624751
Algeria,2020,130.66490405401566,0.226259502413748,59.81399999999999,46.52843684210527,15.990850999999996,0.912897039464541,0.8502348568497591,57.22579730211774
Algeria,2021,140.40309893777385,0.4609,64.42,51.1319,16.194795000000003,0.7752573456219041,0.764717593188977,61.96104218526621
Algeria,2022,149.563278727238,0.292880999999999,70.31501600000001,54.19541560526314,17.803222,0.7464439780032771,0.7284643886243031,66.13389246823635
Algeria,2023,149.41033569206502,0.260507102490116,74.35481899237114,55.33443868344377,18.6028609157444,0.7093453590924901,0.678255433103776,64.17887024600678
Algeria,2024,149.67837644677064,0.260507102490116,78.76443932668842,56.28302906087424,18.00044280765639,0.6707036586807,0.641307361317988,60.31782778570484
Argentina,1990,102.32442967685856,1.159821697133379,40.903,21.94257596266458,19.5684964,35.83004301962402,0.0,45.39706534480613
Argentina,1991,98.6737451259025,1.142076366063769,41.864,21.63992230542641,18.8517136,30.58577560686797,0.0,47.97052663185535
Argentina,1992,107.76469521721116,1.411,44.721,23.800455300422325,20.8149353,34.95992749631262,0.0,49.70799950953244
Argentina,1993,111.67607376617649,1.238000035124396,48.56,24.93689187635305,21.3657166,39.22158108261004,0.0,48.45330827865278
Argentina,1994,116.18338129965818,1.717000035124396,52.495,25.39812152819676,21.7971259,42.30277380263679,0.0,49.94700228811973
Argentina,1995,115.89207129357686,1.571999964875603,55.796,26.258421354296058,21.5165016,40.40098382648878,0.0,53.02865928722657
Argentina,1996,125.74490415116333,1.54,59.105,31.783656010221097,21.4424249,33.40104718033819,0.014305742324969,55.91330463705163
Argentina,1997,121.75759181280428,1.389999964875603,63.032,30.611193418035988,21.0597182,39.227555981647605,0.02054372389235,58.46186450271584
Argentina,1998,127.0275611544902,1.408999999999999,67.92,31.6557926977322,22.2879246,36.38390458794456,0.044321478457075,59.75736126416094
Argentina,1999,134.12246841598602,1.4769999648756031,70.871,34.44783428682968,22.6589933,27.39692277369205,0.043115660839893,62.344538576904114
Argentina,2000,134.1362514882787,1.199000035124396,74.512,36.33372741384817,22.648,33.12668161434977,0.039237668161434,61.66672111010448
Argentina,2001,119.2963033423485,0.9931085108062192,75.898,33.97266652234092,19.409,41.7585580798016,0.054249147513396,58.25755725704788
Argentina,2002,111.75693043171836,0.810000441691832,74.162,33.26197847535224,17.381,43.30021750631944,0.085826817941332,54.52196677564459
Argentina,2003,120.14070304073157,0.923999999999999,79.567,37.08804992014764,18.135,37.74471163709791,0.084225075316653,58.83955142526149
Argentina,2004,135.77229675969463,1.116000035124396,85.247,40.237080803492205,21.049,31.689607021743463,0.071813285457809,67.49510566630642
Argentina,2005,142.75598017451333,1.317999965384652,90.276,41.121087411718776,22.902,33.27790907307595,0.070058755943317,69.00454537487813
Argentina,2006,148.79771223606187,1.454000034615347,98.681,42.77091313837528,24.667,34.62329748170525,0.060765471323037,73.87182787653441
Argentina,2007,153.79819187114754,1.413999964875603,97.617,45.27507894736842,23.933,30.075851120127005,0.05663302726741,73.55019608600327
Argentina,2008,164.1702677131434,1.488999930260256,107.046,46.008342105263154,26.238,26.538830611759494,0.03444684114265,77.02861609587455
Argentina,2009,154.86165888924816,1.220000034615347,106.381,45.193026315789474,24.78,29.176657287960712,0.029489633184272,75.00602697343624
Argentina,2010,161.15156133256514,1.504000034615347,112.757,45.19939473684211,26.282,28.77371857226721,0.01997705465281,76.21840590473936
Argentina,2011,169.15343745618654,1.7789999994909511,115.99,47.4095,27.332,26.21870477011671,0.021556369907307,77.44234608677644
Argentina,2012,174.9365245156033,1.866999965384652,119.85,49.11381578947368,28.538,24.01354959432573,0.278831717292743,77.72838089875923
Argentina,2013,175.76235208302123,1.756,120.922,46.57484613157895,29.413,25.8518613169776,0.337904989067779,79.47450409604993
Argentina,2014,171.37887867054914,2.143999965384652,126.243,47.29263868421054,28.179,31.822938845623632,0.45831498870452,80.43859096717716
Argentina,2015,178.6447164073315,2.053999930260256,129.122,47.79931686842107,29.932,30.45479248502026,0.422390842236332,82.01872760732861
Argentina,2016,177.7702096916339,1.604,128.781,48.10325805263158,29.76,27.867553107896665,0.383319781623882,82.05312142816238
Argentina,2017,174.4361818280011,1.661,129.001,49.18076918421054,28.304,30.631515334642696,0.431265365545468,80.98144071632696
Argentina,2018,163.29115831168895,1.810999965384652,128.744,47.01841739473684,26.0,29.63330355265924,0.999185410973302,79.08587953109497
Argentina,2019,155.18860784070165,1.037999965384652,125.619,45.16303700000001,25.056,32.34879101308309,3.9701349407493662,79.17931246966911
Argentina,2020,146.54969695645988,1.321311999999999,124.521896,43.34498605263158,24.552746348,25.72604436218236,7.422439874488991,72.92836122299238
Argentina,2021,171.9423102300778,1.8959999648756032,129.064,52.9958,26.540324,24.38386980771719,9.84141496839289,80.81892236692532
Argentina,2022,163.2892389960835,1.9730000346153471,124.413,44.320578947368425,27.290599,29.42008679902949,11.681645764275707,80.34843319368207
Argentina,2023,155.56620969059392,1.700463883038895,124.292,42.74453906533141,26.742,39.26515607420393,11.600905308877785,79.70319548083367
Argentina,2024,148.73500946051124,1.221383989348855,123.7060765005567,42.54352582098139,25.356196356097293,37.00436096011433,13.083641184560769,78.42924386893766
Australia,1990,272.806611101418,94.1,134.339,18.37607894736842,31.087,10.082635031834808,0.0,90.35556287093692
Australia,1991,273.488098271266,97.972,136.949,17.172131578947365,30.517,10.758968995906082,0.0,88.95545661070274
Australia,1992,278.5914560244997,100.71999999999998,138.566,17.79042105263158,30.353,10.30304929643674,0.0,91.13779468899244
Australia,1993,281.4832828524294,98.927,142.69,18.444552631578947,31.081,10.775435380384968,0.006721662083715,95.1232224098348
Australia,1994,282.7294493176377,99.435,146.499,19.258,31.885,10.3521374870867,0.010151496151388,95.23100668436663
Australia,1995,292.47590878364,101.706,151.119,20.70086842105263,33.029,9.808903955324295,0.013282589989547,97.2247660719532
Australia,1996,309.952220962775,109.236,155.147,20.735131578947367,34.231,9.394813004650953,0.014639804502302,104.13165401783678
Australia,1997,318.10720140312475,114.978,160.346,20.903105263157894,34.353,9.755710920033454,0.016398908925926,105.18181091762897
Australia,1998,335.8097874733392,125.08000000000004,170.054,21.746973684210527,34.784,8.598088744887878,0.018426669533037,108.03231963086886
Australia,1999,342.34121971288545,127.63600000000002,175.457,22.60376315789474,35.233,8.705456720281195,0.030394093741267,110.59955151419068
Australia,2000,347.6512220821724,127.871,179.852,23.747684210526312,36.314,8.538511302230004,0.045665575766801,111.99445099774704
Australia,2001,343.16932075510226,128.06699999999998,188.035,25.01415789473684,36.076,8.249827497941103,0.113072317314755,108.27302618487148
Australia,2002,351.1349515885274,130.014,197.742,27.47865789473685,35.554,7.932587726044253,0.181934037924897,112.10253789601312
Australia,2003,340.91802215129644,130.289575519896,193.791,25.781210526315792,37.931,8.530266935987898,0.345105569695926,111.07861314521772
Australia,2004,353.350765239138,135.65908627887544,198.266,26.616973684210528,39.183,8.27547562972237,0.338828720768361,112.69641950871856
Australia,2005,353.7011801930305,137.56748009002592,198.66,26.32828947368421,39.432,8.924557183468181,0.421605073256068,113.10691336097726
Australia,2006,358.1464285738121,140.24232683338556,202.515,26.39026315789474,39.784,9.339432203753812,0.77524374006786,117.24073945499632
Australia,2007,368.03986419482095,141.06640857268218,212.145,30.061499999999995,40.291,8.714945487894653,1.119030091669168,120.75634382417752
Australia,2008,372.0892137225508,140.2265181173877,213.009,31.07481578947368,41.448,8.171169430271235,1.324309989680167,125.53460515125872
Australia,2009,377.9846625727865,144.5050159518923,220.547,31.96547368421053,40.648,7.522908422723866,1.605805884865531,125.49171521380514
Australia,2010,386.3960287486416,133.1618434013904,222.82,32.76813157894737,42.746,8.615496653618882,2.15387416340472,129.75770711542967
Australia,2011,385.3532468172824,128.28799999999998,225.71,33.19434210526316,44.953,10.395596862331027,2.945799959813883,130.05575901774117
Australia,2012,386.5555811161863,126.97700000000002,223.485,34.703736842105265,46.128,10.529587814977024,3.704604054501038,128.7562828025975
Australia,2013,378.5707057090586,116.07800000000005,223.27,35.78936842105264,47.559,13.17645737842314,4.585975000902278,130.72813182730016
Australia,2014,369.5714310725715,111.00399999999998,223.228,36.582394736842105,47.188,14.6271383021285,5.763969432332058,129.66685158013138
Australia,2015,373.7504833692509,115.97,227.257,36.929105263157886,45.776,13.342083805659962,6.559274506294374,129.67866986107623
Australia,2016,378.045254467286,118.35700000000004,231.47,37.23371052631581,45.939,14.596025147819445,7.174845944270998,128.5047192416585
Australia,2017,391.6516398239486,119.44200000000002,231.837626,38.56414623684211,46.525541,15.678918418070715,8.010476395585135,132.4236393855744
Australia,2018,388.4444920060456,110.39300000000004,235.55340500000003,39.83567363157895,47.785795,17.10088389401891,9.614653018582082,132.61676588079652
Australia,2019,386.4174659900903,106.653,238.949476,40.68431184210527,47.684756,19.703796766742528,12.332144595872016,134.87649355490856
Australia,2020,370.4769382068751,100.892,240.084379,42.156052210526326,45.246093,22.600026784253103,15.623109349196538,134.67923452265376
Australia,2021,362.8192579750026,99.04300000000002,239.16879300000005,40.56076936842107,45.013302,26.66051746947203,19.6766879235252,131.11628287557372
Australia,2022,356.2126801418074,94.96,243.772123,40.53185444736842,44.784101,30.93399491284229,23.494290273839454,128.21759968120557
Australia,2023,359.9109133272787,91.34944826031386,247.00397689792567,40.89689037272129,47.72626894078589,33.92377322918919,26.72499040533549,129.57209955358942
Australia,2024,361.52616044032334,92.4082157801692,252.18852211618764,39.35420492091277,48.556937071671065,35.12266701454392,28.71585763253909,130.35566000692347
Azerbaijan,1990,52.6295394028814,0.2,17.431,17.844005305039786,7.705,7.161368348306841,0.0,23.044522728421747
Azerbaijan,1991,51.029357562089125,0.15,17.735,17.85602122015915,7.518,7.49680170575693,0.0,22.821643563687005
Azerbaijan,1992,35.98907113681258,0.0,14.312,3.0993421052631582,10.274940699999998,8.83975104994181,0.0,21.149960454506683
Azerbaijan,1993,43.61783205952728,0.006,15.11,7.394736842105264,9.9039395,12.56544502617801,0.0,18.52017073087332
Azerbaijan,1994,34.71568209631713,0.008,14.354,6.864894736842105,7.284958699999999,10.402092930671673,0.0,16.218907794031217
Azerbaijan,1995,30.65649428366476,0.0,13.563,6.199578947368422,6.539979600000001,9.128776767380463,0.0,12.906716392715431
Azerbaijan,1996,28.047301432271222,0.0,13.765,6.279026315789474,5.718943300000001,9.000468164794007,0.0,12.14392854605263
Azerbaijan,1997,25.680231710895946,0.0,13.142,5.916815789473684,5.1799526,10.168686148728916,0.0,11.60374397763158
Azerbaijan,1998,26.931465377535424,0.0,15.109,5.66971052631579,5.766943499999999,10.840093343704856,0.0,12.228797163209988
Azerbaijan,1999,26.39378119880471,0.0,15.111,6.252447368421054,5.4329498,8.28519557682786,0.0,11.37422525268367
Azerbaijan,2000,28.013258894969063,0.0,15.403,6.108684210526315,6.029,8.203647253863842,0.0,11.687245162956998
Azerbaijan,2001,26.228404060016512,0.0,16.037,8.86642105263158,3.62,6.858558701038536,0.0,11.608401044284554
Azerbaijan,2002,25.543196983943503,0.0,15.361,8.891236842105263,3.403,10.801561413828138,0.0,11.70219851939338
Azerbaijan,2003,28.413913073599723,0.0,17.423,9.12242105263158,4.17,11.599173165460869,0.0,12.458346491672575
Azerbaijan,2004,30.06680102652223,0.0,17.99,9.962421052631578,4.469,12.670744607459872,0.0,13.152120373747522
Azerbaijan,2005,31.282320844991816,0.0,19.039,9.913105263157895,4.898,13.15582371458552,0.0,13.777455822082043
Azerbaijan,2006,32.389580771305184,0.0,20.613,10.94921052631579,4.463,10.259544472965814,0.0,14.076216203305073
Azerbaijan,2007,26.77915143939772,0.008,16.864,9.384055263157896,3.623000000000001,10.820707648647412,0.0,12.286104053822344
Azerbaijan,2008,28.91726785591571,0.006,16.638,11.060447368421054,3.567,10.321090321090322,0.009240009240009,13.564539263040547
Azerbaijan,2009,24.51851914064543,0.006,13.436,10.02552105263158,2.988,12.23829967668416,0.005300259712725,12.148273820199432
Azerbaijan,2010,23.76089172021673,0.009,13.419,9.579786842105262,2.997299999999999,18.41894275482388,0.0,11.701192584411531
Azerbaijan,2011,26.51444114185309,0.008,14.567,10.151473684210528,3.4627,13.186163398048684,0.0,12.60655995065284
Azerbaijan,2012,28.08455929953137,0.006,18.023,10.573526315789474,3.739899999999999,7.921524273534018,0.0,13.36473389706141
Azerbaijan,2013,28.718065664442047,0.005,18.661,10.627905263157892,4.0009,6.748950929177014,0.008563843452941,13.646709798643467
Azerbaijan,2014,29.96163640105703,0.003,19.914,11.304573684210526,3.9665,5.605386606276287,0.020219993529602,14.040206012515489
Azerbaijan,2015,30.69512355987357,0.005,20.5732,11.68623157894737,4.1529,7.03819847523657,0.037264434095012,14.4653993319169
Azerbaijan,2016,31.284500291060773,0.002,20.660300000000003,11.484665789473686,4.2879,8.434490580253197,0.232838668050607,14.32321953283394
Azerbaijan,2017,31.0085749796558,0.002,19.9871,11.159339473684213,4.625,7.774588933797679,0.243823213779095,14.47448524488006
Azerbaijan,2018,31.53298067945766,0.001,20.8042,11.370160526315791,4.673599999999999,7.812772501704375,0.483566660853296,14.515680016068718
Azerbaijan,2019,33.3191613664405,0.0013,21.6489,12.88209210526316,4.812000000000001,6.951097850515533,0.5737872763918921,15.869901019371856
Azerbaijan,2020,32.156835301227936,0.0013,21.9973,12.987449999999995,4.342200000000001,5.081070345205095,0.553823404783053,15.441570838168122
Azerbaijan,2021,34.071740522599384,0.0002,23.4192,13.4777552631579,4.888004,5.45559846764298,0.5292482814158981,16.342365986422532
Azerbaijan,2022,36.50313127507097,0.0179,23.1963,14.324021052631585,5.1968,6.348141017184752,0.499989652489268,17.299715968568616
Azerbaijan,2023,37.51341204229013,0.0179,23.18316740304003,14.711947520545998,5.417045191788,6.866386720325288,0.468919403001157,17.412968082013403
Azerbaijan,2024,36.201312328173564,0.0179,24.0506607277798,13.473548907084368,5.672646311480751,13.267916576728728,2.197863309717759,17.0426792723408
Belgium,1990,102.56801358130716,16.62014648026316,59.108,9.646806919862858,17.596700000000002,1.672236087023955,0.009869858861018,47.94537106009993
Belgium,1991,106.44205253704872,16.023028486842104,61.783,10.287964332476877,19.1878,1.787700177935943,0.011120996441281,50.11913419264342
Belgium,1992,105.02983060003822,14.235689668668954,63.871,10.603262797863923,19.6411,1.982692973347179,0.012461059190031,50.714195611265865
Belgium,1993,102.9660164875088,13.513576550819984,64.644,11.095946302888652,19.1678,1.797159556145354,0.011294011350481,49.47117499367386
Belgium,1994,105.86866954256,14.47283569078947,67.822,11.346441216419413,21.5571,1.992269219579101,0.012469000678867,52.56612313793909
Belgium,1995,107.0438137009564,13.796649144736843,69.829,12.908123502232208,21.4543,2.096548758198043,0.012095473604988,53.417715337980496
Belgium,1996,111.48662795490154,13.125451019736843,71.405,14.42870728051613,22.8741,2.000026281554291,0.010512621716448,56.26048987347411
Belgium,1997,107.54253061618162,12.190577467105262,73.321,13.68237540247328,22.8902,1.978866718252508,0.010148034452576,56.4704620334316
Belgium,1998,110.23790888387332,12.144,75.527,15.109249699482673,22.9227,2.244448985970691,0.013223855835928,57.47307425015844
Belgium,1999,106.4762139356138,10.545,76.05,16.076300799760084,22.5641,2.364105355325744,0.015382066876493,57.49024411335302
Belgium,2000,107.95075642834632,11.614,79.166,16.164712387125373,22.5738,2.7174689330095703,0.019044898347855,58.17520196429842
Belgium,2001,111.57977176654086,10.974,79.816,16.163169359559337,23.1523,2.853885568960549,0.046353716440535,57.82308532930439
Belgium,2002,105.49269734091628,9.529,80.438,16.614506695008618,21.9547,2.763528250618381,0.069453752330356,55.890542780047525
Belgium,2003,110.14062073787252,9.204,82.065,17.601147907189095,22.8897,2.671629445822994,0.10398203946591,58.214778676986654
Belgium,2004,108.20384686918396,8.526719616704806,82.77969999999999,17.70906742114238,23.204,3.310227916422826,0.175344714791593,58.55124436900568
Belgium,2005,105.7416099921201,7.885,83.273,17.811466011943885,23.1409,3.994371268538867,0.273046978786651,58.18354054307592
Belgium,2006,102.909671326748,7.693968846300533,85.8738,17.886043034338833,21.9977,4.990592547169377,0.44288384565086,57.4684708611018
Belgium,2007,98.6997222269254,7.023,86.09259999999999,18.09466542743698,21.0851,5.424856226349056,0.5718983347642761,56.400062715172325
Belgium,2008,100.79302649893462,6.900999999999999,86.2373,18.19587243662407,22.7674,6.828910502963847,0.8152935480600341,58.14272192117698
Belgium,2009,93.72738765921748,4.505,80.79440000000001,18.51186950344753,21.071368000000003,7.532715302347443,1.285317517923614,55.75505971394788
Belgium,2010,99.27429005618362,5.710894757341724,86.9292,20.640807811512264,21.620131,8.471154527091945,1.998323632031946,60.0528552504742
Belgium,2011,89.20831634865164,5.372574506102213,84.5539,17.84016547347502,20.20868,10.60375539096866,3.904225283739547,55.90590853653075
Belgium,2012,88.0884979752892,5.103493670385202,84.037,18.083296558952828,20.223989000000003,14.2435710492823,5.927385999535219,53.58547277889297
Belgium,2013,88.17770890538898,5.427794803108314,83.6908,18.21524531665033,20.869820000000004,15.63159855174702,7.569074073852279,55.86552554066085
Belgium,2014,81.25857473585708,5.17629109124714,82.03049999999999,16.003198532798155,20.816807,18.45129132573168,10.351696036699677,52.75292085239421
Belgium,2015,86.61094527409774,5.037294716342486,82.57399999999998,17.21805794594143,21.255951,22.312172727924825,12.396671687827272,52.584063191727424
Belgium,2016,84.8397670538063,4.725361481216629,82.8411,17.430584271464497,20.905522,17.966964932364554,9.959932714996611,55.61178532910227
Belgium,2017,84.33802632505753,4.589984755768497,82.9267,17.818800035477636,20.228452,19.548482434569777,11.359516965100037,55.360325377952265
Belgium,2018,85.11690396313435,4.589053183018688,83.44530000000002,18.355154011824705,20.373182,24.250734968643897,15.307896851084736,53.3304887238462
Belgium,2019,84.64059869501163,4.587371074227688,82.51870000000001,18.512875235022907,19.288745,21.73479441539925,14.970153814495587,54.974816134703886
Belgium,2020,78.15438309607512,3.582042232408466,79.72229999999999,18.387048595598813,17.625404,27.397883892665643,20.05742955584645,50.657176526649856
Belgium,2021,81.39468158755702,3.953674655892448,81.54460000000002,18.45899992076452,18.862734,23.5596367892231,17.54629703348673,55.925644122333466
Belgium,2022,75.55340897013517,4.084062776458809,77.77759999999999,15.576600139173587,17.750041999999997,26.89274793168785,20.07018399588109,50.96973175719485
Belgium,2023,72.82387141498346,3.5547973894927543,75.5988,14.613399866063396,17.656270000000003,34.328201230079344,27.929326611640576,47.737911816575696
Belgium,2024,72.13400838478836,3.844413296318244,77.65841416656926,14.06425140872008,18.192259866945115,36.16990966866919,29.65821448285243,48.13741946617176
Brazil,1990,191.92813730409603,15.185442532292658,214.655,3.870236842105263,56.7986742,94.50094246476978,0.0,147.0533619170264
Brazil,1991,203.29201384420745,17.523834875100906,222.27,3.859815789473683,57.7009708,94.62592696892894,0.0,150.51488985281452
Brazil,1992,206.02092167647967,16.833150258299725,227.292,4.171473684210527,59.439751,94.41983030724236,0.0,152.08626885272054
Brazil,1993,213.63576820954245,16.968792579300302,238.104,4.555473684210528,61.63100670000001,94.81493889730774,0.0,156.19674812687816
Brazil,1994,223.80161490127665,17.730803978826486,247.065,4.692973684210527,65.2822756,94.7693917932968,0.0,165.1684153150159
Brazil,1995,238.38250113853377,18.710373204675008,261.844,5.020868421052632,68.7198804,94.1574958000878,0.0,169.6010900693384
Brazil,1996,260.01625133983435,19.146334773331787,275.422,5.681973684210528,74.5889354,93.56106906923404,0.0,178.3244334518095
Brazil,1997,274.60124079690496,19.64413091662825,293.032,6.292236842105263,80.15146309999999,92.97714137281642,0.0,188.7379875825461
Brazil,1998,283.3032177481156,18.84219250563884,305.313,6.61921052631579,84.0216288,92.9233437348484,0.0,193.21979602064252
Brazil,1999,293.9466910304981,20.116096456357663,313.923,7.442736842105264,86.192954054,90.14627325852364,0.0,197.8535680365892
Brazil,2000,303.15637374616364,21.578784889154736,329.701,9.63284210526316,87.420145955,89.49238913298309,0.0,198.07822197955085
Brazil,2001,311.82447236395484,21.24526183325649,307.427,12.39457894736842,88.079788805,84.42021375365667,0.0,202.11717136509785
Brazil,2002,309.4069959789078,19.75552723050913,320.633,15.370894736842107,85.806602732,85.8579400643965,0.0,207.3406305211371
Brazil,2003,303.9598626506287,20.608104039887955,338.828,15.74978947368421,82.98779071499999,87.28766341237144,0.0,211.5158017470609
Brazil,2004,320.2121862435306,21.72355792324532,356.087,19.237473684210528,85.657003343,86.16986406022956,0.0,223.16417099124027
Brazil,2005,324.4980338441919,21.256538688189103,371.405,20.472052631578947,87.061956899,87.32137450426617,0.0,229.77079100486577
Brazil,2006,328.8974288303469,21.321238675589115,386.188,21.41076315789473,88.634421401,86.91121201137035,0.0,237.607542713555
Brazil,2007,347.37823881790735,22.364,407.235,21.732736842105265,93.4589671,88.47951219293003,0.144913209344542,250.4722517769933
Brazil,2008,367.88914766808216,22.18600003876919,422.566,26.078131578947367,97.6262214,84.37186906201417,0.180730696147866,265.6572001256668
Brazil,2009,342.67799546245027,18.065896153957983,421.135,20.906973684210527,97.2798969,89.1217140969371,0.26557519124417,257.3806204791728
Brazil,2010,394.0599328780911,23.419896153957986,459.015,28.16602631578948,107.2741886,84.71552817188123,0.422064451587637,284.5453269231034
Brazil,2011,414.758196148726,25.084580780451468,475.045,27.1825,112.564232324,87.22560408004378,0.5086890865975,287.5513913378227
Brazil,2012,448.1218948845214,25.47652314312893,492.269,32.012631578947364,119.690313132,82.49550224616198,0.9140304580288072,299.28843227226406
Brazil,2013,477.2378485856997,27.96917314458277,508.51,38.09518421052632,123.31232323232322,76.73805878375302,1.15374239276292,313.01084639282607
Brazil,2014,501.954133917042,29.58720380824205,526.473,41.79202631578946,128.05765656565657,73.13823572243803,2.070470855586901,321.91797214757656
Brazil,2015,478.8852107614011,29.583865470914105,516.148,41.28292105263157,120.0989494949495,74.01501648234428,3.730893900500319,315.93978306800494
Brazil,2016,436.0467500809358,26.746823058805937,513.854,35.5117894736842,110.54239393939392,80.46647331045074,5.7994772817962446,304.6906278276291
Brazil,2017,440.7381780877677,27.307242307431363,520.295,37.03918421052632,111.92853333333332,79.24697026772957,7.331256384412023,309.1623909283845
Brazil,2018,418.901888486446,26.45721928545615,530.581,35.761868421052625,105.14772626262624,82.35671670579784,8.635907122761042,304.2140262839492
Brazil,2019,418.7013011306775,25.48793847883549,538.014,35.33836842105263,106.40479595959596,82.29524738595849,10.001293250033129,309.5501692237557
Brazil,2020,395.9418305637242,23.36852688158644,533.716,32.4156052631579,100.93076161619192,84.17123042894535,10.914394444283465,305.34289803706304
Brazil,2021,454.6226275442287,28.64100890145426,562.542623,45.04130834210526,108.38447044122267,77.36227089654214,13.570646896175736,323.6317321641215
Brazil,2022,428.925954157692,23.373247579822213,580.2968510000001,34.744668315789475,110.98846937859108,87.67779200928207,16.498767978264375,316.20046711729736
Brazil,2023,429.9632052636111,23.1010283927037,610.2784620000001,31.51054071052632,114.03940337157492,88.98616698428586,20.69451212054708,331.14136740146137
Brazil,2024,436.097108421304,24.29771477018699,645.120864360017,33.29546667439435,113.4710925026364,87.78052962817785,23.751124426080505,341.45921746668
Canada,1990,415.2987098037431,49.373,432.985,66.92936842105264,75.22198546511628,62.418172662675545,0.005387808218894,212.2836824338878
Canada,1991,408.6347663874504,51.486,437.946,67.38628947368422,71.66239825581395,61.45496118427256,0.006285947763774,211.75111282042843
Canada,1992,422.15764133928695,53.182,442.485,70.61028947368422,73.49901702657807,61.725743547223125,0.018041672424647,216.75365975981143
Canada,1993,420.2470393180176,50.19799999999999,451.774,74.50555263157895,74.36169186046511,61.769209693703296,0.017827586595156,223.8209783533593
Canada,1994,435.4176981348482,52.375,457.851,78.60518421052632,75.94542234219269,60.44515777687113,0.017074446383542,231.99295554978664
Canada,1995,443.6981741063107,53.20400000000001,466.983,81.5553947368421,76.57427242524916,61.05664993010584,0.017116937209368,235.3391803576524
Canada,1996,458.7650339765195,54.00200000000001,474.501,85.47542105263159,79.07379028239203,63.17033697373441,0.017420965435062,240.15030266100075
Canada,1997,472.8357477701114,57.254,480.387,86.10705263157895,82.06768064784053,62.39008013484665,0.017587178424537,242.6316701707398
Canada,1998,478.2786260189426,59.691,477.606,83.37197368421053,82.40094684385382,60.45253696311246,0.018492669612454,241.1426039413988
Canada,1999,487.9881530096257,59.49603512439656,487.106,87.22613157894736,84.85025622923588,61.22229621782772,0.036058480298957,247.7983621255032
Canada,2000,506.8566385083947,63.57396487560344,453.928,91.51294736842104,84.56600830564784,60.6350531245412,0.051466719013158,253.077511957818
Canada,2001,501.2335346523749,63.05396487560344,458.523,87.37971052631579,86.00531478405316,58.07010025695184,0.065720049527171,249.2593977504103
Canada,2002,515.0593871753189,62.441964875603446,474.913,91.48952631578946,89.463,59.91926718937477,0.076777600882776,249.62580804227449
Canada,2003,537.1228463068408,62.75503512439656,483.189,95.87334210526316,95.942,58.94577353553294,0.149480377734541,263.60432767577475
Canada,2004,524.5521700098932,59.96300000000001,484.623,93.26510526315788,96.933,58.474336294978535,0.166405149065032,268.8743645012133
Canada,2005,536.2232197522504,59.474,512.704,99.44763157894738,100.717,59.864800904117786,0.259676282040962,272.3359179691855
Canada,2006,528.3221303717194,59.132000000000005,503.494,98.8084210526316,100.331,59.569124405088594,0.412035027073076,277.5064161694582
Canada,2007,556.9594271729704,63.752,518.042,98.91173684210528,103.61,60.277239956181695,0.487064682954169,277.9626786741196
Canada,2008,539.0856678118491,58.518,509.702,97.08163157894737,100.601,61.36548125546828,0.6070770912100161,272.19657164405453
Canada,2009,513.5912163637979,49.574,497.281,95.00686842105264,98.405,62.99850129164996,1.425909249265435,262.4014276543893
Canada,2010,527.0528285474692,50.886,500.587,98.25181578947368,103.347,61.27859696601862,1.99109174244987,264.29182540147
Canada,2011,538.2173890174978,48.57999999999999,509.006,109.09936842105265,103.507,62.47789594674818,2.101148147680337,268.7319927598552
Canada,2012,536.6866460121548,44.40299999999999,505.009,108.71721052631578,105.32,63.63808951256941,2.365327722318024,269.2747281741488
Canada,2013,544.3764922150337,42.88900000000001,515.762,113.90181578947367,103.111,64.05459376345034,3.336522126626018,272.9927836107695
Canada,2014,549.0544324189487,42.119000000000014,522.965,118.62236842105264,100.723,63.1449418823558,4.083113696816587,279.567319048769
Canada,2015,544.5302770496719,38.897,521.954,118.69028947368422,102.688,64.02632638946945,4.553766178493528,278.356918450354
Canada,2016,542.7615115769775,38.853,516.583,119.65076315789476,103.08,64.8612071817389,5.132777961565066,290.6153289969425
Canada,2017,552.7679077555966,39.0096,535.916,125.34352631578948,102.607292,66.525220393615,5.286126897226103,302.66832599677525
Canada,2018,565.3031896175878,31.197599999999994,545.625,139.52857894736843,104.412229,65.90390996970135,5.648459628366834,307.1105275995767
Canada,2019,560.9516299247443,29.975256,551.78,139.24044736842106,104.551988,65.82463468754648,5.642580350338055,309.6728976941676
Canada,2020,510.1635442224489,24.765781384652666,539.726,131.31044736842105,91.735115,66.99889326024655,6.162283967009638,289.3898449274909
Canada,2021,517.1024485070133,23.054548384652666,547.609,138.67981578947368,93.665103,67.49580030061007,6.442641335589719,295.4955697667557
Canada,2022,531.339640019451,19.18736138465266,558.958,143.4329210526316,97.818342,68.99576392844587,6.604064724839592,302.5447032009667
Canada,2023,525.9624167834597,17.233512281552255,555.1116237849353,141.70790080332225,99.15398674912085,66.97862420591674,7.391289484164116,302.2413532529538
Canada,2024,520.7861021300789,13.26739938917295,563.8405454842693,147.51671894646844,97.06518400078149,65.87614972369737,8.646796558726633,301.7479676785309
Chile,1990,27.79625401165079,3.739588480289328,15.811,1.3981842105263151,6.214,53.83736120182887,0.0,13.77636262803483
Chile,1991,26.922697090212,2.974831296769916,17.272,1.175710526315789,6.54,70.97339812634638,0.0,14.18126928574803
Chile,1992,27.83642518484219,2.647942323908266,19.613,1.398263157894736,7.085,82.69462952197827,0.0,15.363250342131918
Chile,1993,29.67512541446874,2.670750530856896,20.648,1.31028947368421,7.661,81.66479190101238,0.0,15.742346142859494
Chile,1994,32.68380429596584,3.171592344746706,21.957,1.408131578947368,8.321,74.26514222415635,0.0,16.948387714662587
Chile,1995,35.83897703810789,3.5150000096922973,24.481,1.400394736842105,9.012,72.40518071859277,0.0,18.22247140482199
Chile,1996,41.47596561181162,4.788127444912525,27.242,1.435684210526316,9.952,60.452933328994895,0.0,20.152292431727467
Chile,1997,47.53029858440088,6.22740770371478,29.653,2.422421052631578,10.473,62.134726852268976,0.0,22.47795894658967
Chile,1998,48.390572138042906,5.8886956526626015,31.252,3.447342105263157,10.644,48.170886254189085,0.0,23.35079527842373
Chile,1999,50.86566883601832,6.146811542972186,35.06,4.831868421052632,10.881,38.03073717113832,0.0,24.841327536639696
Chile,2000,47.45443858626976,4.6042538717266,37.141,6.377263157894736,9.77,48.54783172813015,0.0,25.12299844928997
Chile,2001,45.48619024729075,3.5932653972526483,39.933,7.233973684210527,9.372,54.26159742305613,0.016458583151113,24.651915745584336
Chile,2002,46.24915375469334,3.656023589178216,41.359,7.226763157894736,9.661,55.45098578003709,0.01602894369261,25.52526072993496
Chile,2003,47.53758396898865,3.624807688207105,44.878,7.886815789473684,9.935,50.15695402421576,0.014948002306263,25.79371633729909
Chile,2004,53.73882601923325,4.625157696445558,47.544,8.585157894736842,10.594,46.900874863302604,0.013669739103265,27.820225719912766
Chile,2005,54.84410496880512,4.609396158804136,48.907,8.321815789473685,10.936,53.88308817925462,0.013337398064171,28.63139228068068
Chile,2006,55.636258337363614,5.755711032953729,51.37,7.668052631578947,10.97,55.25488069414317,0.012653651482284,29.87026262787924
Chile,2007,63.7976669523211,5.690934624070405,53.635,4.563078947368421,14.504,44.15559999316345,0.015382248884786,31.07185048241677
Chile,2008,67.29974462024089,7.281362561555251,54.153,2.828315789473684,15.209,45.74902854080128,0.063647326812273,30.8315815133243
Chile,2009,64.59919838040864,6.667093047193914,54.533,3.337605263157894,14.473,48.82744310134712,0.289845525509699,30.38811259223066
Chile,2010,70.39508863595417,8.379872174237207,55.29,5.4503157894736844,13.766,40.20253499685607,0.734685772909289,31.53983423304135
Chile,2011,76.68562747432281,9.580434100482734,58.492,5.869421052631578,14.237,39.596426886613,0.514357889610883,34.538792879356336
Chile,2012,78.5830677570732,11.06696538465266,62.947,5.023078947368422,14.329,36.44535562214162,0.5863715215552461,38.22326755893636
Chile,2013,83.51551858790118,12.521,66.065,5.110736842105263,14.616,35.66687196332033,0.7691781290631621,39.45559613030526
Chile,2014,76.72763576514544,10.86,67.836,4.19557894736842,14.413,42.89429423487343,2.717905954517829,35.45959224382894
Chile,2015,81.48044935014718,12.086035124396563,67.647,4.520184210526316,14.388,43.58872357917628,4.476622377807834,36.44622418560951
Chile,2016,86.0677276968827,12.715,70.83,4.930447368421052,15.323,43.258334908930486,6.413310644734355,38.71921410899453
Chile,2017,87.56269359206253,13.035004964875604,70.35028799999999,5.215938631578947,15.437006,43.90106900137935,9.44004918028928,39.24202143899156
Chile,2018,86.58277214436687,12.337615965384652,73.716051,5.454047184210526,15.651126,46.24213237443588,10.954440671560173,40.0178865733378
Chile,2019,92.08362492311969,14.105054,74.843211,6.486969342105263,15.471170999999998,46.58128647522352,13.620619299676893,42.301993815667984
Chile,2020,85.03894105586522,12.895851275482048,75.116956,6.079032473684211,14.523294000000002,48.69377316785645,16.417395873643976,38.3761120716502
Chile,2021,89.318589320775,12.518260964875603,76.96082000000001,6.616800210526316,15.676475000000002,48.84197397792294,21.038059824371537,40.92966958230551
Chile,2022,89.87220881759576,10.55865761391019,79.99850899999998,6.861968868421053,17.543645,55.32162186683402,27.54763586101048,42.0726341091386
Chile,2023,79.65132010125772,7.008128342839738,82.07150203476236,7.015540005962245,17.1674547527679,63.04720547309167,31.02071676848552,40.32035053542898
Chile,2024,79.19196431816,6.440759231997041,83.98106416467702,6.810012971704214,17.321834709108177,68.85879937286226,33.78576927792034,42.05681047680053
China,1990,2251.0533425842177,1051.1681418225928,540.8,16.135921052631577,102.3869314,20.39922730199613,0.0,739.742724522411
China,1991,2380.093343190596,1107.0538187007871,586.07,16.27928947368421,111.7489116,18.46210611762969,0.0,768.1058092240086
China,1992,2498.321849563205,1149.2038918294893,645.46,16.166605263157894,120.3028515,17.558719049891312,0.0,794.3019203533378
China,1993,2755.01768083916,1202.53073818911,716.805,18.239421052631577,138.8454488,18.08320418177075,0.0,845.6369798936549
China,1994,2860.271999888746,1272.0956738331088,797.755,19.87944736842105,134.69944879999997,18.194601129424846,0.0,890.6105856828093
China,1995,3074.5729826897746,1349.2184389705333,848.364,20.361447368421054,149.8298126,18.962694224422112,0.0,960.1877481173452
China,1996,3195.1391877371457,1395.18374233539,917.321,21.287447368421056,161.5777341,17.448465287475376,0.0,998.7521550930338
China,1997,3049.55708511502,1316.2808881275644,952.42,22.58568421052632,180.9238516,17.35355068573811,0.0,996.1539184609657
China,1998,3150.830332582035,1334.53877702082,986.153,24.63165789473684,183.025,17.9636425998971,0.0,947.3523918300496
China,1999,3063.542819935839,1263.0280762796574,1043.065,27.244526315789475,193.26,16.5679819252804,0.0,983.5539373793732
China,2000,3180.783464888757,1305.9322342582975,1159.926,31.190105263157896,205.097,16.520096355395168,0.000479490176537,1010.0684025623078
China,2001,3244.2652116514555,1315.9347381473592,1256.568,35.67626315789474,209.75,18.95660930640734,0.000441677054571,1030.4730681164003
China,2002,3544.8830059257307,1502.3464856652736,1379.138,28.61604210526316,222.214,17.575537650612333,0.167441925704877,1130.292066644182
China,2003,4165.670450457093,1796.300121353441,1603.672,33.24768789473684,247.4755,15.011526855327524,0.167357398673011,1314.9208369014336
China,2004,4841.1882368218285,2063.447597236492,1857.954,38.89961578947369,291.15080000000006,16.24328702067912,0.168632135362111,1512.3189059348729
China,2005,5468.684656953547,2371.971718969636,2124.249,45.70044210526316,294.91545,16.038064317199694,0.113007957872009,1680.2046716095615
China,2006,6033.747431184557,2638.0763312434515,2442.303,56.215952631578936,312.92307,15.388987709851571,0.191940455014555,1849.2814744441864
China,2007,6527.439379016462,2863.388582613293,2810.944,69.14944210526316,329.75627000000003,14.994395911037811,0.342353364979024,2000.226715193988
China,2008,6743.66320653954,2944.2435779308844,2973.592,79.7107,332.96685999999994,17.31654288409206,0.6815242629803451,2101.4395504105933
China,2009,7242.789775916205,3177.2796737644094,3195.272,87.7767802631579,348.6131,17.337840845407516,1.951126489737626,2267.99909874723
China,2010,7756.546528407191,3362.0302336888385,3624.895000000001,106.56293134210526,403.6688963,18.37263871808381,1.882192755153978,2504.102729221984
China,2011,8604.538700197762,3712.28047426937,4049.062,131.5221364736842,423.168369767,16.473005426788923,1.9950980542969567,2708.483948008207
China,2012,8880.21582182065,3843.328344519228,4320.113,148.42725789473687,441.98408442,19.58081510991195,2.511157508766059,2861.316414736349
China,2013,9327.019526520662,3975.192446233586,4702.056,171.13348499999998,464.734812,19.83957116850551,2.811883008036847,2952.609087124052
China,2014,9273.700012080832,3901.130919329554,5034.381999999999,198.2564591842105,482.08189,21.93145921225944,3.257703844880307,2966.2212303085057
China,2015,9135.191559187086,3797.9792673113766,5058.669400000002,206.0616860526316,512.11019,23.596844723526715,3.944242687137703,2965.5101612837093
China,2016,9111.441083065834,3750.873536120497,5322.696,225.3360063157895,527.75622,24.49851045925185,4.871384827789348,2969.7844323379463
China,2017,9344.850294495303,3792.467198982642,5762.184400000001,260.4241002631579,552.5354500000001,24.594910558312744,6.116011915493085,3087.471610025442
China,2018,9741.63035981048,3846.820457155965,6262.221,308.1221384210527,569.0848000000001,25.09952310335224,7.586843676066208,3234.576324450856
China,2019,9879.090096187145,3904.953035288383,6583.317,337.35708236842106,594.064,26.053927390502068,8.403288172877078,3385.147579294789
China,2020,10003.543609455828,3979.983539979374,6850.068,361.8509748157894,611.5370800000001,27.07180632655325,9.35036865345505,3501.212778822673
China,2021,10542.154819308413,4221.642673867471,7572.089,409.5733315789474,647.61894,27.45520370754087,11.5054577161907,3737.799491025924
China,2022,10931.03529045332,4464.585398726402,7881.601001,414.3114836842106,655.9610611628057,29.05571388614024,13.44790420459132,3920.911202567055
China,2023,11674.72092550765,4737.777166860955,8428.784694512688,444.14191050947375,730.9348197955359,29.454116096157414,15.54552495250576,4192.943314258749
China,2024,11949.514572820704,4880.538264739564,8989.844868552831,476.5642699766653,731.3128680982015,32.633859397567,18.20310088081909,4342.877773440577
Colombia,1990,43.1383650798067,3.944399844657714,26.815518170939672,4.285117479738916,8.147171578521446,76.85948128076093,0.0,26.68274797023479
Colombia,1991,45.12488809498049,4.739822954160947,27.97736651347889,4.394735905853535,8.310120057696041,75.70442704781648,0.0,28.79729825824047
Colombia,1992,51.00714652432465,5.334578136621247,25.873412643,4.37237095560746,9.663674164696928,64.64179785535022,0.0,30.43431205262723
Colombia,1993,51.66949896730095,5.42702543981374,27.769504850461683,4.665371646042063,9.639902883343112,70.32893264712463,0.0,31.19611564985667
Colombia,1994,51.44942302139696,4.963999820108555,30.246242724,4.588110027705716,9.92716736146126,75.6389405204461,0.0,32.719730058183536
Colombia,1995,53.505798416189215,5.135885750184092,31.790574918,4.879783481304865,11.925914579578466,72.22516907571939,0.0,32.174388945286324
Colombia,1996,54.25014572051751,4.540427362344556,32.65322500400001,5.294845323252548,12.232577081671955,80.30357063255026,0.0,32.808305051238655
Colombia,1997,59.63459791827635,4.743805835554685,33.302016526,6.59206234628124,12.810197151160654,69.45103281728406,0.0,34.018493108667464
Colombia,1998,56.606726057673946,4.442108336760471,34.25058937077695,6.684314064217113,12.038353982613504,68.1331592689295,0.0,33.92235300391398
Colombia,1999,49.75559589949485,3.711101939723738,33.146013719440504,5.592723593871362,10.89729225966755,77.47796733047872,0.0,31.024347819659454
Colombia,2000,52.95934362167191,4.724236499601077,35.58318246447409,6.543126770777006,11.100192934802935,74.11874473750085,0.0,31.20385064861399
Colombia,2001,53.14565245843127,4.707457158493453,34.870287843042725,6.549951890431921,11.275613613938,73.92638036809817,0.0,31.093998138846167
Colombia,2002,52.79414971027999,4.270237710901672,35.79415227776483,7.137331714519198,11.14253046195727,76.16595199151232,0.0,31.139873461039016
Colombia,2003,54.65395926467872,4.909051688648302,37.413786785866776,7.497336218756484,11.025789286552348,76.9913174782937,0.0,31.99800360380059
Colombia,2004,56.024796249647856,4.624091350396193,39.402371253638805,7.864927753597782,11.469792881386727,80.78163574102095,0.103527912718005,31.315093135747723
Colombia,2005,57.922335374764245,5.339893008948566,40.33006645005211,8.148005796140755,11.108888640844851,80.05220624860276,0.098152032102141,32.75912647788901
Colombia,2006,59.43859660646357,4.872118895611704,43.217959097417626,9.424761334124142,11.46569655448092,80.47054891183242,0.116987298521874,32.00908431930513
Colombia,2007,57.81270354896142,3.814167227729499,44.54891687490247,9.73589840595139,10.965731911117278,81.40073037567343,0.088585168311819,30.818193972262943
Colombia,2008,63.62256604781228,5.757253250056921,48.67428419227451,10.598499771276993,11.63718769401082,81.71849538897504,0.0,33.77252426693741
Colombia,2009,66.06426147924195,5.672631375466674,49.96903793601088,11.880490785996129,11.023803767794442,71.27920330470853,0.09941550539072,35.75432723473664
Colombia,2010,68.7090446051003,5.544142622854707,51.99734071312289,12.351573288135002,10.857670775570536,77.08393113342899,0.068149210903873,35.86145911268514
Colombia,2011,70.9418208720701,4.5443344079022125,52.70251870518413,12.099899648487714,12.657903623560536,82.51611231661107,0.066392460407423,36.22604761680165
Colombia,2012,76.72347265514985,5.575659197375557,54.88675812180775,12.506977111169874,13.157776904293724,78.27198283343064,0.086779532652771,37.22523802569619
Colombia,2013,74.08530220928367,6.098850065235829,62.203700909331616,12.414680902597953,12.487504840341266,69.42338617045716,0.089187983946162,39.83977441024682
Colombia,2014,84.77336939436911,6.9321680087349815,66.99707413276192,13.07777894567829,14.774081291728372,64.61866931969212,0.096983428704054,40.67848530868618
Colombia,2015,84.12581345411137,5.918503799696313,68.3999286575166,12.725902680166731,15.382605592177423,62.585723550687874,0.091642440487095,40.09755639299906
Colombia,2016,86.4317865958003,5.876260524396584,68.60728969059147,12.471737114684409,17.197223890250807,66.24202444708456,0.068797942294335,41.45233174839568
Colombia,2017,76.08263768908135,5.0438926346749,70.24410675520035,11.579844989466457,14.932404209825988,80.52476386749584,0.010834817521657,39.389169549216106
Colombia,2018,79.89579311977579,5.8819752805025445,71.13554458113046,12.201706993839498,14.507118170598822,76.63791744296667,0.070067954859694,41.47955318259626
Colombia,2019,78.79854935080998,6.909110131428356,75.43277061780859,12.85675244007371,14.315615976816368,70.090448398203,0.249091390567722,44.96148585796827
Colombia,2020,71.86743052142677,7.02060327856818,73.15202832645453,11.261371462499504,12.269999467365448,65.79083321402615,0.265134084146611,41.55733630271845
Colombia,2021,79.86978702322399,6.480364238940578,81.25613285885788,11.26579966705834,15.058851084711634,74.77343191183667,1.399981015676939,45.25308974935141
Colombia,2022,84.92170928203836,6.871029923713042,80.0115249998727,11.8329935198998,16.478126399481532,74.8722935400984,0.6800665420877741,42.52773097499514
Colombia,2023,90.84991886494656,8.284480565575405,83.00850844757039,12.75829625916166,17.014526639964764,67.12536729234951,1.598926131934692,45.255080181837855
Colombia,2024,92.97834389897872,9.130309560592206,85.21852077488026,13.555689775359262,16.641048561454838,62.0045909095636,3.8082544475365454,47.39380376790953
Czechia,1990,152.13104079568578,84.788,53.037,6.576999970607002,8.746,2.316213494461228,0.0,49.86062855935359
Czechia,1991,138.88891354194206,79.201,49.708,6.347000071860761,7.297,2.179156753899021,0.0,45.30620909286253
Czechia,1992,134.84258559816138,73.631,48.148,7.263999963814886,7.819,2.762552071914053,0.0,44.20177281677788
Czechia,1993,130.2409712244328,71.871,47.773,7.329000033411865,7.4,2.983984646999881,0.0,42.81306790493264
Czechia,1994,123.32320043094916,66.895,49.312,7.148000033547844,7.508,3.572097777020697,0.0,41.303382478684384
Czechia,1995,123.48746707407872,65.807,52.155,8.06831859002397,7.795,4.402846483803639,0.0,41.86168350411663
Czechia,1996,126.5950232467944,65.873,54.146,9.291751699690796,8.047,4.194095584916818,0.0,43.1230961797307
Czechia,1997,121.74984147275823,64.531,53.163,9.426025860024795,7.765,3.98464348741447,0.0,43.29888890843092
Czechia,1998,116.47766672067318,59.083,52.196,9.421022923025502,8.114,3.795389244441293,0.0,41.98607645713608
Czechia,1999,109.63438931118937,51.791,51.178,9.517534870552725,7.999,4.471401716307569,0.0,39.35551438155508
Czechia,2000,119.7347250528373,61.50713694126621,52.292,9.235967654977388,7.741,3.864055221568476,0.001272716318828,41.27355948375773
Czechia,2001,120.16910819015636,59.51783773073989,53.775,9.89500001880192,8.145,4.005057269445041,0.00010851014671,42.35247907943933
Czechia,2002,116.73310359891262,57.845,53.669,9.552000110891978,7.962,4.389063177555952,0.002792495683911,42.86316945932654
Czechia,2003,119.72265431333372,59.344,54.807,9.657999919150232,8.466,2.751138010832438,0.006100246796255,44.70171586906618
Czechia,2004,120.2113034787285,58.218,54.91,9.601000113343282,9.285,3.895816421345738,0.012049578096983,45.73215824958714
Czechia,2005,118.6524683033309,56.924,55.974,9.493000089906468,9.607,4.5779058358150095,0.026270419835433,45.12290059020821
Czechia,2006,119.58917069538512,57.231,57.631,9.291889954213737,9.524,5.008485121370113,0.059260299597609,46.25578306112413
Czechia,2007,120.600251701333,58.508,57.88999,8.759013969211104,9.503,4.359956705716057,0.144248142314947,46.20831953889317
Czechia,2008,115.30258036970056,55.061,58.586346,8.68691889821475,9.563,4.880870557010328,0.307960314701541,45.37209153746508
Czechia,2009,108.03478908313504,51.93,55.336696,8.247603638805789,9.003,6.336062404618456,0.458563892468316,42.710735754418565
Czechia,2010,110.88838378399798,52.12974627097636,56.172746,9.27800645757952,8.804,7.559199556343822,1.206219335083807,45.23926708099555
Czechia,2011,107.66707997564346,52.838069599065605,55.747442,8.490647324061676,8.527,9.08440835458698,3.04435693679838,43.57696397708562
Czechia,2012,104.05985042369768,50.50480537614417,55.98371099999999,8.386000107800694,8.448,10.06215208311208,3.018184507866718,43.21353116983235
Czechia,2013,99.76069697322576,47.58865601687644,55.136533,8.466000003039039,8.104,11.750656784124118,2.9778804410526023,43.232067548838906
Czechia,2014,96.56007335437896,46.2931192858505,55.099282,7.521999911648044,8.638,11.86790437513648,3.109090279306481,42.03783891787425
Czechia,2015,97.77596382517989,46.08640995566362,56.398075,7.867999975997719,8.492,12.75072846112101,3.475340249115692,42.10435709098902
Czechia,2016,99.40970025911696,46.13468997727117,57.642139,8.491000032673801,7.774,12.706436613981722,3.248601045568605,41.596625669749365
Czechia,2017,100.31150883873325,45.8976543270614,59.15108799999999,8.727000086230547,9.146,12.40256677077992,3.303043804242357,43.426063661847394
Czechia,2018,99.18193376058775,45.46676592898503,59.86537299999998,8.267618100042153,9.208,11.906007634256133,3.479213433448379,43.47348013521793
Czechia,2019,94.2152406129926,41.64473215236271,60.05743999999999,8.684493053871611,9.272,12.894228221410508,3.565902809280045,42.77019835552318
Czechia,2020,86.16703777044013,35.101075640984455,58.59065699999999,8.821962069849777,8.368,14.284291225948117,3.765475019268739,40.33302735483836
Czechia,2021,91.0608657464568,35.66882118014969,61.343053,9.458981366002291,9.187,13.94564289723546,3.460891019878815,42.682857988860746
Czechia,2022,89.63680881092381,37.9518443217315,59.26782,7.625536093213244,9.284,13.85544752945068,3.9561849613374953,41.74090956339805
Czechia,2023,78.9145037432693,30.755238359175724,56.899785,6.76644772470008,9.134,15.858349439802394,4.769353267954437,38.13290553574967
Czechia,2024,71.61585009980102,25.434198295471184,56.87645582502231,6.748240037310568,9.362753089143864,19.35031597004128,7.392189724242264,36.40281965918753
Denmark,1990,51.04127163652883,10.036,28.866,2.057926977679727,7.395,3.175275190516511,2.347779231775845,17.30750238382636
Denmark,1991,61.29965909029699,13.565,29.84,2.331048702370146,7.716,2.892324531399644,2.02490080722397,19.205758524886
Denmark,1992,55.4113774131508,11.136,30.338,2.450000017037552,7.497,4.398464441408029,2.976771422994339,18.373455811724465
Denmark,1993,57.80503811761938,11.938,30.71,2.760048426150121,7.61,4.7300877141343385,3.043503855889798,18.90187587747716
Denmark,1994,61.71158630840264,13.176,31.338,3.077927474702698,7.955,4.295431021735916,2.802010941889694,19.566589738469947
Denmark,1995,56.95598285255242,11.023,31.473,3.5640483560507663,8.392,5.039366347308364,3.264467309801185,19.6344750766382
Denmark,1996,68.95749681596219,15.057,32.42,4.198096695621715,9.324,3.879941057760722,2.353404545874293,22.39555467917389
Denmark,1997,58.90235490326996,11.078,32.488,4.3969759255358,8.962,6.608667729296018,4.452256767266683,20.856025388261887
Denmark,1998,55.58195845506045,9.386,32.62,4.741071536988467,8.592,9.54685865784545,6.951572495317783,20.571652702641128
Denmark,1999,52.24292104233659,7.882,32.751,4.962905009257416,8.556000000000001,11.251284686536485,7.882836587872559,19.61389873318474
Denmark,2000,48.23383919862149,6.651,32.991,4.898721550442341,8.241,15.455024547194409,11.874185227304244,19.06739029343117
Denmark,2001,50.101354906961554,7.013,33.194,5.108806140004103,8.214,15.494712290280685,11.458029632378276,19.59047701400792
Denmark,2002,50.32282840711825,6.963,33.153,5.103810266939265,8.021,17.28052536462443,12.449410746557383,19.300549216072536
Denmark,2003,57.40518905422296,9.67,33.135,5.174465558194774,7.487999999999999,17.49014852985753,12.085913480275408,20.111974554610786
Denmark,2004,51.87385719518884,7.425,33.702,5.169534000663382,7.395,23.54439772446204,16.314617858026217,19.4428298939614
Denmark,2005,48.53121953049735,6.31,34.23,4.981889341947548,7.3,27.07057330464051,18.253048612260663,18.925936054581825
Denmark,2006,56.46290109116134,9.362,34.646,5.093806641208863,7.409,20.17276534169389,13.395891342000832,20.3378409356426
Denmark,2007,51.71369109106872,7.959,34.433,4.560949366101642,7.385,26.210703021670568,18.24448061857768,19.88967602680799
Denmark,2008,48.73514407488134,7.033,34.118,4.591347363963386,7.058108,27.57264583788508,18.92888354817566,19.63838167191482
Denmark,2009,47.010129064910096,6.84,32.414461,4.410910947263581,6.735743,27.658521837121736,18.483907319352443,18.764065526202508
Denmark,2010,47.33157298473997,6.693,33.048525,4.941842341338611,6.650429,31.98277828349763,20.11072434178537,19.49763094647773
Denmark,2011,42.11358322061184,5.583,32.643505999999995,4.174877274673207,6.358359,40.25321267595635,27.78702312782655,18.128483863568807
Denmark,2012,37.211211232284604,4.401,32.254454,3.90928333808265,5.851408999999999,48.32797619943352,33.789652220482665,17.29353211565984
Denmark,2013,38.87011829143277,5.535,32.297486,3.707236619334393,5.679600000000001,45.95984547005162,33.50570679721081,17.271989904765416
Denmark,2014,34.806990287018515,4.348,31.679378000000003,3.21454709901217,5.487775999999999,55.87837229000343,42.48752004901873,16.265964125842483
Denmark,2015,32.61058720194996,3.168806,32.042976,3.255092646144877,5.676538999999998,65.43413080958287,50.92270963536664,16.20714104078054
Denmark,2016,33.370858689471,3.625575,32.243390000000005,3.01282357326495,5.717927,60.21933495808525,44.29016694584518,16.614523864904427
Denmark,2017,31.8094692344294,2.693984,32.57895099999999,3.271502679190441,5.703708999999997,70.26471929668988,50.065131635336726,16.820160818353784
Denmark,2018,31.79876267457661,2.777059,32.190686,3.195295610086557,5.711279999999999,68.3561477125551,48.91288406842845,16.79861982675545
Denmark,2019,28.314275142154777,1.589283,32.588288,3.068767530132844,5.560162999999999,78.16931997219903,57.97719310816444,16.256696836382467
Denmark,2020,25.77484059075264,1.388427,32.279207,2.6848597051652,5.248604999999999,81.61490522808269,60.95218927386027,15.702630492731176
Denmark,2021,27.77361920616333,1.860167999999999,34.648433,3.037840178393764,5.348708000000001,78.9636622495527,52.5357727836532,16.624850658616204
Denmark,2022,26.94880525363048,1.842855,33.37275999999999,2.425746396532503,5.453031999999999,81.17792369682992,60.42840701462208,15.793761472960549
Denmark,2023,24.64619536193381,1.186562,33.991047,2.373147195825718,5.212662,86.60057990811946,67.46069789964879,15.398325347680842
Denmark,2024,22.44837603327246,0.8122015561218231,36.161503878768514,2.386452059189729,4.743101666132351,89.56092610749926,69.54309187023017,15.288415498938637
Egypt,1990,65.31935265374663,1.039,28.714,6.804763157894737,17.445,25.75283590615092,0.0,30.101738010402013
Egypt,1991,69.34878308203395,1.056,30.144,7.833421052631579,17.841,19.82007944399533,0.0,30.48716998652262
Egypt,1992,70.3855468969782,1.09,30.681,8.146052631578948,17.786,19.36685632675681,0.0,31.282266633437057
Egypt,1993,75.25816955986795,1.456,33.699,8.821052631578947,18.773,22.031310841063696,0.0,36.018934582358206
Egypt,1994,74.37065182570481,1.668,35.016,9.39121052631579,18.13,22.139281705050507,0.0,33.86897413138878
Egypt,1995,79.99884030101353,1.296,44.265,11.781815789473685,18.988,22.13481481523809,0.0,38.058179248145336
Egypt,1996,76.35942532585466,1.367,48.914,13.027,18.158,21.66310450471784,0.0,37.65793146939545
Egypt,1997,93.53589026241735,1.3949999999999991,48.181,13.353,23.294,21.34530588348664,0.0,41.97424590093118
Egypt,1998,104.4600068985692,1.5830000000000002,49.605,13.742,26.516,20.79438860268824,0.0,46.45055264756088
Egypt,1999,106.90709247371386,1.252,55.5,16.385,26.317,23.69313890534133,0.0,48.20881498910423
Egypt,2000,115.50564924020884,1.57,60.085,21.78184210526316,25.903,20.73241047528328,0.115159873181966,54.526931670025
Egypt,2001,112.36302552928971,1.383,63.38,23.19568421052632,24.0,18.337065583012187,0.233048640766586,49.36657885344996
Egypt,2002,123.47036589110344,1.485,72.374,28.3369999868421,24.623,18.13115211877225,0.2478300328113,50.67370331700768
Egypt,2003,125.846523544759,1.538999999999999,82.642,31.14099995789474,23.843,13.890219283013868,0.3750012737815,58.45218620695501
Egypt,2004,132.8308741953637,1.485,88.088,30.82586842105264,26.553,12.864285402258057,0.501683469385797,59.1715826251392
Egypt,2005,146.17206211630472,1.427999999999999,95.085,36.709105263157895,27.996,12.03370439967768,0.494225087295192,65.23455477154755
Egypt,2006,153.42676715506732,1.376999999999999,101.443,39.4972105263158,29.0,11.646880861773376,0.520239512866637,68.93224191285528
Egypt,2007,161.3837118612782,1.373,107.226,43.4,29.422,12.952788032373624,0.6485651179670481,72.91322125926169
Egypt,2008,168.7773965333561,1.344,112.617,44.56794736842105,31.301,11.78579036829511,0.6918538115125661,76.03223496994478
Egypt,2009,172.42340451849344,1.272,120.18,43.753,33.416,9.971616791646229,0.7940290139463171,77.20063911073878
Egypt,2010,174.79722514980625,1.944,126.934,43.83907894736843,34.02,9.958106106880374,1.132331246760496,76.9801117793701
Egypt,2011,182.98727302860544,0.8190000000000001,135.838,49.57989473684211,33.608,9.415439812735013,1.243469304178404,84.6483618169806
Egypt,2012,189.63791606275012,0.687,140.257,49.70781578947369,35.935,9.021146665816266,0.909322836941468,82.12623975903782
Egypt,2013,190.5752331734712,0.587,137.591,48.359605263157896,35.878,8.946874276703362,0.8604581969651891,81.72602740570679
Egypt,2014,190.16764510394725,0.63,146.645,43.70639473684211,38.47,9.077138584401215,0.9743477459205312,83.0060442403246
Egypt,2015,195.3162842381631,0.5640000000000001,154.205,45.017,39.347,8.464678608137403,0.8859222628162121,81.50253699947328
Egypt,2016,202.30737814731643,0.677,162.275,50.725526315789466,37.987,8.296222963213838,1.15985827428095,88.76804066416047
Egypt,2017,208.363754291232,2.791,151.606,57.99278947368422,34.743775,8.13021322623623,1.424545221624391,93.12930443914126
Egypt,2018,193.0098022219674,5.561,165.61,54.93897368421053,31.294406,7.757422179276071,1.366114830554432,89.23650501955748
Egypt,2019,200.9934711175605,4.345239999999999,156.33950400000003,63.47493510526317,28.344741000000003,9.53298764356821,2.655758344343668,89.66676132532085
Egypt,2020,191.5841357231272,2.28511,157.435299,58.1554245,30.327559,12.141508266683976,4.393076715557512,94.96044043745184
Egypt,2021,218.60953101285932,3.695,158.046219,61.300241684210526,36.4414,12.327682677130722,4.985413195072249,100.6980383283864
Egypt,2022,206.6629480607068,3.309509,172.355,53.20718723684211,37.390073,11.88881102546134,4.922681616444756,94.2298984901754
Egypt,2023,203.9594070415864,3.758589673660679,178.7197082285794,53.95623928436491,36.52122974997152,12.521915203207316,4.8776956062955295,93.08358786723213
Egypt,2024,211.8682928615968,4.826077816565746,188.7711505615373,54.59485308239414,38.38775207509397,12.0061788888037,4.982454962251938,98.13722780564328
France,1990,340.2785106336399,31.20898598588863,323.25200000000007,28.19941793415892,80.382,14.101236273300502,0.119534708062134,223.55381944633976
France,1991,366.7147474270327,33.504171176582766,346.798,32.03026887525839,85.928,13.971371585552433,0.113659888809837,236.4618866216908
France,1992,354.93887940179553,29.65870387109077,355.874,32.453943602622566,85.288,16.11569943836314,0.111514154837562,232.33783348290456
France,1993,338.30992958194884,23.27113385964913,356.188,32.80704501106417,82.516,14.792404222720585,0.105160299884755,236.2948092260158
France,1994,331.0939043991667,23.037457723112126,363.239,32.76693939467421,81.843,17.453767516780434,0.10625513371317,227.3056234119855
France,1995,337.8139541734701,24.849950019069407,367.887,33.49429410116341,84.092,15.887333500203008,0.103765735370505,236.8096002801805
France,1996,352.9887765673088,25.41740807971015,384.181,37.214016775224266,85.248,14.163055018066256,0.097248173913634,250.27603028462383
France,1997,343.35298160937623,23.1707658409611,381.61800000000005,36.81543496522536,85.402,13.91656145545716,0.103486230975569,242.5821706279899
France,1998,364.5294576068087,27.10847038710908,393.307,37.17690043777579,89.012,13.452142731950644,0.106268882401394,249.65690117141392
France,1999,360.96535675608766,24.40905103737605,401.037,39.14796454345607,88.092,15.210018994316703,0.105431045037813,249.2323802412173
France,2000,358.9153175342869,23.548989067505723,410.393,40.44080126307116,86.375,13.73687573584728,0.103840146557118,251.7166748087593
France,2001,363.1055217084105,20.43896884630053,421.425,42.38823505498106,89.43,14.918684597530657,0.113248255451162,260.2611437872858
France,2002,357.023903799284,21.05200045814264,419.4460000000001,42.24986002729956,86.199,12.456650212740389,0.137216130169854,260.8734254530993
France,2003,362.9273748549607,21.142154244851262,436.9990000000001,44.42647376239819,86.676,12.06543344949957,0.156285248960451,267.53111901495595
France,2004,363.80049504390985,20.42428718773837,448.7199999999999,45.61193631982215,86.73034,12.069310489347709,0.186998650854365,271.4066231153948
France,2005,366.1387778967592,22.1795126902174,451.11000000000007,47.27362517280597,85.55846799999999,10.61983947442254,0.252397553781391,272.5240398933567
France,2006,356.30749947422,20.57927136489322,446.466,45.0473958182484,85.05493,11.790068877147135,0.462529792245697,268.12780930474065
France,2007,347.1542354775405,21.556596119851257,448.432,44.51730102356071,83.002779,12.56008443613363,0.8524470779215271,265.25321590773274
France,2008,343.3467945367042,20.046479057971016,460.9060000000001,45.82075263567441,80.598961,13.687478576630449,1.122681199902279,266.4776463101201
France,2009,331.3163888733843,16.648164892734552,447.6460000000001,45.29773082521207,77.44388599999999,13.925440910697349,1.6373066734404982,254.9154394958455
France,2010,333.6893945062815,17.658725061498856,471.791,48.44232843677222,75.35040299999999,14.581018208746489,1.963221550960284,262.79298457132205
France,2011,322.7992599499487,15.947976213916384,439.72187400000007,43.37868171250304,76.489709,12.4136983886087,2.798469743687184,257.8597992679125
France,2012,327.51612537793795,17.949777427653984,453.922079,44.52952698915049,74.782038,15.743318915132225,3.649171589070217,257.764959337155
France,2013,327.3146774395264,18.775084045663142,458.995993,45.00845264166748,73.5883,17.959959234025437,3.867241908162887,258.8328056120272
France,2014,293.69134020466845,14.329946206021642,433.532574,37.55844263976292,71.872383,17.43426893326037,4.349502214025799,248.8222933052089
France,2015,300.05603092051354,13.782878017831331,443.028188,40.02114888522143,71.896891,16.703202194973237,5.238313393436874,252.60468587181512
France,2016,302.34281701159955,13.04251380514159,451.314964,43.78136623840962,70.672224,18.40915227872474,5.539263028402758,247.93122587586257
France,2017,307.7966853163051,14.868072803119285,447.5049759999999,43.68191868248719,71.24457000000001,17.396340456961457,6.337639345217568,247.6090924589041
France,2018,301.2014794857005,13.207429513026316,445.83865700000007,41.637871178736816,68.486626,20.43506099781352,6.990202963092456,246.16308566359533
France,2019,294.29324761475687,10.598263735493422,440.5567260000001,42.36700623990488,67.826654,20.62463191332803,8.421942027274424,242.67149515584887
France,2020,260.48371462613346,8.503271966973683,420.4748859999999,39.388942397065385,60.123503,24.367917579930044,10.236402441922316,218.0446274450304
France,2021,285.60549063246776,10.92578333796053,442.0520920000001,41.72617835060422,65.336379,22.801825775701165,9.665294834342117,233.9566819559325
France,2022,276.9656642763073,9.208870321249998,425.1224370000001,38.04877372475105,63.42968,25.101309741783705,12.429047069843593,210.3933723684117
France,2023,254.73567416540791,7.197399308453948,408.15282200000007,33.659832230315025,61.01654999999999,27.375535410192832,14.172775682196662,213.7155354729772
France,2024,248.66764692441487,6.705677228974597,410.1408333784504,31.48791364560752,60.47018404968934,27.790176028433784,12.608967757176709,217.76826474028096
Germany,1990,946.72846481601,448.76626020594966,481.001,69.75295449561011,119.231,3.901348145050589,0.013090552075852,352.20253382255464
Germany,1991,924.0603851618282,368.3154498283752,481.055,73.52406359611982,126.954,3.852055281913297,0.040027129498882,345.0937674468749
Germany,1992,875.9695334002704,327.824,475.878,72.57822628185995,128.031,4.378476938247716,0.054886784378663,338.56734548293684
Germany,1993,869.5097322728175,305.92950217200604,467.164,74.98641725845204,129.566,4.619059200875586,0.128639725163222,335.22138094906126
Germany,1994,855.4298829043908,289.42600000000004,465.073,78.09419934363355,127.896,5.175750245672386,0.27118451886008,333.68547283802366
Germany,1995,853.9186406034792,274.485,472.579,83.15584369484418,127.846,5.658459957862136,0.319942525740576,337.1027293649288
Germany,1996,880.2987520067874,272.61000000000007,479.658,92.4885751437754,129.935,5.623618043401541,0.37632433756113,348.4941283286286
Germany,1997,850.4601539673979,260.475,482.877,87.926766448472,128.571,4.823643741138675,0.553345637961106,345.341538774584
Germany,1998,841.5655620966281,247.647,487.477,88.62744685382746,128.698,5.197764889206011,0.831786165534073,343.18632130630084
Germany,1999,811.1251440088297,236.446191104119,490.652,89.22439792096654,124.161,5.837138234765416,0.999101204386122,335.46094784691235
Germany,2000,804.2743783450557,244.26409481121289,501.411,87.77251466347958,118.808,6.886736982323955,1.63248881696595,337.1092387214035
Germany,2001,824.9845879134824,249.134,512.637,91.76223395699476,123.015,7.23304331811066,1.802846492020886,347.1470121103518
Germany,2002,810.5023327398831,252.782,525.51,91.1907140058971,118.361,8.38887051853266,2.734645317661336,339.42531332340894
Germany,2003,813.5523213198812,254.5522102688787,531.751,90.39008281319968,116.404,8.411242564701865,3.519538584765681,338.75602761574083
Germany,2004,797.345855361872,253.41253307589628,538.406,90.70351630798542,114.163,10.301600630350334,4.613886151869775,341.17321929050235
Germany,2005,778.3120016646593,243.74441838100685,539.471,91.7369789794453,111.813,11.262947069075642,5.130842831327815,339.2850610192551
Germany,2006,791.4097672408964,245.35572827421817,544.629,93.5096334092357,111.636,12.383887869973162,5.7931868385943766,349.3756146686886
Germany,2007,758.0693740048008,253.78279323798628,545.614,90.30709145298091,99.273,15.01250483353915,7.126195911137721,331.2653783091767
Germany,2008,765.7326015715443,240.3689880549199,542.991,93.3625387553204,105.495,15.643436506290342,7.456399587661664,335.4583542288586
Germany,2009,712.8169106391279,225.8502308276125,513.898,86.92581041516507,100.048,17.031535534058712,8.0317534829916,313.25796607196594
Germany,2010,748.3659796243224,232.39445232265444,546.883,94.53190294771642,101.297,17.623831185241343,8.27426080363912,329.84083013982354
Germany,2011,721.0058122297013,236.3357641533181,539.891,85.80282297096227,98.034,21.183025265729714,11.674003421825637,312.71027420542265
Germany,2012,740.0244813844149,247.2871485926773,538.206,85.9975823480006,97.794,23.73625883914546,12.717228515087225,315.0257707446602
Germany,2013,756.3787034710479,247.16452560640727,536.44,87.64404339797652,99.763,24.756967657792924,13.400949740175763,321.7975609423607
Germany,2014,719.4194133822181,239.28584638825325,524.826,79.17617507523805,96.983,26.82086504429712,15.398705969678533,307.7588041358817
Germany,2015,721.2491685253302,239.3044547292143,528.35,81.34874288820015,96.918,30.033101550497605,18.711322396145043,309.253088995174
Germany,2016,729.0227378385056,231.40212094584288,530.551,89.21754905833292,97.022,30.019263616363467,18.46186249805904,310.4599744691208
Germany,2017,710.2606889927993,222.24,531.318,95.0249222953611,98.697,34.0095116739047,22.48016361670004,311.4174533456392
Germany,2018,690.487338021276,215.71100000000004,521.809,94.7391269241548,93.162,35.63722153175491,24.22525403298837,303.65064877547576
Germany,2019,644.2848005311229,171.87045899999998,507.543,95.5962015031882,94.796,40.57754190441197,28.33352830782463,296.93199607786994
Germany,2020,593.1115462047073,139.69889500000002,492.822,92.93240596227022,89.96,44.83962451039339,31.88307829187679,278.79930128394136
Germany,2021,617.2185448142551,162.94090793769263,510.102,98.96807291757617,87.387,40.309298663021146,28.08860065938011,289.4114655228761
Germany,2022,609.3750157065587,170.942809,487.555,87.17741593802448,86.645,44.60141382469374,32.3550638652764,272.20739412736526
Germany,2023,545.7936852626358,133.91927896884624,463.322267,80.13370690590834,80.98302000000001,53.831431365809976,40.21594946388766,244.8081681459524
Germany,2024,531.3705867417789,120.64277998701375,464.3787167348313,80.6249655014597,81.67097989922992,57.27595808329156,43.0601320098812,241.7067035426676
India,1990,542.6087463071259,247.25947648770287,216.3564,12.855699219029177,52.86783630087209,24.785091926873097,0.011055870148805,283.9211979314341
India,1991,585.3456479514925,266.47926210547166,236.438,14.35989472793564,55.57793895348837,23.085272922424537,0.012356200753411,296.9858124569047
India,1992,612.5583499062013,276.29637650257985,252.0566,16.609312773306222,58.84893786337209,21.036048085487096,0.01562908572854,311.40102321924604
India,1993,640.9606212965472,292.0830670038786,270.27,16.447014258299117,59.93573800872093,19.8095425185102,0.015996183366775,318.3256465671988
India,1994,676.3482165586029,306.1760389428571,294.1616,17.66917651653226,63.59662663517442,21.517887685147,0.047204434104425,333.7876565074504
India,1995,708.5825740397607,319.7155454828877,315.6754,20.889584289473685,66.10392514534884,17.498160077631567,0.119126501340771,350.0037483819861
India,1996,768.0836618529186,340.7785917576923,324.3944,21.26233752631579,74.55301617005814,16.000298582546755,0.211958002101268,372.3133579149665
India,1997,814.0363754620847,355.03938529590914,341.022,24.62019726315789,78.9762218386628,16.26271191494183,0.222615789191219,385.67406084510026
India,1998,823.7146071383385,355.2253028456615,358.43,25.4612025,82.60051962209302,16.942004992513944,0.226795244343199,397.20038596216176
India,1999,859.7813694312541,371.4171392059948,360.228,27.02025235918421,87.54941951308139,15.522917241430733,0.281292641280114,422.6321097900512
India,2000,939.1750251657992,380.1701581827266,372.139,28.186451341921057,104.41491315406977,13.76894027194825,0.282075878767995,439.4313124710034
India,2001,945.4972648933742,387.5099305264605,387.336,28.470537463605265,101.26851744186044,13.365796380715569,0.360029009531703,443.053923410232
India,2002,993.5015891363904,401.463321434446,396.84,30.52446994268421,105.3870179869186,11.700194629231406,0.420861735773918,452.5719428955065
India,2003,1044.876975705913,422.9254198096305,421.226,31.61887799482895,114.44111300872092,13.068307408600315,0.537125101835887,466.8324171537048
India,2004,1099.2001888602715,450.3409448544047,450.556,32.679263199999994,117.99119785610466,14.16065803185052,0.644908451529011,488.1032891328135
India,2005,1149.0196533775784,481.8364782205197,474.451,32.05721002894737,111.42988026889536,16.30653966797457,0.858961675771,510.7935615421269
India,2006,1234.2640071626072,516.6376832792839,525.671,31.819193526315782,119.68935555959304,17.279210571159314,1.268781879025163,538.7074446014584
India,2007,1379.5698003347327,562.2373980139147,577.959,33.55006861842105,145.15203197674418,17.240258773055395,1.40363693607936,573.9069588984853
India,2008,1501.6089922198637,611.2056499552958,631.574,37.33996594736842,144.63522441254844,16.15323353087305,1.582612390523316,600.1147001280087
India,2009,1616.0831359508718,651.4060383804615,682.144,52.05279328947368,151.53919519137597,15.091801211711504,2.022261779941716,651.5208856822492
India,2010,1667.2421352287529,667.6326392417557,694.392,54.31185755263159,155.08101489825583,15.334417975588217,1.9627275574911032,659.0834067296462
India,2011,1809.6508240868948,725.947623617512,772.603,63.91683978947368,160.6924053887209,14.686548695485948,2.4000879747915222,693.9380287536571
India,2012,1988.286008178024,806.2052838728005,785.13,56.1110625526316,170.32197581668606,15.520485595944608,2.73988084198813,743.8754438690286
India,2013,1991.645207729665,855.3400230000002,897.233,54.27850936842105,159.351569006,17.30187258177766,3.101518249153735,769.9349919387654
India,2014,2166.2077634622256,935.496395,955.927,52.05591641578947,166.061298425,14.669766364727518,2.450734334041576,829.2219020025332
India,2015,2257.137015110714,955.4652609999996,1034.374,52.767482763157886,193.945863672,14.071403456041208,2.7380753731222063,861.8359646385177
India,2016,2310.878111480944,941.313046,1071.213,56.409115359842446,200.188839488,15.714995832047574,5.840369516559408,898.3529481152041
India,2017,2485.840373669017,1013.6065522877986,1135.2844444444445,59.45418217008804,210.537235609,16.528234168133412,7.253849503810416,946.322751533268
India,2018,2653.324616998833,1114.0157702205663,1163.99,61.476691823200845,218.764552854597,19.634181757972293,6.834748396473491,984.6743327095542
India,2019,2636.427837855519,1085.0481992087937,1297.138,61.616779744560105,221.52891675838248,21.34898588226341,7.643111736874817,988.4688676034164
India,2020,2435.0147953286305,1027.4494482976932,1187.126,61.70629796555927,201.91936971620515,23.04287602599366,8.394210117881395,941.5970450357494
India,2021,2581.314104624209,1109.6153678543574,1212.023,66.76731578947368,217.1814355012661,23.6850669717443,9.484361666051791,1011.6121170629026
India,2022,2816.0006952741774,1203.453832596677,1409.224,64.3594872262374,229.87857683545505,22.851033264256404,10.207643596073348,1087.976960851171
India,2023,3066.776510756144,1323.7601615921944,1473.025361364939,72.31468977084394,241.4620448801627,22.08097189551263,10.97973075871203,1159.060718595023
India,2024,3219.375993870199,1395.9832349486562,1532.2614782450448,77.26410051407935,246.5253438384708,23.67095332740533,11.988059409163506,1212.7182287053145
Indonesia,1990,126.08399023624096,5.036,39.663,15.77852237716889,32.2447938432842,23.24273472810193,2.300754647524388,103.07889019407264
Indonesia,1991,132.27397907325314,5.661,42.285,14.679065921847275,33.788155860104915,21.81839384280494,2.141802067946824,108.7900438231154
Indonesia,1992,148.46000021007026,7.212,54.531,16.755818433999398,36.65962187692564,25.112850382235163,1.865671641791044,118.32883186149084
Indonesia,1993,158.71535608326548,6.447,49.932,18.41690276305657,39.4259274360896,22.510528460806952,1.845876918896888,123.73868705940748
Indonesia,1994,169.94295348071472,11.322,47.385,25.09515432572456,39.71382438504455,19.98259545306212,2.4879178256748142,126.20188349203448
Indonesia,1995,177.9752113904872,7.342,51.563,25.865107562045072,41.871697851611295,19.301451775610754,3.231041389493998,128.62132166550893
Indonesia,1996,210.17206221612017,10.247,56.842,38.00839488932382,44.05654642018487,17.332974896629416,2.829089698785155,140.16489735949477
Indonesia,1997,228.7081702177485,14.903,61.443,38.04107989787719,45.96605919826796,14.577387747336376,2.900256849315068,148.47887100811204
Indonesia,1998,240.6658346517312,16.327,67.55,46.884736842105255,47.01182329919227,17.44215109778076,3.411079100727469,146.61016795380203
Indonesia,1999,250.60008005865927,20.189,71.792,40.43436477473685,47.65968357065534,17.41119819894939,2.84332527307596,154.2627729803643
Indonesia,2000,268.017150847045,22.496,79.187,38.00214889526315,53.98581314014489,16.50671785028791,2.662017264423028,156.35717633579603
Indonesia,2001,273.0249974983172,27.258,84.56,38.22814447678949,54.342,17.506665223764596,5.933278896573436,162.5396991297315
Indonesia,2002,278.35244782440054,29.4,87.128,35.75081797460526,55.26,15.055542206531983,5.764929856015378,163.36063559701932
Indonesia,2003,290.720431251644,30.722,90.441,38.49952392128947,57.057,13.728042215611277,5.591266468338292,167.59256117230092
Indonesia,2004,314.82458169213936,36.252,100.098,37.52740862210526,62.293,13.680093209054592,5.535119840213049,174.12338254329728
Indonesia,2005,321.5066645292497,41.212,107.032,36.28474755473684,62.713,13.720764079171545,5.184935109799087,178.37690340314583
Indonesia,2006,332.968354759571,51.581,112.611,36.52434467210525,58.597,12.317065841271749,5.001953301078823,179.86713472771578
Indonesia,2007,363.1739463343612,60.014,121.247,34.79976688842106,63.40028532305891,12.92781011839478,4.93616243426418,188.2086673875689
Indonesia,2008,400.2438556291754,75.115,129.018,36.85762182736842,61.56326441535875,13.3601450778589,5.552172487402719,202.53926148835475
Indonesia,2009,419.0886655461813,82.227,134.582,39.62707675789474,60.120421714167,13.251379780028763,5.903557129575049,210.6126734172838
Indonesia,2010,439.7262059971703,88.533,147.299,37.294910012631576,61.49845220314655,15.980183231042938,5.520756324603621,201.09732827900572
Indonesia,2011,471.3528934368703,78.355,159.867,42.62297863578948,71.17769463803425,12.23593528118472,5.141209173798859,216.9112823746701
Indonesia,2012,494.04019502641233,82.377,173.991,42.68764375578948,74.32402576161067,11.5566296209264,4.804188379194916,219.75814411191675
Indonesia,2013,488.4933893542199,78.522,196.967,50.336173978947365,72.9864266286275,13.628616495824202,6.178299538684806,191.56348072504093
Indonesia,2014,464.306477435318,73.402,198.355,51.815510896842106,68.8610332144259,15.332312083056385,6.717484739868965,194.7714724132161
Indonesia,2015,485.835185712323,80.0331,212.767,59.329796,68.95498062898714,10.321235878666489,3.365138337401119,205.5454928610939
Indonesia,2016,472.070286774463,85.726,215.781,46.058052715789465,66.53700963294132,15.084555069036194,4.577759433792478,220.03846646959053
Indonesia,2017,502.8586247937472,92.992,244.637,44.6081833936842,71.44267817929074,12.334453965528873,5.319473828235819,214.5071907904979
Indonesia,2018,586.4367643412361,125.497,251.796,46.47656338526316,71.77021447412014,12.21537729414697,4.795233736999762,245.8172046798519
Indonesia,2019,620.25434262467,141.93325199999998,258.092,49.08122723368422,69.83515180984546,12.33386130211416,4.653944002171182,269.51834884754413
Indonesia,2020,611.4236726648484,143.91538763410855,250.2036555553333,45.72219065263158,65.00789003591653,13.244537401772366,5.171089314633355,248.67559561687963
Indonesia,2021,596.1724272304615,140.03724802170544,258.51081,42.89436524631579,63.407972429480445,12.81682793785906,5.880036342155172,246.71442764075684
Indonesia,2022,764.0293829047032,199.8520530715141,294.155948,41.92634188421052,73.85168939993824,12.61256550586212,5.117881502655094,297.85543190876865
Indonesia,2023,803.4508193833692,215.57253522627772,308.79379767911104,43.30762878390289,76.19500658117099,11.6473747749609,4.929747689030197,305.3906680339356
Indonesia,2024,873.3033082775227,240.05559810141145,327.83262057465515,47.11794926971342,77.60879912474873,11.582119475803594,4.63053978808881,323.9484890261029
Iran,1990,169.11580883684738,1.060799434605133,52.017,21.405263157894737,45.63298785425101,10.292375892524788,0.0,67.8120399191327
Iran,1991,189.02845727528663,1.494517722446977,56.407,26.54252631578948,48.468012145748986,11.003337179927016,0.0,73.05558136458069
Iran,1992,203.78666708129307,1.335170131255695,61.158,28.16321052631579,52.65805668016194,13.928879404843682,0.0,76.01822727391514
Iran,1993,205.60555410000785,1.648194283890319,64.294,32.53913157894737,52.669,12.8903994540969,0.0,82.13429825942198
Iran,1994,234.88416141332755,1.66980778732917,68.09,39.34771052631579,57.007995951417,9.092796599819245,0.0,90.62482765808303
Iran,1995,241.2979461400829,1.569602576391796,70.516,43.71623684210527,56.078991902834005,8.577245819063425,0.0,93.55924467034178
Iran,1996,247.78540624356648,1.655014896572193,77.502,43.42831578947368,59.18198785425101,8.136399159062641,0.0,95.6592093829304
Iran,1997,260.127733791392,1.704753062664122,81.07,48.41202631578948,60.32697975708502,7.088926174496644,0.0,94.10758050119398
Iran,1998,262.298292823319,1.9550744106166984,85.699,52.62934210526316,59.468024291497976,6.806009396933428,0.0,108.09374720697912
Iran,1999,285.1449693014524,1.599401516934112,94.217,61.17528947368422,60.806,4.387654562077811,0.0,132.75013378166332
Iran,2000,297.88040957461214,1.736525058620072,99.718,64.4603947368421,62.757,3.037492894392131,0.030482027961081,129.7986809461984
Iran,2001,309.9088517353264,1.704681311402026,106.952,68.50047368421053,64.823,3.910168280862372,0.026113871842333,138.37059394251284
Iran,2002,331.2724203409097,1.593554810796176,115.425,77.14260540978948,65.58897165991903,5.727206356632005,0.021264380037,142.5379055386497
Iran,2003,344.8334950646594,1.7831143103022362,126.241,85.02671068744736,65.403004048583,7.229706457671287,0.017546253874797,147.45983929611748
Iran,2004,371.4525465126634,1.817010784757616,129.813,95.8951053406579,68.37190688259109,6.405136637694778,0.00421628328605,161.0461971499651
Iran,2005,408.1318334083911,2.162143519302454,137.25,101.76029915000002,76.1567987817004,9.080352532886064,0.039895928060426,173.5030535772287
Iran,2006,442.4730200186952,2.125281307769452,148.68410000000003,112.08207303684212,82.84790384348584,9.544794531169476,0.06491532307829,187.6497442476017
Iran,2007,469.1381733034586,2.282480647088715,156.68699999999998,126.52610751315792,84.66289430013765,8.88791790517339,0.070137314124719,192.05159956486207
Iran,2008,479.69962546162697,1.683481967823039,166.3637,132.06441855,86.49418946619434,2.423472538922029,0.091399727534839,198.0674076555904
Iran,2009,498.8534976614971,1.792225051477093,174.25250000000003,139.6571852368421,88.1656259562915,3.369845610236408,0.101670731500788,203.93638675237537
Iran,2010,496.3416942371192,1.63862694738003,188.1409,148.30156953157896,77.8909846077085,4.163358476735781,0.070006296832244,206.05226364275683
Iran,2011,508.6729970803948,1.90960821396129,191.6982,156.8818750263158,77.7263401170931,5.122626340407065,0.09041792256071,210.16969793668915
Iran,2012,515.9286642390331,1.628630454012452,201.7926,155.86117013157894,81.01873878152227,4.985413568528443,0.081431298418041,218.29056412785764
Iran,2013,527.6434185566211,1.887440595535467,208.168,156.99996492105262,83.53628884622857,5.707674089476332,0.143300862804027,222.02136539205333
Iran,2014,561.1306673640051,2.246665876579264,224.136,177.99628386842107,85.82732242610776,5.135996928694912,0.067804248609553,240.7824850420565
Iran,2015,554.4863499026397,2.1521647816829432,235.555,189.0475026578947,73.93752967249112,5.104990674948544,0.079056903381645,240.8312590805645
Iran,2016,557.0255882545408,2.239783714525683,243.468,203.7665,73.66241709080346,5.775119207346208,0.087854076702924,246.57282703755007
Iran,2017,580.0059051675235,2.536053811634357,254.942,213.9190263157895,78.800479308,5.021694688350143,0.126951168022176,265.22685026320863
Iran,2018,568.4974057174335,2.619256417469397,262.084477,209.62561242105264,73.71506200000002,5.375395200729192,0.277026722163514,252.75409569126467
Iran,2019,625.0508102211439,2.8226202938463443,277.697867,229.8809128157895,79.94086300000001,9.91650488605062,0.394388790388739,279.5117818039725
Iran,2020,644.7894403971411,2.811338695678481,291.0672139999999,249.2239771578948,75.696989,6.84444321219554,0.390779691862747,287.27768626687424
Iran,2021,686.4898160466633,3.372383103036043,307.1431790000001,253.41279621052635,79.644936,3.834900417278507,0.381793862557923,297.12227065395257
Iran,2022,695.3931105070681,3.315312004972149,318.539251,258.8609787105263,79.141524,3.859657977065266,0.421120599415242,294.5259199836406
Iran,2023,716.2459640188147,2.744311533710437,333.76902592478604,267.5516173951931,81.21100838186601,5.820001257652466,0.440814735874202,297.61744372342207
Iran,2024,735.756721700634,2.744311533710437,350.09557934172665,272.187625097893,82.57137708172013,5.322014082162215,0.417563485977497,312.9077621999722
Italy,1990,384.8781862604079,22.485274099447,218.778,47.40646936819351,88.028,17.70914127423823,1.490304709141274,146.48243036510758
Italy,1991,384.7823705434564,21.174694394069416,223.687,50.2437121763947,86.939,22.04800375085657,1.43812889962852,150.1770994622835
Italy,1992,382.9926695064063,18.4792185340389,228.069,49.76300012707851,89.259,21.813095017104672,1.672014638415232,149.14699204761263
Italy,1993,378.5104543477618,16.09860961432113,228.964,51.08381662900801,88.383,21.669464367465284,1.811025035681905,148.42696619638932
Italy,1994,374.89621683725625,16.804002744088482,236.555,49.500947548010345,87.335,22.13551440169447,1.612938014692877,146.5780063069673
Italy,1995,397.5143265744072,17.95009529366896,243.465,54.38489459260112,90.616,18.87580800781816,1.584751272314681,159.17499158525447
Italy,1996,395.0253720549055,16.545986998474447,245.954,56.18397384790877,89.916,20.970163603114145,1.699443201204419,159.03452668539268
Italy,1997,397.4304952110477,16.741258595061023,253.674,57.979999607349626,90.212,20.342144087039166,1.878929348279934,161.3244712053082
Italy,1998,407.5922576998238,17.462186922196793,260.809,62.42510500260261,90.063,20.25442648190916,1.9969207082371048,165.8452890645946
Italy,1999,413.7814329795266,17.444031611842107,267.284,67.84873728446574,87.827,21.72908189575672,2.062732669093263,168.39274735559752
Italy,2000,415.7141262024994,18.58110000047673,279.319,70.74502561878994,85.933,20.81372757029516,2.194900554141901,171.60598084460904
Italy,2001,415.6504206065149,19.85521899218154,285.491,70.93905307631734,84.756,22.028994745947863,2.338992380719775,172.18534691089397
Italy,2002,423.3665756685501,20.63581261966057,290.96,70.45702955095985,86.748,19.65053165839097,2.403290272641608,173.38771531906195
Italy,2003,439.3370673376988,22.369031611842104,299.788,77.6810254023017,85.83,18.535354540010285,2.623824526782136,181.6950731723732
Italy,2004,447.1612438246454,25.21552961289093,304.49,80.60892176879472,84.045,20.254552270971686,2.723876942149645,182.9688141328956
Italy,2005,450.6849932705928,24.945,309.845,86.26500046167986,81.14,18.20869968238856,2.902473745009299,186.4713710880696
Italy,2006,444.93346361462886,25.217,317.566,84.48300063349068,80.781,18.166495108933272,3.043438965654263,184.7642182914536
Italy,2007,437.43960833532446,25.378,318.954,84.896998960945,77.93,17.006358330267858,3.397207609933138,184.1665418470184
Italy,2008,425.7632233819537,24.679,319.036,84.88302679621484,74.452,19.98153678169234,3.600580443575044,181.73404727923224
Italy,2009,381.3757217709726,19.681,299.915,78.02400066162672,67.739,25.13679355502432,4.498400053198291,169.67317788478056
Italy,2010,386.28315053558174,21.6,309.883,83.09697290320496,66.547,26.568814315357447,5.689064156867586,173.79162980165177
Italy,2011,380.7164267591984,24.172,313.791,77.91699900522188,64.297,28.057225449043795,8.961045100011669,168.02606605690028
Italy,2012,362.59852328061686,24.950000000000003,307.222,74.9150000446194,58.63,31.47641059072598,12.901631552738014,161.39018771995987
Italy,2013,334.91712624538565,21.632,297.289,70.06899944608946,53.277,39.30491035229941,14.802440044109794,155.4416215223711
Italy,2014,317.4564829486926,21.292,291.085,61.911999625616765,53.646,43.73773186259726,15.746188216681576,146.8102450466226
Italy,2015,327.2933692478956,19.974,297.18,67.52302546173497,54.153,38.989292920166754,15.748215901312957,152.59568815120355
Italy,2016,323.45987540277554,17.667,295.509,70.91500009435694,52.076,37.90857510429564,16.156871703166182,151.02317721936578
Italy,2017,319.9931262449254,15.45361462307399,301.880515,75.16016578096469,51.567726,35.73796227008194,16.557404762814308,153.4874645948582
Italy,2018,315.7772691965346,14.208772,303.44297,72.69481289660408,51.813485,40.08547483324381,16.24973685180921,150.6293118999271
Italy,2019,308.0613588398368,10.6424,301.80356500000005,74.47042706875948,50.84725100000001,40.04780887156048,17.224823706321754,149.04410292657948
Italy,2020,274.36448820753367,7.810928,283.814521,71.27018396298672,43.35343400000001,42.36900813847978,17.90556306971775,137.73122150967905
Italy,2021,305.89822614822685,8.62583197409039,300.887061,76.39957138223899,49.00057500000001,40.96910767454459,18.147512814650508,149.99213170032817
Italy,2022,310.39784094874216,11.527333554935163,295.853384,68.73473136930546,52.669649,36.04688941437517,19.42357395718544,142.68329258665054
Italy,2023,285.4717402052666,7.112181732440884,287.37195699999995,61.74448291469288,51.251322,44.62498248077897,22.920313061231536,136.48118813854347
Italy,2024,278.3156006828598,3.195104053296714,293.1874626135289,61.89819528459178,51.26965712593813,49.88815857553347,23.79350736210389,133.7641075477991
Japan,1990,1013.6924179386524,121.79750680387048,774.858,58.5175,217.925,12.282007460903763,2.450061561644339,438.20492359516624
Japan,1991,1024.742741931819,122.4372242412336,798.326,62.66878947368421,219.797,13.039117798637337,2.454282053765128,444.1089530598928
Japan,1992,1036.379885525197,121.6227974306616,806.203,63.36276315789474,223.482,11.203439822475056,2.420271489206284,455.224296870273
Japan,1993,1030.370814727915,124.28039255921526,813.674,64.86365789473685,222.147,12.851777424818136,2.416701036355818,458.5198014271232
Japan,1994,1081.522804452808,128.0851574650521,866.615,68.06510526315789,230.706,9.026093939834984,2.440106981127596,483.8850754243879
Japan,1995,1092.0610191976175,132.80450955949647,884.005,70.51931578947368,235.277,10.589999242749323,2.650983163793321,497.5260539601167
Japan,1996,1106.0524575947277,136.23757334197984,904.371,73.49642105263158,235.283,10.114005338776948,2.7022242266537297,508.16755012147087
Japan,1997,1097.7621213706714,138.1830603944146,915.292,75.92644736842105,233.828,11.013268649071776,2.604346859688626,513.5514647082069
Japan,1998,1062.6274046497383,129.88488965132245,924.781,77.85263157894737,228.781,11.184699194970063,2.256061966553731,504.4509251079738
Japan,1999,1095.0715186213822,138.21882715832191,945.89,82.54234210526316,235.013,10.385813010146649,2.282995684145052,513.4919899227184
Japan,2000,1108.8427304762704,147.85132304760683,986.454,85.13073684210525,230.595,10.278120118522736,2.230261506707173,523.4379789549937
Japan,2001,1099.0535604466263,152.06859563410063,970.009,84.80865789473684,224.915,10.16994502114791,2.320461769035499,515.0115463931124
Japan,2002,1136.9066121016417,159.37773420520026,987.658,86.96223684210527,227.596,9.85336979816696,2.30576717996444,516.7342352842002
Japan,2003,1148.9586701423511,166.1383137439788,981.745,89.84373684210527,225.359,11.221122735574824,2.479794650564088,513.6039389228753
Japan,2004,1145.325259066826,170.0100525491108,1015.503,89.37415789473684,223.16,10.91946419712254,2.403211877331275,530.7070904374807
Japan,2005,1156.7206728501317,176.53960246521544,1039.726,88.75226315789475,220.446,9.57869333246756,2.444545451266012,529.8514753250527
Japan,2006,1131.4767932389946,174.6887451166093,1043.894,97.49331578947368,210.833,10.587079628679302,2.537394050564539,528.6976299167316
Japan,2007,1167.790186422642,182.25136118907707,1076.84,105.92881578947367,206.618,9.27299748741738,2.5399942024060893,523.5584811878686
Japan,2008,1108.00761498781,175.7260060568713,1037.452,103.7582105263158,189.238,9.46142018753925,2.4571215107087943,504.7105114086629
Japan,2009,1053.8845316473326,169.05489049365636,1004.155,102.59852631578948,183.878,9.66562216579411,2.631885429533789,483.3797570036395
Japan,2010,1109.710670671689,183.9519325700364,1051.271,108.2025,183.942,9.678659122451158,2.65143589196114,508.5743293879229
Japan,2011,1165.7217543458216,178.60221382844847,1011.723,126.07047368421054,186.418,10.497074417561958,2.987434265552313,470.7861753793254
Japan,2012,1208.8007153362646,186.9239132211161,1006.623,130.87655263157896,188.168,10.076103583866368,3.179733860407299,460.4070765563473
Japan,2013,1213.3816159941307,198.417441348122,1005.232,130.48115789473684,184.773,10.858797413726736,3.855952658048774,462.10298467275874
Japan,2014,1169.5996844388928,196.24417685266025,988.673,131.50463157894737,174.209,12.36034525543307,4.839412727460298,447.098812839412
Japan,2015,1134.18605622563,193.89823626823423,964.66,125.20531578947369,170.557,14.1787823169286,6.035043835494801,441.3719928845903
Japan,2016,1127.1869747111894,191.77064871221543,966.002,127.99952631578948,166.55,14.70373127566904,7.014577820453784,438.1709031536653
Japan,2017,1115.4312253766225,193.50318515512447,980.073847,124.84312905263158,164.47953,16.197399973119936,7.834421754205517,441.3767366294432
Japan,2018,1078.2521993521557,187.64658937892003,960.945748,119.67741363157891,158.015693,17.06109826789169,8.589590669108603,435.069163959821
Japan,2019,1043.271518386839,184.7529548259313,942.017166,114.57170913157896,153.118619,18.57798809263242,9.495542365717233,425.0534165386332
Japan,2020,989.6222735230016,172.11262196211177,927.348123,114.00311444736845,141.572371,20.291142395276523,10.61267763453136,396.2265526523361
Japan,2021,1000.0866351961256,181.5630078243124,937.716895,108.30340668421051,143.202667,21.09830306206379,11.085692725356903,412.82566885168
Japan,2022,970.6827243480762,172.64450367048045,920.768495,103.41686415789474,140.798901,22.34711609622495,11.882895491490356,403.8375056969459
Japan,2023,910.0251509380464,156.39928558297467,911.5921006416238,98.92091216962864,134.9606359454401,23.437667078261857,12.678675288537988,390.6135180266689
Japan,2024,891.4491370368272,156.8805389427059,913.3512459048136,96.32981198614291,128.63870303969586,24.31502789276894,12.889500927916233,385.7156111626419
Kazakhstan,1990,237.8908508693316,90.361,96.535,13.182985315338255,19.167,8.429943121344946,0.0,73.39954945366925
Kazakhstan,1991,247.542126023342,89.87,92.811,12.550012466645091,22.438,8.373650911797544,0.0,74.98360691527478
Kazakhstan,1992,251.4988375543029,90.809,88.023,18.23692105263158,20.527,8.302197071377613,0.0,81.9578005118629
Kazakhstan,1993,215.8048855699848,83.019,74.17,12.904315789473683,16.2239425,9.850989101802591,0.0,66.37520059420882
Kazakhstan,1994,193.2850973775928,79.507,61.398,9.945868421052632,11.7049402,13.824419778002015,0.0,60.30637183556836
Kazakhstan,1995,169.6364571096252,65.645,54.846,12.114342105263155,10.4949585,12.49793726278522,0.0,51.45808133992009
Kazakhstan,1996,148.17333318721015,58.713,48.625,9.600605263157895,9.379,12.498082070341136,0.0,43.0757063581885
Kazakhstan,1997,125.99663840937826,49.194,41.474,8.61742105263158,7.985,12.498076923076924,0.0,39.51421642386695
Kazakhstan,1998,127.61666203591568,49.3,38.46,8.625263157894736,8.423,11.642809744999523,0.0,38.57205703967268
Kazakhstan,1999,116.83136278402644,46.257,38.162,8.648894736842108,6.787,12.910017263884797,0.0,34.85180306391707
Kazakhstan,2000,114.18711308238431,47.292,41.273,10.82457890263158,6.6152,14.585068267647912,0.0,36.14622168762066
Kazakhstan,2001,120.5461220214945,47.963,43.178,11.080684244736844,7.942,14.599819331526648,0.0,40.31560125475618
Kazakhstan,2002,125.76332574892916,50.851000000000006,45.243,12.168210457894736,7.433299999999999,15.240609624384977,0.0,40.85989675782867
Kazakhstan,2003,139.72670531784377,57.161,45.932,14.66928955263158,7.2392,13.504838255096608,0.0,43.23782140942921
Kazakhstan,2004,157.34571896959392,62.77400000000001,47.359,16.913157878947363,8.783700000000001,12.035792178303604,0.0,52.07302101118293
Kazakhstan,2005,167.53996658425805,64.31800000000001,50.415,21.334789473684207,8.6517,11.5672301077802,0.0,54.28010148307537
Kazakhstan,2006,186.64049835052552,69.203,53.714,22.980973684210525,11.145,10.841137147083863,0.0,58.75297938252727
Kazakhstan,2007,194.44931134559687,73.61,57.988,20.055605294736843,12.802,10.664178227900967,0.0,69.23154703946874
Kazakhstan,2008,232.113522234095,85.407,59.246,26.292026315789474,11.393,9.287039227158989,0.0,72.05882024420558
Kazakhstan,2009,202.76462225898908,76.9,58.142,25.477552631578945,8.841,8.739677296404523,0.0,65.83898182879685
Kazakhstan,2010,237.6249030832514,83.168,63.017,29.406473684210525,9.273,9.71082879612825,0.004839685420447,77.41668968903905
Kazakhstan,2011,235.20048761488107,89.66,71.296,29.180552631578944,10.094,9.109491748565093,0.005774272152995,80.67254967799992
Kazakhstan,2012,234.2121109773285,90.859,75.362,29.372710526315792,10.468,8.239159709130083,0.011850255857796,74.38094214371657
Kazakhstan,2013,251.2337437169368,90.375,73.338,31.254000000000005,10.961,7.525119292392442,0.027155991775613,76.8817829444005
Kazakhstan,2014,197.8827542079476,78.47233,77.015,14.66737806036464,10.607,8.786889552774992,0.116227049047716,60.4137433097401
Kazakhstan,2015,195.65465343374007,73.57551999999998,78.795,13.81733280592745,11.8961,10.363489111852152,0.272171317792318,58.90161022623709
Kazakhstan,2016,205.66672318459004,77.37253999999999,80.02005399999999,15.32250491579763,13.1017,12.710662209334885,0.434411694289563,65.55003388444689
Kazakhstan,2017,228.1530159539301,87.52887,88.74967,16.141545622218317,13.9722,11.349018511974208,0.483953833192952,68.09322176013085
Kazakhstan,2018,212.2635162160869,76.80364,95.308031,17.54826088406515,12.7324,10.447242712673765,0.785349327636879,71.65761066928339
Kazakhstan,2019,210.31349554044343,76.25172513254543,80.66232799999999,20.741152885256326,11.803588,10.792341096330803,1.439001081233212,72.78099791342699
Kazakhstan,2020,209.2482055612197,75.14598800000002,80.050332,18.58508503362413,13.670954,10.990301245235855,2.271640162489209,67.02014601645838
Kazakhstan,2021,228.92310753431195,77.85725699999999,103.4638,22.758821576089787,15.232257,10.938284290031886,2.934129932494688,70.05704747462539
Kazakhstan,2022,217.9977678119182,74.86760000000001,94.88309999999998,22.34760717953757,16.384261616161616,11.74978494775288,3.639935554834798,69.25028721822095
Kazakhstan,2023,229.3068255006644,78.89988946268105,90.2054,24.933516418172506,16.0581,12.802834543528736,4.986247173024854,73.02645988091734
Kazakhstan,2024,228.4149476692808,77.42512374627826,93.88998408527668,24.415873502616574,16.907175831557613,15.040674907699364,5.397981283863211,72.22862071470495
Kuwait,1990,32.276645883378315,0.0,14.449,6.991713112268328,4.728768,0.0,0.0,14.008281165896506
Kuwait,1991,14.1598794128941,0.0,8.2,0.934218003733344,4.046,0.0,0.0,5.365732316934642
Kuwait,1992,29.21881811852,0.0,13.1,5.244335758245837,3.814000000000002,0.0,0.0,11.168120527400353
Kuwait,1993,41.41256405534102,0.0,13.8,9.779818640890277,5.196853699999999,0.0,0.0,18.50393138103956
Kuwait,1994,46.06343141735316,0.0,18.2,10.157002780352578,6.301782399999996,0.0,0.0,20.56300021418076
Kuwait,1995,43.62888543256589,0.0,19.047,10.709411374173566,7.1107883,0.0,0.0,20.88889253511934
Kuwait,1996,42.397701087461925,0.0,21.357,10.734314738129465,6.895794600000001,0.0,0.0,19.36009672473471
Kuwait,1997,45.4885897732801,0.0,22.307,10.70840778590882,7.664791700000001,0.0,0.0,20.929990587427103
Kuwait,1998,43.9388704613536,0.0,22.455,9.618342105263158,9.048,0.0,0.0,19.76194245371021
Kuwait,1999,46.20881380337008,0.0,23.489,8.80334297368421,9.711,0.0,0.0,20.530602787023675
Kuwait,2000,46.53683779682584,0.0,23.907,9.806605263157897,8.317,0.0,0.0,20.50337458773636
Kuwait,2001,50.43220260850009,0.0,25.5,9.712184210526315,8.89,0.0,0.0,21.933993279376125
Kuwait,2002,52.40027244453099,0.0,27.053,8.905,10.12,0.0,0.0,21.9344796907426
Kuwait,2003,53.53776877786497,0.0,29.933,10.16671052631579,11.57,0.0,0.0,23.614448443872764
Kuwait,2004,56.42346020852622,0.0,31.094,11.09728947368421,11.884,0.0,0.0,25.030826912353355
Kuwait,2005,64.86581228503158,0.0,32.939,12.488342105263158,12.685,0.0,0.0,28.000843358387108
Kuwait,2006,67.4646452542264,0.0,36.135,12.621657894736844,13.626,0.0,0.0,27.62775319599476
Kuwait,2007,67.64978927048853,0.0,36.633,12.285789473684211,13.165,0.0,0.0,28.205080360405248
Kuwait,2008,71.77225050661762,0.0,38.72,12.946631578947368,15.898,0.0,0.0,30.591831711986856
Kuwait,2009,80.67039396467885,0.0,39.986,13.74257894736842,17.123,0.0,0.0,31.947535722303225
Kuwait,2010,78.0933364981814,0.0,43.24,14.512999999999998,16.697,0.0,0.0,32.90809651211982
Kuwait,2011,79.5856771566494,0.0,43.427,16.993,15.432,0.0,0.0,32.52627128495389
Kuwait,2012,78.645714139663,0.0,48.33809012,18.165,15.528,0.0,0.0,38.083266953246
Kuwait,2013,84.81987127621606,0.0,48.18957884,18.491210526315783,16.938,0.0,0.0,30.54886465787541
Kuwait,2014,82.91645208038592,0.0,51.75090924,18.33878947368421,16.22,0.0,0.0,27.7638215030526
Kuwait,2015,87.1717852448762,0.0,54.331198480000005,20.899,17.339999999999996,0.0,0.0,34.71060190889405
Kuwait,2016,88.67485253847,0.0,55.68750000500001,22.07,18.791,0.021398013536811,0.021398013536811,39.97173204377273
Kuwait,2017,88.68163777651696,0.0,59.427,22.43,17.151250999999995,0.050844219258804,0.050844219258804,38.38722040019314
Kuwait,2018,90.82089559466256,0.0,58.9086,23.739065421052626,17.585893,0.078335057668321,0.078335057668321,39.25169803159188
Kuwait,2019,91.6096807027514,0.0,60.075,25.492219815789475,17.033634,0.17494350790868,0.17494350790868,40.31816214631878
Kuwait,2020,90.6102649019942,0.0,60.0048,25.68011221052632,13.833549,0.284313046661573,0.284313046661573,36.74594935217629
Kuwait,2021,98.98620962534255,0.0,64.9998,26.892174289473683,18.055887,0.232446302051212,0.232446302051212,36.376599772262445
Kuwait,2022,93.85702854658072,0.0,67.38300004999999,25.03647473684212,19.690675,0.195153755563486,0.195153755563486,40.806707235030814
Kuwait,2023,93.59640619139556,0.0,70.99411781822064,27.47582466576556,19.31716676582169,0.193410856359732,0.193410856359732,42.58207010909522
Kuwait,2024,97.08876834500578,0.0,81.22373446391815,29.51555724926924,19.495997980973726,0.169062901950316,0.169062901950316,43.11315661533097
Malaysia,1990,49.46160253296963,2.146,19.925,5.793447475212436,12.488883141762452,15.762181846969876,0.0,17.852777113258384
Malaysia,1991,55.99665399724603,2.449,22.365,9.675103989578457,13.400672413793105,15.6837833068643,0.0,22.257409819948617
Malaysia,1992,60.91770693949158,2.6,25.743,11.04504318733425,14.159858237547892,13.663875560573274,0.0,24.79809879973689
Malaysia,1993,66.46532527541622,2.201,28.437,10.71406159102496,15.523937739463602,13.842435144326709,0.0,29.6759947476122
Malaysia,1994,70.83069396402664,2.443,35.031,12.89017438019524,16.03591858237548,16.278895601378,0.0,30.99755897503577
Malaysia,1995,85.38361811451392,2.502,38.174,15.938856127250414,18.143684865900383,13.215877914951989,0.0,40.71601840223085
Malaysia,1996,92.33082855587672,2.583,42.83,17.63118397043914,18.995652298850576,9.69622641509434,0.0,39.33933177544018
Malaysia,1997,92.24860690388532,2.446,50.609,18.44436842105263,21.63793295019157,9.2032381763954,0.0,43.47444364465281
Malaysia,1998,95.27334914504598,2.369,56.647,18.576263157894736,20.08309961685824,7.997230967018838,0.0,40.671035780306376
Malaysia,1999,101.48243157189228,1.962,56.193,22.016657894736845,24.07443582375479,11.540290539815,0.0,42.86565270886864
Malaysia,2000,110.14440263164836,3.296,61.156,25.333,22.21090804597701,10.712324808553678,0.0,47.83276942516039
Malaysia,2001,115.66750892841476,4.156,65.003,26.72360527368421,23.92577298850575,9.014625126078672,0.0,51.61084381583096
Malaysia,2002,121.69670157988745,5.251,68.826,26.54978948157895,26.47736877394636,7.144590004852014,0.0,52.685034163737015
Malaysia,2003,127.73398000282506,7.623,73.371,27.509789473684208,26.807856321839083,7.331658739974753,0.0,61.29108687753311
Malaysia,2004,143.31695555194693,13.27526,77.25809,27.36468421052632,29.293465249042143,6.249013426052216,0.0,66.35107590825487
Malaysia,2005,148.28888931567232,10.92762,80.69309,33.7994473868421,28.92907352490421,6.542173525134279,0.0,66.95434779328502
Malaysia,2006,158.23184828997992,11.143,86.772,38.41463157894737,28.38042720306513,6.353331490185236,0.0,66.69153119924154
Malaysia,2007,162.4551770284123,12.638,89.298,35.00647368421053,31.368,6.680133396855645,0.0,68.66959431012478
Malaysia,2008,172.15303019191802,13.965,92.82699999999998,38.85402631578948,27.394,6.724407048179645,0.0,71.56337708651259
Malaysia,2009,171.55842739974108,19.819,96.36,35.062,25.844807,7.275397280326524,0.0,69.74501349605657
Malaysia,2010,176.7319094945701,23.441,110.853,32.529526315789475,26.0527,6.213584292024637,0.000583006610635,71.55749445966136
Malaysia,2011,181.6362145629844,23.432,107.341,34.65484210526316,28.8816,6.951257205718838,0.000545263775194,73.92602401843234
Malaysia,2012,182.83559022493424,25.193,116.353,35.460210526315784,26.7436,7.380366138877836,0.035517583770534,75.94848299606394
Malaysia,2013,201.726229152774,23.9,123.076,40.76694736842104,28.6211,8.578698917813071,0.101929430134966,85.9156853663572
Malaysia,2014,202.8617582060958,24.36,128.333,40.70065789473685,28.929,9.708329660045708,0.15393900760201,86.97654743645906
Malaysia,2015,220.42180217693613,27.79,132.199,46.92434210526316,27.321,9.957168455200067,0.181850882276533,82.57219977514946
Malaysia,2016,219.05258721289897,29.932,144.024,44.5726052631579,27.6968,13.461207034117384,0.197874445472824,81.97880687354557
Malaysia,2017,220.58532706506824,33.092525,146.52,43.765131578947376,28.3076,16.86784309673027,0.200669872165048,83.89557921403575
Malaysia,2018,221.57992766641988,35.527266000000004,152.866,43.52710526315789,27.2372,16.59592679009016,0.370504988920024,91.85075000866348
Malaysia,2019,231.47738477264755,33.402816,158.709264,48.01913463157894,29.574185,16.10594167345821,0.8351490790758691,98.2707061172004
Malaysia,2020,223.4703560842276,39.320728,152.130863,44.7987875,23.933989,17.596151940454284,1.225922342614706,90.46753079587654
Malaysia,2021,226.1167888558969,36.624199,155.40006,52.21013052631579,22.736019,19.12919714027666,1.177318061237488,96.12296858546289
Malaysia,2022,240.4987485114438,37.85376,164.22765399999997,57.34714531578949,24.787628,18.47427935013349,1.222925852892565,100.13537221881198
Malaysia,2023,243.3067059566725,41.77442065042353,171.63956969547195,56.62756847876648,21.22004823559212,18.037051928520224,1.400897640234741,98.4531618099979
Malaysia,2024,244.3416163990452,41.229591877119326,180.75910949700844,57.94508465801631,22.59474226893421,18.48613844500601,1.688201598651489,100.79757009417872
Mexico,1990,255.99466718456128,7.496,100.194,28.00407894736842,68.666,24.693319060403844,4.425183663250947,125.2128445354979
Mexico,1991,274.0902136011556,7.402,102.532,29.895026315789472,74.062,22.38858209535661,4.229602551139457,130.97953337756326
Mexico,1992,276.91810010745223,7.352260712940951,106.12,30.16205263157895,74.288,25.655557562620423,4.371387283236994,132.4373979119717
Mexico,1993,284.3250016654783,8.909999999999998,109.88,30.12052631578948,77.152,25.39635741820406,4.335424144818792,135.6242030092697
Mexico,1994,308.20122085124643,10.118000000000002,118.458,31.291921052631576,84.413,19.021824088737247,3.811569281796494,139.02904675709564
Mexico,1995,290.1104326523705,11.057,122.669,30.85605263157895,77.193,23.65022857443119,3.73141190688876,133.95380109584335
Mexico,1996,303.13034518526814,12.508000000000004,111.286,33.25055263157895,78.229,24.664692341351124,3.640664337216455,136.8739636253259
Mexico,1997,320.7877814823619,12.49,120.013,35.34194736842105,80.913,19.9572519448574,3.274166681592663,142.47560875234157
Mexico,1998,343.6301028665196,13.083,129.429,40.528473684210525,85.347,17.586558715113217,3.115126382306477,149.25342349498834
Mexico,1999,333.8925217963722,12.984,137.219,38.856947368421054,84.065,20.9075244112579,2.948671087671662,151.7311482259652
Mexico,2000,357.291497908132,13.199,148.338,43.773289473684216,88.073,19.804059803087394,2.8817308861067223,153.8553518504464
Mexico,2001,356.8798758167172,14.861,151.303,44.17668421052631,86.744,17.10563209151915,2.613697964371834,158.2532393964555
Mexico,2002,361.4554743659842,15.977000000000002,154.976,49.569631578947366,83.157,15.055837889112414,2.486928389110122,158.34329188505728
Mexico,2003,384.1834414545761,19.492,177.498,55.33257894736842,82.626,12.125714914675912,2.670849261484144,169.1300948979045
Mexico,2004,392.4516470611965,17.401,186.797,57.90855263157895,85.907,14.448424340125342,2.780501971942437,171.32952549129695
Mexico,2005,409.5730152512181,21.55,194.558,57.63823684210526,88.26,15.197313851847124,2.921824156192177,179.86086114905893
Mexico,2006,422.9247010878929,23.012,199.077,63.61652631578947,87.98,15.334248764555744,2.619840032272829,183.5910777387396
Mexico,2007,430.1164833070033,21.267000000000003,208.381,65.57694736842106,90.76,14.0904430169788,2.893256732712084,183.25866097610336
Mexico,2008,430.20425588554986,18.97,214.61,68.94497368421054,90.247,17.54302582477768,2.726918292705567,182.12313527786287
Mexico,2009,422.353554788425,19.161000000000005,211.272,68.92373684210527,87.215,12.947332252739455,2.74991223287047,177.84740356199765
Mexico,2010,436.5111567843423,23.582,221.091,70.96842105263158,88.403,16.602851885590685,2.862773420629534,177.6242510420852
Mexico,2011,454.1085800071053,26.125,238.955,73.87239473684211,89.849,14.888472705292468,2.70717520338496,185.74214851895488
Mexico,2012,455.9760506632561,23.342,253.065,77.2933947368421,89.355,13.788131290116787,3.116252424909188,190.41729735406307
Mexico,2013,446.1976086733107,23.583,246.503,74.01192105263159,88.539,13.29920693111265,3.484727201791973,191.1206849024441
Mexico,2014,430.16243971585874,22.755,256.779,72.97055263157894,85.243,17.543848011250564,4.194748852389418,187.70590271136723
Mexico,2015,438.0526611914374,24.45,261.85,75.77905263157895,83.729,15.2781353793867,4.929001776564793,186.21602573052763
Mexico,2016,441.8666774653082,21.505,274.21,76.81376315789474,86.028,15.33199195171026,5.300017157206806,185.9551963270676
Mexico,2017,442.8949786141518,21.69,275.859,78.72113157894736,84.133,16.266653988771594,5.7359319403518825,181.8199829767304
Mexico,2018,415.149407813443,18.708,303.881,77.74078947368422,77.52092900000001,15.216503724915546,8.855623168303541,186.61463796223177
Mexico,2019,429.1783800109837,18.034,284.167,77.32986842105262,82.12156399999999,15.980791035816711,12.329521892825348,185.4111358930112
Mexico,2020,365.9318826324484,13.151070248793127,303.74,72.70468421052632,68.204229,19.831906320825983,10.745718962477966,173.17132999606886
Mexico,2021,374.57766236437146,11.542,297.770931,78.92052631578946,68.126079,19.530684595294783,10.588047115092143,180.0498761250287
Mexico,2022,379.0253098519832,15.476303514819236,302.834168,70.44915789473684,71.940628,24.1485622200121,17.622977048966128,184.22465243455568
Mexico,2023,389.5106916112538,14.927047166798909,313.5049793746787,77.47472334473213,68.57546327984934,19.95928791444461,13.52449487166576,187.03778604268263
Mexico,2024,393.7722907675357,13.590381650853132,318.693168826997,77.89485195187059,69.39882133359998,20.3312973003969,13.082251340719573,186.2567089051344
Netherlands,1990,148.4872930623899,12.528968388157896,74.074,44.16447007698962,21.776241,1.120647867023087,0.320169621813841,67.1980271548535
Netherlands,1991,154.96051682183978,11.453563390064836,76.306,49.31853457751375,21.444889000000003,1.257512690205197,0.281820829010055,69.71454545162074
Netherlands,1992,153.83322180566896,11.435031611842104,78.006,48.03359782789316,21.841035,1.287923423299408,0.45925149817364,69.01093965555893
Netherlands,1993,157.79937828676069,11.485031153699463,79.381,49.36744194082376,21.476347,1.434759989728765,0.504177228328912,70.5811341124097
Netherlands,1994,156.70769418011577,12.52482773836766,82.723,47.70778936272064,22.336926,1.574762540542457,0.5712777413121011,70.93793450868822
Netherlands,1995,161.53166322798555,13.864999999999997,83.64899999999999,48.97341836460295,23.074188,1.730743113055585,0.7448916003228241,73.08519843599748
Netherlands,1996,171.1011017988101,13.520968846300534,87.22099999999999,54.272249481263685,23.67744,2.125830638367055,0.7901588528565261,76.73194720663462
Netherlands,1997,163.25391729169573,13.561031153699467,90.377,50.851767274317126,23.615308,2.329337246877909,0.8247118484158921,74.61120868773125
Netherlands,1998,163.80575837474447,13.900000000000004,93.656,50.21652768397685,23.599582,2.554660148685214,0.9391281675924552,75.10946370702428
Netherlands,1999,158.73766037724934,11.891968846300534,95.77599999999998,49.06596369509282,23.725864999999995,2.891341551834449,0.955352669121728,73.97464567238437
Netherlands,2000,159.6470185799917,12.648999999999996,98.59199999999998,49.20358702880893,23.456258,3.314748527298781,1.209097036197478,74.70662533494038
Netherlands,2001,164.55059041528855,13.439031611842108,100.64,50.196966683380886,23.786031,3.5255978575624063,1.152065740082799,76.72632013751361
Netherlands,2002,164.62001233257425,13.392968388157897,102.128,49.686958522769125,24.189093,4.141814225812145,1.240609426217437,77.48809548212125
Netherlands,2003,167.4204461952911,13.723000000000004,103.804,50.02722684028334,26.334319,4.092074398152675,1.6176291218233732,80.39112041236726
Netherlands,2004,169.32349513217812,13.501031611842109,106.306,51.22403993618321,26.379479,5.243104437630324,2.081894442708787,81.08882780959175
Netherlands,2005,165.39097363281988,12.859,108.481,49.75905355982741,26.115299,7.452707942099028,2.365913660380467,79.82013886960631
Netherlands,2006,161.83318624005287,12.401,109.62,47.79618796221136,25.994412,8.145081616278562,2.952313418910504,79.08673863884152
Netherlands,2007,162.19288418719375,13.494968846300536,111.925,46.60564360810108,26.440149000000005,7.210364094941305,3.471321508617263,78.7542682801927
Netherlands,2008,163.56463428439838,12.813,112.733,48.51557416274113,25.21947,8.861553846157708,4.135043622119325,78.13524831180601
Netherlands,2009,158.8590071624893,12.05400045814264,108.799,49.67810565323909,24.29745900000001,9.530357768574564,4.182904350735154,76.92936061433402
Netherlands,2010,169.7436950018241,12.097031153699469,112.3,56.1521913566425,25.447806000000007,9.38772367598478,3.523965926986433,82.45575909665976
Netherlands,2011,157.13811777539806,11.938,112.958,49.17165810580752,24.438949,10.810858100501502,4.696899211779869,76.74214875841838
Netherlands,2012,155.32363878239684,13.12796838815789,108.90276900000002,47.21493252410047,24.79211100000001,12.08965458607167,5.152780100014327,76.9305314630045
Netherlands,2013,154.17740623328447,13.10506276554157,110.319452,47.0305345212697,23.37768399999999,11.91164699541951,6.061331477087703,75.37822704642188
Netherlands,2014,146.5640262995528,14.616765,107.291285,41.45019154697767,22.565421000000004,11.269154464891344,6.450915292305635,70.92353438431121
Netherlands,2015,155.376187594403,17.9578429688463,109.52683599999996,40.667765723924994,23.13768699999998,12.41857582379686,9.088344562591272,72.5291507270679
Netherlands,2016,156.2051239806782,16.500739,110.652031,42.32786509229876,24.000390000000007,12.835531731213234,9.609084731355438,74.06580930961837
Netherlands,2017,153.27233355237016,14.788343,111.557895,43.71202281255936,24.594573,14.88339392538243,12.212657890519315,75.32938525321278
Netherlands,2018,149.1545681012758,13.121427968388158,113.712568,42.86433547148836,24.364694999999987,16.50803407768649,12.96345358026908,73.77401746467659
Netherlands,2019,143.52970556745964,10.169146,113.384521,44.81238109709844,23.558481,18.78228010045005,14.374219748711456,71.85001050184634
Netherlands,2020,128.33942757427465,6.338070031611842,111.40006000000002,43.61423712966169,22.803160000000005,26.549303810410684,19.75794668330828,69.49818247044473
Netherlands,2021,132.09289676058148,8.82436796838816,112.602026,42.108691282070616,22.935988,33.095587636143286,24.514214177232947,71.68961932502745
Netherlands,2022,119.66030472663924,8.770331999999998,108.947879,33.4381762501763,21.49901899999999,39.558586477161626,31.935722490671225,64.454083162968
Netherlands,2023,110.23150721627115,5.956750968388159,106.532902,31.46467762342551,21.018888,46.79728654735089,40.94095449271135,61.42776600510516
Netherlands,2024,107.38784232274686,6.474338492950227,110.56604866520038,31.87463049822825,20.79396518964785,50.69455412608093,45.18091277707029,61.23586641887274
New Zealand,1990,21.701444612190333,2.183,28.806,4.72192105263158,4.149,80.22075732025141,6.739230415453012,13.585605458428777
New Zealand,1991,22.018015014775404,2.144034615347337,29.421,5.118184210526317,4.04,77.42136869017182,6.998037933289732,13.758577485294191
New Zealand,1992,23.731616315939785,2.384999999999999,28.763,5.435394736842106,4.366,72.8381307960978,7.00650367337107,14.209515743765916
New Zealand,1993,23.3744757925852,2.308965384652662,29.891,5.294894736842106,4.359,77.25263614040156,7.077856420626897,14.889799398212077
New Zealand,1994,23.69997101937945,2.183,30.541,4.964078947368422,4.721,82.22758914618554,6.520812615428328,14.89718468810076
New Zealand,1995,23.749660444540933,2.155034615347337,31.186,4.7335,4.929,84.0048337041004,6.121776386256901,14.946678282032671
New Zealand,1996,24.84519782555841,2.129,31.922,5.396078947368422,4.95,79.2522551896533,6.07542658406695,15.382960157769006
New Zealand,1997,27.1014154097265,2.302965384652662,33.254,5.804157894736842,5.085,70.36028096039313,6.246828512672596,15.821498743168933
New Zealand,1998,26.688809799040104,2.094999999999999,32.97,5.102657894736842,5.063,75.91391587473859,6.930142679408105,15.55319616377848
New Zealand,1999,28.09065111728776,2.167964875603437,34.076,5.828921052631578,5.189,69.92544587581338,7.637187491767433,16.60282491443914
New Zealand,2000,28.935984226043008,2.052,34.695,6.196631578947369,5.409,71.9229206865035,7.8932669848684895,17.132764309126305
New Zealand,2001,31.064663697842875,2.494,35.42,6.531052631578948,5.349,63.91568237338505,7.625859420253356,17.12410261194969
New Zealand,2002,30.940829262646144,2.5120697397439,36.228,6.234105263157895,5.607,69.77731948638629,7.534801502541062,17.06655351693854
New Zealand,2003,32.77496204259107,3.625964875603437,36.465,4.683236842105264,5.828,66.26278944534194,7.311401576345034,16.808966364666528
New Zealand,2004,32.21505506166716,3.804,37.796,4.274394736842105,6.013,72.53682487725041,7.575403320084171,17.211445793831285
New Zealand,2005,33.48693899010029,4.245,38.369,3.946131578947367,6.055,64.62937974035643,8.966544134754082,16.8249653328832
New Zealand,2006,33.60493557825373,4.182000509049226,39.228,3.976447368421052,6.133,65.00068905324085,9.338968257614038,16.823989199217124
New Zealand,2007,32.5166272771476,3.1690697397439,39.662,4.419789473684211,6.155,65.7614762501424,10.354254470896455,17.113109742810803
New Zealand,2008,33.44906891859155,3.998964875603437,39.186,4.09357894736842,6.239,64.51546814177424,12.12183295772724,17.345929699882653
New Zealand,2009,30.53938158285408,3.105035124396562,39.321,4.190315789473684,5.965,71.92321822189565,14.699669360764144,17.41471630630961
New Zealand,2010,30.496288749304988,2.700964875603437,40.579,4.598315789473683,6.021,73.39822654843657,16.876680667600063,18.01696185186861
New Zealand,2011,29.872766462225943,2.8760697397438992,40.334,4.197842105263159,5.998,76.31915036633731,18.48042840178352,18.064150118724424
New Zealand,2012,31.434715578981915,3.415035124396563,39.987,4.526105263157895,5.96,72.20292647948551,19.20362112622404,18.89664013409995
New Zealand,2013,31.24953971015521,2.974,39.454,4.908105263157895,6.04,74.69386822626336,20.36004751896189,19.18713942725769
New Zealand,2014,31.758078830286937,3.043035124396563,40.236,5.510184210526317,6.189,79.50897931348034,22.52330075017049,20.27931960558285
New Zealand,2015,31.446681739599605,2.825,40.747,5.057921052631578,6.332,80.46139043655322,23.86834038173233,20.394710395528826
New Zealand,2016,30.57810199328932,2.365,40.232,5.128368421052632,6.477,84.56435105515806,24.12598496512997,20.174442233306213
New Zealand,2017,32.37855045298512,2.475129,39.933323,5.2952569210526335,6.730448999999999,81.51430582505546,23.439272390788748,20.27434310629312
New Zealand,2018,31.7951222095062,2.487010034615347,39.96754,4.713578552631579,6.807057999999999,83.65199023477943,23.30088439838994,20.6135012936629
New Zealand,2019,33.17797501551684,2.667852,40.318863,5.05998702631579,6.905985,82.02339211078306,23.684635097690467,20.81046665410272
New Zealand,2020,30.881111155899905,2.58594,39.44132,4.815791921052632,6.372452999999999,80.43131490475216,24.2787764536886,19.66670224520061
New Zealand,2021,31.154406781491947,3.182338000509049,39.56780299999999,4.07862852631579,6.360228000000001,81.43877739589782,25.42740250157832,19.960674987969668
New Zealand,2022,28.695650085715744,2.176195034615347,39.03828200000001,3.812680894736842,6.302849,86.56678816118726,26.1871157332085,18.803995678036067
New Zealand,2023,28.42665747317333,1.8929663747761047,38.97900730431982,4.000538757005436,6.336783761714138,87.61822745021645,26.56566572372931,21.1980252944882
New Zealand,2024,28.499614284696328,2.346452682149805,39.49638893280432,3.155197209391941,6.270679100376696,84.83773198928834,30.378777012022496,21.26038205431857
Nigeria,1990,27.878321341303632,0.113,7.871,4.0,7.086,32.58560499145807,0.0,29.22546558314824
Nigeria,1991,32.65982502154263,0.117,8.292,4.877631578947368,8.516,41.8648972965342,0.0,31.344746321693147
Nigeria,1992,39.32314312432926,0.097,8.699,5.131578947368422,10.358,40.84535526493191,0.0,33.08261441618503
Nigeria,1993,35.86468617826484,0.028,9.998,5.605263157894736,9.012,38.41433988279904,0.0,33.13527010568271
Nigeria,1994,30.210363130601905,0.025,9.595,5.493157894736842,7.156,35.81224647479235,0.0,30.22269470213625
Nigeria,1995,32.45027219318054,0.02,9.436,5.3845,8.005,34.6849971621366,0.0,30.405501943628703
Nigeria,1996,36.05377341761846,0.008,9.052,5.457131578947369,9.236,33.860740011081695,0.0,32.40837151967085
Nigeria,1997,40.94239809667519,0.01,8.843,6.177657894736843,9.711,34.70248805608985,0.0,34.418309906281
Nigeria,1998,37.1206469014209,0.012,8.521,6.269157894736843,8.523,38.21719277347628,0.0,34.20198622064638
Nigeria,1999,38.93163342555427,0.016,8.576,6.64021052631579,8.817,38.21244328423146,0.0,35.573888606799265
Nigeria,2000,43.43802929231231,0.06,8.688,7.645815789473685,9.665,38.215522509676106,0.0,36.3146110909516
Nigeria,2001,48.798475041820026,0.058,9.034,7.201947368421053,12.015,38.21627215108007,0.0,38.3258028868942
Nigeria,2002,50.30535397088039,0.051,12.843,7.644342105263158,12.301,38.217683917382224,0.0,39.41078923357224
Nigeria,2003,53.57743982759537,0.056,12.867,10.694105263157896,11.656,36.90051525961158,0.0,42.12717665679661
Nigeria,2004,53.40467671560652,0.056,16.036,11.026684210526314,11.454,33.40061791967044,0.0,41.81084405841115
Nigeria,2005,55.81478102485849,0.065,17.286,11.036421052631578,12.286,33.000552274947964,0.0,45.57112689714331
Nigeria,2006,50.48145776307046,0.08,15.268,11.564184210526316,10.177,27.1008221549113,0.0,44.18182909879607
Nigeria,2007,47.375134992028165,0.113,19.671,11.894473684210526,8.677,27.09983462442336,0.0,44.50430292488123
Nigeria,2008,52.69888226900676,0.241,18.517,11.077315789473683,10.735,27.10090004737092,0.0,46.67974986776934
Nigeria,2009,43.89792622976165,0.241,18.051,9.657894736842104,8.983,22.90033877736765,0.0,43.88502198994637
Nigeria,2010,56.7876875158967,0.241,20.876,10.786421052631578,12.15,24.40761015197336,0.007656088504383,57.585340920284935
Nigeria,2011,66.41948858739919,0.29,23.679,13.904,12.829,21.76727326527593,0.007397544015386,66.45793594488785
Nigeria,2012,70.67349899380828,0.386,25.399,15.445736842105264,14.015,19.780717020536024,0.083536373129133,65.27124355844255
Nigeria,2013,82.36708504051158,0.483,23.689,15.842947368421054,17.494,18.496370549602485,0.086415485655029,66.56446195756263
Nigeria,2014,90.83356476018363,0.483,24.625,18.017289473684208,19.316,16.639816593345312,0.077452134580829,68.13748477432223
Nigeria,2015,84.96737140239087,0.507,25.026,18.384473684210526,17.37,19.45391461758938,0.084477296726504,64.99719063095476
Nigeria,2016,88.43566539498343,0.531,25.594,18.75397368421053,18.278,22.404206951329737,0.082167018158911,68.66212192327046
Nigeria,2017,86.42620147806619,0.458603,26.167101,17.44127807894737,18.330375,24.13916709973988,0.096039059918969,59.65009721145969
Nigeria,2018,90.95099688414602,0.537243,26.798448,18.147182789473685,19.343384,23.14373867329669,0.093429388769901,57.36006609019518
Nigeria,2019,95.0217268614898,0.54342,27.403641,18.287648342105264,20.489279,25.603107058609808,0.13377965815288,64.75830174709193
Nigeria,2020,88.61650877166433,0.642281,27.866151,18.675649131578947,18.112595,22.061684217930395,0.12832112707183,64.15307732785604
Nigeria,2021,97.46192817532412,1.305599999999999,28.525916,19.033613394736843,20.457349,22.17591837850309,0.135250536488799,72.62687151071907
Nigeria,2022,99.26801925148372,1.37,32.410135000000004,18.11478539473684,21.508205,24.540812077067915,0.265571556968176,68.41103898800412
Nigeria,2023,95.77606885979516,1.32205,34.271157142353275,17.6068460670765,20.67152579673621,22.76143822216936,0.252778678498616,68.28341689737148
Nigeria,2024,96.40745042709035,1.33255,33.27663056750846,18.573661548075272,20.67860019274653,27.25510348302428,0.318524196261678,69.16240540758095
Norway,1990,27.526557925777222,1.277,97.698,2.262000016388095,8.05,99.79236425710722,0.05334515133609,20.473521865743127
Norway,1991,26.01317939311768,1.155999999999999,99.903,2.215999993884788,7.667,99.80181787062313,0.037834770153771,21.01466709398937
Norway,1992,28.90343752147537,1.159,100.441,3.697000020547754,7.552,99.81787699037471,0.036594810345267,21.326511002356806
Norway,1993,30.57820235094045,1.239,101.932,4.196000020598298,7.747,99.80434112915982,0.052453229203959,22.69300079501172
Norway,1994,32.17257406934127,1.403,102.923,4.40499994694863,7.927,99.646247221144,0.056459296376018,22.28186297658617
Norway,1995,31.474603185421177,1.523,104.965,3.850999994403833,8.262,99.66477000625004,0.044643219506651,22.57001818153969
Norway,1996,32.43982139898132,1.513,104.141,3.3719999825103733,8.812,99.50087632401129,0.054293987655261,22.048335878078568
Norway,1997,34.17831648721542,1.504,104.894,4.42699995086153,8.653,99.58175483847856,0.050153595385869,23.292015334953803
Norway,1998,35.822327803836544,1.639,110.455,4.952999980244768,8.75,99.61797483932725,0.05555175714481,24.44840955385633
Norway,1999,37.307244408615645,1.554,110.224,5.490999945161712,8.810887999999998,99.56240781635796,0.066820407930441,25.581217238502227
Norway,2000,31.927866946526564,1.5710000000000002,110.918,4.109401848202237,8.27166,99.716048173896,0.035668825446559,25.21929647754573
Norway,2001,33.06743981892753,1.401,113.785,4.574934685010516,8.684517,99.5225203051932,0.077118713594224,26.913107239503
Norway,2002,32.7045229004047,1.21,110.464,4.519053030018808,8.680655,99.5845606518496,0.084158983971538,24.838498918370856
Norway,2003,35.23900306419356,1.176,104.559,5.002905678967212,9.289346,99.40283202669823,0.237711260056118,27.033412872777102
Norway,2004,35.741883564658586,1.347,109.692,5.335104341628496,8.960593000000001,99.3536255729228,0.263069871719536,28.54353288049385
Norway,2005,34.0995854709326,1.153,114.241,4.864233547348138,8.826793,99.47467194168496,0.397800143468904,29.15691036045951
Norway,2006,35.63155178790351,1.013,111.22,5.373541269812957,9.208785,99.31815564804002,0.56011580661611,29.397150359479834
Norway,2007,36.21878865419822,1.12,114.947,5.567060221791547,9.385239,99.14134934981632,0.6880867689078081,27.54542121122298
Norway,2008,37.26186633600404,1.1369999999999991,116.592,5.777025773011694,9.052401,99.4068977162396,0.671901163690601,30.512566732135667
Norway,2009,37.1695839993082,0.8170000000000001,113.423,5.985419307622024,8.947402000000002,96.59110743475522,0.7452209481456741,29.87599426219392
Norway,2010,39.726114620990735,1.068,120.57797700000002,6.217015919491055,9.453824,95.75268338847054,0.710986726630052,31.762607866197325
Norway,2011,38.6012916155771,1.101968388157894,114.933436,5.839581796191288,9.180176,96.57830153913706,1.005966802311449,27.58511139943724
Norway,2012,38.36405820604575,1.132,118.71658599999998,5.77475397181378,9.136218,97.98256841592004,1.048333028585359,29.37357380642201
Norway,2013,38.89309855654317,1.136031611842105,119.564058,5.73986253180716,9.234304,97.69079300674264,1.40297750462438,30.75104877870268
Norway,2014,38.98459225660725,1.157968388157894,117.059888,6.132563720432398,9.084373,97.66507008522927,1.561597520602944,28.14594939196178
Norway,2015,39.875563537601046,1.13,120.05580599999998,6.409470776449694,9.323783,97.6976187511242,1.739930541142611,25.218626201622243
Norway,2016,39.13923763244275,1.16,123.55841,6.147560568384215,9.06334,97.801961863099,1.419734034701627,27.92853601405598
Norway,2017,38.92693562799978,1.213,124.907125,6.294428969778573,9.000520000000002,97.82245116403531,1.909285523146909,29.45482495167273
Norway,2018,38.55663640253754,1.184854388157895,127.658328,6.205570038862993,9.175600999999997,97.75683200357074,2.637149700470816,29.450086652217983
Norway,2019,37.49731346718888,1.157568,126.13853799999995,6.256244934314568,8.806737999999998,97.7121292384365,4.104580045982177,27.978299959631308
Norway,2020,36.05148315690472,1.145625999999999,126.554496,5.878544888248159,8.474967999999999,98.39554669007316,6.440178554986193,27.64771737912688
Norway,2021,36.239178314413806,1.249585031611842,132.12992700000004,5.440054834331449,8.694431999999999,99.07571491245548,7.52157584122546,28.618513493683047
Norway,2022,35.560175938620425,1.194413,125.24421200000002,5.111944462107117,8.577766000000002,98.53901437450033,10.21101929256313,24.321963694814286
Norway,2023,34.35847462778517,1.079382031611842,127.332343,5.113317514530796,8.538836000000002,98.48389298951795,9.246719145074916,27.031026729093405
Norway,2024,33.15138615303594,1.119418037011212,130.07702477550862,5.390456273678487,8.370343042970218,98.63143935311226,9.551952535722103,26.52860767757464
Philippines,1990,37.19523387242844,2.51,22.507,0.0,10.52,46.09034969233078,20.508779828905897,27.710942259989448
Philippines,1991,40.802693281106606,2.819,22.338,0.0,11.36,42.53984335424541,22.433074854849394,27.976322498045
Philippines,1992,45.30902084653861,2.589,21.768,0.0,12.897,38.78662878935285,22.18157761606413,29.162054347565096
Philippines,1993,50.35608736432508,2.936,22.147,0.0,14.296,40.20106178696487,21.34116495349976,29.0385467004939
Philippines,1994,51.46034062800683,2.914,27.261,0.006552631578947,14.681,40.00852850488749,20.730827264974085,30.794174876201765
Philippines,1995,54.72595711143434,3.149,29.105,0.007157894736842,15.797,36.87094276695849,18.268715383241023,32.31614527742626
Philippines,1996,58.86471477916989,4.156,32.937,0.010684210526315,16.271,36.95942084206516,17.782979070843428,32.8124547847565
Philippines,1997,62.803721084600674,4.988,36.092,0.005710526315789,16.986,33.39953740949316,18.194388576025744,36.007422758709566
Philippines,1998,67.51621409957976,5.696,34.112,0.009236842105263,18.023,33.69073949418213,21.42994518703721,36.91589213640206
Philippines,1999,63.94100227378773,6.399,36.034,0.007105263157894,16.459,44.51494607831311,25.55912084730633,37.36189162465059
Philippines,2000,63.07569020549147,8.383,36.817,0.010552631578947,14.869,42.9116913501225,25.66049396340521,39.367481901531576
Philippines,2001,63.85086943959998,8.028,38.53033333333333,0.139026315789473,15.145,37.32202813549237,22.18963831867057,37.98576002485793
Philippines,2002,65.4551225833967,8.486,34.732666666666674,1.7465000000000002,14.208,35.66537414404752,21.12449467865688,37.40148715050691
Philippines,2003,68.45380652911889,8.493,42.753,2.661736803131579,14.1,33.43908150162399,18.54747337412191,37.20789003184334
Philippines,2004,71.15049058397928,9.067,45.271,2.543208667289473,14.60997,33.75138457140815,18.36924286275771,38.201739080303845
Philippines,2005,70.78332153843225,10.643,46.226,3.220527381105263,12.84449,32.408176245075346,17.59094040951893,37.61585513366246
Philippines,2006,63.728387199023125,9.547,46.634,2.778163863552631,12.1885469,36.049786979331714,18.52223513256576,36.24416267859208
Philippines,2007,66.67646575162142,10.214843,48.0083839,3.669034857763157,12.1443565,31.619685717441115,17.229812811463933,36.54281201195472
Philippines,2008,69.8499565781932,12.042791,49.2035,3.985769752394736,11.7513628,33.945892556841834,17.728178001739543,38.93177830178848
Philippines,2009,70.65038214829761,11.494,50.8669,4.013617910526316,12.428995,32.638118804689434,16.77021440758263,39.75587319092086
Philippines,2010,76.13959444600185,13.3206,55.2669,3.780313405263158,12.990621,26.35142613846833,14.746479850176875,41.33625997198449
Philippines,2011,76.64037131081403,14.6387,56.0981,4.081493913157895,12.102042,28.68031749151641,14.498268595972968,41.91194989616276
Philippines,2012,79.12866887157054,15.3175,59.2107,3.9127794315789473,12.586567,28.4812755777048,14.157760884020313,43.62336909707988
Philippines,2013,87.92682333813943,18.9513,61.5672,3.604000097368421,13.328951,26.4437209512386,12.8471405857107,45.20852779381841
Philippines,2014,93.60398822496693,20.1632,63.34599999999999,3.790274028947368,14.29591,25.645853543084968,13.557034473923604,47.46328540862509
Philippines,2015,101.84088980310162,22.0065,67.80930000000001,3.5631307342105263,16.445556,25.454409140736427,14.473592905117696,51.92109317569199
Philippines,2016,112.03116626568443,24.7944,74.1555,4.082418094736842,17.723560999999997,24.247803845226763,14.471932372846997,55.49064018117342
Philippines,2017,123.71402665843236,29.3196,77.79360000000001,4.02717257368421,18.670870000000004,24.60447632081108,13.312124173177017,58.753549697331394
Philippines,2018,128.7553878042724,30.9767,82.6175,4.496040694736843,18.7662,23.41115739315873,12.865358059391726,60.65224888060321
Philippines,2019,135.79061209716457,33.1217,87.11829999999999,4.527154807894737,19.12757,20.819657570528275,12.237328708419,61.10329570811877
Philippines,2020,125.68983162681133,33.244200000000006,83.2433,4.105507894736842,16.373300000000004,21.2635399635266,12.92663658659288,57.67614276694524
Philippines,2021,133.57186160921617,35.8344,88.6362,3.521029128947368,17.9186,22.07917842252965,12.018775963088787,59.60476346830593
Philippines,2022,138.98023809250776,36.141200000000005,91.3325,3.261744852631579,18.9587,22.17548481036605,11.904068112393338,62.6003281802056
Philippines,2023,153.86008837155185,42.77452880244429,96.1630605582394,3.164381310806375,19.34601398695973,22.30891809696078,12.355291495923378,66.3129397328286
Philippines,2024,166.11741259398067,46.88096393020419,103.6577835034259,3.490849488304111,20.64099794493848,22.112695080028395,12.14686236261932,69.55792005603821
Poland,1990,342.46069599872817,183.7680875915332,109.195,11.96712240008539,12.885,2.470820403342356,0.0,103.22095616382724
Poland,1991,345.2116976592004,183.3494908581236,102.833,10.951933501650329,12.574,2.593642828510771,0.0,101.0880027095017
Poland,1992,337.89510605353973,174.36275000762777,98.444,10.563999999531916,12.867,2.772881355932203,0.0,98.61117803468323
Poland,1993,338.75349659159167,175.86268538138825,99.335,10.816945668135094,13.569,2.716875704990774,0.0,100.99929317828996
Poland,1994,332.01767846878033,170.72648199466056,100.003,11.544827955415643,14.0,2.8349353882982262,0.0,96.5018086922123
Poland,1995,333.1595418042244,168.44941770594968,103.81,11.840789906358284,14.457,2.819302763909471,0.000719393407478,99.55729281400932
Poland,1996,348.84295319453986,171.25600341914569,107.293,12.929449782775372,16.458,2.8238564533815733,0.0,104.05689402508392
Poland,1997,337.82980148287515,164.61625251382534,108.851,13.096014580832962,17.71,2.792212339799706,0.001400658309405,102.2659652561391
Poland,1998,311.59750800069656,151.92722525171624,108.661,12.857926542365307,18.26,3.187219746055413,0.002801335746917,95.38646368210142
Poland,1999,302.818956867761,146.27340225400457,107.026,12.444427411813312,18.881,3.151384667342113,0.002814364516492,92.8726188018738
Poland,2000,289.59781690861985,141.293,108.818,13.329000083772836,18.586,2.990675401955177,0.003443891526894,88.98424439537675
Poland,2001,288.45695336053467,140.62012769641495,109.139,13.633845598905376,18.18,3.212570046285319,0.009614360976484,89.58058453050498
Poland,2002,282.3466519459592,136.54846422387487,107.657,13.398021470097405,18.121,3.04872197699615,0.042324087527711,88.73593931962661
Poland,2003,292.42633553074404,140.67798357932878,111.462,14.773270870697363,19.084,2.553562810037858,0.08177732139584,90.95777587012414
Poland,2004,296.00344417818366,139.597,114.798,15.556298277727702,20.218,3.123916683576141,0.232434487486784,91.24123445200594
Poland,2005,297.07585572360784,137.24092055301298,115.659,16.261106422654233,20.788,3.456493489173183,0.244348042503088,92.40697485675597
Poland,2006,308.5307725153975,140.23803115369947,121.279,16.220121488733536,21.988,3.257629271561245,0.314128218933674,97.06402260229476
Poland,2007,306.8971544996266,137.32583874332573,124.741,16.25420224505046,22.985,3.775783871572809,0.437773698380836,96.6481017232428
Poland,2008,302.3168315954442,134.62013280320366,127.35,16.389755021006298,23.32,4.6377423147059815,0.543964844047047,98.08711192696862
Poland,2009,292.4912098877931,127.52990995804733,122.303,16.089025018967664,23.458,6.115132829137632,0.715308626073868,94.38904266298483
Poland,2010,308.69843747347846,133.50097053394356,129.424,17.44096127034676,24.52,7.266965718226571,1.060102744158409,100.79828880605834
Poland,2011,304.09601648779386,137.0726309248665,132.388,17.24830469150794,24.188,8.295577099263918,1.964393583562523,101.31875901270617
Poland,2012,297.9463815392288,135.22584558161708,133.278,18.35648097134679,22.907,10.674314454305684,2.933114936718135,98.12118457158196
Poland,2013,293.5976337557084,136.882,134.481,18.33807055061561,21.461,10.708686355142785,3.653730195101366,98.19935401358369
Poland,2014,280.0765673075182,130.47500000000002,136.308,17.824242039472754,21.405,12.821114291402749,4.835017352200621,94.67326869675304
Poland,2015,283.30910050405464,129.098,138.927,18.50203955632606,23.086,14.118051592246449,6.622804486401549,95.61577024354048
Poland,2016,294.2440604748535,128.17299999999997,143.763,19.224489640402087,25.319,13.97629940582074,7.634264787012668,99.85432550953584
Poland,2017,306.9506068933546,129.682604,146.425464,20.061679466664334,28.383133,14.429003059642271,8.847548041037992,104.46864141677048
Poland,2018,305.5592509223693,126.720468,151.39891599999996,20.16648728384519,28.894769,12.958519081638348,7.738687786125125,109.50240211670987
Poland,2019,288.3746928302521,112.77025100000002,152.00231599999998,20.75368968552413,29.487185,15.9555687383227,9.755385836473987,105.48696352515547
Poland,2020,273.5617121738197,103.12541999999998,148.24158,21.286260983209672,28.518135,18.37807470069125,11.237724610205284,102.31483065449424
Poland,2021,302.01574155995274,115.46844399999998,157.314714,22.82899238505676,29.905963,17.44128642820676,11.227426141590785,108.5926505622499
Poland,2022,285.7555933596676,112.98069700000002,153.207743,19.64850501403428,30.695571,21.551657833463526,15.626982826707822,103.4139976299378
Poland,2023,259.1948669690193,89.464143,147.58189800000002,20.216665689593253,29.962954,28.18912308713309,21.34891006626892,97.24168946380374
Poland,2024,253.30415114112205,83.44778882447271,148.6507269305971,21.635420483069744,30.699159583305686,30.83352350418636,24.193370261026825,95.63207611462433
Portugal,1990,38.13121631687905,4.399,23.95,0.0,10.94,35.07947089575804,0.021051892916038,16.796381829494127
Portugal,1991,39.80790508218888,4.619,25.256,0.0,10.995,33.446036422067486,0.023433315479378,16.945690871902173
Portugal,1992,43.96833834789571,4.713,26.035,0.0,12.351,19.82850305769742,0.033235841531507,18.06510047111303
Portugal,1993,42.974042187355984,4.982,26.376,0.0,11.652,30.936358392616803,0.051272191245273,17.822640553040994
Portugal,1994,43.604127298173566,5.236,27.431,0.0,11.776,37.24109162070906,0.162513547973792,18.23892506566476
Portugal,1995,47.63425636961641,5.671999999999999,29.291,0.0,12.873,28.56155117991883,0.177363595370509,20.214323342222205
Portugal,1996,45.679285890207055,5.438,30.69,0.0,12.267,46.02415920743896,0.205671909851974,20.034022885037245
Portugal,1997,48.16315565193331,5.464000000000001,32.439,0.099826388888888,13.163,41.80893528388286,0.263096344039512,21.118554898614047
Portugal,1998,52.64890021032968,4.985,34.412,0.8059313054856391,14.783,36.48676380053355,0.379642930432998,22.834020431934107
Portugal,1999,59.411620554740445,6.083,36.741,2.24819736888495,15.031,20.77991082773119,0.471273130501074,24.55977266284619
Portugal,2000,58.80791378400977,6.101999999999999,38.939,2.28165881347629,14.66,30.29887578831917,0.5689607896901561,24.71639414059173
Portugal,2001,58.8934188618396,5.157000000000001,40.541,2.542526337476594,15.044,34.57825367133243,0.778343976434668,24.927102998181105
Portugal,2002,62.93593837701632,5.689,42.117,3.112901923595144,15.531,22.10076561042792,0.9976793111675012,26.04250446000095
Portugal,2003,58.13298514971304,5.364,43.803,3.017581646386423,14.413,38.49141978997695,1.2571501750192091,25.28219087912605
Portugal,2004,59.32641582607511,5.424,45.498,3.7600517585303113,14.403,27.917864710197986,2.00320874508297,26.02421367314533
Portugal,2005,62.52543039019943,5.459,47.028,4.256897018225182,15.021,18.5631695026316,3.966142510968561,26.68429708927228
Portugal,2006,57.49724280582078,5.46,48.545,4.138209826634451,13.09,33.00813024376499,6.148869108843973,25.29760085763129
Portugal,2007,54.9418946945603,4.725,49.676,4.343281372390128,13.212,35.076891592864165,9.019039097405754,25.33319013512161
Portugal,2008,53.140785675671495,4.145,49.187,4.720278921305669,12.519,32.93270528570261,13.02850728868986,24.698959565046568
Portugal,2009,53.402206979260654,4.671,48.773,4.745264917868764,11.701,37.87507682188365,15.776470267680343,24.36115578190544
Portugal,2010,47.86449445093732,2.688,50.613,5.140556885783925,11.305,53.154464944601685,17.730115572102846,23.505510564403668
Portugal,2011,47.2254676434101,3.721,49.114,5.175853285256039,10.322,47.06187031391637,18.39791208353008,22.854380973732475
Portugal,2012,46.049965683519865,4.865,47.11,4.490771895258527,9.14,43.7833056446602,23.16536396366654,21.454934741141045
Portugal,2013,44.64119479757761,4.438,46.273,4.263818133595201,9.183,59.23844380136981,24.55926873085276,21.53997244568466
Portugal,2014,43.657371002684464,4.529,46.139,4.079073075846232,9.027,61.36697322016887,24.513744891982267,21.23217032412573
Portugal,2015,47.8172788540244,5.513,46.849,4.731917730635672,9.124,48.66663225200718,24.05093850340719,22.01195089313701
Portugal,2016,47.31854140135103,4.811,47.35932199999999,5.049239085160462,9.039,55.5231512983574,22.404666809772884,21.839659276428275
Portugal,2017,51.65451221188837,5.453806,47.660588,6.282258705410361,9.151641,40.90052278815008,22.641215073660494,22.810721528844024
Portugal,2018,48.03834929440779,4.552338,48.897005,5.728977190942252,8.59659,51.37321563143601,23.22900421258392,22.067112956677576
Portugal,2019,43.15334486518058,2.11613,48.810498,6.06091544971508,9.057529,54.23903148144351,28.64227021134937,21.8144805912921
Portugal,2020,37.22464612841244,0.957245,47.17928100000001,5.977097449110758,8.092901,59.62826009020129,26.81208312963309,20.195335045677822
Portugal,2021,35.59659586452318,0.32847,48.11652099999999,5.757313265932913,8.278390000000002,64.90544583337143,30.6619484098353,20.15461386416465
Portugal,2022,36.13072913418669,0.009304,49.470232,5.554665878752162,8.578592,61.28077002225795,34.74370413277962,20.342777838240064
Portugal,2023,34.1773659860466,0.006887,50.23025299999999,4.422538427297106,8.274991,75.81323665695759,37.74837363271474,19.65287540474486
Portugal,2024,32.34507158335138,0.008657942857142,51.20027526546126,3.320062776492327,8.124931454242722,87.12510676703637,43.1785074416454,19.415006679436395
Qatar,1990,10.02269771668609,0.0,4.335,5.402210526315789,0.582,0.0,0.0,5.243702392814633
Qatar,1991,11.929951498260271,0.0,4.141,6.392026315789473,0.601,0.0,0.0,6.185714066245848
Qatar,1992,13.028290535642824,0.0,4.593,6.977894736842105,1.314,0.0,0.0,7.277697785982691
Qatar,1993,13.053273132179498,0.0,4.901,7.141552631578946,1.294,0.0,0.0,7.419776560198303
Qatar,1994,13.382779486906824,0.0,5.12,7.295131578947369,1.355,0.0,0.0,7.433913987285894
Qatar,1995,13.806446706019935,0.0,5.129,7.452394736842105,1.5,0.0,0.0,7.901782593611856
Qatar,1996,14.702253255270945,0.0,5.804,7.8065,1.659,0.0,0.0,8.151996977822382
Qatar,1997,16.446397792004248,0.0,6.085,8.615447368421053,1.889,0.0,0.0,9.94347208571712
Qatar,1998,21.808938026399463,0.0,7.596,11.274926438907045,2.674,0.0,0.0,12.673487361640705
Qatar,1999,24.629527553591075,0.0,7.987999999999999,12.888786771902565,2.493,0.0,0.0,12.586701554773834
Qatar,2000,26.50763040190461,0.0,8.501,14.107639089134052,2.676,0.0,0.0,13.873225382965108
Qatar,2001,27.388208552512182,0.0,9.257,14.317484438624469,3.629,0.0,0.0,16.205561473258133
Qatar,2002,29.397827269969216,0.0,10.176,14.639412334909114,4.806,0.0,0.0,16.007652444929498
Qatar,2003,27.501806129736185,0.0,10.168,13.644940416743772,4.473,0.0,0.0,16.373155737390224
Qatar,2004,31.79621979132201,0.0,11.13,15.721702926808485,3.009,0.0,0.0,17.380195371503678
Qatar,2005,33.942635686173006,0.0,12.125,16.599827765954053,3.369,0.0,0.0,17.60864034382995
Qatar,2006,38.42143354629935,0.0,14.453,18.97456796289018,3.391,0.0,0.0,22.08807669644312
Qatar,2007,43.14547241573192,0.0,16.525,20.8679210625,4.293,0.0,0.0,22.73382493999458
Qatar,2008,46.47406163519485,0.0,18.217,22.788210602842103,5.389,0.0,0.0,23.84392754853725
Qatar,2009,50.16518868990788,0.0,21.131,24.82557885423684,5.758,0.0,0.0,25.63459831572511
Qatar,2010,56.97461056761746,0.0,24.618,28.076499897605263,5.987,0.0,0.0,29.77474712242352
Qatar,2011,63.209181887855664,0.0,27.759,35.13305259968421,6.311,0.0,0.0,34.57940035801891
Qatar,2012,69.92322997481314,0.0,30.184,44.140710526315786,7.754,0.0,0.0,42.3926381565052
Qatar,2013,71.43538510274672,0.0,30.066,48.44971052631579,7.808999999999999,0.0,0.0,43.324909573710826
Qatar,2014,77.25756108607008,0.0,33.784,52.82760526315789,8.516,0.0,0.0,43.79353920544239
Qatar,2015,80.30819637269497,0.0,36.378,54.72092105263157,8.439,0.0,0.0,44.273793063717214
Qatar,2016,82.28489241303441,0.0,37.134,53.3068947368421,8.798,0.0,0.0,42.81711014132339
Qatar,2017,84.28671416808074,0.0,40.03,51.3916962631579,9.071897999999996,0.0,0.0,47.7049057710697
Qatar,2018,83.04644063939482,0.0,41.868,54.09711855263158,8.584622999999999,0.0,0.0,47.66103646693911
Qatar,2019,86.39466194754604,0.0,43.660301,55.87887339473684,8.693843999999995,0.0,0.0,47.50421566956327
Qatar,2020,83.71671279390777,0.0,43.089429,54.983412736842105,8.235633999999996,0.0,0.0,47.45417744427904
Qatar,2021,85.41833038476933,0.0,45.404091,56.48447157894736,8.506350999999999,0.0,0.0,49.11839642739053
Qatar,2022,90.49053976380002,0.0,48.199426,55.26250478947368,9.304757999999996,0.0,0.0,50.55155601964008
Qatar,2023,94.936942293732,0.0,52.59309547855685,57.69470677024478,9.970718503071872,0.0,0.0,53.2210008062997
Qatar,2024,97.44228741015668,0.0,55.4566038963586,56.67268683221423,11.613903325696125,0.0,0.0,54.09281260730189
Romania,1990,166.20393268112065,46.953,57.602,35.66700041102133,17.032,17.744017167115018,0.0,62.01237506689717
Romania,1991,137.82868234968808,39.661,49.095,29.433000332199104,14.336,25.68174216150556,0.0,51.03137783024118
Romania,1992,118.68244909957792,43.85352961289093,46.736,26.480168243535186,11.867,21.66395142180095,0.0,46.04091593886682
Romania,1993,113.59595397990054,44.96530362318841,42.688,24.95233077535045,11.106,23.065390173410407,0.0,45.65973370080045
Romania,1994,110.87024243752084,43.84502408371472,40.949,23.98528121440172,10.986,23.708361349882782,0.0,43.08971609176552
Romania,1995,116.42138719383632,45.01086647787948,43.108,23.962600647062995,11.101,28.26495538359945,0.0,46.57128048181402
Romania,1996,119.1892163976112,45.335213995995424,46.147,24.17963029148338,12.81,25.816018876581243,0.0,47.80001184112133
Romania,1997,109.41237958429122,37.80102387156751,46.739,20.868241839567784,13.139,30.883675016305588,0.0,44.848884374210144
Romania,1998,95.70799358570004,31.361963985030503,44.029,18.711127194517285,11.48,35.65025383584653,0.0,41.03504654380536
Romania,1999,83.18985454199763,27.956000000000003,38.996,17.132367872170754,9.533,36.24365884590996,0.0,36.23809699071502
Romania,2000,85.64501062868008,32.00671653508772,41.3,17.120000120520185,9.725,28.66175329712956,0.0,36.34853783133889
Romania,2001,89.42793008920358,34.42283336146072,42.299,16.561999780334865,11.169,27.872098018341084,0.0,36.84176443989545
Romania,2002,90.3819385485571,34.81252961289093,41.516,17.08999980996406,10.602,29.492079826527984,0.0,38.23200230695645
Romania,2003,96.45156222189372,37.95456534801678,44.459,18.42999981548725,10.122,24.1826370780985,0.0,39.83097784775914
Romania,2004,94.71515177240238,36.20240258199848,45.438,17.331526806611283,10.568,29.23411831345209,0.0,38.97778959053192
Romania,2005,90.93191446903732,36.44096351258581,46.521,17.35249363781525,10.424,34.02151007825213,0.000382070749404,38.61953515385164
Romania,2006,94.80502744195596,41.42599196557971,47.499,17.958335407523922,10.067,29.2851426962976,0.000886799812534,39.977153065001055
Romania,2007,92.0778945416694,40.406524283943554,47.324,15.917096932003206,10.104,25.95040724390416,0.004092520605654,39.75405403976757
Romania,2008,91.0587902497682,40.481117535278415,47.894,16.00923129870001,9.898,26.51595448697705,0.007675892357509,39.605764621430616
Romania,2009,77.73760385701534,35.152,42.665,13.25598782798987,8.724,27.28064320998659,0.015675486336962,34.85872138809135
Romania,2010,75.34230043460222,33.05006322368421,45.972,13.576756406478076,8.245,33.88038962226514,0.502443010738017,34.993650092837015
Romania,2011,82.8726722437834,39.476,47.25,13.8900610727378,8.725,26.57128287843883,2.231981930395374,35.75426005229938
Romania,2012,79.74012668645094,35.76100000000002,46.861,13.530621672723118,8.876,25.73731740492347,4.484510894564634,34.90521050798492
Romania,2013,70.37391795811614,27.285000000000004,44.952,12.571270167456422,8.228,34.8122411396929,8.389687038819538,31.873105934051164
Romania,2014,69.54074225368281,27.264,45.808,11.964742002102582,8.407,42.02728719169483,11.902684418952571,31.534855875986285
Romania,2015,70.66735324109578,28.411000000000005,46.798,11.30375405792041,8.587,40.08613509099006,13.64362814340016,31.773401702290705
Romania,2016,69.11075486426668,25.285,47.142,11.272096521981668,8.994,42.204690800704974,12.91774641010252,31.722292385859472
Romania,2017,72.0365350258575,27.064689,48.860709,11.79305137480168,9.413771,38.32397305966953,14.405831253720388,33.26082755746221
Romania,2018,72.60966741739514,26.16886814378289,49.77762799999999,11.770465015918424,9.558692,41.04367032087322,12.474856829435094,33.5058904029534
Romania,2019,71.09867463981492,23.55812059134869,49.619083,10.987254505918298,9.94263,42.03134857543184,14.340861688744768,33.12405318772834
Romania,2020,65.73525405143684,17.23042296838816,48.06263700000001,11.35626131614194,9.716923,44.56387534208963,15.515959963601972,32.25677346421225
Romania,2021,70.92249103832431,19.732681083256576,49.623168,12.041279066117797,10.136339,44.85721973590028,13.921074908966268,34.24810387660836
Romania,2022,67.49781217099354,19.92669477871711,45.407272000000006,10.004827138245089,10.476392000000002,42.84146705993398,16.044411850731272,31.61139408607101
Romania,2023,63.12367948600925,15.424420430986842,43.59950500000001,9.579485528465211,10.849912,49.788798090298265,16.85857257997463,30.581212083926392
Romania,2024,61.13381045925539,10.64293091697972,45.15679823766636,9.933804315013782,11.3185742641812,48.26080144758152,20.41048061325161,30.447324450143203
Russia,1990,2222.96082723635,388.194,917.409,471.54946377190686,213.74,15.338141037488263,0.002587436885021,889.1952006184111
Russia,1991,2197.226324905285,365.58,898.511,486.01799633795446,221.12,15.69414031379106,0.002714941446202,879.9482757120912
Russia,1992,2021.4042072229893,341.78400000000005,838.323,465.1837894736842,196.434,17.0465565967574,0.002875700332192,805.1112999061049
Russia,1993,1842.3488994566144,291.779,781.57,450.7008421052632,173.53,18.225629242295785,0.002927073021063,760.4690632362748
Russia,1994,1627.6381213602149,258.76,706.808,416.8977631578948,134.972,20.101516815577785,0.003539160237192,663.24284271367
Russia,1995,1587.9215681629191,263.085,696.988,395.6222368421053,127.446,20.51923951224787,0.003488262577802,641.9153800889009
Russia,1996,1566.7183093907563,263.82199999999995,681.006,391.43428947368426,119.871,18.22534210436234,0.003305071041321,637.4612905315429
Russia,1997,1456.784599146415,233.65700000000004,667.926,376.6898421052631,114.91,18.893772208715166,0.003476667961425,609.2564711898542
Russia,1998,1453.7419297985184,224.625,649.717,380.6842105263158,112.485,19.285795458666904,0.003626876606404,594.5675417170048
Russia,1999,1470.61438946761,230.567,669.173,388.0908947368421,116.143,19.07658237870261,0.003545152240654,611.5506921256122
Russia,2000,1500.1534956023531,231.98,692.869,393.5384210526316,118.89,18.849784566729628,0.006835534755276,621.9381218792364
Russia,2001,1505.3656560429008,226.391,700.089,398.2777631578947,119.845,19.74308974468295,0.01054658223417,629.4219849746431
Russia,2002,1495.4842620351812,219.918,699.311,398.6725263157895,116.871,18.44180032200699,0.018176004308386,626.6049579367632
Russia,2003,1524.7013318112245,222.523,721.223,419.4151842105263,118.011,17.253892343656894,0.036342364720185,648.3115111352002
Russia,2004,1520.8428818617583,215.069,739.053,424.38594736842106,117.24,19.12669753666035,0.043997789379362,650.5633630511027
Russia,2005,1507.7084413002474,213.473,759.86,428.06878947368426,117.358,18.36791223457275,0.043752609942859,655.4374915616708
Russia,2006,1563.7704905204475,219.46100000000004,797.813,439.133552631579,120.93,17.653651257187732,0.046997672209312,675.0904054687323
Russia,2007,1557.2611267230209,210.197,820.698,448.14039473684215,122.9,17.677747103659584,0.04845700868582,677.2438662621408
Russia,2008,1607.23961535964,227.49823076252068,843.37,448.3965263157893,126.836,16.0715470035439,0.045175844572026,694.9037154618344
Russia,2009,1482.6021527215144,203.43600000000004,807.937,428.9568684210527,121.023,17.804693643016996,0.047178370531663,652.2238825185802
Russia,2010,1557.5675578229814,212.39,850.661,468.5966578947368,126.936,16.275252160342188,0.049035191661127,695.1569034538276
Russia,2011,1630.458882715831,220.94200000000004,856.239,479.0641315789473,126.603,15.94383583073007,0.049963735998065,717.1011385259118
Russia,2012,1591.263234489768,231.773,874.739,473.9148157894736,140.352,15.675788757992178,0.045015848941006,737.0385660824886
Russia,2013,1528.859877689718,207.26065384652665,871.74,468.7361842105263,139.738,17.292171029523402,0.042394806116937,720.8859578234269
Russia,2014,1519.056987023847,199.126,877.1269719999999,467.4482894736842,133.603,16.715169135327994,0.066810310400138,713.683233100717
Russia,2015,1501.6705132805444,221.923,876.816598,448.14239473684216,132.67,16.00720907053948,0.088052576755618,700.0355682862036
Russia,2016,1478.9043061288037,215.08999999999995,898.487351,454.54065789473685,126.099,17.207391933622556,0.096794329465532,715.5759426080907
Russia,2017,1508.0423234760112,214.258105,904.8778630000002,473.90197560526326,132.90053,17.211891202998082,0.103496279651489,740.950044743387
Russia,2018,1701.1307914087106,239.066286,926.176715,536.4877669473685,131.726337,17.44051492004943,0.12359245071131,792.8500735240999
Russia,2019,1576.700423450995,235.0426216042012,931.233979,492.3035,136.88182200000003,17.70439469763683,0.182158077932583,742.1943932053559
Russia,2020,1500.734135593113,224.66886629539977,912.588589,471.83350044736846,134.86096400000002,20.012820055141585,0.338148960458312,736.2081499201201
Russia,2021,1644.3041880244548,234.57853703461527,964.9505790000002,528.1260003684212,143.70926699999995,19.18465647300232,0.5145260559694881,825.3900989762028
Russia,2022,1610.96438285431,233.64175003461528,983.457991,498.4445,147.74812699999998,18.067540703924188,0.742888043175508,811.0246122081422
Russia,2023,1636.8202001278137,232.92335067447124,999.7956268413728,512.400946,151.24513032022764,18.198475643531847,0.8002866365595641,825.4507934809398
Russia,2024,1658.7832462849196,228.73073036233075,1024.279065478484,544.50417858096,144.11985477125995,18.679552248397894,0.887819307763114,841.7085090327502
Saudi Arabia,1990,173.48246337461848,0.0,64.969,34.42062947368421,36.509,0.0,0.0,63.65459597907627
Saudi Arabia,1991,193.8922047678201,0.0,69.102,36.114962368421054,45.582,0.0,0.0,77.54570920414201
Saudi Arabia,1992,207.74071750301,0.0,73.785,39.27771710526316,48.388,0.0,0.0,89.07941633117412
Saudi Arabia,1993,226.8507427135193,0.0,81.455,41.11581157894738,49.765,0.0,0.0,96.578415815743
Saudi Arabia,1994,244.30587012295143,0.0,89.771,43.91916236842104,52.697,0.0,0.0,97.01151812834236
Saudi Arabia,1995,240.7341388978576,0.0,92.507,44.08346131578948,51.322,0.0,0.0,98.8382790132016
Saudi Arabia,1996,220.1179612265828,0.0,98.398,45.70591342105264,44.44,0.0,0.0,98.08759485468278
Saudi Arabia,1997,219.80817284822032,0.0,97.051,47.07164842105263,46.412,0.0,0.0,89.45825209593546
Saudi Arabia,1998,225.7464712123868,0.0,105.611,47.97529263157895,48.897,0.0,0.0,94.40036936469916
Saudi Arabia,1999,232.06718298686388,0.0,110.612,47.441321052631565,51.201,0.0,0.0,96.69418643084036
Saudi Arabia,2000,257.9092846019131,0.0,114.161,51.14831605263157,53.155,0.000482599441298,0.000482599441298,112.9369171277782
Saudi Arabia,2001,267.60476810658787,0.0,122.943,55.13256552631578,58.314,0.00045558390225,0.00045558390225,120.47713388596364
Saudi Arabia,2002,279.1256243623884,0.0,128.628,58.86009789473685,63.654,0.000429670220204,0.000429670220204,129.88023940715615
Saudi Arabia,2003,292.6961036187377,0.0,142.195,61.67371736842106,67.406,0.00039803763134,0.00039803763134,131.92100647683756
Saudi Arabia,2004,317.1153491630504,0.0,144.385,67.44471052631579,68.298,0.000380921144763,0.000380921144763,148.65935309275866
Saudi Arabia,2005,332.9332575376395,0.0,153.284,73.15410526315789,72.248,0.000345777914544,0.000345777914544,151.67519722449538
Saudi Arabia,2006,350.7941998636576,0.0,163.151,75.43478947368422,74.785,0.000335658121323,0.000335658121323,162.74694170478097
Saudi Arabia,2007,360.99734603005976,0.0,169.78,76.41955263157897,77.776,0.000319625293768,0.000319625293768,154.8709761782586
Saudi Arabia,2008,391.6448251190644,0.0,181.098,82.60128947368422,83.64,0.000298236133076,0.000298236133076,171.08508984607437
Saudi Arabia,2009,409.1004814423344,0.0,193.472,80.55781578947368,80.864,0.000280538364084,0.000280538364084,181.9712236812981
Saudi Arabia,2010,448.1469811735092,0.0,212.263,90.01528947368422,84.499,0.001703245491588,0.001703245491588,201.0531011575744
Saudi Arabia,2011,470.52045487740185,0.0,219.662,94.73886842105264,88.925,0.002156089421921,0.002156089421921,196.3710137763639
Saudi Arabia,2012,501.0197148267892,0.0,241.07400000000004,101.99884210526317,96.226,0.009436099927138,0.009436099927138,219.3655422574732
Saudi Arabia,2013,508.3316248015828,0.0,257.438,102.71765789473685,99.033,0.014953275634284,0.014953275634284,210.8276771542889
Saudi Arabia,2014,547.404964103606,0.0,279.221,105.13078894736842,109.74434,0.014712574838451,0.014712574838451,227.5666940687131
Saudi Arabia,2015,572.5851315435333,0.0,301.335,107.2564065789474,126.42327,0.013594344752582,0.013594344752582,250.0208109979733
Saudi Arabia,2016,561.0904401665952,0.13654,306.235,113.8386331578947,136.98619935200003,0.013327577365137,0.013327577365137,262.439139862088
Saudi Arabia,2017,528.7015861542313,0.20593,330.58337,119.21942105263156,124.38849792001088,0.018400664426856,0.018400664426856,255.0208612986675
Saudi Arabia,2018,506.66913834204223,0.18108,312.57898,123.59797368421052,119.98347,0.060909073347584,0.060909073347584,258.9488093539486
Saudi Arabia,2019,547.9994806845302,0.19256,301.612981,124.76451168421052,128.599318,0.129056484784539,0.129056484784539,270.34557839172953
Saudi Arabia,2020,531.1795978480088,0.16255,300.69106,125.68868421052632,121.55466,0.254423153323283,0.254423153323283,256.6622924850648
Saudi Arabia,2021,561.1017952923885,0.19849,314.74985,129.3854210526316,130.21096,0.35958791172552,0.35958791172552,270.87228132080355
Saudi Arabia,2022,588.6554660696136,0.192825,335.276,135.77986352316125,130.97544200000002,0.577625247341507,0.577625247341507,281.4975786548999
Saudi Arabia,2023,629.77610525089,0.192825,353.3276121985245,136.48325360451884,134.6073595765045,0.54811714445949,0.54811714445949,292.1049613005561
Saudi Arabia,2024,626.2078052219839,0.192825,363.2455329994107,138.54226820631115,136.64892306215162,0.533153009130457,0.533153009130457,289.101354022486
Singapore,1990,30.223289436715508,0.034,14.058,0.0,11.586,0.5442438212319111,0.0,16.254209839044893
Singapore,1991,31.54489759266415,0.02,14.897,0.0,11.913,1.476170392239561,0.0,16.50160509425615
Singapore,1992,32.35127688692477,0.028,15.748,0.490026315789473,11.698,1.3965684318531602,0.0,17.532601571988923
Singapore,1993,37.096906550354205,0.031,17.214,1.458605263157895,12.769,1.292057799810146,0.0,18.59865911368533
Singapore,1994,37.21323011115791,0.037,18.811,1.737657894736842,12.681,1.184948732830334,0.0,22.026202023715648
Singapore,1995,36.98517938571906,0.018,20.141,1.809631578947368,12.923,1.110758489368454,0.0,16.05604627644941
Singapore,1996,38.19652033812479,0.001,24.049,1.614,13.711,1.044419814135902,0.0,18.525255227868858
Singapore,1997,38.07235534587812,0.0,27.069,1.591184210526316,15.292,0.935542996792423,0.0,23.17049688402009
Singapore,1998,39.35377405574195,0.0,26.081,1.7424473684210522,14.869,0.844187168355041,0.0,19.297195167835685
Singapore,1999,39.27634600261796,0.0,27.213,1.419210526315788,14.974,0.809676459896229,0.0,19.31375752531281
Singapore,2000,42.540641451352,0.0,29.132,1.449052631578947,15.603,0.773724932891204,0.0,18.64103841397064
Singapore,2001,42.25394067567906,0.0,29.598,2.186578947368421,15.422,1.429478074284505,0.0,19.658993776402205
Singapore,2002,43.58357955084539,0.0,31.087,3.549263157894737,16.233,1.364528040618509,0.0,20.6152071401875
Singapore,2003,39.91805881543619,0.0124,31.986,5.490289473684211,14.793296149289104,1.401035917466247,0.0,22.70784869188869
Singapore,2004,41.21905640426222,0.0089,33.171,6.472763157894737,16.199233767772515,1.301276826949198,0.0,23.845494529635385
Singapore,2005,39.08380772217004,0.003,35.9852,6.138179210526315,16.00161327014218,1.250893027710682,0.0,22.773152889840016
Singapore,2006,40.43817023325123,0.007,36.7274,6.618780000000001,16.252070319905208,1.208194445851612,0.0,23.214681239413448
Singapore,2007,37.32238796378272,0.0124,38.1067,6.987265789473684,14.584800000000005,1.183932552310613,0.0,18.98410748600997
Singapore,2008,37.33851591059172,0.0064,38.438,7.233399999999999,11.399699999999998,1.259859903578722,0.002399733149673,21.11257650717685
Singapore,2009,38.88024997569897,0.010658472054263,38.8229,7.257402631578948,11.7782,1.279803269119902,0.007176466929644,20.612581097076703
Singapore,2010,42.72290441986643,0.020456369999999,42.2518,7.828955263157895,13.901199999999992,1.304795343291214,0.011020230939959,21.51355807109336
Singapore,2011,45.13493872036809,0.012961701999999,43.0073,8.085965789473684,15.18,1.328047227185192,0.017388507066254,19.27091381699543
Singapore,2012,44.130536069817865,0.0403709,44.2007,8.677086842105263,14.14,1.358921382777055,0.027689620652197,24.662719817055187
Singapore,2013,43.08792870478036,0.429460357,44.948800000000006,9.826147368421053,13.195000000000013,1.546468029587143,0.035431208225042,26.770205686353044
Singapore,2014,41.484164202034606,0.6321716890000001,46.4029,10.395355263157894,12.523000000000003,1.667754185596926,0.077004445993539,26.32177943568541
Singapore,2015,40.65623405659587,0.660141985,47.5138,10.478452631578948,12.14000000000001,1.833513771218005,0.137066576613263,29.52846473614336
Singapore,2016,43.391197723001866,0.6913480620000001,48.623,10.727547368421051,13.458093023000004,1.909820886636279,0.28222049539362,32.789316921750114
Singapore,2017,47.81354657895107,1.457586434193798,49.6377,10.866589473684211,19.349870000000003,1.94845469031784,0.333966278947719,36.12297702291641
Singapore,2018,45.05336907814527,0.7747213175038761,50.4609,10.96961052631579,14.308657000000018,2.045478495190209,0.445978291959594,33.224623896645824
Singapore,2019,45.03087548232895,0.743112791,51.7302,11.212647368421052,13.406191000000009,2.304223493180818,0.7515764774893681,35.552630321463816
Singapore,2020,43.83225416395937,0.7028294572403101,50.7795,11.29025789473684,12.443539999999995,2.198499496099436,0.9368817886603712,35.63049647837047
Singapore,2021,45.66529386336834,0.75302,53.4834,11.750265789473683,13.184933999999997,2.850116764560186,1.300332602080532,34.444708063846136
Singapore,2022,47.32190569232046,0.952857,54.884800000000006,11.559981578947369,13.407348281932975,3.986082023685068,2.118288231160774,39.413551579828784
Singapore,2023,45.89608200874669,0.5443,55.72900459869202,11.77408157894737,13.191539466823976,4.825623387172354,3.053337475414084,38.83557783464069
Singapore,2024,47.131967120194496,0.5459400000000001,58.32016916925949,12.200729670264488,12.091050339183392,5.714249853885711,3.775756800671796,38.186673500801874
South Africa,1990,262.44577401370094,134.065,140.427,1.842105263157894,12.386817322834649,0.374882849109653,0.0,100.69228002845126
South Africa,1991,255.58605538468777,131.241,141.671,1.8684210526315792,12.546748031496064,0.368354761282349,0.0,104.69503710754994
South Africa,1992,268.4939265252103,134.86083333333335,142.066,1.881578947368421,13.424194488188975,0.459644192526614,0.0,97.86556912595864
South Africa,1993,258.3568553683744,135.14684810225472,149.272,2.099815789473684,11.976996850393702,0.8540448273294341,0.0,102.26847994150738
South Africa,1994,276.8733698849385,139.92088760660567,150.323,2.099815789473684,14.052690551181104,1.420099533027864,0.0,108.52805833548628
South Africa,1995,290.0776664614181,148.64793040344844,159.241,2.099815789473684,15.569,0.9599361107413812,0.0,113.9103661863245
South Africa,1996,283.9325291850729,147.69019706492645,164.757,1.889842105263158,15.506,1.797109843907602,0.0,114.561680514687
South Africa,1997,285.0004425545016,148.53835715264574,170.31,1.6873684210526312,15.004,2.307047778645288,0.0,121.47045745112364
South Africa,1998,317.25231581970377,158.25136184210527,174.32,1.420605263157894,17.208,2.067924528301887,0.0,120.511354442728
South Africa,1999,295.1619820953533,148.53717105263158,173.308,1.858631578947368,17.076,1.73043957992631,0.0,119.509127147449
South Africa,2000,300.98336825743223,152.7288092105263,178.61,1.711157894736842,16.998,2.013101058527554,0.0,119.5677779029586
South Africa,2001,381.6176740893828,166.95028947368422,181.288,2.223105263157894,17.297,2.008091385054735,0.0,116.3130119810288
South Africa,2002,393.8163968120079,173.63040789473686,190.857,2.204315789473684,17.753,2.137747577632903,0.0,112.26016849386714
South Africa,2003,403.8628643521649,174.677826754386,200.627,1.321526315789473,18.631,1.682922246515441,0.0,125.384630042207
South Africa,2004,415.6578087957216,182.36,208.22,3.404236842105263,19.142,1.998331656811992,0.0,138.39414469632268
South Africa,2005,417.8503810560984,179.117,204.041,3.377868421052631,19.317,1.8318428682265504,0.008575278696557,126.1675255027762
South Africa,2006,424.6692408642372,181.17,210.473,3.276736842105263,19.654,2.417975615330659,0.00827534027411,136.02956460371334
South Africa,2007,437.922000424307,186.25000000000003,219.151,4.222421052631579,23.489841986455986,1.572232745106226,0.007971242792667,141.5259732653224
South Africa,2008,480.1225633778301,201.077,213.463,4.344368421052632,24.92427990970655,1.655267499593347,0.008133041060238,151.2429348737598
South Africa,2009,475.39850200905886,198.06,205.315,3.764868421052631,24.921841981902748,1.781763083632632,0.00841777834787,145.31169871026327
South Africa,2010,465.821013780585,193.378,213.586,4.742789473684211,22.891,2.043135427059217,0.013097021968328,140.58064546583634
South Africa,2011,447.5936245384917,182.391,216.439,4.707605263157895,24.293,2.006947565685729,0.01409319793706,143.71318164737926
South Africa,2012,466.91635897579033,190.148,209.055,4.950394736842105,24.341,1.73193909715841,0.014345589119064,138.76989091868143
South Africa,2013,477.0455034570587,192.461,208.875,5.020368421052631,26.178,1.672179417587953,0.011324895635229,137.64638381285133
South Africa,2014,490.1892450176748,199.625,211.216,4.783,25.585,2.498238168011466,0.817569226140043,144.6112840175535
South Africa,2015,462.9107854476575,185.683,206.98,5.255921052631578,26.589,3.463579740041257,1.850553764194588,137.40723904978694
South Africa,2016,471.2287476558125,191.441,219.388,5.747447368421052,25.039197003896664,4.306735865031829,2.637665025557402,135.36931487003548
South Africa,2017,474.1117400146547,188.512,218.321,4.880157894736842,27.55224791278106,5.699288898199551,3.5178784105148413,134.16632698868187
South Africa,2018,474.26658790524937,190.559312,219.111204,5.21391894736842,26.709673,6.537601100742009,4.176332202780289,137.1586971912444
South Africa,2019,485.68757614107335,196.660812,214.074065,5.264584210526316,25.363057,6.965809553373472,4.525346918129504,141.49569656689238
South Africa,2020,464.164139286117,190.082841,203.658436,5.114995394736841,22.375501,7.898457676358064,5.137333834127009,131.43965841847154
South Africa,2021,455.9147141208008,184.963652,203.901931,3.801031868421052,24.366563,9.063802012112683,6.141648360559419,133.66319023719765
South Africa,2022,436.134947827165,174.967961,195.532798,3.707936394736842,25.841135,10.018987070012772,6.774952703072,131.93220655937944
South Africa,2023,420.0614351206804,166.473084775883,187.75301465449,3.795,26.461185083257355,11.010760907419025,8.021938644199906,133.7038271454946
South Africa,2024,439.09951239667646,177.60474835342643,194.316240066322,3.7782599364667098,24.63945300169633,10.092694942663154,7.509212079812011,132.68245939529214
South Korea,1990,247.99946453845087,46.27303461534734,94.384,3.613947368421052,48.315,5.826861078546306,0.000915885111371,91.20382867910652
South Korea,1991,268.9986734154598,46.288,104.374,4.282026315789474,57.653,4.211719785579111,0.000833673750114,99.78479747610854
South Korea,1992,286.1103130217994,43.10999949095078,115.245,5.637736842105263,69.324,3.61761140979023,0.001487198935165,112.96557428271738
South Korea,1993,309.18872352266834,46.01203461534734,127.733,7.04028947368421,75.55,3.99383212479313,0.001993925174634,126.48585521195685
South Korea,1994,329.00588413465744,46.773,146.54,9.346394736842106,81.151,2.405278592375366,0.001759530791788,134.1018558900405
South Korea,1995,353.98844381714804,47.69199949095077,163.27,11.27828947368421,87.999,3.059687943868342,0.001067953907109,147.4986591486836
South Korea,1996,377.8339725417531,54.54399949095078,182.47,14.465,90.76,2.691764841432151,0.001440216608577,159.3945436626272
South Korea,1997,396.94089272001605,57.52603512439657,200.783,17.153657894736842,96.762,2.420223092943626,0.001764975819831,171.1678597132963
South Korea,1998,337.70056975108764,59.22803512439656,193.47,15.7965,79.445,2.815762421473443,0.002741290691033,158.4263238850669
South Korea,1999,373.3284077703232,62.50693076930532,214.215,19.0732105263158,86.699,2.555661511671296,0.004560719764501,173.33125171157224
South Korea,2000,406.8721741993092,70.02193076930531,263.122,21.28894736842105,89.504,1.975338533109662,0.007609428774017,188.4927904809508
South Korea,2001,416.7763319122416,74.306,281.572,22.744157894736844,89.275,1.960208951373661,0.006126660647491,188.4545756457516
South Korea,2002,430.0035920843558,79.04,300.786,25.44802631578948,89.522,1.6849106954536142,0.006724970119735,197.47186769721952
South Korea,2003,436.7057814278856,82.07893026025609,318.062,26.59015789473684,90.01,2.058727484474293,0.009536497331225,200.9359830541661
South Korea,2004,455.75802782809535,86.70096538465265,337.938,31.185710526315788,88.345,1.6685292863197332,0.015386858003595,208.1603676439084
South Korea,2005,451.6725970480279,88.06506973974389,357.627,33.35668421052632,87.701,1.437912547646348,0.037445639261623,211.2279978159575
South Korea,2006,459.2365799030425,91.1599302602561,371.354,36.43871052631579,86.542,1.4218289812567,0.068269479599255,213.1695085885588
South Korea,2007,484.6060586174378,97.902,392.656,38.77521052631579,89.437,1.47015351871194,0.111838086041424,223.11114347777524
South Korea,2008,496.7763071244927,108.69303461534732,408.042,39.89063157894737,84.388,1.634634693757013,0.186876144350599,226.5414903830703
South Korea,2009,505.04169212441815,113.16503512439655,414.69,37.88668421052631,86.691,1.722134759622986,0.307073929194251,229.8884529505614
South Korea,2010,562.201945093747,126.3010697397439,458.473,47.90502631578946,89.321,1.889381909420808,0.37593984962406,249.83951817774863
South Korea,2011,592.4500152357666,136.68396538465262,480.958,51.61442105263157,88.876,2.0366722691632,0.394519693662587,262.0443154169806
South Korea,2012,594.662771851705,133.537,492.568,55.59876315789473,92.15,2.012858685216248,0.450166057105712,264.987505000142
South Korea,2013,594.1297008806088,133.37,498.162,58.5772105263158,92.341,2.39359479381989,0.708903734327321,265.16435207407045
South Korea,2014,578.3423025617822,136.97806923069467,499.046,52.91068421052632,92.953,2.52440823467489,0.952236216853357,268.1521142461279
South Korea,2015,590.9914554599612,139.41096538465266,506.645,48.65547368421053,97.748,2.5984556897125373,1.255229364803761,275.18559505145345
South Korea,2016,592.5845871738703,133.88103461534735,530.142,50.5183157894737,102.113,3.5221820138513973,1.504874002882886,283.78393916102794
South Korea,2017,616.3018325731265,145.09519393026025,538.384461,52.6185842631579,102.810978,4.002922759733331,1.961727583428075,293.4136591200604
South Korea,2018,635.7186519389426,148.077922,545.4839380000001,61.213449815789474,99.855133,4.573432895627404,2.362367183071458,297.9252218105861
South Korea,2019,611.819924141808,138.56468600000002,538.247956,59.54772878947368,101.80465900000002,5.429917157629189,3.243487519067933,288.91029659833305
South Korea,2020,564.9158250005896,121.9335930351244,527.9965540000001,60.17236513157895,96.45849700000002,6.448676617182962,4.369734657414148,280.0639674066928
South Korea,2021,581.3355308363324,122.596452,552.1564089999998,66.51822886842105,101.01484100000002,6.772325886163117,5.186862002078818,296.34580604930653
South Korea,2022,560.5673184206408,115.4563360351244,558.095881,65.65280210526316,98.09524669784524,8.000710285848237,5.931391159265719,291.13951527559175
South Korea,2023,540.7085370772492,111.81619948766256,556.4653532653078,62.98983469337522,92.44657296013528,8.674546887666596,7.012963821152931,286.698268138708
South Korea,2024,527.1335170006591,104.67040703353248,558.0946306029438,66.04109771158839,94.98372624592346,9.452249551027354,8.02432117597244,293.2279902239735
Spain,1990,201.89999638717828,47.563,129.161,5.741720003807768,43.647,17.606945623769935,0.015139248171771,87.88015553053171
Spain,1991,209.85905506888,47.71999999999999,132.075,6.444113432526001,46.24,18.52427134614027,0.016687954506068,90.98457536815438
Spain,1992,222.69042013872084,47.22200000000001,134.252,6.803895370824924,47.85,13.623820264361589,0.072453724121419,92.45590996955568
Spain,1993,208.0392314501943,44.527,134.101,6.704359040623107,45.61,16.89200392852132,0.082269358809198,88.77124721913756
Spain,1994,217.50740688386884,43.196,139.998,7.148365051643335,49.125,18.542133911635865,0.117390471600773,93.65366149707282
Spain,1995,228.7691269201826,43.395,145.537,8.918975243283715,52.027,15.48267400801963,0.173559159734274,100.86469075465784
Spain,1996,218.81725553180144,37.04599999999999,151.516,9.982999877607464,50.844,24.26873935996423,0.218962621590173,99.28382991841929
Spain,1997,235.6989593198376,40.967,163.44,13.061000104501506,53.203,20.076469784981253,0.399680675623155,105.68976438426412
Spain,1998,242.44716993473105,39.519,169.673,13.409000153121005,57.084,19.829905907494783,0.7039303595450841,111.02069662281228
Spain,1999,263.57259155305803,43.398,181.652,15.348999813618224,59.152,14.321454810873629,1.3296710156688931,116.39427525127256
Spain,2000,278.3282049588109,45.73599999999999,194.709,17.577000046872527,60.816,16.947181780922,2.112105066200973,121.50403348758212
Spain,2001,279.4965038357185,41.613,207.297,18.942000049904603,63.004,22.145350709213847,2.870748529885272,124.74059020867952
Spain,2002,297.197327185694,45.908,211.866,21.65700002341217,63.574,15.601487644467673,3.821172397744855,128.47698667675817
Spain,2003,302.45668974976286,42.48663231884057,224.266,24.549832100721293,65.319,22.69836520831895,4.63932552377007,132.83558779545535
Spain,2004,318.3318886561514,44.67399999999999,237.03800000000004,28.49621350098668,66.796,19.10616964309377,6.6744474976603225,138.78741404708373
Spain,2005,333.3500640882148,43.898,248.469,33.634814248845935,67.549,15.948450205402333,8.91513851102514,142.05231636703977
Spain,2006,327.1989432160577,38.816,254.04,36.167432783073714,66.249,18.70933479829932,7.93126645896122,141.90264472844598
Spain,2007,335.98235877452663,41.489,257.643,36.78416793392011,66.663,20.16107246957777,9.312030994324225,143.6672258026296
Spain,2008,309.498974829813,25.661,260.96,40.3228277749079,63.372,20.692099191929508,11.419989358873922,138.93585459342006
Spain,2009,276.41156210791576,18.733,247.161,35.83624395833108,58.977,26.07799877808703,15.11166926888874,128.31090263165504
Spain,2010,261.8332707488874,14.511,250.169,35.759328198198446,57.482,33.490577301152264,17.11825666142225,128.1286603993836
Spain,2011,264.1907631133788,24.694,248.835,33.253269754192814,53.664,30.57271301051227,17.862356940856976,126.0697028113883
Spain,2012,261.10168194561373,28.449000000000005,245.503,32.399551824410445,49.451,30.4405978164491,20.70671761138404,125.3659434965401
Spain,2013,235.32529347845005,21.15,235.181,29.62679691775289,46.751,40.46902172284309,24.06665072069178,116.93853988491526
Spain,2014,234.4036967402863,23.078000000000003,233.306,27.233473508021685,45.417,40.92182092149748,23.56434518098597,114.32140204500946
Spain,2015,249.6998465728593,26.058,238.545,28.20259434624808,47.863,35.71105861706871,22.569551044365745,118.35875877941812
Spain,2016,241.21109064137883,19.825000000000003,239.821,28.758911235942065,49.491,39.34238520218855,22.80282675475897,118.83226178634376
Spain,2017,256.8675474822791,24.069,246.542,31.13031819640415,49.867,32.88482043768089,23.07181767406773,125.0868948780504
Spain,2018,252.2320718293388,20.887,245.769,30.957505627983767,50.516,38.75140279538863,23.222275662046552,124.51961847074948
Spain,2019,234.226776868588,8.955,242.165,35.41291462854881,50.013,37.77249988106435,25.94956396359472,121.0694430454954
Spain,2020,195.05972907944272,4.963,227.172,31.92020189194509,42.975,44.52772303918777,29.349249923112847,109.15659758035328
Spain,2021,211.1677108208528,5.175238,235.025,33.76046286293828,46.64386099999999,47.01491403948789,32.611770538656714,115.16123804935523
Spain,2022,217.9751491259935,6.194441834471301,231.847,32.62247395104084,47.97326299999999,43.57283538607781,33.78719388348253,114.90737655310843
Spain,2023,200.54650973956936,4.24926293937786,229.77126,28.96010960326434,46.302532,52.427803700377126,39.57833530681934,110.72883180957966
Spain,2024,201.66670026503988,3.724106855768308,231.65804937580745,27.86908098902814,47.56832293174376,57.92057173221517,41.77082651977695,111.96969603253936
Sweden,1990,50.01203340911437,4.878,130.737,0.6156721333496461,14.668,51.1773618903313,0.004095171792456,47.08416498054925
Sweden,1991,50.37272346937092,4.906000000000001,132.335,0.638612830160302,14.643,44.46185785231621,0.008819778012971,48.59155754643337
Sweden,1992,50.60759706280541,4.577000000000001,130.053,0.7233766525132591,15.844,52.50550804130163,0.021441923435776,46.71798285175724
Sweden,1993,50.30564844965728,4.653999999999999,130.598,0.8045105755552551,15.524,53.10658131464605,0.03326623620498,46.64339519480318
Sweden,1994,52.31223622338472,4.694,129.613,0.806680235161169,16.555,43.169179002601965,0.050791087013566,49.88531084769802
Sweden,1995,51.79289715554762,4.734,132.389,0.796403508047214,16.448,47.59920758100344,0.06727971353847,50.49207711196913
Sweden,1996,57.099666614860666,5.173,132.299,0.815648229485291,17.763,38.41687534019071,0.103020781510639,51.64760864540195
Sweden,1997,51.57606931213956,4.412,132.04,0.855189116688421,16.462,48.29247269713177,0.136726486517372,50.27321681290401
Sweden,1998,52.18193628154139,4.462,132.883,0.889075648242678,16.575,49.19575475135665,0.200347897609421,51.19645060437116
Sweden,1999,50.32713559682167,4.187,132.686,0.875603579882933,16.279,48.2817793036145,0.232025872916338,50.30352253679067
Sweden,2000,47.28813264959681,4.166,135.408,0.8050461582524311,14.843,57.25715491931523,0.315570526424076,47.68481197023806
Sweden,2001,47.24709300447565,4.554999999999999,138.51,0.8811605045733241,14.828,51.56806959813309,0.29917671967678,50.67294638617033
Sweden,2002,48.4142915439874,5.009,136.655,0.8885873288850741,15.215,48.509101846829374,0.415492123194251,51.90474324339523
Sweden,2003,51.01179254929573,4.922,134.617,0.92645405888099,14.913,43.406824352441056,0.502686784120545,50.72271615378808
Sweden,2004,49.24476987086535,5.097,135.414,0.889171475268661,14.378,44.97302182566065,0.5680637140288011,52.70003918113956
Sweden,2005,46.781372966019234,4.563,135.418,0.8199907116222621,13.724917,51.31528197488839,0.5914921553143581,51.35487840375608
Sweden,2006,46.21848096912939,4.899,135.357,0.8310655203520051,13.474315999999998,49.64656373412821,0.687807782704422,50.00180717699521
Sweden,2007,44.219470033317485,4.610585757055683,135.641,0.920844659943744,13.117634,52.058801696016566,0.959656738184804,49.75864153200612
Sweden,2008,43.37703515246488,4.775800833333333,133.256,0.785968680964178,12.748829,54.35303442457317,1.334322464843635,49.39023528427733
Sweden,2009,41.08103518357131,3.513510076754385,127.944,1.226516152774808,11.654851,58.45999834248345,1.82689565436082,45.17772881012171
Sweden,2010,45.15706769708332,4.63798535850496,136.634,1.554251276410863,12.442237,55.32787071200798,2.353202374125114,50.62729726453004
Sweden,2011,41.911710508809215,4.183278319031275,128.961,1.303159495074248,11.471334,55.98897324817713,4.067670695183206,49.490002820933306
Sweden,2012,39.63041832899588,3.530678422482838,132.116,1.166776219097268,10.998522,59.09846842898398,4.312534146648975,49.96399279473085
Sweden,2013,37.81445508113675,3.565697408943554,129.341,1.074941053175132,10.649883,54.07412747055784,6.448564847638407,49.25106349077453
Sweden,2014,36.56586594910448,3.248284415045766,126.845,0.919896785925928,10.430967,55.868998189576935,7.342068125359416,48.01700030414885
Sweden,2015,36.47631273140545,3.17632394546148,129.275,0.964910344581373,10.162039,63.30367099386701,10.12813631490681,44.291605269319774
Sweden,2016,36.06606964989668,3.14006247139588,132.057,0.921167751713478,10.31596,57.205208052594806,10.01348391052609,47.66977508415131
Sweden,2017,35.651673629040424,3.1194793764302062,132.003,1.092447901662225,10.168243,57.889193302891925,10.860882800608827,48.96782317121383
Sweden,2018,33.3908662559366,3.225051895499618,131.859,1.103465589072942,9.068991999999998,55.809669522643816,10.422276621787026,49.97630955217257
Sweden,2019,32.551762991529046,3.082663810068649,128.594,1.063911687061825,9.083188000000002,58.74827088738357,12.18601392789081,48.727749823073935
Sweden,2020,31.433675803586723,2.445999999999999,127.26,1.017835471655763,8.296629999999999,68.48070901466737,17.442761836748396,44.129173066425416
Sweden,2021,33.991407841919745,2.501968388157895,131.906,1.165661841295531,9.341947,67.39193704234042,16.74641148325359,47.08180732697284
Sweden,2022,31.16973029111593,2.3627915064836,126.432,0.7967143851893771,8.284609999999999,68.33719298448247,20.347195352248512,44.87756261051151
Sweden,2023,30.213114942602225,2.383484131388253,124.956,0.7873586366946821,8.361755,69.4183379191176,22.49282028742933,44.29097156796596
Sweden,2024,31.13980414388605,2.37315707709281,126.81419292423062,0.8526570182811831,8.917180229981733,69.42050765587535,26.015283927639647,44.89931306326955
Taiwan,1990,120.94842721263036,17.30903461534734,78.8,2.04078947368421,27.98,9.418406667264092,0.003360516175284,51.11689980811317
Taiwan,1991,130.09331851694537,19.0149302602561,87.078,3.300263157894736,29.191,5.862216516902011,0.002037614361106,55.23182760184337
Taiwan,1992,139.0056255364655,21.93096487560344,93.025,3.477210526315789,29.669,8.257760223939261,0.001917288187587,57.53196752326095
Taiwan,1993,149.25727148255478,23.945930769305324,101.385,3.378236842105263,31.756,6.140831140389609,0.000883064587343,61.84541181434819
Taiwan,1994,157.9919382646589,25.088034615347336,108.65,4.437026315789473,33.382,7.4576602875105,0.0,64.85975482228113
Taiwan,1995,166.74219311077007,25.924965384652666,115.837,4.7609473684210535,36.179,7.06071529275486,0.0,68.52678552875281
Taiwan,1996,175.4411890646215,29.634035124396565,123.146,4.963394736842105,36.116,6.797288513325285,0.0,71.8568667764586
Taiwan,1997,188.88786152212583,33.89096487560344,131.766,5.649894736842105,36.654,6.800250638386752,0.0,75.76135744700628
Taiwan,1998,199.55658859476827,36.70303512439656,142.544,7.036131578947368,37.836,6.957454992121296,0.0,80.79060879895935
Taiwan,1999,208.76435267269207,39.236035124396565,149.185,6.913815789473684,39.757,5.717266131931471,0.0,83.76951327837445
Taiwan,2000,228.414516923486,45.78503410629811,163.745,7.56178947368421,40.939,5.346506902109172,0.001078033451377,90.26242037604352
Taiwan,2001,232.9693172190892,49.27203512439657,166.526,8.369131578947368,43.276,5.549448807246361,0.006341623244163,94.65617723766752
Taiwan,2002,241.6886333024694,52.29496487560343,175.907,9.550631578947367,43.347,4.000180549774062,0.008024434402756,99.23893073057826
Taiwan,2003,252.5602809317346,56.71496487560344,185.255,9.734184210526315,45.006,4.144198265463266,0.011442793185816,103.33170857423548
Taiwan,2004,263.50860964605755,58.43699949095078,195.126,11.56878947368421,46.482,3.8488399161946143,0.012324321363526,108.6253815091273
Taiwan,2005,271.915976488735,60.611035124396565,203.202,12.25007894736842,45.824,4.316984901725392,0.040746939598138,109.11936892024713
Taiwan,2006,280.2110992072283,63.29896538465266,209.977,12.516605263157896,46.191,4.287589448278782,0.117711817758394,111.71704434168043
Taiwan,2007,283.4486931161924,65.99696487560344,217.089,13.683105263157897,48.386,4.381011785561866,0.1817898296182,116.89137724733963
Taiwan,2008,271.3764104298095,63.50596487560344,214.346,14.84892105263158,45.883,4.264539630699661,0.249549889042415,112.93353190088555
Taiwan,2009,257.96419966073216,61.08396487560344,205.505,14.328157894736844,45.194,4.164281873840124,0.348179752675304,110.56975938989936
Taiwan,2010,275.7438102847352,64.11596487560344,222.218,17.95507894736842,47.095,4.102354493286173,0.424116356808119,118.10035837220352
Taiwan,2011,280.53300672488143,68.35803410629812,226.922,19.58157894736842,43.279,4.080661471655464,0.616263161025519,117.2713867298661
Taiwan,2012,276.10595779116926,68.17703461534734,226.395,20.410657894736843,43.041,4.797357479220503,0.6286771020142431,116.28546613545058
Taiwan,2013,277.3040216886313,68.95700050904922,230.503,20.855473684210526,44.064,4.921891718382196,0.777516227976317,118.13624101173218
Taiwan,2014,281.78312359203653,69.21496487560344,236.012,21.918236842105262,45.333,4.377579713880158,0.7805016906382111,120.60586293710338
Taiwan,2015,282.51045738408413,66.112,234.76,23.549236842105262,46.586,4.5788574549765055,0.920420077244008,119.4522131699472
Taiwan,2016,287.83699163372256,67.48103461534734,240.119,24.679736842105264,46.42,5.42469529395283,0.97195454872457,120.21349151690666
Taiwan,2017,295.65096790626086,68.9698710351244,245.410279,27.109931394736844,45.833017,5.190850211103771,1.25433134482307,120.36958945787376
Taiwan,2018,289.90791438504345,67.38032296538465,250.19550300000003,27.47833510526316,45.54458400000001,5.16801108609364,1.603826101713036,121.46773272636544
Taiwan,2019,281.2543721264294,64.51305403512438,249.285835,26.912129763157893,42.629921,6.070938294032092,2.155135829695346,118.95008043083077
Taiwan,2020,280.2006546208524,63.3774279648756,255.164993,29.325320394736845,42.042060000000006,5.905165721358211,2.995085934269508,116.48489529434988
Taiwan,2021,289.5904421777455,65.45436999949095,267.354744,31.782306684210525,43.92975500000001,6.465546935980742,3.501272863068361,121.51324694469275
Taiwan,2022,279.7366944484859,61.23938400000001,264.0833879999999,32.96133889473684,39.299991,8.712194556501364,4.94355851298591,116.28921346318032
Taiwan,2023,272.27692592025886,58.08323765955439,257.72273037616617,32.51863186022486,36.72819468851291,9.979228957507322,6.768778689994937,109.987429248368
Taiwan,2024,267.03569305120965,55.40833266301488,264.0940613966543,35.01672085768483,37.24228716468672,12.061491938681089,8.783276933994594,109.25603708220896
Thailand,1990,78.7210808970994,12.783,38.618,4.893973684210527,17.614,11.266553480475382,0.002263723825693,44.17886384256538
Thailand,1991,87.360460200159,15.067,43.717,6.302315789473685,18.564,9.141991790539194,0.001992587574223,48.56844100394858
Thailand,1992,94.49899507451704,16.083,49.57,6.735236842105261,20.346,7.425829275981647,0.00175137482924,51.60097970962181
Thailand,1993,109.97479471529412,16.807,56.545,8.927789473684212,24.066,5.837079094708619,0.00157716268433,53.54622342412775
Thailand,1994,122.93210627878088,18.607,62.826,10.0395,26.793,6.343341247875016,0.001404948227657,56.93771801651712
Thailand,1995,136.85278474910638,20.925,71.123,10.426236842105263,30.395,8.743319514509764,0.001248688876679,64.14535515449528
Thailand,1996,152.56128951409815,25.016,79.995,11.8255,33.181,9.130371870930402,0.002226105539663,70.78596641857267
Thailand,1997,156.9470977618886,26.025,84.587,14.751842105263162,33.049,8.09323579259005,0.002145324265762,72.99764088975303
Thailand,1998,141.2141695639146,22.375,80.433,15.321473684210527,29.651,6.105048544336198,0.00188780445011,67.2849178798868
Thailand,1999,146.55383725186775,22.881,81.4498,16.545578947368412,31.172,4.888781280958876,0.001999138149331,71.70842261149656
Thailand,2000,148.06289030403653,23.304,87.932,18.96068421052632,29.799,6.810909708481937,0.001979643018267,74.0754905104568
Thailand,2001,156.67619445490703,26.717,92.2898,24.290052631578952,29.007,6.636216825262303,0.001757472676181,77.57066581633512
Thailand,2002,164.3254952012006,26.518,100.1819,25.97028947368421,31.486,7.48434359603313,0.0017429129947,83.0843192547029
Thailand,2003,174.5033055064695,26.789,106.959,26.33165789473684,34.678,7.224902101076312,0.001624169002478,89.20866261830787
Thailand,2004,194.222869142055,30.287,115.044,26.761473688710527,39.9901043,5.823654285598389,0.001511211999977,95.66778898928555
Thailand,2005,191.5795205666458,29.594,121.229,28.908763157894743,38.811,5.544969526609091,0.001739823733162,97.62720902530562
Thailand,2006,194.06206389050385,30.008,128.171,29.390236842105267,38.552,6.91688722055966,0.001873987326079,96.50325919695428
Thailand,2007,198.19289289642185,32.235,133.178,30.90689473684209,36.566,6.914021796897994,0.002231859515602,99.45048446364744
Thailand,2008,200.26530069565263,34.429,135.45,32.25268421052632,35.562,6.5986466540774025,0.003527164593779,100.6361619167807
Thailand,2009,208.51782035936847,32.814,135.209,37.03552631578948,36.297,6.898038951411821,0.008086798301772,107.21029541698852
Thailand,2010,222.686870746256,34.193,149.32,40.23955263157895,37.444,5.613786531927431,0.01755287804511,115.5999988184072
Thailand,2011,219.2129821055591,36.883,148.7,37.71102631578948,43.042,8.081963001027749,0.064876670092497,118.1673659512724
Thailand,2012,236.5590492657418,36.216,161.749,43.0885,45.616,8.33620475991851,0.383864396123876,126.95251232874888
Thailand,2013,246.3822644730357,37.673,164.322,46.33852631578948,49.6494,8.049355428450502,0.8147525468365141,136.72725212141015
Thailand,2014,243.86433030869253,36.122,168.788,46.40326315789474,49.4895,8.23016352318127,0.9819520579764,136.90540624383516
Thailand,2015,251.74005201185423,35.929,174.053,46.17805263157895,50.3697,7.911887014958217,1.527983885073944,136.241402003275
Thailand,2016,248.16366062300827,34.582,184.96,45.297421052631584,51.8352,13.47196770509654,1.977531670783204,134.07833452937058
Thailand,2017,248.2288528174046,35.759001000000005,185.368999,42.76202184210526,52.008745,14.22077211766858,3.107568432653815,134.44269997479088
Thailand,2018,242.4916761082333,31.677,188.048,45.83700220769423,56.90657504381935,16.53370711776636,3.3722720131776303,137.37860838655126
Thailand,2019,249.54619088376475,31.602,193.175999,49.55582563930613,57.02420161355161,17.615758719746598,4.602604234122375,137.2843598399493
Thailand,2020,238.23098018851925,32.681,196.706,41.975677203864,55.22046189268368,19.395267426761247,4.092487208456314,130.45381582020136
Thailand,2021,229.2386417715699,30.362,199.212,41.03759673035167,54.44783379260422,17.72185911003211,4.316545536459403,128.51094213389456
Thailand,2022,235.60203785401603,32.926,217.038,37.315992264292376,53.624704237686366,19.442076014886,4.019921557613024,124.7795704412568
Thailand,2023,254.62781743983533,28.40671087820312,227.65855435843423,39.60487561418054,53.671101973183205,19.1203485952104,4.099076981101528,126.90066865175189
Thailand,2024,249.9486186219048,27.258777538011344,234.6003145563108,38.39091301538985,53.343842849039454,18.562866749818728,3.983445304858045,124.33019207164836
Turkiye,1990,130.7515783550444,54.45199999999999,46.82,3.468000042086366,22.432,40.36633474097631,0.139026467163686,51.39790303021338
Turkiye,1991,132.28998272528966,57.877,49.283,4.23700004584831,21.807,37.84815589416725,0.134448760083657,50.50407329587121
Turkiye,1992,137.2133597272235,59.828,53.985,4.634026115215766,23.09,39.62608773128211,0.10394701672062,52.822156036617365
Turkiye,1993,143.2512619652142,54.862,59.237,5.150000000000002,26.49,46.18063082592673,0.105679601127249,56.34199884981618
Turkiye,1994,140.98523621299574,59.493,61.401,5.493000059394797,25.256,39.21808965666935,0.100866945008363,55.6394573669248
Turkiye,1995,154.01529237460878,61.089,67.394,7.028999941331659,28.289,41.56550372766589,0.099713613227126,60.899924261335016
Turkiye,1996,171.23848257862153,66.479,74.157,8.214075783410433,29.598,42.94132529358436,0.08854968269697,66.56774043364825
Turkiye,1997,179.23293636745152,72.661,81.885,9.79999993938535,29.02,38.91050960346964,0.080351610904584,69.80267521294226
Turkiye,1998,179.5972407254928,78.256,87.704,10.350296332282252,28.687,38.33474446506098,0.081065014141341,70.89643858423554
Turkiye,1999,178.8058919325354,75.898,91.202,12.528153062656424,28.354,29.98282377189969,0.087598763311576,69.81731005187206
Turkiye,2000,202.33123687327577,80.555,98.296,14.835960077604655,29.737,24.938817285916056,0.124077700433876,76.41849525831071
Turkiye,2001,184.49420766216213,72.809,97.068,15.944205213799837,27.839,19.837877621855505,0.158077230700729,70.27544066495523
Turkiye,2002,194.39180314954285,66.426,102.948,17.587999974239885,29.268,26.24881646168489,0.149149784405145,74.26565842064586
Turkiye,2003,208.1688424547912,64.451,111.766,21.18100016228092,28.649,25.29434219861177,0.128751537949569,78.6830566620772
Turkiye,2004,208.96640751530072,64.787,121.142,22.442999859647767,28.832,30.731019424909427,0.1141356338901,80.72373782930039
Turkiye,2005,217.24865354779195,77.259,130.263,27.375000225914484,28.379,24.54222119253241,0.142631331086027,83.99337175452766
Turkiye,2006,241.7167993191773,84.161,143.07,31.18299989021125,29.777,25.253924555432967,0.171047738227652,93.03932002622427
Turkiye,2007,267.4950295556223,98.93299999999998,155.135,36.5990003357315,30.269,19.03172692470252,0.321607197285767,100.30600449032234
Turkiye,2008,261.4783782686861,98.79493769260104,161.949,36.64500034595566,29.818,17.34795003655402,0.541516105390491,98.43837376579845
Turkiye,2009,260.9604269481215,100.4789376926011,156.894,35.11500035227457,30.665,19.57844298430621,1.030279242003996,98.44560822358028
Turkiye,2010,266.6525820290333,94.936,172.05,38.12700007539277,29.465,26.3781783233479,1.749734617527377,104.45457429800862
Turkiye,2011,286.7026293632999,100.891,186.1,44.68599954629977,28.851,25.327334025004568,2.4081694574563093,111.35608061023204
Turkiye,2012,296.8388224555561,99.119,194.923,45.25399951780877,30.963,27.230864290379905,2.8694063254754703,117.1590521474206
Turkiye,2013,283.4301061744836,84.415,198.045,45.91289837912752,32.095,28.823234199091825,3.8304751812344193,113.62225071774044
Turkiye,2014,307.81420320176824,96.829,207.375,48.72169847218384,32.117,20.887502309023542,4.460777699569952,119.3860886278597
Turkiye,2015,319.6077904185312,92.60500000000002,217.313,48.05526012272949,37.473,31.957092934313835,6.022756307022012,129.07268950355066
Turkiye,2016,339.614496518665,106.832,231.204,46.449009045512646,40.679,32.8870287754626,8.050718836743478,137.09788844685323
Turkiye,2017,380.8719508779674,112.416797,249.022646,53.98812717844727,43.053,29.34477952662173,9.34107786769645,147.35039352147024
Turkiye,2018,376.6674620039537,122.27344599999998,258.2321769999999,49.71046135923444,40.965737,32.07588874601211,11.853658747518066,144.80632623786647
Turkiye,2019,367.4226399509495,124.680116,257.27312900000004,45.28522500111161,41.314705,43.521497178193854,13.502491431652167,146.7305733400015
Turkiye,2020,367.61017258718977,113.219902,262.70212900000007,48.24813742145445,41.575496,41.84668036588729,15.351267422660133,147.42486358090918
Turkiye,2021,402.3012540103724,125.60747230795576,286.69146500000005,59.558687140873616,42.87134700000001,35.41801909046555,17.17364630126674,159.93876374691047
Turkiye,2022,391.79983997468,129.50340315217153,286.576318,52.33467181249048,43.51239999999999,41.972013397761216,19.58593613232204,156.88086595185575
Turkiye,2023,380.7553528634265,106.7821492652269,290.07492799999994,49.5769951055412,45.817266,43.2811543380952,21.1771392401346,156.72954426375836
Turkiye,2024,388.344936791869,118.87816212787656,305.3855017330803,52.18813183305606,47.19900740853785,46.40788374037492,22.737872753329817,165.92340241104242
United Arab Emirates,1990,48.24994080239158,0.0,15.38,16.422815789473685,5.456,0.0,0.0,19.16885507763158
United Arab Emirates,1991,54.85712143732332,0.0,15.5,19.68460526315789,5.561,0.0,0.0,21.77469980921052
United Arab Emirates,1992,52.72983223634487,0.0,16.85,18.19007894736842,5.792,0.0,0.0,21.59888216086791
United Arab Emirates,1993,56.07378832221625,0.0,19.55,19.043210526315782,6.51,0.0,0.0,24.61995706422072
United Arab Emirates,1994,61.68924932555152,0.0,21.38,22.07592105263157,6.485,0.0,0.0,27.460827432439626
United Arab Emirates,1995,63.976649726779314,0.0,20.9,24.005236842105266,6.045,0.0,0.0,26.8343705350712
United Arab Emirates,1996,73.9294062108195,0.0,21.921,29.015184210526314,6.144380697050938,0.0,0.0,28.69551585136665
United Arab Emirates,1997,71.47236119543147,0.0,22.988,28.43565789473684,5.745249329758713,0.0,0.0,28.06272167636664
United Arab Emirates,1998,76.78767718334956,0.0,28.312,29.906473684210525,6.590235924932976,0.0,0.0,30.711367328947382
United Arab Emirates,1999,77.30434380770292,0.0,31.479,30.749736805263154,6.275879356568365,0.0,0.0,29.864591331043435
United Arab Emirates,2000,80.53686329759284,0.0,33.868,32.13231573421053,6.506694369973191,0.0,0.0,41.73299532067947
United Arab Emirates,2001,81.44610115823862,0.03,38.4054,33.12947368684211,6.301,0.0,0.0,38.49852588564026
United Arab Emirates,2002,91.9442753743694,0.153,42.1029,37.19368415526316,7.294,0.0,0.0,33.71457361194212
United Arab Emirates,2003,99.9710579951985,0.18,44.4184,38.630526300000014,9.116,0.0,0.0,41.12782820815503
United Arab Emirates,2004,105.35112345806849,0.204,47.084,41.2313156868421,9.229,0.0,0.0,43.74771421879697
United Arab Emirates,2005,107.22233302979758,0.236,53.874,41.84710526315791,9.615,0.0,0.0,44.75352673421053
United Arab Emirates,2006,112.864141577442,0.457,59.261,44.16657894736842,10.013,0.0,0.0,47.34834451315788
United Arab Emirates,2007,124.3212988038156,0.22,67.23162268216666,48.838894736842114,10.786,0.0,0.0,51.76921296578948
United Arab Emirates,2008,143.48195117122384,0.5888,75.65424536433333,57.66989473684211,11.21,0.0,0.0,59.640863615789485
United Arab Emirates,2009,151.01862395556216,0.40942,80.0138680465,59.70373684210527,12.997,0.0,0.0,65.47776632631582
United Arab Emirates,2010,156.09455226534698,0.97281,88.26049072866665,61.49857894736843,12.979547184986592,0.0,0.0,71.94414390921051
United Arab Emirates,2011,163.51972103924643,0.6589700000000001,88.74511341083334,64.38352631578947,14.381719571045574,0.0,0.0,78.08824961526444
United Arab Emirates,2012,178.13727137876052,2.094337,87.78981879,70.93696234210525,13.8749091152815,0.017887066709344,0.017887066709344,81.45951398183028
United Arab Emirates,2013,186.8081263274321,2.6596515,91.99557091,71.46173684210527,16.00538150134048,0.06854832111161,0.06854832111161,83.60088744981637
United Arab Emirates,2014,188.71402932506567,2.942044,97.29469661,72.4415105263158,16.159262466487935,0.249774979428529,0.249774979428529,81.41805408002806
United Arab Emirates,2015,195.2880296975256,2.5806664,108.9471288,76.07143950000001,17.96981367292225,0.228837442986897,0.228837442986897,86.0793133215491
United Arab Emirates,2016,188.41850295004548,2.783829,110.645246,72.17211052631578,18.9847,0.238402012143843,0.238402012143843,87.72782491436769
United Arab Emirates,2017,177.18014430993733,3.214480999999999,114.4851987,64.17249736842106,20.36142999999999,0.545297680664225,0.545297680664225,75.75208534853313
United Arab Emirates,2018,174.06975373168248,2.896927,116.3894844,62.89757105263158,20.12540000000001,0.969089992074356,0.958061731789768,78.4087337479263
United Arab Emirates,2019,177.48359883648897,2.67513,119.9406593,67.35531021052631,18.863985,2.7328912614361,2.730002217341342,80.07098323574411
United Arab Emirates,2020,175.86959365911648,3.212493,118.2234367,68.49301184210528,17.26747000000001,3.988445157832182,3.987534811638448,84.4124774541251
United Arab Emirates,2021,178.97628387217085,4.059694,129.02795839999996,66.66703331578947,18.495783,3.865540355135659,3.858831327669572,84.86678109360824
United Arab Emirates,2022,176.33419122960098,1.55273,134.60571,68.06613018421052,18.342,4.973731778463004,4.959640072200779,87.26292025777877
United Arab Emirates,2023,181.1791659865512,1.3053641188933809,146.60682854421862,70.76954519996116,19.339477378383755,8.802548815632877,8.789474395145628,91.67557158267547
United Arab Emirates,2024,180.8621818804984,1.095382654787055,154.92590628854884,70.9151231469782,19.339477378383755,8.304343396665171,8.292008960388523,92.37673348890436
United Kingdom,1990,568.3806190883737,106.681,284.416,57.865394736842106,73.93,2.437315668815307,0.002814813424783,211.7661803356524
United Kingdom,1991,578.2740798940866,106.09196487560344,290.842,62.31157894736842,74.747,2.120325203252032,0.003406891211769,218.67984453675763
United Kingdom,1992,559.9059813152398,100.05655362792868,291.453,63.29936842105264,74.429,2.523649479976202,0.012459390175147,217.29620447024843
United Kingdom,1993,539.1027471095134,87.34408470041558,295.746,69.83713157894736,74.145,2.214470972015029,0.067470953445042,217.94272076224087
United Kingdom,1994,531.9914130198379,82.11848119535512,291.782,72.8360789473684,73.316,2.578356871789688,0.104751490870999,219.439743754496
United Kingdom,1995,523.1066764471551,77.21378139056121,303.805,77.70394736842105,71.846,2.52154675623651,0.117051499666208,217.46017274402664
United Kingdom,1996,541.7360334606781,72.16464478870833,319.778,90.49826315789473,73.704,2.063733188169943,0.139083247593831,226.4032761604518
United Kingdom,1997,519.0136513674435,63.517862348772674,321.066,93.06281578947367,71.718,2.4045673090633253,0.190209487090279,219.517326274326
United Kingdom,1998,521.759018634873,63.59337092771819,325.35,96.83697368421052,69.945,2.832344921326815,0.241795628930557,222.40740475619847
United Kingdom,1999,517.699874439303,56.51315289362721,332.054,103.08768421052632,70.485,3.400225993611336,0.231154523131749,222.30864215130552
United Kingdom,2000,526.6602022811888,60.101984961789945,340.297,106.66365789473684,68.329,3.358536501276955,0.251412871384282,224.08034801939127
United Kingdom,2001,541.409282920871,63.85492121587669,342.505,106.16665789473684,67.792,3.111047584396683,0.251305907118168,225.305743062529
United Kingdom,2002,525.3737582764045,59.013664645374725,344.109,104.782,67.138,3.5581941241636468,0.325115494761741,220.40676970442365
United Kingdom,2003,538.8661866403095,63.7428823999366,346.616,105.06994736842104,67.946,3.353105741364849,0.323457174571444,224.6196176296584
United Kingdom,2004,538.2503559882839,61.33302951141618,347.721,107.3596842105263,68.81,4.26119560223087,0.492223178406151,223.36515341468188
United Kingdom,2005,536.8649670690926,62.49559597813645,357.195,104.62226315789474,69.068,4.987498619325428,0.7310044281999011,224.4674276249579
United Kingdom,2006,538.7496971389986,68.22854761846003,353.863,99.22668421052632,68.121,5.527294145483194,1.066242451854219,221.08285336769032
United Kingdom,2007,526.956013228527,63.82151537544499,351.449,100.32160526315792,65.615,5.934027165284883,1.332560542297709,212.74361766288945
United Kingdom,2008,515.4361041848302,59.13594772145902,350.669,103.063,63.602,6.771654353243106,1.906287689233704,209.4471970469652
United Kingdom,2009,468.3048579469326,48.74297396469772,329.635,96.12305263157896,60.267,7.786662278967441,2.549023250382818,196.8830614257972
United Kingdom,2010,485.6308007498656,50.73364132823242,336.363,103.76413157894736,59.987,7.663732072415684,2.698085111941273,204.3424131178202
United Kingdom,2011,445.8905467478288,50.53446621529882,324.802,86.29834210526316,57.416,10.35865993754637,4.40491040975342,189.3755747433476
United Kingdom,2012,469.5581858102859,63.79921498199473,324.431,80.95123684210525,56.666,12.141505313728343,5.824637350744526,195.0400348678472
United Kingdom,2013,455.5338663496469,60.80406561294292,323.351,80.34863157894738,55.232,15.670060497097982,8.489973450512146,191.91939570966213
United Kingdom,2014,414.3128680616321,48.91466645425061,309.637,73.75589473684211,55.141,19.95890013443328,10.66405301527328,180.18890210332012
United Kingdom,2015,397.8073999688093,38.53183580442117,309.336,75.85994736842103,57.213,25.473247011421822,14.143422169762482,181.529441389864
United Kingdom,2016,371.6588738864033,19.13501651689624,309.443,84.09484210526317,58.823,25.48570174710299,14.10076976906928,176.9803263549284
United Kingdom,2017,359.7906812067747,15.411704655703296,305.098978,82.3226052631579,59.184586,30.15465361814361,18.10825994209377,175.276092768659
United Kingdom,2018,353.45836854057967,12.97409591946149,307.856844,83.01602631578946,58.005628,33.87418141750232,20.95358588297368,174.49984182601253
United Kingdom,2019,339.5793363117332,8.83894782624415,305.117114,81.99942105263158,56.663,37.565604334730615,23.59865862632755,167.5753361750548
United Kingdom,2020,301.0287341167305,8.025480042578506,290.201239,77.01468421052633,47.468,43.79337258342962,28.32371538709931,154.74521837987177
United Kingdom,2021,319.28174968728166,8.336249717819355,292.339033,81.00318421052631,49.55,40.36012305142878,24.956101583736,159.04001117740296
United Kingdom,2022,309.4246973011587,7.642661803112955,280.1275750000001,74.63965789473686,50.161,42.3194905413197,28.91517341733877,152.9481446515302
United Kingdom,2023,292.33956407894584,6.540022035547851,276.8262258288247,66.83639596303962,49.68158525944951,47.4797184416721,32.887073041068746,146.26421349321177
United Kingdom,2024,280.2004887641928,3.599883899806818,279.5548702774193,64.89267872995603,48.79763046035199,51.99924527593763,34.70690777094872,144.97426917053866
United States,1990,4790.5769487074185,819.284,2712.555,535.5301315789474,731.993,11.963166834492164,0.6134304101042031,1911.019421281574
United States,1991,4759.681213868659,815.864,2854.26,544.3683684210527,715.748,11.328147894891082,0.6135830809807561,1928.655680782092
United States,1992,4843.02820766291,825.695,2865.559,558.7962368421053,728.862,10.477562426525528,0.633038893576602,1966.4188956869389
United States,1993,4961.954725735984,856.313,2963.142,578.3840263157896,738.082,11.002849370324336,0.636945662625172,1999.342996542746
United States,1994,5022.626621988781,862.4570000000001,3047.324,590.5675263157895,759.017,10.308613807369364,0.6273328851698671,2039.291516328219
United States,1995,5015.148882789739,871.751,3135.807,613.6611052631579,753.244,11.392239331299898,0.529435969932838,2064.040967776876
United States,1996,5185.341323446923,912.817,3221.305,626.1713684210525,779.425,12.201313998121304,0.545604568044466,2113.585215470887
United States,1997,5413.411472173706,937.437,3270.628,647.1048684210526,826.809,11.591928881734946,0.515397563044117,2134.8414707135607
United States,1998,5503.871322359562,944.018,3373.86,636.7906842105263,854.362,10.221775862037456,0.503251673611384,2150.3735826232805
United States,1999,5527.960041697332,947.212,3459.621,638.850447368421,871.531,9.62633142425513,0.544141168815641,2205.512013589736
United States,2000,5671.891385361824,982.804,3589.779,664.6026578947368,865.998,8.812616481936463,0.51768378699755,2267.0274396223845
United States,2001,5579.576688032251,961.748,3554.396,634.9925526315789,880.264,7.422489339139168,0.56494865737702,2219.35458098752
United States,2002,5545.190704907029,970.257,3631.904,655.7042105263158,843.881,9.203825115029916,0.656657911886095,2245.000056273552
United States,2003,5629.061775488583,995.129,3662.327,637.5911052631578,859.631,9.4946204631135,0.6898243014539791,2254.698907273699
United States,2004,5709.291522041205,1005.558,3716.318,638.3517105263159,888.495,9.216198115575724,0.753247537160563,2297.7099681379264
United States,2005,5729.544399579223,1018.2029653846524,3811.487,628.7638947368422,886.866,9.120923032213357,0.848227259517582,2309.2723715765947
United States,2006,5629.803593647741,1008.6559999999996,3817.56,618.9497105263158,871.167,9.78948021905534,1.063561902339338,2286.5811449098114
United States,2007,5722.251304243378,1020.9910346153476,3921.94,660.0703684210525,860.057,8.913912025749907,1.2465283213800231,2325.5514245763047
United States,2008,5526.514730978767,1017.7770000000002,3907.229,663.6189210526315,804.081,9.530176882745788,1.727209065575523,2267.0644508514056
United States,2009,5121.709942317521,904.153,3724.658,650.0557105263158,754.965,10.780630889292931,2.254468789209723,2156.0688778087965
United States,2010,5356.984377305809,953.574,3894.367,685.2196315789474,776.767,10.61439831172361,2.750095353814038,2207.9584417498613
United States,2011,5140.624858344571,910.229,3885.019,694.4370789473684,728.558,12.686393699636026,3.425641280314374,2187.1874081069905
United States,2012,4922.789626789832,806.9269999999998,3830.933,731.2835526315789,715.34,12.41296210839358,4.063151123603362,2133.191250521553
United States,2013,5060.938965567986,837.121,3873.143,744.5476578947369,725.28,13.028580212898516,4.838482332339689,2182.904664108894
United States,2014,5074.916550359984,830.644,3895.216,759.4171315789474,730.677,13.379294074170156,5.361385006028288,2208.213364656574
United States,2015,4944.338376584217,721.973,3895.365,784.6538684210526,744.443,13.632808057335854,5.857370553180923,2180.803444534112
United States,2016,4846.539777781976,663.2719999999999,3922.011,794.3635263157895,747.401,15.259444734174016,7.032955286371846,2157.782073638726
United States,2017,4761.086872932595,650.3189999999998,3886.956078,783.7865263157895,745.21753,17.285418486325884,8.221274802244517,2149.3437040436006
United States,2018,4910.426204975659,624.7912027189378,4042.840012000001,869.5277894999999,761.4282509999999,17.162882859110017,8.642579056533547,2213.121600664229
United States,2019,4746.290778004747,532.9991931223622,3964.472686,900.1405981052632,755.6445090000001,17.93827135656913,9.543241597636474,2213.296148989807
United States,2020,4262.604150775309,433.3096819022249,3903.674412,875.5735864473684,668.082454,19.916696245022685,11.38118237257878,2039.8062930952087
United States,2021,4550.7339130513765,494.9319134071226,3956.9191700000006,883.2993397105264,722.7380140000001,20.273306936592185,12.752974861194188,2141.599002066722
United States,2022,4610.561638816698,465.708,4126.373048999999,928.1389637894738,740.7123819999999,21.83799100633029,14.458572864477356,2176.776825227882
United States,2023,4439.125327154015,384.78614949400185,4069.026510087215,937.5521034088208,739.3150587946473,22.15197964636805,15.01748858747459,2162.435797264997
United States,2024,4415.583687092279,370.7860245110864,4145.49593611385,950.3537697967264,727.8935599753663,23.419997058289603,16.556093907171856,2180.383711864441
Uzbekistan,1990,110.48922522167923,8.94,45.62,40.09198890191564,10.956,11.802929427430092,0.0,48.305928817359046
Uzbekistan,1991,111.14635276935464,9.29,45.578,41.17299423608956,10.405,11.134496446044494,0.0,48.91593179906236
Uzbekistan,1992,101.065141225422,6.712,42.527,41.109,8.706779999999998,12.337215925831352,0.0,45.54076214605263
Uzbekistan,1993,104.2637436477701,5.193,41.582,43.625,8.0189761,14.970803068221125,0.0,47.5733311
Uzbekistan,1994,98.34299354727084,5.238,40.441,41.80831578947369,7.241488100000001,14.970711297071132,0.0,44.78990545263157
Uzbekistan,1995,89.21160846068128,3.028,39.211,41.87831578947369,6.322961999999999,13.04027142646408,0.0,42.59614259868421
Uzbekistan,1996,89.69139345076636,3.397,39.788,43.46765789473683,6.0994652,14.36655070676824,0.0,44.02686665131579
Uzbekistan,1997,91.91421254513266,2.792,40.293,44.13673684210526,6.714,12.541519223671926,0.0,44.67882473947368
Uzbekistan,1998,107.47778400903267,2.92,40.137,50.47610526315789,6.7105,12.54466230936819,0.0,49.8266191442872
Uzbekistan,1999,108.54914202114983,2.898,39.738,51.855105263157895,6.48,12.54525386313466,0.0,51.25013253059665
Uzbekistan,2000,107.96399627996612,2.507,41.148,51.015526315789465,6.31,12.544810515534314,0.0,50.8186263670098
Uzbekistan,2001,109.23529703027572,2.644,41.03,51.80518421052631,6.178,12.545263157894738,0.0,51.30804951437823
Uzbekistan,2002,113.12551892224592,2.669,42.074,54.59402631578948,6.02,12.545122693165686,0.0,53.45035246746494
Uzbekistan,2003,110.8476342595928,1.866,42.156,51.88497368421053,6.613,15.425101214574898,0.0,52.98147458483273
Uzbekistan,2004,109.10962153262238,3.296,42.668,50.37092105263158,5.6765,18.020000000000003,0.0,52.60145464435156
Uzbekistan,2005,104.4391259648224,3.185,41.991,48.85684210526316,4.542,17.540650406504067,0.0,48.94345937198885
Uzbekistan,2006,107.1438710319168,3.4130000000000003,43.457,49.94357894736843,4.557,17.98900235663786,0.0,50.21775627914872
Uzbekistan,2007,107.55147410469728,3.608,41.778,50.5808947368421,4.058,13.074565883554648,0.0,50.052600345124446
Uzbekistan,2008,106.81235965765345,3.518,42.163,52.446236842105264,3.8852,22.995951417004047,0.0,51.99798623393378
Uzbekistan,2009,96.79854886477403,3.817,42.78,46.07500000000001,4.0025,18.67867867867868,0.0,44.21131983796073
Uzbekistan,2010,94.6919352841331,3.713,44.28,45.57647368421053,3.5675,20.97872340425532,0.0,43.560121776908105
Uzbekistan,2011,103.2366239864304,3.905,44.881,50.890921052631576,3.286,19.541984732824428,0.0,47.56796048693111
Uzbekistan,2012,105.06175080560406,3.944,44.969,52.55602631578947,2.928,21.35238095238095,0.0,48.64394558531731
Uzbekistan,2013,100.21073113989355,5.717293999999999,44.56456749999999,47.244736843157895,3.5565,10.443744194975228,0.0,46.86607304276824
Uzbekistan,2014,100.10179845490195,5.26451939,51.0235,45.188860723684215,3.295968,10.893766490777002,0.0,43.50161163527525
Uzbekistan,2015,97.03986663958928,4.235626,52.0295,43.86735372631579,3.507469999999999,11.886868041122446,5.225224324540913e-06,43.17875439810594
Uzbekistan,2016,102.61057328221392,5.004702246,52.9467,46.577333502631575,3.565989,11.699987826075033,0.000511652772508,43.086947203933626
Uzbekistan,2017,100.5073088778332,4.7258958,55.3397,45.97939498421052,3.580931,13.146327567882825,0.001160420644526,44.06824826449498
Uzbekistan,2018,96.78196256080764,6.752734,58.7110064,42.68942025631579,3.7998574311,9.449980234021938,0.000320473074661,41.08530993497705
Uzbekistan,2019,101.15641600034964,5.6980601,59.442808,44.26075156,3.966398,10.278420149869268,0.0247377100589,43.64091746333752
Uzbekistan,2020,97.9910809542488,8.004366,56.80507599999999,41.61013117052632,4.200943599999999,7.539463480766282,0.023753505840814,43.07151150062593
Uzbekistan,2021,116.80427958239142,6.838308,62.570134,53.58172213157894,4.345773,7.032937374462018,0.070294688496929,50.39055168526776
Uzbekistan,2022,111.01359743477882,8.159961000000001,63.767026,47.88537615789474,4.735233999999999,9.317736278526484,0.586834539522046,48.66933022159533
Uzbekistan,2023,113.4916590009427,10.770166358824005,61.72453157336276,46.84786403052081,5.053971984357022,9.652840142569362,0.807138248215266,49.70399471238863
Uzbekistan,2024,118.99727968168725,12.377817100410777,63.47751091740879,48.92884968297849,4.895685029976634,10.914041241584826,0.771244541360084,52.4045902000106
Vietnam,1990,16.35233482422789,3.691,6.2,0.003184210526315,2.6790000000000003,61.85650120925948,0.0,19.67533880604808
Vietnam,1991,17.48247032713442,4.326,6.55,0.002631578947368,2.579,68.62255965292842,0.0,19.847764102855184
Vietnam,1992,18.055450964782,4.021,6.975,0.0,3.006,74.11703239289447,0.0,20.25114672273046
Vietnam,1993,21.165238788452,3.943,7.833,0.0,4.034,74.45780850459325,0.0,21.66582439006563
Vietnam,1994,22.783296155026,4.212,9.233,0.0,4.348,74.51242989871933,0.0,21.677872114211706
Vietnam,1995,24.62324184928375,4.808,11.198,0.228078947368421,4.421,72.2419442927362,0.0,22.494065259049343
Vietnam,1996,29.178399181637428,5.671,13.375,0.334947368421052,5.157,70.86874409820587,0.0,24.138545065329016
Vietnam,1997,36.49632760867876,8.114,15.301,0.6103947368421051,5.587,60.97013366750208,0.0,27.010638012780603
Vietnam,1998,39.41649004433916,8.172,17.725,1.014736842105263,6.376,51.15732202139432,0.0,28.1603361418522
Vietnam,1999,39.499957103413806,7.549,19.55,1.154657894736842,6.91,58.46597903136805,0.0,29.18449010963206
Vietnam,2000,43.42004480704504,7.808,22.692,1.370605263157894,7.679,54.78332894092844,0.0,31.10468655018534
Vietnam,2001,47.871812645206695,8.972,25.746,1.372842105263157,8.395,59.494249869315205,0.0,32.901853672945904
Vietnam,2002,56.16229497631199,9.851,30.068,2.832684210526316,9.475,50.838082467314784,0.0,35.11716232727427
Vietnam,2003,59.275463822052025,10.4,34.835,3.315605263157894,10.068,46.39218081857056,0.0,37.59537643573277
Vietnam,2004,72.21663720492765,13.114,39.596,4.4622368421052645,11.478,38.55958795905559,0.0,41.16689132994438
Vietnam,2005,77.43798186014823,14.574,47.109,5.743631578947368,11.439,31.67399731623677,0.0,42.39813707949703
Vietnam,2006,79.3997163875202,15.547,53.842,6.269973684210526,11.079,33.8187889507877,0.0,43.90789701790534
Vietnam,2007,87.60127685760767,16.654,61.339,6.6815,12.912,34.45359758088586,0.0,47.39116611024716
Vietnam,2008,98.50843614721128,20.638,67.836,7.784236842105264,12.649,35.481497629298595,0.001362472069322,50.89248995531968
Vietnam,2009,111.22466013964632,22.506,76.913,8.693131578947368,14.458,36.13225127742712,0.012022843402464,53.27658639133594
Vietnam,2010,127.78507882417576,27.272,85.669,9.945394736842108,15.995,29.515344625188668,0.052406506791883,57.089296325117154
Vietnam,2011,131.69006868697903,30.997,93.523,9.255236842105264,14.871,39.613364514644985,0.083384450237693,60.16369431132696
Vietnam,2012,124.06835560506045,28.118,104.255,10.103605263157895,13.986,45.19724685100107,0.077983284452506,60.12844707005499
Vietnam,2013,128.60558699483593,30.45,115.283,10.434157894736844,13.941,45.99441631571475,0.072556349469234,61.90343255611032
Vietnam,2014,137.96367954029233,32.763,128.627,10.940447368421053,15.238,44.10172658484228,0.213951033740078,69.59139824633543
Vietnam,2015,159.32493989164655,38.134,143.683,11.48078947368421,18.609,35.22147601746853,0.159638885830672,69.93086856217474
Vietnam,2016,164.91861165425993,38.726,159.791,11.613105263157896,20.4832,36.78937314550269,0.121660528590224,77.02792768182789
Vietnam,2017,161.36421888616042,38.128,174.653,9.487473684210526,19.9024,44.94783349034504,0.136020836377009,76.73238623408947
Vietnam,2018,239.87429567730248,71.29982142857142,192.701,10.10596052631579,21.5217,39.75112453623141,0.196060957133945,89.72135134147544
Vietnam,2019,299.020425773904,96.07235714285714,207.04888888888888,10.43649210526316,22.1756,38.87842752856812,2.280719856235114,103.84855341161042
Vietnam,2020,306.5543581258087,101.96326785714284,215.743,8.970157789473683,21.062792,35.55738813367725,4.327713525020196,101.2191569674474
Vietnam,2021,288.6527567076072,99.31308014285712,223.528557,7.601025184210526,18.933276000000003,44.12772528691413,12.282917713551967,103.41228137393684
Vietnam,2022,289.0068268830174,95.22253533242856,225.448181054,8.299373131578948,26.09242473198647,49.08909279596139,12.836926463803566,105.79225660798151
Vietnam,2023,341.059719173611,118.0132986575584,235.15982705353528,7.670531272839436,26.98833319743262,39.98692679226137,12.716901119890828,115.76592926193771
Vietnam,2024,387.64591636027,130.75970519530875,256.8815356780505,6.491588885096406,34.294287105720834,39.0313646178771,11.94139348498801,125.83599877189674
