country,year,co2-emissions,coal-lignite,electricity,natural-gas,oil-products,renewables,renewables-wind-solar,total-energy,renewable_share
0,1990,-0.3962702706070942,-0.1946685857000303,-0.4347956710443209,-0.225987991736885,-0.2538929695193694,-0.5122824762156195,-0.0742538178313384,-0.3825976971902437,0.039604648109123765
0,1991,-0.3866067738568754,-0.1949987092552284,-0.4334250359378719,-0.1981286089435598,-0.2472519225364322,-0.4825941881316572,-0.0742538178313384,-0.3689280396561484,0.07292029939410227
0,1992,-0.3782425747397512,-0.1959603735247185,-0.4286343816041492,-0.1881773045040832,-0.2375097217558339,-0.5035616237466416,-0.0742538178313384,-0.3620546779797132,0.045023972780383226
0,1993,-0.3698953344546783,-0.1987736003429283,-0.4288839860804035,-0.125718611607827,-0.2483387827158586,-0.4780958616060608,-0.0742538178313384,-0.3493631014801949,0.06985837464482215
0,1994,-0.372794849475085,-0.197295220943563,-0.4273688431192809,-0.1212702595834871,-0.2596061390220445,-0.5124090123577189,-0.0742538178313384,-0.3425326308594109,0.030884672702254944
0,1995,-0.3746283566313083,-0.198888425927345,-0.4246450890099798,-0.1201973607475055,-0.2643397107874789,-0.5073737049349025,-0.0742538178313384,-0.3502057147501681,0.0377941569825816
0,1996,-0.3799647431737329,-0.2016155335572423,-0.4221446652215377,-0.1285207135137389,-0.2664511067565347,-0.5195701006287067,-0.0742538178313384,-0.3529416383694583,0.02467978070360512
0,1997,-0.3784806496006759,-0.202189661479326,-0.421089319979831,-0.1095153383969964,-0.2703800119727832,-0.529352927344571,-0.0742538178313384,-0.3429830948271608,0.012945860628826694
0,1998,-0.3666670138510205,-0.1981851192227926,-0.4167497053137258,-0.0907240550889119,-0.2627359916417757,-0.5267556883325247,-0.0742538178313384,-0.3294054257020839,0.01462973912115228
0,1999,-0.3551943027577189,-0.1976971104890215,-0.4110701087224659,-0.0627750099141828,-0.2563124351057781,-0.5273783083296993,-0.0742538178313384,-0.3467763896392056,0.015361278999307448
0,2000,-0.3165300707383089,-0.1988597195312409,-0.4040943204650435,0.0378780276155758,-0.2294824143568864,-0.5341158327811778,-0.0742538178313384,-0.3120374962886848,0.006749211342512229
0,2001,-0.3535291146378065,-0.19809900003448,-0.401650824013291,-0.0622345958330686,-0.2500529307422115,-0.532487701919633,-0.0742538178313384,-0.3338045469530026,0.009157167612322565
0,2002,-0.3447809049742033,-0.1952427136221139,-0.3969521292234516,-0.048893810373176,-0.2368789767290153,-0.5343365858985138,-0.0742538178313384,-0.3244732111048091,0.006949641200063079
0,2003,-0.3399891614693282,-0.1941662237682071,-0.3883648594351243,-0.0388833394812022,-0.2316474864798013,-0.5102642712158575,-0.0742538178313384,-0.3158744730226487,0.028979258661734723
0,2004,-0.3291806066964723,-0.1990032515117618,-0.3842135428826845,-0.0134850975596956,-0.2240510948809457,-0.5135071005450127,-0.0742538178313384,-0.3088549228195567,0.025139074289384517
0,2005,-0.3174726047034748,-0.19652014824875,-0.3770056662526046,-0.0158956132479677,-0.2078510036447798,-0.4826302871012094,-0.0742538178313384,-0.3147796327941153,0.054311522500913235
0,2006,-0.3031938862726022,-0.1946685857000303,-0.3718690688728453,0.0467637525971447,-0.2146749216998661,-0.5199384176692607,-0.0742538178313384,-0.2895291550565678,0.01779548308198959
0,2007,-0.2904954721913632,-0.1927883167552064,-0.3648013210715397,0.0697386704225676,-0.1960952123115824,-0.5203315716011583,-0.0742538178313384,-0.2749887737939362,0.0164647693555599
0,2008,-0.2804711279329632,-0.1928026699532585,-0.3560345112213453,0.0710506689422928,-0.1749188595105265,-0.5169907136224929,-0.0742538178313384,-0.2720213422022861,0.018838142039117333
0,2009,-0.2611910010423997,-0.2006825756838564,-0.3650771997031892,0.1011296531364913,-0.1582261518569903,-0.5138007033152168,-0.0742538178313384,-0.2487021601428638,0.019505590909761287
0,2010,-0.2578655686607737,-0.2026489638169929,-0.3405853078489746,0.0962805651626122,-0.1564681758818836,-0.5282558517857724,-0.0742538178313384,-0.2539459022133292,0.009516353069203499
0,2011,-0.2354424563753774,-0.2036536876806392,-0.3293312112880358,0.1508227407239026,-0.1449042421740716,-0.5073384788445328,-0.0742538178313384,-0.2420962546615761,0.02349438556943983
0,2012,-0.2064131395620198,-0.2037254536708997,-0.3079265326927558,0.2501698792156643,-0.1217118618786271,-0.5037215498420748,-0.0742538178313384,-0.213917446148542,0.02364404158158311
0,2013,-0.1956917021026204,-0.2056200758137757,-0.2975000720267653,0.2694448514247909,-0.1071480792591652,-0.5223056362674554,-0.0742538178313384,-0.2030232625324268,0.011618265480134497
0,2014,-0.1714628873454396,-0.2067109188657346,-0.2861540159219433,0.3469735338267876,-0.0977775834652478,-0.5203224030952519,-0.0065367805926262,-0.1744893591374586,0.011780418887002172
0,2015,-0.1495611629478951,-0.2068831572423597,-0.266509705738141,0.4149022419368484,-0.0903102176260331,-0.5249966586671245,-0.0165661240292553,-0.1581089098871523,0.008776481269894216
0,2016,-0.1599539429911791,-0.2099547416255071,-0.2572480659613372,0.4050951634025228,-0.0961325050298268,-0.5204025554085898,0.0363693052424663,-0.1616688567437572,0.011324438489133396
0,2017,-0.1523233676460041,-0.2047273068949356,-0.2387072703041327,0.4385588988350267,-0.1034224604495354,-0.512381633634182,0.0928594713441643,-0.1476741036025108,0.015047891470138458
0,2018,-0.131480025742229,-0.2012897159614599,-0.2315563210107424,0.5230519694742243,-0.0968711775037708,-0.5059546113675271,0.1159510668909545,-0.1248238822275955,0.01732331070876316
0,2019,-0.1171368815727133,-0.2027632081315335,-0.2125995178931142,0.5577060529230745,-0.0888377111441318,-0.5055802713761167,0.1108872179062376,-0.1084368016559463,0.016820803966402655
0,2020,-0.1453682758044126,-0.2067071941761951,-0.2278472860741217,0.513983808994167,-0.1261817819109653,-0.509679930436357,0.1122609992006788,-0.1360090640392594,0.015952543826431888
0,2021,-0.1150336585161362,-0.2033393526432984,-0.2076774927824156,0.6206830187817715,-0.1228925282204407,-0.5144819791024865,0.0935011981218717,-0.1036272590361157,0.01251201268216004
0,2022,-0.0864995665697279,-0.2057509626268127,-0.1818630650422288,0.6916892771229504,-0.0969514637827072,-0.5154872355781215,0.0855483839532574,-0.0750913696565979,0.011286859885977359
0,2023,-0.0869759863265986,-0.2062156315894902,-0.164172663110978,0.7180895888455052,-0.084054711464918,-0.5167815524171249,0.0745341164519491,-0.0884607201208886,0.011052630817174999
0,2024,-0.0861410355160314,-0.2062156315894902,-0.1448628214613724,0.7400760456091223,-0.0937706432171011,-0.5181297051246684,0.06642887024463,-0.1148643227103337,0.011119492914492105
1,1990,-0.2336492615785941,-0.1933075911014395,-0.3106590448538553,-0.0558680259847827,-0.068480729978387,0.7085284918431805,-0.0742538178313384,-0.2168994300347426,0.7892590137155931
1,1991,-0.2450211965229415,-0.1935622933527816,-0.3064508009647261,-0.0628829417034543,-0.0800411606368248,0.525563631698664,-0.0742538178313384,-0.1993009058534634,0.6375951600780875
1,1992,-0.2167027560831622,-0.1897023791740069,-0.2939399239707174,-0.0128060419044916,-0.048377889238585,0.6781714271662331,-0.0742538178313384,-0.1874192589035001,0.7033058630655293
1,1993,-0.2045187555811465,-0.1921854819328712,-0.2771288435436961,0.0135343197898535,-0.039494767285025,0.8268543205108166,-0.0742538178313384,-0.1959994206015969,0.8094716847206491
1,1994,-0.1904784277112686,-0.1853103000659196,-0.259897376630352,0.02422471475868,-0.032536903203946,0.9343526516841552,-0.0742538178313384,-0.1857848468377239,0.846953207694285
1,1995,-0.1913858625749373,-0.1873915147917676,-0.2454422121370993,0.0441647704247685,-0.0370628736390941,0.8680019663312705,-0.0742538178313384,-0.1647110442162847,0.7618707387576832
1,1996,-0.1606941463474536,-0.1878508166252871,-0.2309520154366531,0.1722288281694813,-0.0382575989502426,0.6237843609574166,-0.0711155873874173,-0.1449844988049411,0.5973720816029997
1,1997,-0.1731146816968412,-0.1900037968372482,-0.2137555807305025,0.1450534543691859,-0.0444299767861359,0.8270627760453546,-0.0697471702009002,-0.1275562621149087,0.6709939259604916
1,1998,-0.1566986513124403,-0.1897310855701111,-0.1923509021352225,0.1692652084042196,-0.0246211938166653,0.7278519161484894,-0.0645310778396626,-0.1186970532362695,0.6088606293558941
1,1999,-0.1345979130295944,-0.1887550686067163,-0.1794283967066892,0.2339792337005727,-0.0186365162046095,0.4143091958122885,-0.0647955963434982,-0.1010047324973888,0.4394438293884718
1,2000,-0.134554978560933,-0.1927452566569027,-0.1634843634077092,0.2776905222446461,-0.018813818565042,0.6142121455346412,-0.0656463061080381,-0.1056399633205593,0.537188957317884
1,2001,-0.180781630723693,-0.1957004584826884,-0.1574150335114207,0.2229657807308134,-0.0710531229996349,0.915365756894086,-0.0623532591314827,-0.1289534100033935,0.7167921218452691
1,2002,-0.204266885903686,-0.1983286448636231,-0.1650170224724285,0.2064934314541294,-0.1037611530685926,0.96915201132444,-0.0554261102681839,-0.1544991136629624,0.7941793017940432
1,2003,-0.1781513135042762,-0.1966923866253751,-0.1413483874872632,0.2951742323530086,-0.0916004752224416,0.7753284942547851,-0.0557774822804786,-0.1249734634255241,0.6414853737462898
1,2004,-0.1294586739821995,-0.1939365720952263,-0.1164755203798185,0.3681625664235016,-0.0446028422732587,0.5640747037989481,-0.0585002390528126,-0.0657827612455579,0.46950970309485607
1,2005,-0.1077043995833232,-0.1910372270896922,-0.0944533991327516,0.3886520986103806,-0.0147172506964447,0.6194882515487138,-0.0588851277088543,-0.0554605110741006,0.48225676862717426
1,2006,-0.0888843172135345,-0.189085191160926,-0.0576476864499923,0.4268918097329986,0.0137490575243197,0.666426895719711,-0.0609237824012769,-0.0221757714770534,0.4686942028776228
1,2007,-0.0733077511457168,-0.189659320083998,-0.0623069700067389,0.4849334413986029,0.0019109440772709,0.5077731082455907,-0.0618303108042479,-0.0243752391246202,0.4089159882722664
1,2008,-0.0409985855449461,-0.1885828307269321,-0.0210171348032008,0.5019290372859201,0.0390864910737934,0.3843716087210562,-0.0666972630496898,-0.000588186657802,0.34453209673048824
1,2009,-0.0699950360709147,-0.1924438395051153,-0.0239291870261675,0.4830316229957658,0.0155715463792469,0.4764015436787381,-0.0677847187425466,-0.0144195909843992,0.3889908380068414
1,2010,-0.050401899388382,-0.1883675312583215,0.003991482107119,0.4831792304535871,0.0397961327518181,0.462343598123874,-0.0698714796298526,-0.0061287804535457,0.3775166671450685
1,2011,-0.0254759400400951,-0.1844204022981439,0.0181488728392261,0.5344051177992821,0.0567307637046809,0.3732028838573414,-0.0695250274780086,0.002241091282398,0.3385577283614042
1,2012,-0.0074615405763118,-0.1831573213590943,0.0350519128101305,0.5739078012634728,0.0761813969705404,0.2962682280550514,-0.013086898697642,0.0041971302485557,0.3089418474521326
1,2013,-0.0048890758122812,-0.1847505258460355,0.0397462285740707,0.5150594849241792,0.0902935894312594,0.3604042494979896,-0.0001280786871018,0.0161379321038841,0.32528496542405605
1,2014,-0.0185436586120617,-0.1791814854986652,0.0630470253837034,0.5316965026498176,0.0703913660066569,0.5687264571496088,0.0262860924917687,0.0227308061446825,0.39561780562030147
1,2015,0.004089530562619,-0.1804732738275007,0.0756542409474946,0.5434403050910663,0.0986641355879601,0.5209938211447885,0.0184054633319958,0.0335365147875026,0.3713151053845297
1,2016,0.0013654295507408,-0.1869322119499533,0.074160993115868,0.5504850631492585,0.0958900817556817,0.4307288034524452,0.0098345000708817,0.0337717157173459,0.3396281899195602
1,2017,-0.0090201152528891,-0.1861140796609841,0.0751243788136916,0.5754596490932461,0.0724073935010453,0.5271594242539779,0.0203522549483532,0.0264430649943845,0.3782535240629149
1,2018,-0.0437370239892336,-0.1839611004500114,0.0739989691575977,0.5253405932202823,0.0352479747244779,0.4923332674792552,0.1449360714179066,0.0134803367329272,0.37469778079673527
1,2019,-0.0689765853792278,-0.1950561225442777,0.0603145132226039,0.482336529717715,0.0200229350868565,0.5870726742097618,0.7966690643590055,0.0141192745856548,0.40855104703611567
1,2020,-0.0958869171798444,-0.1909896888009028,0.0555102663924901,0.4401976892873008,0.0119063494941894,0.3560146789963164,1.5539963109046715,-0.0286276348876851,0.35275774651675046
1,2021,-0.0167885611909838,-0.1827410786228902,0.075400257445341,0.663884549955547,0.0439624390435013,0.3091881615212679,2.08464345317329,0.0253316889980797,0.30170991017440424
1,2022,-0.0437430026849818,-0.1816358813718908,0.055033407988171,0.4628100112224301,0.0560630392703195,0.4848944451542447,2.488332278002801,0.0221142653927511,0.3661563222783894
1,2023,-0.0678003501795266,-0.1855476467318223,0.0545035458543681,0.4262805106618123,0.0472151139311676,0.8283745885702566,2.4706203585910025,0.017701830067075,0.4926421812491329
1,2024,-0.0890796372622649,-0.1924239753287301,0.0519377716753572,0.4216214195399017,0.0248645679477154,0.749498736271294,2.795886028813563,0.0089899569331922,0.4718184077096543
2,1990,0.2974051884211482,1.140681195076249,0.0984996190636106,-0.1385324028223246,0.1172922296361091,-0.1897611129376566,-0.0742538178313384,0.0905476684894413,0.11158842589732693
2,1991,0.2995280307683154,1.1962567779339452,0.1099288766605175,-0.1664375317286109,0.1080991442616979,-0.1661648049297371,-0.0742538178313384,0.0809730912455209,0.12094782496582238
2,1992,0.3154250636555601,1.235699366181091,0.1170097615395206,-0.1521067994083224,0.1054541161890604,-0.182071179926488,-0.0742538178313384,0.0958969331683752,0.11304913983924975
2,1993,0.3244331458654906,1.2099640820736923,0.1350688643478132,-0.1369453176766599,0.1171954603163785,-0.1655903167322175,-0.0727792963346072,0.1231511399718534,0.1132787042680221
2,1994,0.3283149723488183,1.2172555066841542,0.1517485739978585,-0.1180912097067754,0.1301625491602849,-0.180358564373137,-0.0720268984901428,0.123888218928998,0.10870553454714381
2,1995,0.3586753339297912,1.249851619460453,0.1719796736521533,-0.0846483613395017,0.1486132327889278,-0.1993111919456669,-0.0713400348669575,0.1375224721313558,0.10088894374983647
2,1996,0.4131142980183709,1.3579312007926978,0.1896183899741229,-0.0838542088184965,0.1679993531749668,-0.213758222753587,-0.0710423046404438,0.1847549815709639,0.09022052989806259
2,1997,0.4385171795178957,1.4403472640078037,0.2123849456240535,-0.0799609096314184,0.1699669960094899,-0.2011670195563982,-0.0706564123930616,0.1919364424649496,0.09275093131523895
2,1998,0.4936609900354244,1.5853432707300268,0.2548965290534679,-0.0604017015737597,0.1769182588101412,-0.241554773022309,-0.0702115854189931,0.2114295456918565,0.07958811561453397
2,1999,0.5140064955111253,1.6220300449511709,0.2785564059868347,-0.0405430089632488,0.1841598295699844,-0.2378088605705421,-0.0675863085104307,0.2289854703156125,0.07871150109649608
2,2000,0.5305472293529601,1.625403046493412,0.29780222481381,-0.0140291718391537,0.2015944353414555,-0.2436333433173995,-0.0642362251154099,0.2385244412009946,0.07624048536477733
2,2001,0.5165860421818914,1.6282162733116214,0.3336357937469474,0.015325193925741,0.1977559189921399,-0.2537051012428687,-0.0494493036368864,0.2130756089656759,0.07619466998045184
2,2002,0.5413990969293019,1.656161949919043,0.3761429981504625,0.0724474502580389,0.1893369881755739,-0.2647731353320918,-0.0343432054610266,0.2392635896398647,0.07076189241498317
2,2003,0.5095732146134083,1.660117339934418,0.3588414668227312,0.0331039632669528,0.2276737670088641,-0.2439209772608552,0.0014515024928079,0.2322615163709309,0.07679486351558894
2,2004,0.5483013883576155,1.7371869913008828,0.3784376077216423,0.0524753072873844,0.2478662983926586,-0.2528102752404965,7.455902850429897e-05,0.2433248280873246,0.0734315754289084
2,2005,0.5493929359847991,1.7645785456337104,0.3801629439259263,0.0457841758316038,0.2518822251614804,-0.2301647641792908,0.0182330903030584,0.2461319758076326,0.07890372850141998
2,2006,0.563239948700394,1.8029711507001416,0.3970440887673346,0.0472206037785832,0.2575593585856781,-0.2156903783233411,0.0958103040628363,0.2744009996483654,0.07966029766759378
2,2007,0.5940581431205989,1.8147993591153777,0.4392141081766116,0.1323126435234854,0.2657363661029175,-0.23747781127372,0.1712262293809314,0.2984423360439042,0.07216967003061722
2,2008,0.6066719252081826,1.802744245068476,0.4429975865535187,0.1557993078658999,0.2843967165909769,-0.2564493667842195,0.2162581900320557,0.3311183074806182,0.0650909716920339
2,2009,0.625036333268323,1.8641543718525613,0.4760066837816734,0.1764430037748238,0.271494140626891,-0.2790662501823745,0.2780095460988885,0.3308250061571405,0.05994745079312043
2,2010,0.6512378600257797,1.7013435696961667,0.4859602096505504,0.1950470329938541,0.3053311460927063,-0.2409474364134569,0.398238508566435,0.3599978412083968,0.0663968009696312
2,2011,0.6479895792940326,1.6313883300811336,0.4986155944992327,0.2049257536007659,0.3409261275336283,-0.1788423299999232,0.5719621495466002,0.3620360586226248,0.07993184570098848
2,2012,0.6517348679481596,1.612571287434843,0.4888722618735172,0.2399105509489159,0.3598767859808794,-0.1741675806055894,0.7384199297040761,0.3531496363903226,0.08177921562958171
2,2013,0.6268618660765528,1.4561357818651044,0.4879307713051896,0.2650733528702262,0.3829562687366381,-0.081822152468433,0.931765026627586,0.3666340563494242,0.1007928224341953
2,2014,0.5988289959986256,1.3833076549487942,0.4877468522174233,0.283454141058006,0.3769726991332933,-0.0312100056365498,1.190179997588586,0.3593765288370017,0.11280553297840534
2,2015,0.6118468040791453,1.4545856364754777,0.5053899475652921,0.2914902082348435,0.3541996525566817,-0.0760436873920887,1.3646449459021883,0.3594573477341173,0.10288572376593032
2,2016,0.6252250778921834,1.4888467202258195,0.5238387836786134,0.2985503583351778,0.3568285524093641,-0.0322954983238534,1.4996819809041937,0.3514293278577665,0.11358357291432238
2,2017,0.667609164203658,1.504419940112338,0.5254486274538319,0.329387237901145,0.3662884146700527,0.0054850723734055,1.6829930501665291,0.3782287249438153,0.11839969427527078
2,2018,0.6576188525694887,1.3745378509389674,0.5417201199305282,0.3588587387230952,0.3866140683813567,0.0550953790111564,2.03489900522688,0.3795494136650003,0.12894963755480326
2,2019,0.6513046373415785,1.3208568902241469,0.5565916027950434,0.3785285011069729,0.3849844891653126,0.1459072221616101,2.631031285903116,0.3950024816074232,0.14608770029094106
2,2020,0.6016496637608529,1.2381681162460507,0.5615613724251208,0.41264054435288,0.3456531959049306,0.2469524737464614,3.3529655654496024,0.3936535326775979,0.16780632043503083
2,2021,0.5777958795716208,1.2116290530477352,0.557551997618178,0.3756650298756015,0.3418986914533612,0.3886170861443935,3.926015264460722,0.3692884135932681,0.20333490917197702
2,2022,0.5572162944896427,1.1530249454010475,0.577710098910733,0.3749948389516016,0.3382020873114306,0.5377124966597148,3.926015264460722,0.3494658708774818,0.24126169098279154
2,2023,0.5687363441151828,1.1012019812040108,0.5918624708321735,0.3834556527874726,0.3856540190052908,0.6420215122875118,3.926015264460722,0.3587285704477633,0.26181387309510046
2,2024,0.5737678621311062,1.1163986811076154,0.6145657286185059,0.3476992422302348,0.3990512173299048,0.6838491721875396,3.926015264460722,0.3640869209521553,0.2694372228461617
3,1990,-0.3884495603647913,-0.207084102015089,-0.4134435407598313,-0.1508648219680967,-0.2598178093542118,-0.2916798573740004,-0.0742538178313384,-0.3697565037848447,0.31076227668948136
3,1991,-0.3934341498407158,-0.2078017619176935,-0.4121123168864751,-0.15058631672017,-0.2628337864858168,-0.279977075554679,-0.0742538178313384,-0.3712806550863725,0.3284952586712719
3,1992,-0.4402848586284155,-0.2099547416255071,-0.4271017225394299,-0.4926170763121979,-0.2183692404730291,-0.2331235267935517,-0.0742538178313384,-0.3827124010265178,0.4179559138635749
3,1993,-0.4165211585036343,-0.2098686224371946,-0.4236072598718699,-0.3930582858044693,-0.2243528294302379,-0.1031394844761748,-0.0742538178313384,-0.400696125233268,0.6784734983696062
3,1994,-0.4442514838257548,-0.2098399160410904,-0.4269178034516636,-0.4053389823159266,-0.2665923278308411,-0.1786156916266502,-0.0742538178313384,-0.416433230603885,0.6413559447264252
3,1995,-0.4568959123125387,-0.2099547416255071,-0.4303816129379292,-0.4207596920210354,-0.2786075146175989,-0.2230398400157372,-0.0742538178313384,-0.4390835345981281,0.7072888633806781
3,1996,-0.4650235856157643,-0.2099547416255071,-0.4294970497062912,-0.4189182584873069,-0.2918493686551265,-0.2275163404837467,-0.0742538178313384,-0.444299832364967,0.7411496313291138
3,1997,-0.4723970418825252,-0.2099547416255071,-0.4322251828414916,-0.4273135851379326,-0.3005423292184838,-0.1867589146650221,-0.0742538178313384,-0.447993865470323,0.8763280341526829
3,1998,-0.4684994309937741,-0.2099547416255071,-0.4236116388977691,-0.4330409984806655,-0.2910752108716373,-0.1633344944628806,-0.0742538178313384,-0.4437194613219706,0.8864398680449938
3,1999,-0.4701743249529165,-0.2099547416255071,-0.4236028808459707,-0.4195343061418501,-0.2964619347288575,-0.2524711604275405,-0.0742538178313384,-0.4495634211700255,0.7284184542479519
3,2000,-0.4651296286096568,-0.2099547416255071,-0.4223242052834048,-0.4228664530099385,-0.2868487059989718,-0.2553162627710706,-0.0742538178313384,-0.4474228455616459,0.701931647661974
3,2001,-0.4706894771215937,-0.2099547416255071,-0.4195479028633134,-0.3589475441879631,-0.3257015878708254,-0.302244445409327,-0.0742538178313384,-0.4479620182843876,0.5908271668831925
3,2002,-0.4728239070302168,-0.2099547416255071,-0.4225081243711712,-0.3583723630609986,-0.3292014116010838,-0.1646788174361607,-0.0742538178313384,-0.4473205875614338,0.9230369315584017
3,2003,-0.4638815850739928,-0.2099547416255071,-0.4134785729670249,-0.3530139683628188,-0.3168310668955164,-0.1368513038673187,-0.0742538178313384,-0.4421496963412131,0.9310363275908247
3,2004,-0.4587328152998398,-0.2099547416255071,-0.4109956652821796,-0.333544422686564,-0.3120087291289392,-0.0994657352856493,-0.0742538178313384,-0.4374053481353632,0.9633993795214567
3,2005,-0.4549464535624003,-0.2099547416255071,-0.4064020671139209,-0.3346874655624193,-0.3050897227681982,-0.0825420309798026,-0.0742538178313384,-0.4331290137431157,0.954880486243317
3,2006,-0.4514973229479185,-0.2099547416255071,-0.3995094803485832,-0.310672586102347,-0.3121054984486699,-0.1835889999222053,-0.0742538178313384,-0.431085951420857,0.7288566987594925
3,2007,-0.4689738911043213,-0.2098399160410904,-0.4159264484446766,-0.3469498026338748,-0.3256532032109601,-0.1640108331591802,-0.0742538178313384,-0.4433275701731624,0.8807273323784824
3,2008,-0.4623136276790093,-0.2098686224371946,-0.4169161082978953,-0.308094335175858,-0.3265563835284461,-0.1814417548242177,-0.0722268500836741,-0.4345850361172401,0.7608876439476505
3,2009,-0.4760157932669634,-0.2098686224371946,-0.4309377492271274,-0.3320818889577882,-0.3358946228824533,-0.1145531097561287,-0.0730911073607234,-0.4442701173610803,1.0074105883533049
3,2010,-0.4783758135910729,-0.2098255628430383,-0.4310121926674137,-0.3424131301141114,-0.3357446304368708,0.1010805350203319,-0.0742538178313384,-0.4473274666123027,1.574108162219449
3,2011,-0.469798467492875,-0.2098399160410904,-0.4259850709351344,-0.329162555013061,-0.3282385568697639,-0.0814835235649891,-0.0742538178313384,-0.4411361438331643,1.0459763368963972
3,2012,-0.4649075268227533,-0.2098686224371946,-0.4108511574275061,-0.319380206217454,-0.3237678142982081,-0.2651591230939528,-0.0742538178313384,-0.4359513980603665,0.5927184435206582
3,2013,-0.4629341453738666,-0.2098829756352467,-0.4080573389038177,-0.3181198093131492,-0.319558348889925,-0.3060685011011889,-0.0723751796152644,-0.4340231158097251,0.494547845506899
3,2014,-0.4590604046224844,-0.2099116820313509,-0.4025704194521226,-0.3024359679662878,-0.3201131596563807,-0.3459657965550511,-0.0698181864723329,-0.4313322058395934,0.3992382021517082
3,2015,-0.456775581560905,-0.2098829756352467,-0.3996837655793713,-0.2935898896159519,-0.3171068594567487,-0.2959770750455296,-0.0660791716720584,-0.4284245363320471,0.48655403931416347
3,2016,-0.4549396645565126,-0.2099260352294029,-0.3993023524235511,-0.2982617876456284,-0.3149295497628092,-0.2472624749673845,-0.023176328806313,-0.4293968278698459,0.5888683449219171
3,2017,-0.4557991758747322,-0.2099260352294029,-0.4022503126588913,-0.3058022109372365,-0.3094927268159425,-0.2702854833210751,-0.0207666645585782,-0.4283624026369354,0.5371236905676987
3,2018,-0.454165644568657,-0.2099403884274551,-0.3986722105966566,-0.300915794135181,-0.3087088953261243,-0.2689533141900972,0.0318255160670758,-0.4280806936481295,0.5382298654321197
3,2019,-0.4486016660085541,-0.2099360824680394,-0.394973247419604,-0.2658721977831715,-0.3064767496843374,-0.2990158891193163,0.051617084789682,-0.4188199011142138,0.4380051168580422
3,2020,-0.4522223284386331,-0.2099360824680394,-0.3934475947963234,-0.2634302092784896,-0.3140537874192469,-0.3642584280759084,0.0472376385338914,-0.42174902194048,0.3290513898136465
3,2021,-0.4462573711003376,-0.2099518709858967,-0.3872210578702537,-0.2520658989018694,-0.3052509404548695,-0.3511916867851505,0.0418466285071476,-0.4155889661126686,0.33383161729308763
3,2022,-0.4386835538955194,-0.2096978193803747,-0.388197142743185,-0.2324511245656672,-0.3002706106456121,-0.320052175792114,0.0354282044953661,-0.4090421620493896,0.3669505920628129
3,2023,-0.4355365147580697,-0.2096978193803747,-0.3882546507253964,-0.2234597530346103,-0.2967184477484004,-0.3019713372054003,0.0286123678453778,-0.4082676914688259,0.39432603838617675
3,2024,-0.439623724261154,-0.2096978193803747,-0.3844558749889795,-0.2521633939515172,-0.292596056669224,-0.0786312741035714,0.4078883453260927,-0.4107998984244443,0.7785111932641792
4,1990,-0.2328904942087444,0.0285975124604719,-0.2309388783589555,-0.3408597367032451,-0.1002822960242759,-0.483187695829662,-0.0720886808638712,-0.199472931343048,0.034877946505571786
4,1991,-0.220822807077293,0.0200269596404323,-0.2192249840786008,-0.325998970595438,-0.0746206852537046,-0.47915932168649,-0.0718142205838854,-0.1846077288840268,0.03566901557126948
4,1992,-0.2252218987464042,-0.0056270684029969,-0.2100815780010753,-0.3186909731269783,-0.0673097631480544,-0.4723563067496801,-0.071520252915563,-0.1805384223754448,0.0390954238640578
4,1993,-0.231650709424874,-0.0159917009994961,-0.2066965909809952,-0.3072715397876732,-0.0749432496528068,-0.4788292977432164,-0.0717762665481584,-0.1890387749964877,0.03632740795776866
4,1994,-0.2226089033615675,-0.0022232645802356,-0.1927800466733439,-0.3014655610249867,-0.0364080937140687,-0.4720222054511324,-0.0715185108023983,-0.1678740813479934,0.037900250211551176
4,1995,-0.2189483123866464,-0.0119287039958883,-0.1839913416936535,-0.265268841268522,-0.0380660747254537,-0.4683840440650557,-0.0716004509078642,-0.1620504981449207,0.03924819219490986
4,1996,-0.2051088820111974,-0.0215625436162054,-0.1770899968765174,-0.2300247039758184,-0.0151672280331922,-0.4717515728445703,-0.0719476788861121,-0.1426102848195542,0.0355493932962939
4,1997,-0.2173948020144337,-0.0349809688707883,-0.168699783253654,-0.2473232070581998,-0.014907563691915,-0.4724897992231132,-0.0720276578781111,-0.1411743976146433,0.035042509782919444
4,1998,-0.2089986598984104,-0.0356495044809149,-0.1590396521200232,-0.2142510709868922,-0.014383396543374,-0.4632240202981625,-0.0713529192950982,-0.1343180693577125,0.03905218252640285
4,1999,-0.220716393828855,-0.0586002681662083,-0.1567494215747426,-0.1918367310248403,-0.0201669762192755,-0.4590493836594594,-0.0708794755940966,-0.1342006538542659,0.04112185279061362
4,2000,-0.2161231727312833,-0.0432566994485231,-0.1431043768728416,-0.1897875245504133,-0.020010532485711,-0.4467210425428669,-0.0700759654389949,-0.1295165937661341,0.046711809177340816
4,2001,-0.2048187376967144,-0.0524427462018613,-0.1402580100383629,-0.1898232888905046,-0.0106803572416813,-0.4419616645871498,-0.0640852686698822,-0.1319245309465991,0.04935547027121738
4,2002,-0.2237800621835084,-0.0731831173871327,-0.1375342559290617,-0.1793621783334463,-0.029995513459918,-0.4451140999632131,-0.0590178464950415,-0.1451401549606849,0.04944536433460687
4,2003,-0.2093017138741058,-0.0778479067540622,-0.1304095807910666,-0.1564937781588949,-0.0149156278018925,-0.4483203155589201,-0.0514434250212171,-0.129245949813274,0.04589263253317386
4,2004,-0.2153347923636923,-0.0875690462322942,-0.1272798909809098,-0.1539924163657131,-0.0098465282700023,-0.4260405440168363,-0.0357886959495331,-0.1269450410539442,0.056535569006200444
4,2005,-0.2230046956907848,-0.0967797749847702,-0.1251197175048354,-0.1516190186981011,-0.0108642189491696,-0.4021717778219162,-0.0143558885953738,-0.1294595706894739,0.06865122389005619
4,2006,-0.2318262254119873,-0.099521682967938,-0.1137307469462011,-0.1498904701934374,-0.0293020000018484,-0.3674150668131938,0.0229009844830095,-0.1343495494712999,0.08684053137991735
4,2007,-0.2449402774791972,-0.1091522317056725,-0.1127726160794567,-0.1450550139892541,-0.0440206135328793,-0.3522642388569976,0.0512027103386458,-0.1416558208678185,0.09618528712893969
4,2008,-0.2384196045293037,-0.1109033218680276,-0.1121389710318426,-0.1427092348367241,-0.0168881091024022,-0.3032788279049789,0.1045959737512148,-0.1297387073946383,0.11745082234405324
4,2009,-0.2604291712568577,-0.1452935844008375,-0.1359735710985875,-0.135385045162817,-0.0442420862493028,-0.2787241024203406,0.2077044666970164,-0.1460666511263383,0.1351037079144771
4,2010,-0.2431504904175547,-0.1279851381187336,-0.1091091230121876,-0.0860404479832991,-0.0353915158820783,-0.24598332320457,0.3641156086823708,-0.116676328040314,0.1410616446422013
4,2011,-0.2745061434617455,-0.1328411156898075,-0.1195106232305526,-0.1509538217014768,-0.0581557080659345,-0.1715799817856742,0.7822105561964758,-0.1450350767773081,0.18967146172107763
4,2012,-0.2779943938196209,-0.1367032862168759,-0.121774141717848,-0.1453185219704916,-0.0579088011466418,-0.0445921090362198,1.2260284586183177,-0.1609032948062325,0.26581030847772547
4,2013,-0.2777165004877651,-0.1320485278303836,-0.1232901604841504,-0.1422602096313052,-0.0474926967248148,0.0038341510830623,1.5861632476569634,-0.1453112344692483,0.2798075987018113
4,2014,-0.2992697030580946,-0.1356584104175631,-0.1305606571845889,-0.1935310976029987,-0.048347702049295,0.1022091295953576,2.1965830888202915,-0.1665966717707094,0.34976814605885964
4,2015,-0.2825969917598876,-0.1376534529150922,-0.1281806566083748,-0.1653730489905926,-0.0412650910253293,0.2369096645201377,2.6451865027266592,-0.1677513989233553,0.4243143525553004
4,2016,-0.2881142374202185,-0.1421306924178831,-0.127011018790699,-0.1604471073213331,-0.0469168870159776,0.0853116863774222,2.110642523482808,-0.1470464279502417,0.3230783695585159
4,2017,-0.2896771670150985,-0.1440737813698837,-0.1266361741737276,-0.1514490304764569,-0.0578368209009822,0.1404885310789805,2.417667339303857,-0.1487660279509127,0.35311357549128736
4,2018,-0.2872509519570221,-0.1440871524180616,-0.1243652113424034,-0.1390174016179686,-0.0555025836268795,0.3045432806839259,3.2838178459249527,-0.1626469942670185,0.45472553409772937
4,2019,-0.2887346497257934,-0.144111296058684,-0.1284228167406004,-0.1353617342856208,-0.0729926220903363,0.2167657752240347,3.209727634066708,-0.1514023193043343,0.39535911065428286
4,2020,-0.308939304714897,-0.1585409800327945,-0.1406683247651178,-0.1382781479803316,-0.0998193515986846,0.4143427278549448,3.926015264460722,-0.1809283453731052,0.5408490123458044
4,2021,-0.2988457282551754,-0.1532068662559504,-0.1326884258690091,-0.1366104579663069,-0.0798634212016315,0.2804318706829237,3.774852525462816,-0.1449001156703629,0.4212671513928034
4,2022,-0.3170413765699889,-0.1513353797378215,-0.1491842164312882,-0.2034188082102493,-0.0978091625199199,0.3967192690989207,3.926015264460722,-0.1787909474606468,0.5276219239253047
4,2023,-0.3255439253583276,-0.1589320306590618,-0.1587252380604608,-0.2257438935825112,-0.0993215379615502,0.6561314168361256,3.926015264460722,-0.2008916340576233,0.7190972525564012
4,2024,-0.3276928586310845,-0.1547751161893596,-0.1497061342826988,-0.238472073312619,-0.0906769754937507,0.7203859447562566,3.926015264460722,-0.1981596150964662,0.7513886300882279
5,1990,0.0454675779309768,0.0080049225491345,0.4502054631835986,-0.4747492545377553,0.531975766547769,2.755470813171642,-0.0742538178313384,0.4782735661197141,0.642630275383239
5,1991,0.0808662169878353,0.0415683309689542,0.4835517454059916,-0.4749907940141901,0.5465282045773145,2.7598313406817545,-0.0742538178313384,0.5019451027341197,0.6286815016206152
5,1992,0.0893668041803367,0.0316547978724743,0.505543213471764,-0.467767177803542,0.5745716340965002,2.752640928005617,-0.0742538178313384,0.5126909225632219,0.6208307365254517
5,1993,0.1130871607809916,0.0336016989700409,0.5528892414938931,-0.4588668140658254,0.6099126880039831,2.766425691869369,-0.0742538178313384,0.5408002900003573,0.607022489484159
5,1994,0.1447539196090957,0.0445389995053912,0.5921296925766064,-0.455679834862867,0.668801155938426,2.764836619676925,-0.0742538178313384,0.6021527194118248,0.5737742994781949
5,1995,0.1901735901959709,0.0585989506097284,0.6568473163408538,-0.4480798806295921,0.7242436022715588,2.743488458721563,-0.0742538178313384,0.632465409268192,0.5551703456716769
5,1996,0.2575630335887245,0.0648563933477594,0.7163057300001647,-0.4327567626321336,0.8189010122401816,2.7226799978235405,-0.0742538178313384,0.6921196850991863,0.5246676928011552
5,1997,0.3029954857644032,0.0720013599820606,0.7934203760850416,-0.4186120645045538,0.9086146824921592,2.702307610052145,-0.0742538178313384,0.7633324074762777,0.4926254781229566
5,1998,0.3301022692717492,0.0604909791435505,0.8471991931530924,-0.4110334584573274,0.9710335661644716,2.700430688733644,-0.0742538178313384,0.7939810962949613,0.48092041109970435
5,1999,0.363256841807318,0.0787755748475588,0.8849026061451875,-0.3919457403372548,1.006053177455063,2.603542740175506,-0.0742538178313384,0.8256689826772262,0.4556211654563279
5,2000,0.3919451360816623,0.0997698316119977,0.953994876782734,-0.341183413602899,1.0258455983615171,2.580729674371645,-0.0742538178313384,0.8272052707370181,0.45180327366943995
5,2001,0.4189463880925748,0.0949827091357516,0.8564564539039973,-0.277171792658656,1.0364844633381314,2.4037688548967275,-0.0742538178313384,0.8548254835555341,0.41767957261366356
5,2002,0.4114159143426443,0.0736002533374657,0.914285869928806,-0.2081866543132792,0.9998220183539004,2.4539290341299145,-0.0742538178313384,0.8905459246323394,0.41409124612285686
5,2003,0.3944480155889285,0.0858374571370998,0.993962246164714,-0.1994046205210889,0.9543595981316244,2.503810001635748,-0.0742538178313384,0.9190976856983282,0.41267679620813175
5,2004,0.4450742376065394,0.101847787642902,1.069539854158973,-0.118566969281571,0.9974092465029588,2.464811608526196,-0.0742538178313384,0.9987546476459508,0.38612768204449777
5,2005,0.4584247145967642,0.0951445680680041,1.136617772882888,-0.0899518607021281,1.0200686464808368,2.504986132585675,-0.0742538178313384,1.043933785428756,0.3800368798940027
5,2006,0.47212889332783,0.0960732198011242,1.2013529127507323,-0.0681943994296443,1.0454296998406911,2.490676159954098,-0.0742538178313384,1.0975251353908084,0.3657763176152415
5,2007,0.5296968825539453,0.1110401796114543,1.293518270851153,-0.0607316835352526,1.1232410340576306,2.545391871568218,-0.0424644122233821,1.185499994261771,0.353250755583526
5,2008,0.5935886589695613,0.108485310914644,1.3606531169117575,0.0399860085008244,1.190451428016898,2.40208217894203,-0.0346071808433127,1.2893417275920676,0.3175967714110621
5,2009,0.5150555568204301,0.0493486438607595,1.3543867308500053,-0.0798712472500145,1.1848658303050552,2.5677973616592435,-0.0159949640521852,1.2327426298010458,0.34626427557372685
5,2010,0.6751110317455853,0.1261956662316544,1.5202642319116262,0.0883792965319668,1.3460559651381594,2.4140719452955293,0.0183338634774005,1.4185075160407044,0.29772243701185463
5,2011,0.7395864198787488,0.1500892143699863,1.5904600170757706,0.0655830935211788,1.4313749538909668,2.50164484182098,0.0373365870415614,1.4390643814418462,0.3033391828647733
5,2012,0.8435148218621277,0.1557148407265004,1.6658843591635573,0.1775360309005081,1.5463059525802605,2.336618470663701,0.1262557499280773,1.5193277216136625,0.2756387930527012
5,2013,0.934211436897168,0.1914923398719121,1.7370041187924323,0.3185176217204493,1.6047225281578936,2.135749644766814,0.1788410177362923,1.6131679662451015,0.2451610213131317
5,2014,1.0112030216070398,0.2147162544417699,1.8156645610197264,0.4042031410375002,1.6812563079181968,2.0101570555413986,0.3799424429885751,1.6740790313423377,0.2271952548486772
5,2015,0.939342993795709,0.2146683386249372,1.7704511186105067,0.3924030836862214,1.5528965297235646,2.040746660625885,0.744187096007424,1.6331973963216169,0.23426937805554168
5,2016,0.8059005719226228,0.1739477070017669,1.760405633197747,0.2586396195433731,1.398766299710361,2.2658286031316632,1.1979693042638633,1.5562704452487632,0.26409238080001785
5,2017,0.8205144377182337,0.1819915154694916,1.7886109390144806,0.294041621441729,1.4211222607442549,2.2232819162265365,1.5339935177575406,1.5868504393825904,0.256327977118299
5,2018,0.7524940811779435,0.1697909666862446,1.833653599413632,0.2644359570296342,1.3117599128347437,2.331776445079529,1.820192903484268,1.5530112224139394,0.27071965652539376
5,2019,0.7518692486763621,0.1558786873007278,1.866202898922371,0.2546200610845224,1.3320342094063715,2.329631869942069,2.1197157255075583,1.5895022475688678,0.2658543123795616
5,2020,0.680973170134763,0.1254583528915138,1.8473818456076176,0.1868761672708244,1.2437477794741392,2.395082188943478,2.320021441987272,1.560730972054128,0.2756613334387378
5,2021,0.863764697704571,0.201135331548765,1.973614374311035,0.4795150991641543,1.3639628348855604,2.1575274972156,2.902719782409558,1.6857985187283933,0.2390441455762745
5,2022,0.7837191900856475,0.125526110008236,2.051360598543302,0.2408592618971197,1.4059607025103038,2.517421020783724,3.5450575594055205,1.6349800749918706,0.27728546010261657
5,2023,0.7869502422165076,0.1216188941019448,2.1826508496119823,0.1658985534048486,1.4551668370176614,2.563068320106385,3.926015264460722,1.737152894246685,0.2687256131197976
5,2024,0.8060574388780057,0.1387951706842017,2.335226631936774,0.2072696219551602,1.4460009943205423,2.5210053868339988,3.926015264460722,1.8077111477496028,0.257074710940388
6,1990,0.7412701276972665,0.4987057058003782,1.406278187755502,0.9868372247256738,0.8291109829329721,1.6361496520098813,-0.0730719019688508,0.9243488106728778,0.2940318914154631
6,1991,0.7205118479979024,0.5290340132844463,1.4280025352414234,0.9974277548502604,0.7717011774719573,1.602544604905127,-0.0728748783682151,0.9207068521682578,0.29022261260269405
6,1992,0.7626357981958338,0.5533770371807927,1.4478789337978832,1.072153725398172,0.80132256898052,1.6119918075871151,-0.0702960416896937,0.9549165928485464,0.2847737086221405
6,1993,0.7566842453878204,0.5105470941933532,1.4885557053755336,1.1624382539382483,0.815235978451186,1.6135082781988963,-0.0703430053950688,1.0032462016098138,0.2759759614498004
6,1994,0.8039410660525114,0.5417940063527552,1.5151670457649598,1.2574596399884062,0.8407787320100965,1.5673140331842312,-0.0705082206972137,1.0591299792379942,0.2605473844394355
6,1995,0.8297348679385285,0.5536928075379387,1.555156310276436,1.3258397097463503,0.8509209644684188,1.588648104750437,-0.0704988995448984,1.0820130194817217,0.25944107495112423
6,1996,0.876668353389837,0.5651466595835073,1.5880778269866067,1.416698199517046,0.8912337382501376,1.6623915704985988,-0.0704322053033826,1.1149137095448118,0.26304500254120633
6,1997,0.920498829468455,0.6118232596489068,1.6138527734292865,1.4313381755609516,0.939519860585568,1.63516954458576,-0.0703957433951575,1.1318824536804015,0.25713906222935684
6,1998,0.9374534735884192,0.6468020033018524,1.6016747024036166,1.36794443211577,0.9448948510984722,1.5675714822562106,-0.0701971070749951,1.1216995268275822,0.2506920634306633
6,1999,0.9676987899769628,0.6440036338291151,1.643275448445998,1.457276221609909,0.9843978516040228,1.5944272627302098,-0.0663437200492605,1.1672146942548778,0.24706497529963606
6,2000,1.0264743940028356,0.7025349671907012,1.497988127162406,1.5566361690133,0.9798134385706124,1.5739392055856305,-0.0629636365330272,1.2033159740557933,0.23959083782460935
6,2001,1.0089583445213155,0.695071304203614,1.518109751169221,1.4608358791464575,1.0030268900371444,1.484451731786286,-0.0598369035938862,1.1772059348086146,0.2329705550965781
6,2002,1.0520260742159793,0.6862871469957345,1.5898819856570765,1.556093315139495,1.058793197735458,1.548966475704888,-0.0574112242050709,1.1797116186570922,0.2400363474405954
6,2003,1.1207540671139762,0.6907807062808793,1.6261228039988394,1.657701531507882,1.1632879348245988,1.5150026984586131,-0.0414625189585361,1.2753032317995268,0.2236145895451096
6,2004,1.0815962294372312,0.6507060731720213,1.6324023271382893,1.5972477382556685,1.1792710008001104,1.4985549390298805,-0.0377497558289328,1.311342192624562,0.2174782873162855
6,2005,1.117951717442233,0.6436873593245487,1.7553697534136683,1.7405465221841343,1.2403001851102369,1.5470662262552897,-0.0172889994141337,1.3350139038399076,0.2198197041012101
6,2006,1.093339710249954,0.6387785655907336,1.7150389248820552,1.725730881066458,1.2340746922075654,1.536750503384006,0.0161337228183822,1.370372173289958,0.21465854817826246
6,2007,1.1825453021492898,0.7050903405913937,1.778744993663588,1.7281255375929296,1.2869591254403625,1.5614556247240745,0.0325928722238624,1.3734923083243191,0.21685371663456326
6,2008,1.1268682843657725,0.6299657019867498,1.7422239176642762,1.6857073018626827,1.238429311595444,1.5994227803735264,0.0589198243443005,1.334060988913722,0.2254454598190699
6,2009,1.0474527009971308,0.5015906986088485,1.6878320369703377,1.6376183779697755,1.2030117405740284,1.6563964735544678,0.238545875792607,1.2670772424595875,0.2400844456327643
6,2010,1.0893858167900727,0.5204220944531919,1.7023090965930865,1.7128298672632474,1.2827174035921691,1.5963915139226117,0.3625291593015557,1.2800046607314908,0.23185960017088664
6,2011,1.1241635834185668,0.48732361974507,1.7391761156384344,1.964254773734801,1.2852979187849864,1.638233310499748,0.3866720771311283,1.3103685884962897,0.23249146967990444
6,2012,1.119395296914953,0.4273703114814862,1.72167314911934,1.955397106369181,1.3145383815635958,1.6787107760452151,0.4446247764708252,1.314080065471113,0.23633145948777107
6,2013,1.1433492785670447,0.4056395696306208,1.768760814613416,2.0755660456363287,1.2789111436827638,1.6932420033862667,0.6576743182094242,1.3395058563458346,0.23463841393983062
6,2014,1.1579211296623515,0.3945876071305108,1.8003029381653397,2.184979158824057,1.2403969544299671,1.6615055727077268,0.8214530541550227,1.384465584890645,0.22586667889940495
6,2015,1.143828320541371,0.3483416030066736,1.7958757429812502,2.186553435058092,1.2720889066417531,1.692255795834286,0.9246994228476572,1.3761883031194218,0.23001521480375486
6,2016,1.1383185906245472,0.3477100622923817,1.7723559948766578,2.2088153234694947,1.2784111688641555,1.721383572008203,1.0517164181036551,1.4600170109821875,0.22318577414896548
6,2017,1.1694886588082865,0.3499577731073391,1.8570157025858527,2.3407623619536992,1.2707872302656165,1.7794385719971402,1.0853563570528144,1.5424410055555264,0.21979577867795716
6,2018,1.2085362423104793,0.2378305899244047,1.8995316650411669,2.6695439454425154,1.2998976512067282,1.7577619552515518,1.164840775397905,1.5728188444289672,0.21459345755684925
6,2019,1.1949810712068842,0.2202860444046197,1.9264845694507304,2.662865622898364,1.302151715099434,1.7549961559948049,1.163551046498903,1.590341521882083,0.21256181983531142
6,2020,1.036775452919982,0.1455134235031992,1.8736997912617976,2.479063840502291,1.095438368218757,1.795964329167091,1.2775576932429875,1.4516365814266512,0.23151777588129843
6,2021,1.0583902396833178,0.1209517573409255,1.908219652425176,2.6498712870247125,1.1265656391934749,1.813300692855143,1.3390592923400142,1.4933903652386644,0.22841560824037638
6,2022,1.1027392962533404,0.0654452564254541,1.957917217355173,2.760038906102213,1.193549991311605,1.865632241532713,1.3744705127434944,1.541595615429651,0.22805146875308246
6,2023,1.0859891684437732,0.0374012732847537,1.9410738362913464,2.7200563340350787,1.2150915636073103,1.7952571713509786,1.5471628938727626,1.5395211675168885,0.22160641978684023
6,2024,1.0698648737620255,-0.0195251305565176,1.9792980104848017,2.854693298514892,1.1814028934392602,1.7567934406568648,1.822581703637945,1.5361471676802203,0.21831513971911465
7,1990,-0.4658056019459602,-0.1562796875345967,-0.4205375627165321,-0.5320465659956509,-0.2838649853072769,1.336777624366617,-0.0742538178313384,-0.4331364895120234,3.9079518052370443
7,1991,-0.4685267443350457,-0.16725639885141,-0.4141398058778037,-0.5372030678486289,-0.2786071856019119,1.9346290214367567,-0.0742538178313384,-0.4303675496244149,5.004728187319143
7,1992,-0.4656804681630232,-0.1719483010199379,-0.4038885062477812,-0.5320447361511325,-0.2698173057263783,2.3435657316065868,-0.0742538178313384,-0.4222846138883049,5.382625920974412
7,1993,-0.4599528904713287,-0.1716209303083911,-0.3993562144421113,-0.534083792892853,-0.2605274510322364,2.307636195322212,-0.0742538178313384,-0.4196921806351996,5.187587108040715
7,1994,-0.4505808124319219,-0.1644322485608622,-0.393624069540061,-0.5318160055863268,-0.2498828258618656,2.0494731838496767,-0.0742538178313384,-0.4114447079136102,4.381841121082403
7,1995,-0.4407524039071642,-0.1595032503332921,-0.3825714081704852,-0.5319953303491344,-0.2387382258728864,1.9845818329792264,-0.0742538178313384,-0.4027319315671849,3.973400704551693
7,1996,-0.4231931033301256,-0.1412298001100256,-0.3704809176627995,-0.5311773898493896,-0.2235776991150854,1.5675853108851758,-0.0742538178313384,-0.389534918587643,2.9998042919334926
7,1997,-0.4043337689409979,-0.1205715255029721,-0.3599230862198331,-0.5083067731615183,-0.2151748965184745,1.6262606400702075,-0.0742538178313384,-0.3736309302100587,2.764251282774764
7,1998,-0.4016540044338735,-0.125433126654354,-0.3529210238070155,-0.4845511216748924,-0.2124169709061511,1.1390825575999013,-0.0742538178313384,-0.3676620697615327,2.06292272617795
7,1999,-0.3939440425794661,-0.1217283381603487,-0.3362456931828694,-0.4524605284067495,-0.2085945827767907,0.7853075089988029,-0.0742538178313384,-0.3574691175219956,1.5309462473390327
7,2000,-0.4045700739275242,-0.1438689739225088,-0.3271329402866383,-0.4166413219581886,-0.226513035146915,1.1522336367675996,-0.0742538178313384,-0.3555429209273997,1.93240595170686
7,2001,-0.4107011958452828,-0.1583798917250147,-0.3149066999760774,-0.3967844591921962,-0.2329320666890477,1.3515786089038055,-0.0706433217427517,-0.3587644033698466,2.201110777071169
7,2002,-0.4083245535334125,-0.1574791109669159,-0.3086622090438211,-0.3969515849915475,-0.2282710111220217,1.3930746382373234,-0.070737571142605,-0.352792064519039,2.172396449412424
7,2003,-0.4043110748631009,-0.1579271589759287,-0.2932524169045433,-0.3816528649210016,-0.2238518788543222,1.20837357256542,-0.0709746957244457,-0.3509562403232087,1.9445415840169615
7,2004,-0.3849941165816562,-0.1435689371862714,-0.2815779338572814,-0.3654666702590099,-0.2132233819039065,1.0947737079119009,-0.0712551065138942,-0.3370980274357676,1.68585529590914
7,2005,-0.3815511567382492,-0.1437951656576442,-0.2756093215566745,-0.3715704216243696,-0.2077075306792598,1.3383729720808055,-0.0713280116972085,-0.3315508935400456,1.8819583641279218
7,2006,-0.3790835875885581,-0.1273418812389174,-0.2648237807669498,-0.3867233640816128,-0.2071591712007861,1.3862328171038445,-0.0714780042170276,-0.3230789223966046,1.8498290886324964
7,2007,-0.3536606822325674,-0.128271629864723,-0.2549052871052663,-0.4586905390438819,-0.1501620418794366,0.99899506179414,-0.070879435667195,-0.314861906263342,1.4210804734063274
7,2008,-0.3427516598687464,-0.1054439026904245,-0.2526369516894817,-0.4988989325440196,-0.1387916468110859,1.0545874655414578,-0.0602915938418956,-0.3165049771281978,1.4838365823378277
7,2009,-0.3511639002924038,-0.1142606346874145,-0.2509729218477864,-0.4870946055555309,-0.1506620166980449,1.1619888707724526,-0.0106708151792333,-0.3195376236928799,1.6067942012901075
7,2010,-0.3331096186883195,-0.0896767766574747,-0.2476579992420935,-0.4381261363974241,-0.1620646682063058,0.8610783753886587,0.0869131602174292,-0.3116616159021624,1.2746590454410067
7,2011,-0.313514499626037,-0.0724448735562729,-0.2336363583128614,-0.4284121017971724,-0.1544682766074503,0.8399321452491852,0.0385801443343654,-0.2911533430474554,1.1464334328337105
7,2012,-0.3076039458230329,-0.0511083956239528,-0.2141277979319343,-0.4480286449830757,-0.1529844803715804,0.7299958533264931,0.0543776728380543,-0.2659571929945248,0.9534861342229997
7,2013,-0.2922392904600603,-0.0302383488152766,-0.2004739951782349,-0.445996907619429,-0.1483556812444646,0.7028356910863731,0.0944796995626628,-0.2575299575542032,0.9039749860964624
7,2014,-0.3133836431952252,-0.0540790107797997,-0.1927187403107552,-0.4672084652772434,-0.1516297098953514,0.954989938961602,0.5219693641908263,-0.284856489093084,1.2096668777215944
7,2015,-0.2985785604396921,-0.0364814858205158,-0.1935463762057035,-0.4596847545655703,-0.152032915394229,0.9792175684588262,0.9077764964889828,-0.2781094413823501,1.195973644819617
7,2016,-0.284289122334987,-0.027453828393171,-0.1796079367685563,-0.4501756625513845,-0.1369530297362036,0.9676907884365454,1.3326250602049303,-0.2625656800163645,1.1172317389283353
7,2017,-0.2796322820447047,-0.022860733754659,-0.1817086080407124,-0.4435585373273079,-0.1351143158920017,0.9901148458080242,1.996596408373897,-0.2589904805426423,1.1187259827996139
7,2018,-0.282684751464679,-0.0328704961837022,-0.16696984469315,-0.4380396500161562,-0.1316609414352141,1.0717911408800245,2.3288063261791674,-0.2536847542055425,1.155536594609797
7,2019,-0.2655495158492031,-0.0075021080280698,-0.1620339818606099,-0.4140985486671713,-0.1345632952572354,1.083623734021082,2.9136821578292182,-0.2380649674463356,1.1011605428860556
7,2020,-0.2874938075357942,-0.0248580342182039,-0.1608352454158339,-0.4235537218728284,-0.1498508640036227,1.1573253212693972,3.527207075997892,-0.2649119711889718,1.2688563415945482
7,2021,-0.2741626415657029,-0.0302776627288887,-0.152760917205235,-0.4110893248303719,-0.131252107187572,1.1624958319152052,3.926015264460722,-0.2474495582800594,1.1933146413436486
7,2022,-0.2724381088612491,-0.0584042377288363,-0.1394587984005262,-0.4054067981836247,-0.1011379787339942,1.388561319517272,3.926015264460722,-0.2396334357041958,1.314907493629395
7,2023,-0.304276324388573,-0.1093656875462566,-0.1303811082124447,-0.4018473216634906,-0.1072052577863197,1.6580956915852385,3.926015264460722,-0.2516163650762347,1.563657176484438
7,2024,-0.305707224267427,-0.1175092487628205,-0.1220190861894207,-0.4066110335458618,-0.1047153838938039,1.8608537474581823,3.926015264460722,-0.2397416450554452,1.6372805876671581
8,1990,3.66857840692225,3.822677641028645,1.878402865077536,-0.1904548509813744,1.267233206039377,0.1701697817544728,-0.0742538178313384,3.73726390722949,0.03271094193850266
8,1991,3.66857840692225,3.822677641028645,2.076641367534231,-0.1871318533358782,1.4182252819203374,0.1025864419502346,-0.0742538178313384,3.73726390722949,0.029604693959028767
8,1992,3.66857840692225,3.822677641028645,2.336711715687601,-0.189743651411872,1.5561851061103067,0.0710685814950118,-0.0742538178313384,3.73726390722949,0.028156078210828703
8,1993,3.66857840692225,3.822677641028645,2.6491333184658834,-0.1416998636837529,1.8552441939036872,0.0893671046726787,-0.0742538178313384,3.73726390722949,0.028997110199076484
8,1994,3.66857840692225,3.822677641028645,3.003615465005963,-0.1036872836057491,1.7883765939698113,0.0932535821048709,-0.0742538178313384,3.73726390722949,0.029175739469337273
8,1995,3.66857840692225,3.822677641028645,3.225233586738476,-0.0925154728724695,2.032402429337006,0.1200512326904058,-0.0742538178313384,3.73726390722949,0.030407406152680803
8,1996,3.66857840692225,3.822677641028645,3.5271980756694736,-0.0710526165674552,2.221875491304341,0.0672219881325583,-0.0742538178313384,3.73726390722949,0.027979282081862768
8,1997,3.66857840692225,3.822677641028645,3.680897505705425,-0.0409620433579727,2.533893929621694,0.0639105557692333,-0.0742538178313384,3.73726390722949,0.0278270828842863
8,1998,3.66857840692225,3.822677641028645,3.716784138579652,0.006459597233875,2.567781713175216,0.0851957750312954,-0.0742538178313384,3.73726390722949,0.02880538862527149
8,1999,3.66857840692225,3.822677641028645,3.716784138579652,0.0670207413645037,2.73285404441574,0.0365032046411355,-0.0742538178313384,3.73726390722949,0.026567393302342222
8,2000,3.66857840692225,3.822677641028645,3.716784138579652,0.1584714908110026,2.923763784024346,0.0348325467765726,-0.0741486327500341,3.73726390722949,0.02649060695779011
8,2001,3.66857840692225,3.822677641028645,3.716784138579652,0.2624517956234671,2.9988083914754604,0.1198389387538198,-0.074156927761075,3.73726390722949,0.03039764875369039
8,2002,3.66857840692225,3.822677641028645,3.716784138579652,0.0988097762560068,3.199830524995919,0.07165535800478,-0.0375223196050167,3.73726390722949,0.028183047480964653
8,2003,3.66857840692225,3.822677641028645,3.716784138579652,0.206162203939806,3.607253553391865,-0.01779924826248,-0.0375408621803484,3.73726390722949,0.024071558010672397
8,2004,3.66857840692225,3.822677641028645,3.716784138579652,0.3371627614463275,3.7943842562517074,0.0251750718183301,-0.0372612249972618,3.73726390722949,0.026046732592262246
8,2005,3.66857840692225,3.822677641028645,3.716784138579652,0.49479252167435,3.7943842562517074,0.018015150272518,-0.0494634220767402,3.73726390722949,0.02571765013052993
8,2006,3.66857840692225,3.822677641028645,3.716784138579652,0.7385213460805926,3.7943842562517074,-0.0046301882160688,-0.032148111908242,3.73726390722949,0.024676830941534122
8,2007,3.66857840692225,3.822677641028645,3.716784138579652,1.038294160439231,3.7943842562517074,-0.018396921984931,0.0008477552398317,3.73726390722949,0.024044087885666355
8,2008,3.66857840692225,3.822677641028645,3.716784138579652,1.283083318749095,3.7943842562517074,0.0626194074124665,0.0752511950349139,3.73726390722949,0.027767739457547916
8,2009,3.66857840692225,3.822677641028645,3.716784138579652,1.4700391736442031,3.7943842562517074,0.0633624622963512,0.3537620383852468,3.73726390722949,0.027801891553883948
8,2010,3.66857840692225,3.822677641028645,3.716784138579652,1.9054651575877624,3.7943842562517074,0.0994650545462305,0.3386401426059555,3.73726390722949,0.029461229558705733
8,2011,3.66857840692225,3.822677641028645,3.716784138579652,2.483970377054775,3.7943842562517074,0.0331896127901096,0.3634080182604806,3.73726390722949,0.026415094850950734
8,2012,3.66857840692225,3.822677641028645,3.716784138579652,2.875797798090274,3.7943842562517074,0.1416165710808479,0.4766152503005516,3.73726390722949,0.03139858665657447
8,2013,3.66857840692225,3.822677641028645,3.716784138579652,3.4020834239966264,3.7943842562517074,0.1506441935008947,0.5425849773959258,3.73726390722949,0.031813511902692077
8,2014,3.66857840692225,3.822677641028645,3.716784138579652,3.621502293173357,3.7943842562517074,0.2236271238588031,0.6403840633108568,3.73726390722949,0.035167934466255886
8,2015,3.66857840692225,3.822677641028645,3.716784138579652,3.621502293173357,3.7943842562517074,0.2817300013769399,0.7909891173349337,3.73726390722949,0.037838443890843586
8,2016,3.66857840692225,3.822677641028645,3.716784138579652,3.621502293173357,3.7943842562517074,0.3131878070625871,0.9943749763516164,3.73726390722949,0.0392842994172613
8,2017,3.66857840692225,3.822677641028645,3.716784138579652,3.621502293173357,3.7943842562517074,0.316551066266283,1.267407058800308,3.73726390722949,0.039438880666666676
8,2018,3.66857840692225,3.822677641028645,3.716784138579652,3.621502293173357,3.7943842562517074,0.334156263801738,1.5900613401416008,3.73726390722949,0.040248046201118645
8,2019,3.66857840692225,3.822677641028645,3.716784138579652,3.621502293173357,3.7943842562517074,0.3674540408172553,1.7691636137224462,3.73726390722949,0.041778470013777526
8,2020,3.66857840692225,3.822677641028645,3.716784138579652,3.621502293173357,3.7943842562517074,0.4029663559836515,1.976923318145867,3.73726390722949,0.04341067785599991
8,2021,3.66857840692225,3.822677641028645,3.716784138579652,3.621502293173357,3.7943842562517074,0.4163425328013223,2.4496821552901658,3.73726390722949,0.044025470234318714
8,2022,3.66857840692225,3.822677641028645,3.716784138579652,3.621502293173357,3.7943842562517074,0.4721820043498205,2.875793891900072,3.73726390722949,0.04659194957929976
8,2023,3.66857840692225,3.822677641028645,3.716784138579652,3.621502293173357,3.7943842562517074,0.4860816778218013,3.3359459861689604,3.73726390722949,0.047230802775409184
8,2024,3.66857840692225,3.822677641028645,3.716784138579652,3.621502293173357,3.7943842562517074,0.5970182953983106,3.918934655740341,3.73726390722949,0.05232964289184702
9,1990,-0.4180147050495601,-0.1533399894584983,-0.3723484926377921,-0.4651331384370384,-0.2526863688779208,2.139985899029785,-0.0742538178313384,-0.3448766288797116,2.880493469656852
9,1991,-0.4118266572523082,-0.1419231240325884,-0.3672607286548726,-0.4625923992058506,-0.2500582999644427,2.099687737331172,-0.0742538178313384,-0.3304163513681474,2.6288725549506484
9,1992,-0.3935033375431805,-0.1333864851062282,-0.3764739971444175,-0.463110774706283,-0.2282278816055934,1.7137286998292094,-0.0742538178313384,-0.3192216903135659,2.1239776257656544
9,1993,-0.3914401001457495,-0.1320595706541246,-0.3681709602606752,-0.4563195957472464,-0.2286112700598825,1.912144558499768,-0.0742538178313384,-0.314012123301738,2.254413127470495
9,1994,-0.3921256398862293,-0.1387054690769453,-0.3573252609669263,-0.4581103678986998,-0.2239782053715039,2.097403007667592,-0.0742538178313384,-0.3035929399463006,2.3117226329783866
9,1995,-0.3857200009206249,-0.1362383562802033,-0.350562590292435,-0.451349951675605,-0.1917419706030506,1.9783014886583776,-0.0742538178313384,-0.3073222358990568,2.244803132035882
9,1996,-0.3834013483493955,-0.1447850884526429,-0.3467850232238956,-0.4417296356157587,-0.1867960503173032,2.2601451657068803,-0.0742538178313384,-0.3029872229825437,2.4476598381762016
9,1997,-0.3666287022198288,-0.1418659569471261,-0.3439439483458775,-0.4116626998040058,-0.1774800667861051,1.881515910693408,-0.0742538178313384,-0.294711394665353,2.0415669969693293
9,1998,-0.3760605666655184,-0.1461962808991399,-0.3397901232913233,-0.4095244866658327,-0.1899285231792805,1.835537219966016,-0.0742538178313384,-0.2953688453784487,2.008503338818161
9,1999,-0.3974019357612584,-0.1566885604931535,-0.3446270886761491,-0.4348254039541196,-0.2083318176293067,2.161563977468864,-0.0742538178313384,-0.3151867515460034,2.497327833637251
9,2000,-0.3874222154742351,-0.1421468395018161,-0.3339546636209311,-0.4127969300688552,-0.2050593909116834,2.0443655885340224,-0.0742538178313384,-0.3139592277857425,2.3753076366167343
9,2001,-0.3868418607649712,-0.1423876767079174,-0.337076447631578,-0.4126387372368704,-0.2022301676139188,2.037654275556553,-0.0742538178313384,-0.3147104502965501,2.3775128575614373
9,2002,-0.3879367968869346,-0.1486631740314281,-0.333030821344582,-0.3990244297197539,-0.204376561961383,2.1157896711439133,-0.0742538178313384,-0.3143967335249019,2.445930041649275
9,2003,-0.3821434633446105,-0.1394941504903867,-0.3259383998863687,-0.3906802343162953,-0.2062593893161313,2.1445854721531723,-0.0742538178313384,-0.3085284408312938,2.406128783270372
9,2004,-0.3778732863970317,-0.14358424266231,-0.3172303369992521,-0.3821601864855842,-0.1990984016777841,2.276824161804325,-0.0515430461630845,-0.3131984999637773,2.579639006367978
9,2005,-0.3719624246986343,-0.1333101996910926,-0.3131679357075966,-0.3755989949626852,-0.2049191446519744,2.2513754280610843,-0.0527223454841791,-0.3033235289206397,2.443661197823285
9,2006,-0.3672392491284512,-0.1400242541834578,-0.3005217790106796,-0.3460063160767579,-0.199164468139129,2.2659707949342764,-0.0485904797511719,-0.3084526657494094,2.5139909692230558
9,2007,-0.3723039294146562,-0.155209244002111,-0.2946934804323344,-0.3387947715154283,-0.2072280078770746,2.2984234728863435,-0.05482101485188,-0.3165965273552331,2.641320592924293
9,2008,-0.3542061240714821,-0.127319745491396,-0.2766283901058571,-0.3188013707028014,-0.1963986213204387,2.3095098318840046,-0.0742538178313384,-0.2963934439080641,2.4196738965400857
9,2009,-0.346600207643327,-0.128534340016929,-0.270958629928952,-0.2890873437770603,-0.2062914121993838,1.9452981191937488,-0.0524451791373214,-0.2828409542604207,1.9935825623774615
9,2010,-0.3383616701226605,-0.1303785645306347,-0.2620766395365633,-0.2781685791429208,-0.2089708416397711,2.147816627837203,-0.0593040219011789,-0.282108336694285,2.149492325206656
9,2011,-0.3314065399001345,-0.1447290098539553,-0.2589886468457826,-0.2840018784555663,-0.179936290296979,2.337337526036072,-0.059689397770889,-0.27961511107702,2.2778116229919623
9,2012,-0.3133966113428083,-0.1299262008946134,-0.2494238058703386,-0.2745666245823945,-0.171874224075633,2.189266023153416,-0.0552171145905118,-0.2727821827321777,2.1026590287858014
9,2013,-0.3216145502700797,-0.1224167387491696,-0.2173827239008215,-0.27670586892589,-0.182684519352822,1.8805513594087333,-0.0546887760394651,-0.2549027679463789,1.742564740843548
9,2014,-0.28832106708546,-0.1104559612657651,-0.1963924184108978,-0.2613365622144759,-0.1458061114006819,1.712921778869813,-0.0529787003574488,-0.2491672730696669,1.588522011803963
9,2015,-0.2903382131638601,-0.1250052844164133,-0.19024928211419,-0.269492361052294,-0.1359916976350117,1.6419952587227844,-0.0541503453823861,-0.2531399349557319,1.5608363496588336
9,2016,-0.2831550736225838,-0.1256116105131593,-0.1893412427798707,-0.2753834182981146,-0.1067251345891216,1.7695582774445775,-0.0591617106143384,-0.2438753515045907,1.5980289082205446
9,2017,-0.31539282148983,-0.1375587516865356,-0.1821735784616991,-0.2960557212388561,-0.1432526445536691,2.2678622758600144,-0.0718769992483945,-0.257984213384458,2.0443376894981626
9,2018,-0.3035147874155942,-0.125529585486951,-0.1782699491344264,-0.2816421846930605,-0.1501117513381612,2.1322558590824507,-0.0588831097555899,-0.2436891986875894,1.8476071115231283
9,2019,-0.3069327175557105,-0.110786915545408,-0.1594522850251048,-0.2664595213174894,-0.1532003408413703,1.903824190025711,-0.0196109920736089,-0.2198781249817239,1.558899735200394
9,2020,-0.3285232525140502,-0.1091866323230592,-0.1694397145883405,-0.3034373103816669,-0.1861924938495937,1.7538168717614566,-0.0160917290917856,-0.2431572815659858,1.5831340280036785
9,2021,-0.3035957967808285,-0.1169407902543055,-0.1339516309511381,-0.3033346733210454,-0.1412132815428775,2.067206671541994,0.2328580358919472,-0.2178840020626472,1.6523387093785868
9,2022,-0.2878589861993466,-0.1113334883086106,-0.1394018009999796,-0.2901882368624885,-0.1183228970894142,2.070655809918227,0.0749314168661277,-0.2365212718496604,1.7605522755051466
9,2023,-0.2693925279851922,-0.0910459513091051,-0.1262779328630437,-0.268741541688176,-0.1096717160269282,1.8003768241400486,0.2765003444368027,-0.2178703905603409,1.4832670061048487
9,2024,-0.2627624533558749,-0.0789056002254279,-0.1166002316442069,-0.2502595303958443,-0.1156952526255471,1.6217203863640468,0.7611575697062084,-0.2032448048031479,1.3082847541253289
10,1990,-0.0785009507519619,1.0070242148151785,-0.2575239445929866,-0.4120118160077945,-0.2430283323809449,-0.4607202610071369,-0.0742538178313384,-0.186375510533334,0.04645375642836172
10,1991,-0.119750367827701,0.9268328972981464,-0.2721017218114169,-0.4173427606913348,-0.2663981230958955,-0.4655019712814512,-0.0742538178313384,-0.2175207473068914,0.04809841294451452
10,1992,-0.1323547376377736,0.846885584148,-0.2789330022141658,-0.3960885091657139,-0.2579791922793295,-0.4451481574179645,-0.0742538178313384,-0.2250733957998648,0.06249867133983951
10,1993,-0.1466888326729941,0.82162395557632,-0.280575136926365,-0.3945819355657399,-0.2647369164405195,-0.4374226970355529,-0.0742538178313384,-0.2345700053252376,0.06969798692366277
10,1994,-0.1682377883073013,0.7502024420691155,-0.2738358160674993,-0.3987771590952098,-0.2629950686853679,-0.4169042855751307,-0.0742538178313384,-0.2448939358283533,0.08648438850895965
10,1995,-0.1677260953485912,0.7345861625884406,-0.2613862454360793,-0.3774459874618564,-0.2583662695582521,-0.3879206718520657,-0.0742538178313384,-0.2410760139711459,0.10517604919951842
10,1996,-0.1580460131232526,0.7355334736598786,-0.252667604870776,-0.3490892174493555,-0.254301958129565,-0.3952036870024691,-0.0742538178313384,-0.2324498879104658,0.09725868401091718
10,1997,-0.1731388241176858,0.7162714818739726,-0.2569721873296877,-0.3459770068567798,-0.2588501161569053,-0.4025111659523942,-0.0742538178313384,-0.2312477355398463,0.09202646044431413
10,1998,-0.1895617243872369,0.6380752588861811,-0.2612067053742122,-0.3460929650834741,-0.2532213673925728,-0.4091139711436623,-0.0742538178313384,-0.2402253571523663,0.09039637814969533
10,1999,-0.2108786320577154,0.5334117386903341,-0.2656645537395958,-0.3438560082136103,-0.2550761126874102,-0.3855288795310361,-0.0742538178313384,-0.2582143630606502,0.11361563396064263
10,2000,-0.1794159407824565,0.672869376509565,-0.2607863188878891,-0.3503821817428721,-0.2592371934358279,-0.4067183151038496,-0.0739746238540185,-0.2450978793265578,0.09362059560404735
10,2001,-0.1780628310547973,0.6443165709560126,-0.2542922234793785,-0.3351071094695246,-0.2527213925739645,-0.4017989587973664,-0.0742300141140517,-0.2377197257519106,0.09456488395715562
10,2002,-0.1887660348333517,0.6203059996976926,-0.2547564002246935,-0.3430571718195291,-0.2556728568257492,-0.3884015513537103,-0.0736412320059617,-0.2342273876138471,0.10239707499280461
10,2003,-0.1794535413098231,0.6418214435777769,-0.2497730687514061,-0.3406003050236263,-0.247544233968375,-0.4455463774027804,-0.0729156153265983,-0.2216545528822601,0.06154434918987618
10,2004,-0.177931392123303,0.6256597425711226,-0.2493220290837887,-0.3419214482649311,-0.2343352218251421,-0.4056102130530019,-0.0716105189404898,-0.2146079090324876,0.08518767909627158
10,2005,-0.1827871861411509,0.6070867042917168,-0.2446627455270421,-0.3444246761093831,-0.2291419349995975,-0.3818131057543031,-0.0684909130180558,-0.2187742960324271,0.10145415689009202
10,2006,-0.1798693447018335,0.6114931360937088,-0.2374066996120709,-0.3490860129817967,-0.2304805772558714,-0.3667908209312427,-0.0612539697920999,-0.2110271192401074,0.10827803119777939
10,2007,-0.1767198128092208,0.629822170006229,-0.2362725756944377,-0.3614370288505921,-0.2308192698749286,-0.3894170338091879,-0.0426103070362559,-0.2113516968616608,0.09435436625316608
10,2008,-0.1932221352912006,0.5803466963206715,-0.2332232147353757,-0.3631080506098734,-0.2298515766776222,-0.3712431074152801,-0.0066969995158665,-0.2170702125347949,0.10757429053011693
10,2009,-0.2158614098015863,0.5354068332195747,-0.2474535162487045,-0.3732905131209907,-0.2388833798524823,-0.3204735810113743,0.0263406941581071,-0.2352698001247192,0.14834823827550125
10,2010,-0.2069724212179932,0.538273831007065,-0.2437924316456801,-0.349407805091161,-0.2420928956235487,-0.2778001053303576,0.1903528102916397,-0.2179785278923283,0.16709376707650833
10,2011,-0.2170068289662586,0.5484405360200462,-0.2456548488767126,-0.3676572391550207,-0.2465604125511135,-0.2245877893864821,0.5935824540793987,-0.2293461289974989,0.20846813374524895
10,2012,-0.2282434009629577,0.5149507325205968,-0.244620220806535,-0.3700827555322661,-0.2478345419275669,-0.1904757332179432,0.5878410453919695,-0.2318314514225548,0.2328472543372372
10,2013,-0.2416353258669404,0.473094663217549,-0.2483300352097657,-0.3682285155150773,-0.2533826495921239,-0.1315662608057291,0.5789995993057272,-0.2317046910489592,0.27180418264404077
10,2014,-0.2516053145271044,0.4544995679333752,-0.2484931583035367,-0.3901085784885603,-0.2447701801360965,-0.1274756629388701,0.6077829157947702,-0.2398713813915622,0.2823148068653528
10,2015,-0.2478177982023157,0.4515326279779879,-0.2428057101188397,-0.3820889784208899,-0.2471249002495422,-0.0966752149999495,0.6881266532416787,-0.239416499212473,0.30283631771330055
10,2016,-0.2427286856855749,0.4522256006900803,-0.2373579216425798,-0.3676490640640276,-0.2587049621773093,-0.098220493106415,0.6383871951109434,-0.2428886026162614,0.30546796547543814
10,2017,-0.239919538974456,0.4488233810572133,-0.2307501948910109,-0.3621790476088828,-0.236577044398902,-0.1088220698353819,0.6503302260169881,-0.2303780554772353,0.2856019110402672
10,2018,-0.2434381816082225,0.442638754541275,-0.2276223223766023,-0.3728266173266728,-0.2355770947616853,-0.1261462956646308,0.6889763082062128,-0.2300537995976532,0.27386828929324797
10,2019,-0.2589095022809979,0.3877803467836337,-0.2267812560092209,-0.3631642769042094,-0.2345448886845584,-0.0916687171413018,0.7079932338728114,-0.2348631672257953,0.3014769329388765
10,2020,-0.2839797700258378,0.2938579488909672,-0.2332043367547243,-0.3599780158498561,-0.2491247995239755,-0.0431714413161491,0.7517731070817666,-0.2515296750941314,0.35415866754258335
10,2021,-0.2687354254117531,0.302006913057797,-0.2211515233858753,-0.3452131631318834,-0.2359157873807426,-0.0549863888053586,0.6849569462769994,-0.2354604412405418,0.32672701769115264
10,2022,-0.2731713832716802,0.3347755963664275,-0.2302390224397456,-0.3877088137074548,-0.2343513500450972,-0.0581331739620966,0.7936088771217452,-0.2419019223020387,0.3319392814956842
10,2023,-0.3065715179535117,0.231481285683006,-0.240608709034953,-0.4076207901725813,-0.2367705830383633,0.0117451596673659,0.9719924574972258,-0.2665751305007632,0.41587047241745484
10,2024,-0.3293069291500527,0.1551073438055442,-0.2407108680963872,-0.4080428085074493,-0.2330812029012408,0.1335747914440416,1.547360378264408,-0.2784062617043259,0.5315609106987829
11,1990,-0.3933970373272791,-0.0659060459747226,-0.363369379602502,-0.5167550279722317,-0.264817557540295,-0.4307488482809381,0.4407751889406341,-0.4089889149234707,0.18346235754292112
11,1991,-0.3614420126928964,-0.0152536100488937,-0.3591042083766831,-0.5104246042888536,-0.2596403989347056,-0.44062058511251,0.3699458059840138,-0.3960077573017043,0.1505967352266714
11,1992,-0.3797840949056593,-0.0501175281174226,-0.3569234534788824,-0.5076675470815112,-0.2631724791048741,-0.3880735549358135,0.578756315584111,-0.4016994300295705,0.23939233242127927
11,1993,-0.3723278073436653,-0.0386062632796456,-0.3552944558443808,-0.5004812355778596,-0.261349990249947,-0.3765037014292112,0.5933953149280268,-0.3980858480604845,0.2502443537771059
11,1994,-0.3601588534769415,-0.0208370040911571,-0.3525444275796844,-0.4931134252739086,-0.2557857543654349,-0.3916682410448143,0.5404193562192235,-0.3935402257831328,0.21952885398780825
11,1995,-0.3749726267203404,-0.0517394394973088,-0.3519532590832927,-0.4818461006267807,-0.248737722245053,-0.3657134198873639,0.6418677550368043,-0.3930759942940794,0.25665908192801046
11,1996,-0.3375877379082322,0.0061613614448259,-0.3478063215567522,-0.4671501088312687,-0.2337062212468929,-0.406164081391411,0.4420092061317279,-0.3741944488843264,0.17324603535579153
11,1997,-0.3689096497555245,-0.0509500136044438,-0.3475085477956067,-0.4625404799611845,-0.2395446368706417,-0.3109627778469589,0.9024314469943122,-0.3847224656026072,0.31687090930640527
11,1998,-0.3792527325038249,-0.0752356247085817,-0.3469305163769126,-0.4545650213609743,-0.2455120782540315,-0.2084535711249064,1.4507028004529092,-0.3866671381763029,0.4640783507209296
11,1999,-0.3896538821250087,-0.0968228345789264,-0.3463568639841177,-0.4494233583599475,-0.2460926941724153,-0.1489886267539175,1.6549928862239214,-0.3932167048925447,0.5736383591855935
11,2000,-0.4021422297970509,-0.1144916213810504,-0.3453058977683101,-0.4509110045302573,-0.2511730834582742,-0.0023262590381955,2.530569387466024,-0.3969539835688073,0.8105474482535114
11,2001,-0.3963248914742346,-0.1092957636861935,-0.3444169555107729,-0.4460416574917453,-0.2516085453970621,-0.000941611423627,2.439277923679115,-0.3933768734924668,0.7909308323223262
11,2002,-0.3956349983321335,-0.110013423588798,-0.34459649557264,-0.4461574519903509,-0.2547212918483978,0.0613628085601429,2.65675579538767,-0.3953595345056586,0.8953385300680495
11,2003,-0.3735733429337812,-0.0711593164617879,-0.3446753180388256,-0.4445198014899125,-0.2633176330844701,0.0686762558143074,2.577015914617055,-0.3898106309672877,0.8696385569883199
11,2004,-0.3908035213232176,-0.103382246088732,-0.3421924103539803,-0.4446341052811178,-0.264817557540295,0.2799002018847312,3.504660808195033,-0.394386553111706,1.210955290606874
11,2005,-0.4012158857811224,-0.1193860619168134,-0.3398802846792038,-0.4489833389165621,-0.2663497384360302,0.40292333764304,3.926015264460722,-0.3979213133885572,1.4303426380903856
11,2006,-0.3765085835072161,-0.0755801014618319,-0.3380586099051374,-0.4463893163333106,-0.2645917624609236,0.162268853439115,2.864383903858273,-0.3882660516925459,0.9918833275139146
11,2007,-0.3913024410438674,-0.0957176383289154,-0.3389913424216665,-0.4587398985435781,-0.2649788397398461,0.3729237144958022,3.926015264460722,-0.3913308116036499,1.3178044220701675
11,2008,-0.40058065788895,-0.1090086997251516,-0.3403707355799139,-0.458035332819964,-0.270251025817411,0.4204399178624341,3.926015264460722,-0.3930492791801633,1.404018228106707
11,2009,-0.4059541044844051,-0.1117788669492052,-0.3478305769812078,-0.4622174936016266,-0.2754501994432393,0.4234360065347788,3.926015264460722,-0.3990282592836657,1.4740154151827511
11,2010,-0.4049528020454956,-0.1138887870628626,-0.3450539943034588,-0.4499115495207915,-0.2768261624004893,0.574303022586577,3.926015264460722,-0.394011798048274,1.6403417610730475
11,2011,-0.4212069152973229,-0.1298208369006835,-0.3468275829941261,-0.4676882892797605,-0.2815367316027775,0.8628464458814937,3.926015264460722,-0.4033746620507585,2.220440108444459
11,2012,-0.4364778746327847,-0.146786316998255,-0.3485312517782609,-0.4738442336604583,-0.2897129327090192,1.144563197239262,3.926015264460722,-0.4090844501092474,2.794569430710515
11,2013,-0.4313103552560664,-0.1305097904071838,-0.3483428135357665,-0.4785272786835615,-0.2924839060512862,1.061942561485376,3.926015264460722,-0.4092317657581175,2.66094675387525
11,2014,-0.4439670574969254,-0.1475470364950158,-0.351049524476268,-0.4899468514456158,-0.2955776857159548,1.4079855317652623,3.926015264460722,-0.4161114375396448,3.4352942043703947
11,2015,-0.4508088847340726,-0.1644722415188531,-0.3494573194173714,-0.4890070855148193,-0.2925332745325689,1.7413720438368867,3.926015264460722,-0.4165136971306827,4.037364186869046
11,2016,-0.4484406281028972,-0.1579161455977976,-0.3485797013208095,-0.4946224054914618,-0.2918657597650669,1.559435403586492,3.926015264460722,-0.4137278240664709,3.6244995913057214
11,2017,-0.4533043787386165,-0.171287455724343,-0.3471102710110488,-0.4886267332672843,-0.2920950707963886,1.9099042481271256,3.926015264460722,-0.4123215830182551,4.1774106713663866
11,2018,-0.4533377298267273,-0.1700950637961656,-0.3488104935018009,-0.4903930630443933,-0.2919729640431085,1.8433169623381465,3.926015264460722,-0.4124688903290119,4.069152610006871
11,2019,-0.4641919586651827,-0.1871434479656859,-0.347069384046228,-0.4933257347491404,-0.2944102122580644,2.1856842652892783,3.926015264460722,-0.4161748115715286,4.808438070719028
11,2020,-0.4721023338594488,-0.1900263739136367,-0.348422857750178,-0.5022239620511395,-0.2994350882108378,2.3058957218838327,3.926015264460722,-0.4199637747068399,5.197530774596181
11,2021,-0.4658761096909841,-0.1832553819113453,-0.3380479557351247,-0.4940425698531043,-0.2978206050086716,2.213397711657283,3.926015264460722,-0.4136572046521568,4.749736636498927
11,2022,-0.4684454170300521,-0.1835038788292211,-0.3436341608410324,-0.5082296982389369,-0.296138044590075,2.2906500720230105,3.926015264460722,-0.4193405787150054,5.139872717199716
11,2023,-0.4756180799991732,-0.192923782238422,-0.3409266660548949,-0.5094488441207169,-0.3000147848206841,2.479838657810433,3.926015264460722,-0.4220447547008294,5.624025856887253
11,2024,-0.4824643188555053,-0.1982970518322742,-0.331422179169675,-0.5091404635909765,-0.3075879571674953,2.583120829698045,3.926015264460722,-0.4227963693221896,5.8580907951982875
12,1990,-0.3489206093610774,-0.1950417688493847,-0.36403499153918,-0.4067327138908088,-0.1027289469914658,0.3569493969863525,-0.0742538178313384,-0.3214959861631363,0.8555265445886122
12,1991,-0.3363688755550827,-0.1947977644824991,-0.3577729845033269,-0.3828904497636433,-0.0963421718892432,0.1499641555912514,-0.0742538178313384,-0.3188602231982408,0.6501121439857205
12,1992,-0.3331393413426261,-0.194309755748728,-0.3554214475954576,-0.375644265470601,-0.0972292239867741,0.1341518604252756,-0.0742538178313384,-0.3134229828412188,0.6191001615610527
12,1993,-0.3179610515842782,-0.1890564852616628,-0.3422055474316779,-0.3599990948378962,-0.0813106708910832,0.227110801913613,-0.0742538178313384,-0.2810314462530157,0.6116591480708167
12,1994,-0.3207256821060292,-0.1860136072746195,-0.3364383703224341,-0.3467839577256864,-0.0916811163222172,0.2308777482712641,-0.0742538178313384,-0.2957338749142073,0.6536744106616581
12,1995,-0.3031937939622083,-0.1913529969499973,-0.2959367597807517,-0.2913744358626532,-0.0778431036007351,0.2307219049845884,-0.0742538178313384,-0.2670861435810843,0.5816046708623553
12,1996,-0.314530624015671,-0.1903339198882988,-0.2755786683753801,-0.2625135181695658,-0.0912295261634742,0.2142646185420371,-0.0742538178313384,-0.2698232238893371,0.5752600756184236
12,1997,-0.2610256884053614,-0.1899320303428403,-0.2787884943594922,-0.2549574802047336,-0.0083949884740426,0.2031770870126086,-0.0742538178313384,-0.2403062599934146,0.5085333976902513
12,1998,-0.2269969077816702,-0.1872336291090472,-0.2725527614790343,-0.2459412263141822,0.0435701362213132,0.1839563846153022,-0.0742538178313384,-0.2096951942976439,0.4476671948440242
12,1999,-0.2193742009782275,-0.1919845376642893,-0.2467384038032619,-0.1846816915256803,0.0403606204502469,0.285089565282012,-0.0742538178313384,-0.1976713793327944,0.4914690168322175
12,2000,-0.1925895728354723,-0.1874202206837244,-0.226660570055439,-0.0595935202447798,0.0336835373888324,0.181794057922143,-0.0489913594612505,-0.1544651614079777,0.3802233105788433
12,2001,-0.2023788909472705,-0.1901042687194654,-0.2122316797175815,-0.026823444712121,0.0029915348142631,0.0982239596189486,-0.023130267388827,-0.1897540520096926,0.3714469588311508
12,2002,-0.1677793657798081,-0.1886402425181521,-0.1728467207801946,0.0923421295057714,0.013039415846295,0.0910399384351902,-0.0198876943391719,-0.1808153275005556,0.3578019945640497
12,2003,-0.1603776004731322,-0.1878651698233392,-0.1278828828472293,0.1573333265446127,0.0004594042813112,-0.0569200380697137,0.0080096807804213,-0.1276224467988741,0.237633871106794
12,2004,-0.1386212476251747,-0.1886402425181521,-0.1040347078001969,0.1500291981510703,0.0441668803596523,-0.0927133785377124,0.0357997747103445,-0.1227028797841875,0.2174064784400854
12,2005,-0.0970632551446896,-0.1894583748071213,-0.0733946635835084,0.2863910415101103,0.0674399017548722,-0.1216911413051428,0.0341636399885357,-0.0812414587533185,0.18446825370112366
12,2006,-0.0744647444846458,-0.1901903879077779,-0.0455528169164074,0.3510138305235142,0.0836326345898,-0.1351868517529198,0.0398703877024894,-0.0559549557471963,0.1689612950134055
12,2007,-0.0496787471485837,-0.1902478006999863,-0.0202289101413452,0.4414728042410156,0.0904387434108554,-0.0896256505354887,0.0680209940473142,-0.028731168995293,0.17764662990703234
12,2008,-0.0266473129295222,-0.190664043443497,0.0033784184812312,0.468543524046891,0.1207436687065021,-0.1303405011698674,0.077517173474858,-0.0074019038202432,0.15501044225457772
12,2009,-0.0152899455550404,-0.1916974737032475,0.0364969913568659,0.4496546490311561,0.1548548539115542,-0.1936343778173587,0.0999312030028287,0.0005881866578019,0.12916495130749708
12,2010,-0.0078954601066141,-0.1820521246122424,0.0660729322800492,0.4516497895044341,0.1645962987644392,-0.1941057459521392,0.1741440849454109,-0.0009198817142599,0.12935946540868815
12,2011,0.0176166569686351,-0.1981994724208447,0.1050637788865084,0.5847105933521994,0.1579514721429348,-0.2130385834294846,0.198524283284254,0.0515191755173799,0.11123002986274284
12,2012,0.0383335057860888,-0.2000940945637207,0.1244146943350645,0.5876755514202533,0.1954818399784698,-0.2267948976682386,0.1252230457538278,0.0342717328423291,0.10984487652527046
12,2013,0.0412532620829051,-0.2015294143689298,0.1127402112878026,0.5564266866305949,0.1945625314410287,-0.2293861532654623,0.1145036788505705,0.0315348947895529,0.10947398962987667
12,2014,0.0399836193772639,-0.2009122268526899,0.1523879117791415,0.4485744308171007,0.236366877564667,-0.2248414210914722,0.1394874679932193,0.040288244734947,0.10935515199496174
12,2015,0.0560217044182983,-0.2018595379241279,0.1854933475770785,0.4789516796678063,0.2505113264652963,-0.2462092585950772,0.1200896949316943,0.0300065635346094,0.10385785424313979
12,2016,0.0777990626137345,-0.2002376265442416,0.2208320865836064,0.6112640771075275,0.2285769473263502,-0.2520864309602821,0.180182650007817,0.0796914539099294,0.09345957059704918
12,2017,0.0966647615109643,-0.1698949658621213,0.1741122592650627,0.7797049247194273,0.176269501162447,-0.2578782691558049,0.2382466509797845,0.1095158023045158,0.08730026789311213
12,2018,0.0488369797256059,-0.1301366072578295,0.2354361379574319,0.7089234890051104,0.1206373192241181,-0.2708844064104167,0.2254288587995136,0.0828950308698824,0.0869310399099104
12,2019,0.0737062232964091,-0.1475866513216396,0.1948403958750203,0.9067702637407457,0.0730644733102364,-0.2089375106320956,0.5083361309174237,0.0858373234309671,0.10631573509141794
12,2020,0.0443960080527999,-0.1771561052246937,0.1996389105602318,0.7834744843306346,0.1050437981451825,-0.117930021229178,0.8894492028207687,0.1220379611990954,0.12785859259658022
12,2021,0.1285805035331398,-0.1569196748230312,0.20231414506257,0.8563651531537988,0.2036491705637362,-0.1114346669139076,1.0193892178742832,0.1612743218679775,0.12242227238756045
12,2022,0.0913667256120785,-0.1624527034933297,0.2649726676475224,0.6687840897925407,0.2189495773732078,-0.1267462603261288,1.005627880267886,0.1170421758770925,0.12616814000601828
12,2023,0.0829451564078149,-0.1560069596429116,0.2928438898213104,0.6861456410462757,0.204936682330238,-0.1046581766680672,0.9957593628995536,0.1092031711410796,0.13452334068888377
12,2024,0.1075814496213375,-0.1406850909095364,0.3368594161216284,0.7009474511774859,0.2350403649409314,-0.1226514663326604,1.0187402745278968,0.1437623094918973,0.12234071776086278
13,1990,0.5075811270272468,0.2379940152348826,0.925754538758806,0.0891532484832142,0.912332832323128,-0.049557962287308,-0.0480316581262063,1.001419244853523,0.06307759048010925
13,1991,0.589930385307888,0.2709372628431416,1.0288630825813223,0.1779448286935238,1.0017799401941534,-0.0540887523026573,-0.049320408909723,1.0896906066424783,0.059085088870600384
13,1992,0.5532483868423815,0.2157425090045745,1.0686071216424438,0.1877647744748233,0.9914578794228848,0.020723726698545,-0.0497911155339151,1.061488414811169,0.06936321647136705
13,1993,0.5014489687045993,0.1240604515587559,1.0699821357747916,0.195948969712923,0.9467504537073272,-0.0254441181125392,-0.0511849517009734,1.0885480537691443,0.06260147766755071
13,1994,0.4789709463529062,0.1207064516909929,1.1008586473900368,0.1950194005103294,0.93589616167754,0.0674069751987965,-0.0509447795537811,1.0270758238528297,0.07678546291459731
13,1995,0.4999039981653783,0.1467215125827567,1.1212123597695094,0.2118780501303656,0.9721685283565764,0.0127563713658234,-0.0514908753444457,1.0920684342235212,0.06708906007782607
13,1996,0.5471737884324029,0.1548663505133888,1.192564207771042,0.2980938959703997,0.9908127506246804,-0.0474011962225449,-0.0529206235755725,1.1841581405118318,0.056589738146155935
13,1997,0.5171581483875837,0.1226198495084307,1.1813407643913976,0.2888555545948068,0.9932964964977672,-0.0560009979984035,-0.0515521898279218,1.131543952804391,0.057368443111174894
13,1998,0.5831231760507573,0.1791385027299115,1.232527198127123,0.297233612366485,1.0515193705357049,-0.0722038915785782,-0.0509417635235068,1.1799242479232814,0.05388251904446427
13,1999,0.5720209505794059,0.1403932021775467,1.2663770683279236,0.3429189964574,1.036681408177006,-0.0108741463194318,-0.0511255587199892,1.1770211765255802,0.06102745951226652
13,2000,0.5656350488839079,0.1280485623869265,1.30734723464082,0.3728844054627398,1.0089892545140866,-0.0622699713307742,-0.0514745518677682,1.194009937242645,0.054572768158024546
13,2001,0.5786875952232479,0.0834098262059607,1.3556566483607728,0.4180220854187779,1.0582609664769398,-0.0210383795607785,-0.0494107083369448,1.2524409867756283,0.05732198199253231
13,2002,0.5597432678639167,0.0922087903429231,1.3469905561062605,0.4148148247974708,1.0061506878019877,-0.1069351772314003,-0.0441529095866483,1.2566280533368386,0.04774978590136191
13,2003,0.5781326652095219,0.0935027854986979,1.4238555977148832,0.4652644444820736,1.013843848720574,-0.1205841609194631,-0.0399697439900648,1.302156455776584,0.04509917759819586
13,2004,0.5808524471706136,0.0831990974528848,1.4751821602793824,0.4927411318740447,1.0147202561929345,-0.1204488966398682,-0.0332321884916945,1.328658953781682,0.044469476650229586
13,2005,0.5881362319273991,0.1083921967160472,1.4856480321784664,0.5312558069012971,0.9958200468177026,-0.1710188315147072,-0.0188857237293302,1.3363003689785968,0.0389684501909566
13,2006,0.5575116580754611,0.0854236160425288,1.4653118359025905,0.4796561948722757,0.987698875197948,-0.1301912302208243,0.0272106879785042,1.306236901263118,0.04397182413759675
13,2007,0.5289991089231612,0.0994513518116527,1.4739210008204138,0.4673696415176128,0.9546013324888544,-0.1033265076636988,0.1127462910057736,1.2865790957763312,0.047351299373134106
13,2008,0.5171388755671193,0.077776342540644,1.5285449698870104,0.4975810828257505,0.915832027052808,-0.0639933663479047,0.1720271678258523,1.2949523198668385,0.051364453139537636
13,2009,0.4796639886937645,0.0289996662837789,1.4704790864636443,0.4854584673156623,0.8649462834779474,-0.0556912067237959,0.2849198294989284,1.21588457665502,0.05462768727636954
13,2010,0.4870559354103904,0.0435044365296074,1.5762106667997802,0.5583440468772246,0.8311821291816692,-0.0328190685945078,0.3564153148449929,1.2697548906160474,0.055484807680584024
13,2011,0.4531330094546614,0.0189497195028699,1.435779133481136,0.4409786883217756,0.8495571069458431,-0.1084337038847305,0.539642528582137,1.2360194770352468,0.0481412706589097
13,2012,0.4678261131834642,0.0476819687845617,1.497962198950057,0.4676530153217634,0.8220154134468849,0.0077319120195753,0.726259788227672,1.2353709175161331,0.0610762570506725
13,2013,0.4671985999545578,0.0595277581265485,1.5201809997663602,0.4787535687351083,0.802762544414115,0.0850672677549634,0.774097565446526,1.2426733465772577,0.06938826471999147
13,2014,0.3624614203079284,-0.0042741856546695,1.4086760284832294,0.3060770091867318,0.7750878576134068,0.0667266979882776,0.8798903260998571,1.1742168114876876,0.07006714993931534
13,2015,0.3822875235363017,-0.0121263637077636,1.4502575681180168,0.3631576898214371,0.7754831280280666,0.0412208431186996,1.0748675764070177,1.2000825695550392,0.06612388102511019
13,2016,0.3894108951386655,-0.0227529578831798,1.486545574842869,0.4503121225720842,0.7557314292803051,0.1007389595534,1.1408864718325586,1.16812327832229,0.07425104366620634
13,2017,0.4063997734409302,0.0034496519705706,1.4698615387152352,0.4480071240811037,0.7649623514587311,0.0654034286323624,1.3160251543433406,1.1659203803201046,0.07025727643603695
13,2018,0.385855612310773,-0.0203858900660096,1.46256468465791,0.4006301285588386,0.7204816240028623,0.1714199672670845,1.4591771114868632,1.156031913887134,0.08301431931894096
13,2019,0.364336370557534,-0.057835763221677,1.4394349720111332,0.4175300432940417,0.7098374504226502,0.1780338207025928,1.7732556833568929,1.1321547954354487,0.0849899239302187
13,2020,0.259019188456795,-0.0879055949927411,1.351496074547582,0.3485043885143195,0.5855993367472447,0.3086316115026764,2.171291296133106,0.9637448297992668,0.11175656041363945
13,2021,0.3372738824581394,-0.0531348095015245,1.4459832184539134,0.4026769148876641,0.669673747473945,0.2539929469606591,2.046008228666212,1.0725588529567824,0.09746174199887166
13,2022,0.3103606989493137,-0.0777780020685837,1.3718478207444262,0.3174419180625222,0.6389220866137618,0.3342185970172309,2.652288644451934,0.9114219920085328,0.11930656112983337
13,2023,0.2411139596525891,-0.1066490438912853,1.297537437160007,0.2157148979478407,0.6000025951934934,0.4135630218162836,3.0348079218802364,0.9341404871434984,0.1280933337373327
13,2024,0.2222119674201927,-0.1137068282846384,1.3062429904741413,0.1653741026025199,0.5911906849709019,0.428029229725926,2.6917575909528426,0.9618549331970476,0.12761352560519984
14,1990,2.3966814668959167,3.822677641028645,1.616541495331394,1.0522823890702375,1.538898049359095,-0.4054172192610465,-0.0713821619522533,1.881178937464357,0.011077001924739564
14,1991,2.3260700723635863,3.822677641028645,1.6167779627299508,1.1396892710732307,1.6634562920723892,-0.4071369755397023,-0.0654731230919317,1.832565889507878,0.0111623438186443
14,1992,2.176266376640966,3.822677641028645,1.5941077456498025,1.117766624891935,1.68082638496404,-0.3887708898412513,-0.0622133816349298,1.787935183257274,0.012932366327302474
14,1993,2.1561440031108896,3.822677641028645,1.5559489139641909,1.1735837489584875,1.70558320259513,-0.3803773247213852,-0.0460343034129745,1.7650539228880415,0.013779130638380963
14,1994,2.1122850695851136,3.822677641028645,1.546792370808968,1.2456160171243065,1.6786490752701004,-0.3609551840984259,-0.0147644537931369,1.754550669480523,0.015510864772302447
14,1995,2.1075775280566043,3.729782825702672,1.5796613392083485,1.3629349646157978,1.6778426642723452,-0.3441141445346592,-0.0040684788411613,1.77791945762784,0.016785565541169497
14,1996,2.189751954938953,3.702870579355002,1.6106604635487711,1.5792492994124483,1.7115345157585644,-0.3453297282386754,0.00829991940895,1.855819137382158,0.01613690902160191
14,1997,2.0968042923846504,3.528694520992878,1.6247565479182895,1.4735155580320365,1.6895356237397978,-0.3732396677617272,0.0471328315024441,1.8342602649873387,0.013967748444785925
14,1998,2.0690975106293146,3.3445716963806547,1.6449000670546003,1.4897559498850423,1.6915839076740966,-0.3601871252146505,0.1082139359010458,1.819521886398793,0.01514560623926179
14,1999,1.974275169958296,3.183804267954453,1.658803474284554,1.5035920999661772,1.6184101737377743,-0.337880319412593,0.1449175991380721,1.7666921926634929,0.01740035098639617
14,2000,1.9529349362678765,3.296016188214548,1.7059174139340256,1.4699403054444724,1.5320758123180849,-0.3012613461718703,0.2838629431438261,1.7779639716323443,0.020428799306848263
14,2001,2.017447537290683,3.365914901884114,1.7550763586784222,1.5624141411831975,1.5999272336692212,-0.2891792219574844,0.3212340651778007,1.8466069306698816,0.02083567787070973
14,2002,1.972335103887341,3.418275368378142,1.8114475590787984,1.5491674342870227,1.5248664979981514,-0.2488540925481699,0.5256414545888978,1.7938023660524038,0.02471492310457008
14,2003,1.981835862232419,3.443683546961203,1.8387770597156927,1.530610380029812,1.4933035715460063,-0.2480735644064243,0.6978223795700736,1.789225479362926,0.02482979453945818
14,2004,1.9313524874078272,3.427325534494875,1.867919477074856,1.5378751511526685,1.4571602306266105,-0.1821217217785778,0.9378878563068396,1.805755359316105,0.03019463441993881
14,2005,1.8720617590625792,3.2885571694887967,1.872583139657502,1.5618287805415878,1.4192589137321083,-0.1485817431947309,1.051291911322704,1.792843255620647,0.03319611843574936
14,2006,1.9128614874341447,3.3116846195093523,1.895170155245565,1.6029154190999448,1.4164042188000543,-0.1094737495085902,1.1965893786428488,1.861847150606636,0.0354457705404447
14,2007,1.80900568241792,3.432639951932152,1.899483495756276,1.5286868037458672,1.2170110354950616,-0.0177651280255372,1.4890096920003075,1.7380009384621369,0.045318665385936215
14,2008,1.832876746635154,3.240108949507437,1.887997310822679,1.599506054715258,1.3173608200557398,0.0042471600940345,1.5614460051130803,1.766674456297974,0.046633021086182204
14,2009,1.6680436074199223,3.031718351553667,1.7605983103373113,1.4503153684958554,1.22951040596027,0.0526759156270989,1.6876605747129765,1.6148578854488211,0.054369042063389994
14,2010,1.778779469198471,3.1256488587687548,1.905040479622358,1.626609613710533,1.249654552684199,0.0733402491657053,1.7408590623721214,1.7282592160853822,0.05343132073057901
14,2011,1.693552153790843,3.1822192880593194,1.874422330535165,1.4242867311877991,1.1970281709706836,0.1975153523611986,2.486655788157334,1.611112513950226,0.06774010006404318
14,2012,1.7527955820675558,3.3394066778620286,1.8670436718950167,1.4288008699819978,1.1931573981814578,0.286593957037231,2.715506600171593,1.62694695530845,0.07534703838050304
14,2013,1.8037392193604285,3.337646645854356,1.859310312157033,1.466962594525665,1.2249138632730645,0.3222050026902142,2.8654935575057,1.6732556035653774,0.07693336016995887
14,2014,1.6886104985375443,3.2245624026472983,1.8084523053637471,1.2706940837041554,1.1800774117978658,0.3942113797402967,3.303738513729747,1.577252060641596,0.08714897732854189
14,2015,1.6943102121559417,3.2248294918505334,1.823883992632521,1.3210499268818063,1.179029077500784,0.5062816379575852,3.926015264460722,1.5874706749111458,0.09711496059127896
14,2016,1.7185249925021795,3.1114057299840745,1.833522228636656,1.5034333568187062,1.180706412376115,0.5057988525684605,3.926015264460722,1.5957239186277596,0.09669286247831366
14,2017,1.6600809401832342,2.979899993471181,1.8368809415013403,1.638036831220349,1.2077211808009198,0.6450128018827419,3.926015264460722,1.6022716041306544,0.10920875278033267
14,2018,1.5984866671801,2.88618796338908,1.7952407842258666,1.6314126573706311,1.1184514833494004,0.7018012306674791,3.926015264460722,1.5491585852066292,0.11736257332387803
14,2019,1.454565097603732,2.256935995705266,1.732769600747908,1.65127795816164,1.144804994756046,0.8741618207955996,3.926015264460722,1.5032133158686134,0.13665601026630547
14,2020,1.295159673506451,1.7951711659677485,1.6683059604858137,1.5895364236900846,1.0668089230531463,1.022859682012777,3.926015264460722,1.3792135225130258,0.1608311939947323
14,2021,1.3702533213044938,2.1287683807917097,1.7439755280239555,1.729431296872217,1.0253110131086551,0.8648032043706618,3.926015264460722,1.4517844331050946,0.13928024098905287
14,2022,1.3458206151909349,2.2436212515322445,1.6452416310747378,1.4561470889955093,1.0133438739019651,1.0145488577615285,3.926015264460722,1.3341349980838633,0.16385085338212685
14,2023,1.1477638553172302,1.7122151924075584,1.5391258656593874,1.2928877857442782,0.9220262150805468,1.3365707410152383,3.926015264460722,1.1467663582644891,0.21989230087174283
14,2024,1.1028356957390095,1.5216549730829332,1.5437520864094143,1.3042741924882544,0.9331217836556204,1.4567452667450127,3.926015264460722,1.1255571020409876,0.23696470657952126
15,1990,1.1378427246092124,3.3390094946588125,0.4576559378484942,-0.2664839329070534,0.4685783483027619,0.3231862175204122,-0.071828507246479,1.4142394319597802,0.08729567255791378
15,1991,1.2709687886224497,3.6148748841493767,0.5455937843458291,-0.2316196434229203,0.5122874799850772,0.2638820055224821,-0.0715432555623763,1.5035813372771958,0.07773190487264242
15,1992,1.3557367470613186,3.755781871391104,0.6139880382550432,-0.1794825632094269,0.5650428698765984,0.1923875323796859,-0.0708252874181805,1.6021592472912154,0.06755291895966696
15,1993,1.444210231421431,3.822677641028645,0.6937449885674963,-0.1832443231512354,0.5825710216680271,0.1495965375912519,-0.0707447577289109,1.649513039651903,0.0622304320501188
15,1994,1.5544431002272563,3.822677641028645,0.7983669237407759,-0.1549170089721105,0.6416146386666199,0.2091982149832134,-0.0638986479401532,1.7552494488973294,0.06446579813734575
15,1995,1.6548535879404631,3.822677641028645,0.8925764111309422,-0.0802742991727662,0.6820529005318261,0.0689557670601398,-0.0481212058568514,1.8661426208350675,0.049994207657840496
15,1996,1.840200333265784,3.822677641028645,0.9307571379460496,-0.0716346132553028,0.8183216989990614,0.0166975587358578,-0.0277568909388484,2.0187060982096328,0.04297535461029872
15,1997,1.9833436978555328,3.822677641028645,1.0035698289875543,0.0061939623648213,0.889660132928995,0.0258527781178704,-0.0254189072711197,2.11007279363191,0.04216698390165649
15,1998,2.013491528888991,3.822677641028645,1.0797999118407935,0.0256868074513296,0.9481136047629658,0.049552325290619,-0.0245020661104863,2.1888951611237792,0.04265354614768144
15,1999,2.1258400127756274,3.822677641028645,1.0876734004075517,0.0618225127429316,1.027930550740633,4.241828660452949e-05,-0.0125470492859925,2.362809106909188,0.03672914783768317
15,2000,2.373152393619576,3.822677641028645,1.1398319778928994,0.0888527084119756,1.2999409418339587,-0.0611512863169164,-0.0123752315869558,2.4776898615157346,0.031333543789865484
15,2001,2.3928462614082133,3.822677641028645,1.2063800344830116,0.0954372652240242,1.24919517972164,-0.0752163901478325,0.0047252363653185,2.50246295856375,0.030167425847033805
15,2002,2.5423804226646216,3.822677641028645,1.2479982966289895,0.1430433750066085,1.3156192623975675,-0.1333268119725285,0.0180700254118001,2.5675515988757063,0.025852673399006626
15,2003,2.702415491609789,3.822677641028645,1.3547852222068324,0.1684095982919575,1.4616456984036383,-0.0855953475681213,0.0435745554529701,2.665071348767562,0.02799357312904337
15,2004,2.87163308281402,3.822677641028645,1.4832220518303103,0.1929872389901747,1.5189022476815373,-0.0474848235842358,0.0672188363068464,2.810531456042173,0.029011601329319025
15,2005,3.026821432161999,3.822677641028645,1.587858875691647,0.1785692715772363,1.413079874439711,0.0273818646561691,0.1141753891145405,2.9656980830610618,0.031923933455119936
15,2006,3.29235882168047,3.822677641028645,1.8121525822485696,0.1730525178037981,1.5462905086418577,0.0613169373290385,0.2040770669982093,3.156586187142983,0.03207531424397274
15,2007,3.66857840692225,3.822677641028645,2.041123088465836,0.2131707935962212,1.9569581545433967,0.0599579657641778,0.233660029975638,3.3972968232978387,0.03004016331522635
15,2008,3.66857840692225,3.822677641028645,2.275904562051337,0.3010131497322414,1.948622968473585,0.022033236577851,0.2729216220756374,3.5765175366948205,0.0269169102630338
15,2009,3.66857840692225,3.822677641028645,2.497351901773781,0.6420275115941099,2.0599717277581493,-0.0149985927594329,0.3693668863046726,3.73726390722949,0.02420028101434078
15,2010,3.66857840692225,3.822677641028645,2.5509862109871584,0.6943881721383336,2.1170949750320416,-0.0065340468509912,0.3563069481969109,3.73726390722949,0.02458932628350654
15,2011,3.66857840692225,3.822677641028645,2.8934742055893343,0.917012744019064,2.2075967151162605,-0.0291372634485111,0.4522500838524854,3.73726390722949,0.02355044308997052
15,2012,3.66857840692225,3.822677641028645,2.948330263028588,0.7360902006245793,2.36290454505168,-4.241828660446752e-05,0.5267899641495347,3.73726390722949,0.024887692836121876
15,2013,3.66857840692225,3.822677641028645,3.439232203406384,0.6936152269053488,2.185971411011927,0.0621075819085451,0.6061218502584393,3.73726390722949,0.02774421506615199
15,2014,3.66857840692225,3.822677641028645,3.696254749533912,0.6420998995113218,2.294187402920814,-0.0297227745520536,0.463360303990791,3.73726390722949,0.02352353198010814
15,2015,3.66857840692225,3.822677641028645,3.716784138579652,0.6585926060610543,2.7439158045769734,-0.0505987858777083,0.5263939010000744,3.73726390722949,0.022564034148429182
15,2016,3.66857840692225,3.822677641028645,3.716784138579652,0.7429984777006835,2.844603891711837,0.0067437608580156,1.206939775920531,3.73726390722949,0.025199597446302183
15,2017,3.66857840692225,3.822677641028645,3.716784138579652,0.8135771293070219,3.0115051005339053,0.0351164632233033,1.517012879930104,3.73726390722949,0.02650365625206221
15,2018,3.66857840692225,3.822677641028645,3.716784138579652,0.8604549198688625,3.1441970827113424,0.1434784557885179,1.4250752632550032,3.73726390722949,0.03148416211981682
15,2019,3.66857840692225,3.822677641028645,3.716784138579652,0.8637018819921908,3.188781351787554,0.2033054768158986,1.6024047849932377,3.73726390722949,0.0342339161823201
15,2020,3.66857840692225,3.822677641028645,3.716784138579652,0.8657767380548103,2.872514263871292,0.2624028394892686,1.767172173648112,3.73726390722949,0.03695013387632757
15,2021,3.66857840692225,3.822677641028645,3.716784138579652,0.9830811638774788,3.118664217822074,0.2848079472626708,2.006317175650896,3.73726390722949,0.03797991164334258
15,2022,3.66857840692225,3.822677641028645,3.716784138579652,0.9272724398387648,3.323446506060959,0.2557097246443587,2.164982508827624,3.73726390722949,0.03664250666341371
15,2023,3.66857840692225,3.822677641028645,3.716784138579652,1.111658367584093,3.5102672265289616,0.2288434038514503,2.3343541767993234,3.73726390722949,0.035407683777764674
15,2024,3.66857840692225,3.822677641028645,3.716784138579652,1.226375961079293,3.591929225827021,0.2843155427456303,2.555549805550558,3.73726390722949,0.03795727987432124
16,1990,-0.1596378883097586,-0.1376720362351772,-0.316089036968861,-0.1987386484058431,0.1359653834032659,0.2693756188313286,0.4304594724571155,0.1775556933194073,0.22548491436356635
16,1991,-0.1403559839495737,-0.1287012874526204,-0.3046072310611638,-0.2242218837343401,0.1608570654809085,0.2196824376173823,0.3955902700739965,0.2166112158366913,0.2005550607027978
16,1992,-0.0899362950373908,-0.1064394772738274,-0.2509816798995848,-0.1760868505276463,0.2071687009938093,0.3346212331721003,0.3350159293533137,0.281841881166003,0.2122293441688909
16,1993,-0.057990713820146,-0.1174196737836769,-0.2711208200099965,-0.1375861871744443,0.251784285515042,0.2438300074525682,0.3306735890116316,0.3188369849963464,0.1819198909876872
16,1994,-0.023016586255035,-0.0474478332797336,-0.2822741989752538,0.0172025316789899,0.2564275508321918,0.1556341027029918,0.4715171939168064,0.3356814668624526,0.15833832982630064
16,1995,0.0020040127945956,-0.1045735615270555,-0.2639786287684045,0.0350485313255642,0.2912302087362702,0.1318699907928946,0.6345351582137086,0.35222670941779,0.15006416918810614
16,1996,0.1022976667357641,-0.0628775211857314,-0.2408617510465382,0.3165060161807311,0.3264679270188265,0.0631926964229539,0.546359584789156,0.4311670443710982,0.12366131052180505
16,1997,0.1600379100719658,0.0039509689448039,-0.2207138528843281,0.3172635903080629,0.3572649691108387,-0.032945730111147,0.5619714218631591,0.4880218597258204,0.09817819632087552
16,1998,0.1972862069684963,0.0243899229709814,-0.1939711417179258,0.522242141285178,0.3741312825517011,0.06700169524063,0.6740297760819898,0.4752427998447164,0.11896958677024988
16,1999,0.2282315244594811,0.0798219738481565,-0.1753953138535278,0.3727352203393832,0.384580115510033,0.0659217936337871,0.5494824225707461,0.527574869220493,0.11286714132362714
16,2000,0.2824859507628291,0.1129348017543303,-0.1430124173289585,0.3163612463394718,0.4866093246712693,0.0343657901977722,0.5097091413556751,0.5418973726447354,0.10557058036682453
16,2001,0.2980854651921493,0.1812847308783873,-0.1194839111725675,0.3215993788360895,0.4923539846921315,0.069252499234581,1.2273211751001425,0.5841763365591836,0.10770701137936525
16,2002,0.314680549670647,0.2120292811059661,-0.108238572663427,0.2641798294440985,0.50715969061092,-0.0162636166969067,1.1903906843725076,0.5897902816158136,0.09216138362531374
16,2003,0.3532069961395829,0.2310042089308303,-0.0937308598593839,0.3278894198959575,0.5361421018702481,-0.0625781599999166,1.152294392839878,0.6187301552967432,0.08191319542815244
16,2004,0.4282917718500154,0.3103773941588932,-0.0514426067508287,0.3053577017768467,0.6205894615551903,-0.0642510310776524,1.1399775865041024,0.663390946737239,0.07856551491958823
16,2005,0.4491065561064253,0.3815692564972642,-0.0210784411657896,0.2765552655729977,0.6273633139363355,-0.0628320835913355,1.0631580578828383,0.6924784990094751,0.07692007102602033
16,2006,0.4848098862167583,0.5303975670993951,0.003352144325836,0.2821086548831206,0.5609795606011135,-0.1118050728705889,1.023017597516276,0.7026693933248953,0.0684786904506897
16,2007,0.5789007389183664,0.6514380862726779,0.0411694119913101,0.242136338297771,0.6384480027985466,-0.0904970936138345,1.0085851481907135,0.7597126700052599,0.06868870758100196
16,2008,0.6943740401607561,0.8681857300573028,0.0751988222539779,0.2898333629750831,0.6088201255370275,-0.0754135558824191,1.1437184015799242,0.8577119319657736,0.06596323586687443
16,2009,0.7530758944085195,0.9702656746037736,0.0995637223571157,0.3540238740086682,0.5855496410915856,-0.0792082188810417,1.2208011531451357,0.9129216744910236,0.06291824497082377
16,2010,0.8173621300841066,1.0607769415202593,0.1552517947172169,0.2999688418996875,0.6077748199226919,0.0159957633877218,1.1368266824165485,0.8478513226066114,0.0794649206322213
16,2011,0.9158797168680126,0.9146900917460776,0.2102873922183376,0.4234629793101555,0.76388377091137,-0.1146356000751444,1.0535659611969257,0.955994489536974,0.05640986096817975
16,2012,0.9865509880057766,0.9724186543115874,0.2721367540186105,0.4249617894381322,0.8146284913240107,-0.1383355862395081,0.9796341865406354,0.9754626530472712,0.05258794693424844
16,2013,0.9692726084655364,0.9170870758207768,0.3727492530785841,0.60223965674288,0.7930553982954971,-0.0660469787087722,1.281071006531183,0.782654442605568,0.0711441264495811
16,2014,0.8939300295581418,0.8435987017940711,0.3788273410266709,0.6365277730446915,0.7265201459099023,-0.006607518377563,1.3993513008934328,0.8045921805392234,0.07871949568943147
16,2015,0.9609922658441608,0.9387761933972916,0.4419378622859128,0.8106941028546131,0.7280353504761597,-0.1814366765321571,0.6639518158606535,0.8782699391034414,0.05021387594055153
16,2016,0.9181144074447364,1.0204875145880397,0.4551362463460957,0.5030812313362016,0.6890377824068625,-0.0152514001349588,0.9299627892999184,0.9773796275962576,0.06855417287286399
16,2017,1.0140205237122146,1.1247778516345326,0.5814974176933536,0.4694761158703336,0.7681574837492379,-0.1111984265132461,1.092671626105534,0.9395541940909228,0.05750135424399608
16,2018,1.2743676318880572,1.5913285543177482,0.6128468641057122,0.5127814844258661,0.7734400611555273,-0.1153528383330687,0.9776698193576612,1.1536666189876592,0.049692930606936435
16,2019,1.3797098751979795,1.827241334507824,0.6404172111670628,0.5731524627212512,0.7422309448791892,-0.1112191036775192,0.9466752902252108,1.3157460568475454,0.04576260338063639
16,2020,1.3522022111156922,1.855691319830291,0.6058739465420728,0.4952966101700426,0.6643758052083816,-0.0794469395034289,1.0601207253961795,1.1732136245237368,0.053260302318436877
16,2021,1.3046943619769045,1.8000276138998097,0.642251191003906,0.4297531864644007,0.6385719821417315,-0.0943691004247115,1.2156414313027242,1.1598022465383615,0.0519500544026625
16,2022,1.827571195962406,2.6585613572269216,0.7983421734863936,0.4073163113879837,0.8070105465901625,-0.101495519495599,1.0484486029986468,1.5095281992055858,0.04234458785940581
16,2023,1.950369538243366,2.884200551068605,0.8624416963397882,0.4393318213708087,0.8448040815136665,-0.1351696198404015,1.0071779546088646,1.561057645491701,0.03813926224381756
16,2024,2.167961046991235,3.2356108014371943,0.94581319488962,0.5276475460608774,0.8676060386273791,-0.1374462822880418,0.941541140910837,1.687964649349133,0.03575296649977688
17,1990,-0.0255931537311708,-0.1947288772470736,-0.2619905510101686,-0.0683218785977625,0.35189312121379,-0.1824435594602368,-0.0742538178313384,-0.0636154175437863,0.1517780014404325
17,1991,0.0364350328872237,-0.1885036327628658,-0.2427666273126893,0.0507497639064909,0.3976170165651418,-0.1576391545206054,-0.0742538178313384,-0.0277576444396629,0.1506159690252185
17,1992,0.0824070689441281,-0.1907907802983579,-0.2219618752655995,0.0883140320774754,0.4651949764378495,-0.0555712426656967,-0.0742538178313384,-0.0074976949551408,0.1832307843045852
17,1993,0.0880729281985316,-0.1862978826405052,-0.2082292500457145,0.189739263994018,0.4653714727072368,-0.0918022972623986,-0.0742538178313384,0.0343268406127818,0.15694295473716044
17,1994,0.1792762115775272,-0.1859876597450478,-0.1916064677323588,0.347548714953752,0.5353517537960107,-0.2242951357143894,-0.0742538178313384,0.0923890262326508,0.1003344981148578
17,1995,0.1992552433568163,-0.1874259249834835,-0.1809829509009045,0.4488025514337336,0.5203685721612789,-0.2422819523799439,-0.0742538178313384,0.1124559334008584,0.09167715974285122
17,1996,0.2194637749955043,-0.1861999850358457,-0.1503910759691071,0.4421291084749645,0.5704143733855401,-0.2576624509594073,-0.0742538178313384,0.1268164679697302,0.08505609874415829
17,1997,0.2579103030306209,-0.1854860832871804,-0.1347667115607686,0.5576417033908426,0.588881054641264,-0.2942072594220935,-0.0742538178313384,0.1162057086266512,0.07532789746312417
17,1998,0.26467162567009,-0.1818931714033507,-0.114496200673381,0.655390777669829,0.5750276319606344,-0.3040778141755528,-0.0742538178313384,0.2118496160030029,0.06296395094807107
17,1999,0.3358393518807387,-0.1869982148881372,-0.0771956580640122,0.8534690069988096,0.5966067984819456,-0.3884506958983475,-0.0742538178313384,0.3804614453478635,0.033051978458223406
17,2000,0.3755104317159074,-0.1850300535367144,-0.0531066365925239,0.9296112772039972,0.6280729556143602,-0.4355558721332057,-0.0675670185051018,0.3602780393039392,0.02340156981757906
17,2001,0.4129792022503722,-0.1854871131472558,-0.0214287632377255,1.023252350539075,0.661393858041612,-0.4051094975549921,-0.0685252547297071,0.4188967637839302,0.028258665150247764
17,2002,0.4795270260819802,-0.1870821338192873,0.0156747232061792,1.2235599438383251,0.6737476174521648,-0.3417156827007387,-0.0695890808825436,0.4473947770490263,0.040180233706879113
17,2003,0.5217699691194796,-0.1843613487802216,0.063038267331905,1.4062979769570898,0.6707482909120115,-0.2892956401634147,-0.0704047209557049,0.4810532473300267,0.04902830826468722
17,2004,0.6046886976816785,-0.1838748259690959,0.0786801478438403,1.6582059604430976,0.7186314088442357,-0.3180636815154679,-0.0733288977350646,0.57396307598364,0.03977204523327153
17,2005,0.7189452045261373,-0.1789210674759142,0.111246963456176,1.7941496018372327,0.8441878577198043,-0.2247292911048106,-0.065501904565769,0.6591488489972636,0.052335404741705414
17,2006,0.8259184953139707,-0.1794501580986854,0.1613171834901962,2.033387992491812,0.9521034718990122,-0.2085255855015325,-0.0600134352958797,0.7558904938397626,0.05086494825474011
17,2007,0.9089808317615196,-0.1771938448477782,0.1963620898588878,2.368172265094229,0.9813760372003136,-0.2314430552924969,-0.0588678945118,0.7859924260635511,0.04627880176635369
17,2008,0.9418799073140964,-0.1857913915242193,0.2387366097776573,2.4965394075955425,1.010911568441201,-0.4569781489971218,-0.0542035889791601,0.8271313173643056,0.01223559477860227
17,2009,1.001544495023332,-0.1842305805077376,0.2732818692912508,2.672524785951041,1.0378688637944804,-0.4239605694174845,-0.0519504533778487,0.8672661237723016,0.016524003704783484
17,2010,0.9937201911876212,-0.1864352045162684,0.3340995325896724,2.872884589367088,0.8721571881646926,-0.3962760599874758,-0.0588966355897941,0.8817354732073902,0.020205351803142552
17,2011,1.0321323771093145,-0.1825457567286211,0.3496770414208897,3.0717591723980395,0.8695017656056507,-0.3628085998631441,-0.0544189661465809,0.9098924023017778,0.02437376268176485
17,2012,1.054733884786625,-0.1865786861653997,0.393880680457754,3.0481012431479724,0.9226022954454662,-0.3675957538430781,-0.0563903491641107,0.965426659124456,0.022838429083945084
17,2013,1.091225513172796,-0.1828639329462301,0.4217987221755011,3.0744962635878994,0.9632058966370444,-0.3423971350842976,-0.0428181104016838,0.990939611891186,0.02570776951757555
17,2014,1.1955387754082356,-0.1777079013420905,0.491723007733895,3.5611495859438578,1.0001561901378728,-0.3623421194906548,-0.0593796957913867,1.1192368664448114,0.021330442402394127
17,2015,1.1748416308410743,-0.1790642942732768,0.5417271044768373,3.621502293173357,0.8083949973869018,-0.3634238825728559,-0.0569112168422672,1.1195704059856706,0.021197375683032857
17,2016,1.1827513948710695,-0.1778066823770721,0.5763783364171912,3.621502293173357,0.8039579211570257,-0.3400440730477438,-0.0549813933832565,1.1588339158111192,0.02342155571938479
17,2017,1.2543354129606323,-0.1735542589963591,0.6266232795845892,3.621502293173357,0.8868257187389984,-0.3663299583579132,-0.0464047198028379,1.2863987952468274,0.01893358339612547
17,2018,1.2184862714566895,-0.1723600355163587,0.6579003713520153,3.621502293173357,0.8048069898320644,-0.3539898620800108,-0.0134828579241541,1.2011043033319315,0.021267292171973966
17,2019,1.3946509408278454,-0.1694411135220795,0.7262718105362945,3.621502293173357,0.905218077756792,-0.1955571520212582,0.0122626928553465,1.384085795402289,0.03547794952344897
17,2020,1.456137058052953,-0.1696030405349269,0.7848165273046597,3.621502293173357,0.8367719444230304,-0.3027369142784293,0.0114709700204112,1.4371926589745745,0.02382518218222216
17,2021,1.5860343286667689,-0.1615502590401059,0.8552135943942613,3.621502293173357,0.9004453020101367,-0.4077354838081914,0.0094997613653344,1.5045145018414214,0.012906809068327548
17,2022,1.6137682191141305,-0.1623694118136672,0.905117288831386,3.621502293173357,0.8923261625460962,-0.406871728567014,0.0181268119623735,1.4867594494205798,0.013104646196435444
17,2023,1.6787251580743827,-0.1705650946655238,0.9718088676659808,3.621502293173357,0.9257032618504906,-0.3384782036114696,0.0224470868001476,1.5079007253998762,0.019555309611022104
17,2024,1.7395014491988707,-0.1705650946655238,1.0433032679234038,3.621502293173357,0.9476435874617812,-0.355852251642604,0.0173464930226616,1.6124630286306227,0.017008252031667524
18,1990,0.6465097588187226,0.1127808507794061,0.468260186965992,0.5343348737226341,1.035649202099879,0.0763165940531276,0.2526722166732151,0.4743692708529222,0.12089600937189657
18,1991,0.646211291480718,0.0939698407050706,0.4897568251051552,0.6000965742570372,1.018085570568767,0.2276931932497659,0.2412264831957315,0.4996351350707708,0.14681335456471414
18,1992,0.640636346979464,0.0552811418414225,0.5089457165954409,0.5889546156840758,1.0555030408646162,0.2194975692979633,0.2925336666459981,0.4925907818731415,0.14625232944785915
18,1993,0.6266741822185224,0.0211117905321391,0.5128649447752232,0.6195685409391561,1.041374720183942,0.2144865049003288,0.3230281807239161,0.4876669105028327,0.14599412035946083
18,1994,0.6154157803299983,0.0312364378282742,0.5461061303760353,0.5828807529962805,1.0244723456709894,0.2307463125382229,0.2795741113235192,0.475022863557981,0.15101525091927998
18,1995,0.6858715178512345,0.0476865311784286,0.5763651993394936,0.6960810268832686,1.077389035343697,0.1170198990038817,0.2733908255466027,0.5611669027734874,0.11858526154033586
18,1996,0.6781183886832267,0.027533086730918,0.5872645948025974,0.7377801408551908,1.0660992813751218,0.1900889186450508,0.2985506316396838,0.5602063385134851,0.13185918831699994
18,1997,0.6856103819472378,0.0303358586306732,0.6210706747444062,0.7794084808065767,1.0708732344818337,0.1681782314350142,0.3379242536593783,0.5758660432894329,0.12609459640596565
18,1998,0.7172644184243168,0.0406834856914155,0.6523150245351841,0.882437269531154,1.0684701297085226,0.1651178918124035,0.3638078512753478,0.6067814966580884,0.12212844028400664
18,1999,0.7365437885417682,0.0404228989261975,0.6806692172324911,1.0081463843441831,1.0324074298889023,0.2165664737248537,0.3782449279709386,0.6242022002686798,0.12903811023328154
18,2000,0.7425641557611907,0.0567434667070421,0.7333707939293393,1.0752766438879082,1.0018605812939292,0.1846310930588367,0.407238409829224,0.6461757840723454,0.12128789141179294
18,2001,0.7423657119123687,0.0750311489369117,0.7603981417791894,1.0797738182293095,0.9828776664067675,0.2270299967247092,0.4388476298623311,0.6501377584679342,0.12793768541377612
18,2002,0.7664016460395674,0.0862351638703183,0.7843470344219033,1.068601462224575,1.0150050805573416,0.1440488800266496,0.4529525673989772,0.6583601123896491,0.11333289456078682
18,2003,0.8161499575564414,0.1111123993327453,0.8230050750600235,1.236039458882641,1.000199374638553,0.1051419728379375,0.5013308545615576,0.7151696858616754,0.1020135230767974
18,2004,0.8405223799776961,0.15196874889668,0.8435952548380526,1.303902330362137,0.9714105020186864,0.1651222804097845,0.5232792112956309,0.7238801184635746,0.11069947830705298
18,2005,0.8514989102421365,0.148085783783901,0.867044938528258,1.4349990951950171,0.9245580230490994,0.0937454601057851,0.5624577391335667,0.7478322305789329,0.09764876815212922
18,2006,0.8335828125445203,0.1519898536540697,0.9008553974959658,1.3936958487069129,0.918767992085216,0.0922730039413792,0.5933810800489102,0.7361579264331599,0.09832258256994762
18,2007,0.8102393454415392,0.1543007185404564,0.9069334854440528,1.4032915145953235,0.8727864369932047,0.0517975196171589,0.6709868067816578,0.7320707371628546,0.09234227976325106
18,2008,0.7738672381774054,0.1442678331020448,0.9072925655677868,1.402967667334121,0.8166924879893411,0.1555971671991616,0.715600417421601,0.7154362089158415,0.10994933024845335
18,2009,0.6355995315003106,0.0725305492376944,0.8235612113492218,1.2439889499269912,0.7084237474307052,0.3354565756357833,0.9125538343128914,0.6329583792497567,0.1481483041008042
18,2010,0.6508862427667057,0.1000743362996569,0.8672113415124274,1.3615704556076822,0.6891989092442171,0.3854176965162876,1.1737481333390385,0.661122267322695,0.15287741041199976
18,2011,0.6335458180450997,0.1369907616896347,0.8843245747264933,1.2415088622641235,0.6529104143452256,0.4373461954807113,1.8915179613179969,0.6216946631495395,0.1669813863257532
18,2012,0.5771082878201348,0.1481575497741615,0.8555587535946615,1.171928438593267,0.5615117918596321,0.5566365905003121,2.755958833516882,0.5763154433554167,0.19503298828391627
18,2013,0.4908803374564524,0.1005336386373238,0.8120618893379276,1.0596076885929848,0.4751774304399422,0.8297615574944944,3.1729365016575324,0.5356363833675972,0.25285962644594945
18,2014,0.4364901821623038,0.0956535512996129,0.784894412659303,0.8705444974192993,0.4811287436033768,0.984416250675179,3.379965202390548,0.4766110199822574,0.29792016114888603
18,2015,0.4671322246308001,0.076736036266957,0.8115845755149151,1.0005970257609058,0.4893057511206162,0.8187501244793014,3.3804100126979275,0.5161745684559654,0.25550717318783717
18,2016,0.455190836102765,0.0436232083607832,0.8042672232373552,1.0792163174782048,0.4558074382738582,0.7810454522202969,3.4700562574944933,0.5054210079502994,0.25101163809600086
18,2017,0.4443918625565246,0.0118540496801623,0.8321682524394839,1.1776108975242516,0.4476098834043959,0.7053159284599727,3.5579206278313413,0.5222729501906862,0.23283961569379621
18,2018,0.431259407144453,-0.006013423032503,0.8390102833508153,1.1204688730121737,0.4515735386123432,0.8569943165911008,3.4904279537008582,0.5027275738647778,0.2661200156041024
18,2019,0.4072242352779042,-0.0572022666759346,0.8318312863965408,1.1616241125695366,0.43598990413224,0.8556802059881906,3.704331376731031,0.4918871782504235,0.2686977081628543
18,2020,0.3022579980393871,-0.0978429450708846,0.7530567968187278,1.0874487800422006,0.3151279752529171,0.936663471297358,3.8536642072864975,0.4145244379686191,0.3076209422531136
18,2021,0.4004860457954583,-0.0861464669373293,0.827817891643822,1.2063378784354613,0.4062063074184222,0.8878229808263469,3.906740380350348,0.4983702395590686,0.2731417122359289
18,2022,0.4145024106913741,-0.0445006400990093,0.8057752896926246,1.0286819823247528,0.4653819399219877,0.7160939470661505,3.926015264460722,0.4483890012453503,0.2526356713592389
18,2023,0.3368572479514654,-0.10787218863732,0.768634901197467,0.8666617899730272,0.4425068500977202,1.0153711338822955,3.926015264460722,0.4059761288799833,0.32696800994639413
18,2024,0.3145657702941662,-0.1640947803515009,0.7941011508960418,0.8702245399810653,0.4428025630417549,1.1989956904314898,3.926015264460722,0.3873954691594221,0.3729562398321724
19,1990,2.6052751451219884,1.5382289957813382,2.903348908992026,0.7918666813371854,3.130656589608464,-0.1130282087551777,0.4632127188623245,2.4693032444736653,0.02802799968594247
19,1991,2.6396970634801065,1.547410986857187,3.006115888794405,0.8880853956505791,3.160848617364425,-0.0866137305917556,0.4641385622447173,2.5096777415857288,0.02936017774196701
19,1992,2.675946933342806,1.5357213575461148,3.040609475802388,0.9041703389158836,3.2202811078989955,-0.1506578644515108,0.4566777128397049,2.585689627917426,0.02461081251484198
19,1993,2.6572285912815143,1.5738663467685174,3.0733251782952964,0.9389581230042144,3.198749934258927,-0.0931497636727304,0.4558944676519064,2.608225819514753,0.028028838416176427
19,1994,2.8165677758388523,1.6284768910036385,3.3051551884247385,1.0131613679680231,3.336791368854691,-0.2266222944755163,0.4610289966251653,2.7816853504787784,0.01865338361989924
19,1995,2.849394466514209,1.6962146862927483,3.381306448811792,1.0700451345647504,3.4105134622694866,-0.1720599137832219,0.5072886063194054,2.8749687007376017,0.021285315931612
19,1996,2.892977998591258,1.745490130688193,3.4704896902748588,1.1390485713553111,3.4106102315892173,-0.1886666485691162,0.5185292857469062,2.947740196645867,0.019902894894330277
19,1997,2.867153481876428,1.7734140916595678,3.518313032120001,1.1953717955812215,3.3871436715545364,-0.1572926600114428,0.4970580663020678,2.984557906522225,0.021445306665281088
19,1998,2.75770833336753,1.6543088035138993,3.5598656088774905,1.2400169520904156,3.3057445454411094,-0.1513116976794143,0.4206553022954759,2.9223241876691888,0.022172026332543778
19,1999,2.858772215568994,1.7739274591056116,3.6523024665836616,1.3487152060196042,3.4062556122013388,-0.1791836743681061,0.4265637137985635,2.984151190300821,0.020225852036581397
19,2000,2.9016697387958645,1.9121845803404696,3.716784138579652,1.4087090983495143,3.3350011364396743,-0.1829409226744377,0.4149954919397202,3.052166485254776,0.01963579360260076
19,2001,2.871176333194136,1.972715929014069,3.716784138579652,1.401243942662432,3.243392847094664,-0.1867149944378573,0.4347825958073996,2.99454262359093,0.019747023328648073
19,2002,2.9890891341654293,2.077625442515239,3.716784138579652,1.4511596613329207,3.286632604794307,-0.197759843382257,0.4315590646032048,3.0063231707704023,0.019068544573493718
19,2003,3.0266314685061366,2.174661379582241,3.716784138579652,1.517947156411645,3.250553776754732,-0.1500409333403366,0.4697352244911941,2.984916749587159,0.021847812847984857
19,2004,3.015313340686486,2.2302332134582663,3.716784138579652,1.507063241215934,3.2150878210734506,-0.1605653608638208,0.4529353699307187,3.1018760475647817,0.020575312434814537
19,2005,3.050810218710016,2.32395313659513,3.716784138579652,1.49264894599597,3.171315832115289,-0.2073429056436205,0.462002657536735,3.096024953817342,0.01807807240055571
19,2006,2.972175170221477,2.2973874145044184,3.716784138579652,1.6952493310782006,3.016275253686842,-0.1721617748703774,0.4823707233368225,3.0881344227174625,0.0200248289941204
19,2007,3.0852919128841103,2.4059351407844742,3.716784138579652,1.8907676079258764,2.9482948065760644,-0.2180081889204266,0.482941114965765,3.052990535521169,0.01771148366535571
19,2008,2.899068342024045,2.3122754262116967,3.716784138579652,1.840457252787577,2.667986343756298,-0.2114343950494286,0.4647614498951725,2.9240993594243645,0.01874623169850798
19,2009,2.730474158071828,2.2165235833044865,3.716784138579652,1.8135780567079656,2.581539084796922,-0.204310085121648,0.5030991633879071,2.778229748293683,0.019995918376286774
19,2010,2.90437338500252,2.430343778617101,3.716784138579652,1.9434671300570927,2.582571290874049,-0.2038552446713565,0.5073879206567389,2.950521942302242,0.019030962758382976
19,2011,3.078848717180378,2.353558205996107,3.716784138579652,2.3576115702795413,2.622504763482896,-0.1753019257376475,0.5810954082627039,2.69210898484574,0.022296904553546364
19,2012,3.2130403009821347,2.4730012055090302,3.716784138579652,2.4690070150289176,2.650729148404333,-0.1899889856546695,0.6232798981842299,2.621131883874656,0.0218852057167136
19,2013,3.227309872494176,2.637970091033224,3.716784138579652,2.459842543732372,2.595973841656744,-0.1626819366723755,0.7716210586290284,2.63272929167173,0.023498652408437622
19,2014,3.090928525260642,2.6067767953102834,3.716784138579652,2.483564648069493,2.425595326050989,-0.1102951170777356,0.9873613019592292,2.530123792160997,0.027645667804250318
19,2015,2.9806145634369434,2.573105045483579,3.716784138579652,2.3375589141500748,2.3666950667749367,-0.0468524936468904,1.2496452057021326,2.490961136027816,0.03212433626398234
19,2016,2.95881232373602,2.542567359918877,3.716784138579652,2.402323211139572,2.302069289414822,-0.0285377882248651,1.4645241894433874,2.469070596885211,0.033557069102127225
19,2017,2.9221929952816508,2.567434798616416,3.716784138579652,2.329164138892597,2.2686762938443703,0.0235741394900722,1.6443721926940165,2.490993575959562,0.036697448299633485
19,2018,2.806379793855164,2.483373919529514,3.716784138579652,2.2094330289631703,2.164426108954409,0.0537073163996995,1.8100325286078909,2.447859462883861,0.03921468051794012
19,2019,2.6974144689430526,2.4418410097000933,3.635343226194367,2.0910928539962543,2.085445022345972,0.1066293954613527,2.008769869910122,2.379367127649448,0.04370741974954544
19,2020,2.5302962986686177,2.260411808661338,3.571107106980917,2.077913949025407,1.8992245949457525,0.1663988566117953,2.2538342525148205,2.1822356364059416,0.051210960647255575
19,2021,2.5628929359622243,2.396055068610184,3.6165122281117967,1.945805948268136,1.925518367425684,0.194559517937659,2.357598903432089,2.295748106670054,0.0511070523321649
19,2022,2.4712993302682347,2.2680460121618378,3.542294745561829,1.8325455162263893,1.886749900657076,0.23812878780101,2.532480145791073,2.2342828701732413,0.055336901057909726
19,2023,2.282350115655816,2.034875179552458,3.502111077005245,1.728338203614728,1.792589077700916,0.2761765249212622,2.707049233435926,2.143851097230136,0.06000219141586816
19,2024,2.224485564867763,2.041782704337914,3.5098144196732046,1.668281604359814,1.690627553255642,0.3067863672668502,2.753297755520737,2.110356934011901,0.063038744580437
20,1990,0.1886420925278763,1.0870145875594814,-0.0670450760296712,-0.2588980857626572,-0.0749561522287708,-0.2474211291925938,-0.0742538178313384,-0.0254054308027699,0.11485006630273713
20,1991,0.2187059536063857,1.0799671673159046,-0.0833525684782846,-0.2735691497977295,-0.0222007447556146,-0.2493850824841468,-0.0742538178313384,-0.0145729097608214,0.11167308770914516
20,1992,0.231031167000091,1.093444820286818,-0.1043193444836448,-0.1417578087601702,-0.0530217730898248,-0.2518780030181801,-0.0742538178313384,0.0331198669955795,0.1012984367507022
20,1993,0.1198439925930267,0.9816334074610296,-0.1649819902652349,-0.2653570965512294,-0.1224224309292993,-0.1978429024147339,-0.0742538178313384,-0.0734411925540953,0.14841369990017148
20,1994,0.0496945280994982,0.9312249759020864,-0.220910909049792,-0.3339280800872646,-0.1953058940013355,-0.0592156870678538,-0.0742538178313384,-0.1149426638210047,0.22923646966684952
20,1995,-0.0239713268643806,0.7322609445040018,-0.2496022867413374,-0.2836671307509629,-0.2148207450005903,-0.10549473212388,-0.0742538178313384,-0.175451386075458,0.24287608354899123
20,1996,-0.0908292669414686,0.6327645756069076,-0.2768442068602483,-0.3419306001145974,-0.232819169149362,-0.1054896799989347,-0.0742538178313384,-0.2327739615324605,0.29014224320352455
20,1997,-0.1599099905082606,0.496136483349054,-0.3081586210654133,-0.3647188737991387,-0.2553019077667817,-0.1054898595794943,-0.0742538178313384,-0.2571290847456824,0.31629317380384575
20,1998,-0.1548635935840277,0.4976579223425755,-0.3213570051255962,-0.3645371092436399,-0.2482377474264446,-0.1353288870940903,-0.0742538178313384,-0.2635720084410194,0.3018457048589474
20,1999,-0.1884599560568366,0.4539811406700629,-0.3226619548435572,-0.3639893757844519,-0.2746235152730004,-0.0911178604208574,-0.0742538178313384,-0.2890128339480181,0.37042609360004264
20,2000,-0.1966968319533885,0.468836700653977,-0.3090388052711521,-0.3135613016857108,-0.2773943434612878,-0.0326777679318692,-0.0742538178313384,-0.2801609978762714,0.4035018761765355
20,2001,-0.1768884275413594,0.47846769654693,-0.3006967609331799,-0.3076252842380306,-0.2559954212248513,-0.0321631247744683,-0.0742538178313384,-0.2516488428644899,0.36213820151830806
20,2002,-0.1606367628051508,0.5199197325213687,-0.2916540724513359,-0.2824185684270758,-0.2641998467160145,-0.0098068837426684,-0.0742538178313384,-0.2479266972776154,0.3729967727210399
20,2003,-0.1171406343819645,0.6104884122300624,-0.2886369236067885,-0.2244484807188554,-0.2673303342093008,-0.070365421442751,-0.0742538178313384,-0.2316653434763947,0.3123385456268965
20,2004,-0.0622571531513552,0.6910529128964489,-0.282388053648633,-0.1724400320632523,-0.2424202984886374,-0.1216183017463942,-0.0742538178313384,-0.1712461428377967,0.23113297336290245
20,2005,-0.0305019250393647,0.7132142506888773,-0.2690057505006838,-0.0699553198045612,-0.2445492235227116,-0.1379657506758311,-0.0742538178313384,-0.1561531009295718,0.21310258808906027
20,2006,0.0289965064511214,0.7833296231733414,-0.2545593440592296,-0.0318000118541187,-0.2043367327086423,-0.163298077681617,-0.0742538178313384,-0.1255654832842055,0.1845206364174264
20,2007,0.0533210713739577,0.846584166988906,-0.2358433873660572,-0.0996042898049877,-0.1776122722430294,-0.1694719169143132,-0.0742538178313384,-0.0539081682028119,0.15403639935738175
20,2008,0.1706456306383328,1.0159088444094229,-0.2303345727848661,0.0449436672494647,-0.2003369341597757,-0.217518293050174,-0.0742538178313384,-0.0345739601807067,0.12888136657921181
20,2009,0.0792233846056923,0.8938061885802854,-0.2351690173775807,0.0260657713008404,-0.2414961514852097,-0.2366149544571277,-0.0742538178313384,-0.0771081056555465,0.13274320248649316
20,2010,0.1878136613447151,0.9837720339707912,-0.2138212661189904,0.1171304235539473,-0.2345287604646034,-0.2027328915604326,-0.0731921428912733,0.0020656409120123,0.12543585672719804
20,2011,0.1802615722503131,1.0769529957249653,-0.17756731069953,0.1118940184903305,-0.2212874918814602,-0.2237126662644247,-0.0729871239226702,0.0243307245310812,0.1129193484639463
20,2012,0.1771827647921839,1.0941624801894223,-0.1597621913933909,0.1163478600482258,-0.21525553761825,-0.2540772848739154,-0.0716542439779578,-0.0186942115300947,0.11076976805712722
20,2013,0.2302053958794706,1.0872155323322104,-0.1686253398133677,0.1599524449745974,-0.2073043251803821,-0.278989116156233,-0.0682966463550736,-0.0015922999816875,0.09787909442519654
20,2014,0.0640162953301227,0.9163741524735294,-0.1525236615820165,-0.2244927853450471,-0.2130137150444901,-0.2349677875214908,-0.0487572546021779,-0.1142084077845529,0.1454452095067968
20,2015,0.0570757293348759,0.8460892687200697,-0.1447289954814441,-0.2441951602357001,-0.1922228267003611,-0.1799625227005534,-0.0145479811081946,-0.1245490765054153,0.17594576908927775
20,2016,0.0882634707778109,0.9005886487878201,-0.139364452287528,-0.2093082350645783,-0.1727786447224837,-0.0980730682323634,0.0210424606312885,-0.0790840659745783,0.19390779006676842
20,2017,0.1583085965462145,1.046364464760213,-0.1011372377334745,-0.1903244845355669,-0.1587390292515627,-0.1455788357773731,0.0319104495151802,-0.0616925654484216,0.16666884336818313
20,2018,0.1088125760616023,0.8924231144159858,-0.0724180050581843,-0.1577195951974577,-0.1787347963519048,-0.1770404814210313,0.0980271525033016,-0.0373176176981372,0.1457939026308068
20,2019,0.1027382335776036,0.8845013710155168,-0.1365519178071465,-0.0837146467968144,-0.1937148805848481,-0.1650005008989995,0.2414178124397718,-0.0296353736789663,0.14828514867532175
20,2020,0.0994198399526532,0.8686305069585414,-0.139231864141352,-0.133688053366407,-0.163597591000159,-0.158093959315994,0.4240726690867646,-0.069030756047363,0.1639850388051516
20,2021,0.160707442908056,0.9075458878880356,-0.036703681379308,-0.036949060206658,-0.1384165527995899,-0.1599087552035737,0.5694021121726174,-0.0482630126129959,0.15613396059823567
20,2022,0.1266748523531095,0.8646347488592158,-0.0742787889125565,-0.0464802000595235,-0.1198367689608363,-0.1315966779082865,0.724233692471138,-0.0537800141518487,0.1696712810840344
20,2023,0.1619027298985999,0.922510998120436,-0.094762558361235,0.0134560833169673,-0.1250971752472042,-0.094857309593902,1.0195721664372428,-0.0279567906778532,0.17531774872294287
20,2024,0.1591245176112239,0.9013433937124732,-0.0786276692240356,0.0014581399974364,-0.1114030934772773,-0.0167823151227383,1.1098936955185028,-0.0334127856562972,0.20823705006230653
21,1990,-0.4518491167500193,-0.2099547416255071,-0.4265017959912398,-0.4023995821338441,-0.3078191336876409,-0.5415295799690442,-0.0742538178313384,-0.4315505227764112,0.0
21,1991,-0.5082831051783887,-0.2099547416255071,-0.4538663288353282,-0.5428003889187395,-0.3188309661699497,-0.5415295799690442,-0.0742538178313384,-0.4906522880416423,0.0
21,1992,-0.4613742942688168,-0.2099547416255071,-0.4324091019292579,-0.4429003478574086,-0.3225727131995346,-0.5415295799690442,-0.0742538178313384,-0.4509728610594181,0.0
21,1993,-0.4233906000914837,-0.2099547416255071,-0.4293437837998193,-0.3377767869675063,-0.3002697445602005,-0.5415295799690442,-0.0742538178313384,-0.4008071774539389,0.0
21,1994,-0.4089030812885403,-0.2099547416255071,-0.410076069843348,-0.3290344014536728,-0.2824492114518897,-0.5415295799690442,-0.0742538178313384,-0.3867263079132499,0.0
21,1995,-0.4164867270874557,-0.2099547416255071,-0.4063670349067273,-0.316230658180633,-0.26940138635171,-0.5415295799690442,-0.0742538178313384,-0.384497704778867,0.0
21,1996,-0.4203218840509229,-0.2099547416255071,-0.3962514850795799,-0.3156534472496428,-0.2728688520342724,-0.5415295799690442,-0.0742538178313384,-0.3949523209693991,0.0
21,1997,-0.4106937212872739,-0.2099547416255071,-0.3920914104753417,-0.31625391938011,-0.2604662976606327,-0.5415295799690442,-0.0742538178313384,-0.3842166571987144,0.0
21,1998,-0.4155211192591452,-0.2099547416255071,-0.3914433146422604,-0.3415194950461201,-0.2381576099545025,-0.5415295799690442,-0.0742538178313384,-0.3922043131349281,0.0
21,1999,-0.4084502130626605,-0.2099547416255071,-0.3869154018624897,-0.360409569829911,-0.2274646001242663,-0.5415295799690442,-0.0742538178313384,-0.3869478565753978,0.0
21,2000,-0.4074284135996565,-0.2099547416255071,-0.385084969036625,-0.3371559258178015,-0.249947338741686,-0.5415295799690442,-0.0742538178313384,-0.387134055655206,0.0
21,2001,-0.3952942961198927,-0.2099547416255071,-0.3781091807792024,-0.3393444198618618,-0.2407058687074095,-0.5415295799690442,-0.0742538178313384,-0.3773508202260534,0.0
21,2002,-0.3891637302413878,-0.2099547416255071,-0.371308553557748,-0.3580533601666164,-0.2208681581626274,-0.5415295799690442,-0.0742538178313384,-0.3773474939190916,0.0
21,2003,-0.3856204127836469,-0.2099547416255071,-0.3586969589680576,-0.3288093950210011,-0.1974822392277217,-0.5415295799690442,-0.0742538178313384,-0.3658590868952369,0.0
21,2004,-0.3766314424245545,-0.2099547416255071,-0.3536129098990887,-0.3072404077339171,-0.192417978161818,-0.5415295799690442,-0.0742538178313384,-0.3561732327295502,0.0
21,2005,-0.3503333941403901,-0.2099547416255071,-0.3455336071150684,-0.2749985473189161,-0.1794992739777769,-0.5415295799690442,-0.0742538178313384,-0.3358628800899527,0.0
21,2006,-0.3422379920193909,-0.2099547416255071,-0.3315382403412315,-0.2719085498754353,-0.1643226190000209,-0.5415295799690442,-0.0742538178313384,-0.3384142439972714,0.0
21,2007,-0.3416612657427487,-0.2099547416255071,-0.3293574854434309,-0.2796933184050731,-0.1717577283993254,-0.5415295799690442,-0.0742538178313384,-0.334466212560188,0.0
21,2008,-0.3288197396307276,-0.2099547416255071,-0.3202184583918047,-0.2643762998893428,-0.1276793032620169,-0.5415295799690442,-0.0742538178313384,-0.3181444976826848,0.0
21,2009,-0.3011018946298378,-0.2099547416255071,-0.31467461160342,-0.2459278074543803,-0.1079222338170103,-0.5415295799690442,-0.0742538178313384,-0.3088735636576518,0.0
21,2010,-0.3091294657463779,-0.2099547416255071,-0.3004252613274297,-0.2280709647470483,-0.1147928555178861,-0.5415295799690442,-0.0742538178313384,-0.3023048025994433,0.0
21,2011,-0.3044808031062551,-0.2099547416255071,-0.2996063834842796,-0.1705894489409626,-0.1351950537610969,-0.5415295799690442,-0.0742538178313384,-0.3049159009389123,0.0
21,2012,-0.3074088014391876,-0.2099547416255071,-0.2781005926555041,-0.1434247971164737,-0.1336467446454066,-0.5415295799690442,-0.0742538178313384,-0.2669145821952229,0.0
21,2013,-0.2881762130539018,-0.2099547416255071,-0.2787509273969472,-0.1358638795662591,-0.1109059545087052,-0.5415295799690442,-0.0742538178313384,-0.3184383263657055,0.0
21,2014,-0.2941053912572429,-0.2099547416255071,-0.2631557693397459,-0.1393966993832034,-0.1224860164364723,-0.5415295799690442,-0.0742538178313384,-0.3374837456819815,0.0
21,2015,-0.2808499671750842,-0.2099547416255071,-0.2518566159303639,-0.0800560615463775,-0.1044224100867521,-0.5415295799690442,-0.0742538178313384,-0.2899784330629542,0.0
21,2016,-0.2761678909120861,-0.2099547416255071,-0.2459173364252671,-0.0529145877524556,-0.0810203629318912,-0.5407830344087224,-0.0695597658908495,-0.254000380326951,0.0005353286545946571
21,2017,-0.2761467547978656,-0.2099547416255071,-0.2295419690971113,-0.0445704967483464,-0.1074665954750587,-0.5397556991323773,-0.0631001934229858,-0.2648360072762989,0.0013245090092156866
21,2018,-0.2694829358900481,-0.2099547416255071,-0.2318120561232556,-0.0142289384050251,-0.1004565936973308,-0.5387965837767,-0.05706956711462,-0.2589243075056799,0.0019957113092348953
21,2019,-0.2670258589202214,-0.2099547416255071,-0.226704360314431,0.0264057277448034,-0.1093635483215185,-0.5354260555034829,-0.0358767081355258,-0.2516313302979257,0.004339074466583867
21,2020,-0.2701390535306918,-0.2099547416255071,-0.2270117679325547,0.0307607034133152,-0.1609752230765583,-0.5316103114181756,-0.011884467232873,-0.2760597814095702,0.007737262247239625
21,2021,-0.2440478651078457,-0.2099547416255071,-0.2051385335660606,0.0588539153282225,-0.0928764270877501,-0.5334198666766857,-0.0232624015802027,-0.2785855654756333,0.006389995313098363
21,2022,-0.2600253380259542,-0.2099547416255071,-0.1947024388241406,0.0158424543742154,-0.06651020664378,-0.5347209493667032,-0.031443214715279,-0.2482904319519466,0.004782394091232993
21,2023,-0.2608371804151937,-0.2099547416255071,-0.1788892605920482,0.0723817815903392,-0.0725342295996515,-0.5347817565841775,-0.0318255520465169,-0.2361496755990144,0.004542072657910091
21,2024,-0.2499584220183457,-0.2099547416255071,-0.1340935043616717,0.1196587657592323,-0.0696500004268403,-0.5356312212896744,-0.0371667283405613,-0.2325178592707969,0.003921376100078868
22,1990,-0.398317729331349,-0.17915277860572,-0.4025222501672315,-0.4301730196968754,-0.1826622898043367,0.0083900122677046,-0.0742538178313384,-0.4052600729316983,0.8828980358055372
22,1991,-0.3779609499184985,-0.1748037595959365,-0.3918374269731883,-0.3402038663564213,-0.1679567518723191,0.0056548012654852,-0.0742538178313384,-0.3751391476283214,0.7046544693986547
22,1992,-0.3626317991425843,-0.1726364266900707,-0.3770450774856974,-0.3084513737559471,-0.1557124359200025,-0.064816841238103,-0.0742538178313384,-0.357764735713549,0.5510049649740991
22,1993,-0.3453508881431165,-0.178363352712855,-0.3652479817132579,-0.3161228753123084,-0.1337122616768526,-0.0585871571473482,-0.0742538178313384,-0.3244074164391341,0.4664522710040075
22,1994,-0.3317527018188644,-0.174889878784249,-0.3363726849339462,-0.2656848665677451,-0.1254549220295686,0.0264174033919772,-0.0742538178313384,-0.3153699461144513,0.5251670176509186
22,1995,-0.2864201335349179,-0.1740430400991757,-0.3226094065327669,-0.1950224278455367,-0.0914604037949197,-0.0804468273018941,-0.0742538178313384,-0.2489106043341906,0.32458669667532825
22,1996,-0.2647794729735503,-0.1728804310569563,-0.3022206619461008,-0.1557976013667739,-0.0777196856417107,-0.2032423473896963,-0.0742538178313384,-0.2583250272414026,0.24647664252263082
22,1997,-0.2650355946034561,-0.1748468191900927,-0.2681562194762394,-0.1369495873138696,-0.0351044021137588,-0.2204419897891368,-0.0742538178313384,-0.2300472106723899,0.211693063897952
22,1998,-0.2556134789673926,-0.1759520154401037,-0.2417156610968818,-0.1338925270717208,-0.0601810961072915,-0.262517826703963,-0.0742538178313384,-0.2492182164065614,0.19663209489469743
22,1999,-0.2362720977999358,-0.1817937670473048,-0.2437037388551177,-0.0541509526987515,0.0041920521523199,-0.1389056330077498,-0.0742538178313384,-0.2342104059994997,0.26921998874468056
22,2000,-0.2092899332205366,-0.1626466008458154,-0.2219706333173979,0.0227153259875676,-0.0258633337401325,-0.1677921527638176,-0.0742538178313384,-0.2002429536493121,0.2239536814884675
22,2001,-0.1920853775760084,-0.1503028505210173,-0.2051245206831831,0.05494681752761,0.0017943852462735,-0.2270224247014928,-0.0742538178313384,-0.1744067252756867,0.17466533115107782
22,2002,-0.1733043556491675,-0.1345860986539777,-0.1883835046705491,0.0509181097851722,0.0429470833103847,-0.2922652293663214,-0.0742538178313384,-0.1670609124950338,0.135609478445961
22,2003,-0.1544981464277821,-0.100540312874418,-0.1684808319586941,0.0731690189464789,0.0482772591752226,-0.285738673364259,-0.0742538178313384,-0.1082087247620044,0.11962030881626035
22,2004,-0.1059569532048392,-0.0194123056525065,-0.1514591641761805,0.0698057647215771,0.0883657066755321,-0.3235105932259602,-0.0742538178313384,-0.0736061683675116,0.09418104138496365
22,2005,-0.0904693079373557,-0.0531084475275173,-0.1364172102124353,0.2189509023134375,0.0824887167988147,-0.3132826638877204,-0.0742538178313384,-0.0694807148741885,0.09771095889594202
22,2006,-0.0594968475585125,-0.0500170557310579,-0.1097975058835415,0.3259217825902506,0.0736400282426333,-0.3198710877407481,-0.0742538178313384,-0.0712779768764543,0.09526444176554595
22,2007,-0.0463411177243728,-0.028559024643182,-0.0987360864621673,0.2469273947289798,0.1218242594434943,-0.3084694446812289,-0.0742538178313384,-0.0577510621083328,0.09727934850884525
22,2008,-0.0161321654755844,-0.0095123308280573,-0.0832825040638975,0.3361060872317428,0.0577307133418975,-0.3069248014002858,-0.0742538178313384,-0.037962030727945,0.09396436168810962
22,2009,-0.0179843617352126,0.0745112905688829,-0.0678114055620309,0.2482143853736192,0.0327449878849849,-0.2877015538365678,-0.0742538178313384,-0.0503968459622127,0.10431422858263378
22,2010,-0.0018688905141414,0.1264985739135562,-0.004346183204954,0.1895166329109405,0.036097931916112,-0.3247466641663226,-0.0741259244964145,-0.0380022588640401,0.08683345244190153
22,2011,0.013408090393627,0.1263693951310874,-0.0197253221629375,0.2387772672438256,0.0817230533471153,-0.299010329448119,-0.0741342040887999,-0.0218051530735349,0.09402990757335532
22,2012,0.0171441628510392,0.1516453769008196,0.019738459240635,0.2574441211246558,0.0472409190830957,-0.2840393430809426,-0.0664623757550568,-0.0079746387376049,0.09717595201026366
22,2013,0.0759887751274661,0.133086691819466,0.0491786503609433,0.3804438298618376,0.0775216520488098,-0.2422312558786826,-0.0518937030246593,0.0601857228796609,0.09985020641146293
22,2014,0.0795259644796412,0.1396891629234278,0.0721991895130273,0.378907370414517,0.0824875309729874,-0.2028200827823585,-0.0404844356357402,0.0674403907029707,0.1116200854849769
22,2015,0.134225754305081,0.1889206322420997,0.0891285036393269,0.5231601132852647,0.0565533532851748,-0.1941384592550754,-0.0343614471979006,0.0373214146723687,0.12058741903829877
22,2016,0.1299606299760617,0.2196651824696784,0.1409104848973434,0.4686514848734793,0.0626143383443041,-0.0718876512636371,-0.0308463808210286,0.0332635182585278,0.16420350023978325
22,2017,0.134735136686293,0.2650288237432632,0.1518405335417417,0.4499358351388239,0.0724654550928837,0.0469649246448954,-0.0302331520245072,0.0463712982565715,0.2010575915293076
22,2018,0.1378333318812785,0.2999751435218091,0.1796298318980523,0.444418853915712,0.0552018084529368,0.0374781603173542,0.0070233371348911,0.1007724529582179,0.1806836284790795
22,2019,0.1686640532858475,0.2694824919200445,0.2052176362899036,0.5485352479247024,0.0928932165647234,0.0203832924775877,0.1089516534844752,0.1446750962143693,0.16389361906334338
22,2020,0.1437220436240187,0.3544234549108901,0.1764106479355936,0.4738939436727113,0.0019268948868065,0.072374560585628,0.194675031163908,0.0913133571922377,0.1945024008686253
22,2021,0.1519657198151404,0.3157196401206833,0.190726546268174,0.645674278878959,-0.0173942287728134,0.1258602771794189,0.1840127787579867,0.1299878689078873,0.19900755690112606
22,2022,0.1967657312355402,0.3333677726708103,0.2293828090217789,0.7647401646923577,0.0156945724410644,0.1030111483214517,0.1940176954551202,0.1574265495369292,0.1844930411779386
22,2023,0.2055125591106778,0.3896417914813789,0.261839779814923,0.7480617907685547,-0.041844138706696,0.0877569197036977,0.233059114523702,0.145922813029799,0.183204394830198
22,2024,0.2087363200408864,0.3818217561936659,0.3017744807946185,0.778599221043685,-0.0196727709659811,0.1034248948877526,0.2960845772002375,0.1619549663353788,0.18339865165136182
23,1990,0.2450357410361519,-0.1023631690270335,-0.0510222202645057,0.0846256754764631,0.7233746073290898,0.3199843957296764,0.8964924584886034,0.3289179588662652,0.19721075063831234
23,1991,0.3014036286910956,-0.1037123696439301,-0.0407840577121807,0.1284541113822578,0.8104024822068492,0.2395754761818166,0.8535881067715351,0.3683532569776913,0.17093191216996476
23,1992,0.3102125358784289,-0.1044262874820584,-0.0250721127858582,0.1346432554918117,0.8140474599167035,0.3535554971108704,0.884691222754204,0.3783228121409765,0.19371837537666758
23,1993,0.3332851408875358,-0.082067746981377,-0.0086069754048737,0.1336807572751097,0.8602386818681311,0.3445123811825668,0.87680203998555,0.4001156663206984,0.18725534863764884
23,1994,0.4076599074573915,-0.0647290837344511,0.0289563087584468,0.1608313802916237,0.9773456869621656,0.1221141876283,0.7618847402056356,0.4233995701163905,0.1368190643065488
23,1995,0.3513068417191565,-0.0512514307635377,0.0473963868199697,0.150728808705289,0.8608999388862905,0.2835924862668131,0.7443007303356136,0.3886926817924969,0.17655511363585388
23,1996,0.3918640567396739,-0.0304249403899537,-0.0024500649906012,0.2062286028978987,0.8776087747597817,0.3189856511509508,0.724393564430604,0.4086621101833508,0.18020002992583314
23,1997,0.4468672250637963,-0.0306832979548914,0.0357656940316998,0.2547030140360253,0.92089691711929,0.1547499045740083,0.6439954924971525,0.4469687626746205,0.14007486698686877
23,1998,0.5180213850939995,-0.0221718515100015,0.0769986018985483,0.3749164795197883,0.992409444400236,0.0720398669106651,0.6091070471657211,0.4933186095695269,0.11783018642586608
23,1999,0.4876886798439592,-0.0235928181171585,0.1111112136533008,0.3361737914789251,0.9717330664177884,0.1879035283749691,0.5725919848006537,0.510262442691123,0.13779322608250105
23,2000,0.560576827366206,-0.020506880535959,0.1598016026264836,0.4501249190723966,1.0363749719978588,0.1494052536269549,0.5579074075378124,0.524788734203461,0.1287186930119775
23,2001,0.5592946186242866,0.0033481346266161,0.1727854144176057,0.4594748146134775,1.0149405676775212,0.0552610367137856,0.49910940489985,0.55486353296359,0.10809024925338923
23,2002,0.5735476739916938,0.0193663036527496,0.1888695765453601,0.5844727135648015,0.9570886426985508,-0.0162533007618641,0.4713001426181664,0.5554793537284944,0.0950835220733037
23,2003,0.6443456187445621,0.0698177948058492,0.2874939978470978,0.7180464838259042,0.948524557902389,-0.1184810283029858,0.5116466040492006,0.6292445254120959,0.07169460244195812
23,2004,0.6701011982674087,0.039805257678927,0.3282145596837402,0.7777524806182464,1.0014412475750962,-0.0374450757598325,0.5357009639280349,0.6442852538962006,0.08433119918294107
23,2005,0.7234345067188758,0.0993566763970523,0.3622001796874161,0.7714870929870905,1.039390949129464,-0.0113174102554791,0.5667026114440729,0.7026264916786762,0.08449483536750341
23,2006,0.7650252003580366,0.1203410519492092,0.3819889977258919,0.9100520691463384,1.034875047542034,-0.006539950377729,0.5004567816411387,0.7281354461693713,0.08352393239053392
23,2007,0.7874277055288051,0.0952947213483106,0.4227314546920303,0.9554907682283652,1.0797114990172323,-0.0499345232972598,0.5604358161926907,0.7258622258707188,0.07688827879636298
23,2008,0.787701118374861,0.0623254254226577,0.4500084070181348,1.0335549851260932,1.0714377221802622,0.070521067702876,0.5239463880620243,0.7180969734616326,0.09632508136878115
23,2009,0.7632460714109593,0.0650668862506071,0.4353912185666117,1.0330627569506314,1.0225369592763769,-0.089815994749309,0.5289905361678693,0.6888575330344576,0.0728002320721315
23,2010,0.8073472054909694,0.1285223748389011,0.4783888738708371,1.080454510082011,1.0416972845830443,0.0377197668240436,0.5537487351705451,0.6873315124031951,0.09347176293881687
23,2011,0.8621634322243917,0.1650225574853683,0.5566157925341105,1.1477629009003196,1.0650186906381296,-0.022092428525676,0.5196153745042839,0.7428454677779216,0.08015667323764755
23,2012,0.8679806302089899,0.1250776073063992,0.6184038479717945,1.2270549434699238,1.0570513499803067,-0.0604817396140354,0.6093540655375543,0.7748163080776292,0.07241007766473574
23,2013,0.8375206426054012,0.1285367280369531,0.589668680021257,1.1509968461125848,1.043890722496939,-0.0775395991634642,0.6901858557629581,0.7796263990011995,0.06958538756755249
23,2014,0.7875708604041403,0.1166522800498219,0.6346675501614158,1.126859977017949,0.9907321095249048,0.0705497525927156,0.8459423002124644,0.7562745315121127,0.09346455150229077
23,2015,0.8121490139160001,0.140980950748116,0.6568735904962492,1.1919554758652848,0.9663139845128724,-0.0084976647468927,1.0070143248471748,0.7460860603637858,0.08204522311895766
23,2016,0.8240297295291261,0.0987107824847082,0.7109983506103364,1.215938028072198,1.0033927621896643,-0.0066186872944702,1.0884034437229928,0.7443023876941871,0.08244992479125757
23,2017,0.8272329024148208,0.101366124124345,0.7182193643181141,1.260147071637829,0.9728297853747356,0.0259903113384663,1.184029452660218,0.7160238771500856,0.08946571065763122
23,2018,0.7408050498476041,0.0585648875330098,0.8409284280654409,1.237424672355952,0.8661888499279491,-0.0106479035034751,1.8683917013848803,0.7488119560412927,0.08153971141318055
23,2019,0.7845055002534632,0.0488908320459006,0.7546003114886511,1.2279003316374455,0.9403889031411142,0.0160169688119834,2.630455947248228,0.7405818496184823,0.08619110690869287
23,2020,0.5874917501998775,-0.0211948257476187,0.8403109854136541,1.1206976706279996,0.7159270630721999,0.1503767781169456,2.283019340305267,0.6568803689956716,0.11452188027473245
23,2021,0.6144234785599295,-0.0442901297082736,0.8141722776685542,1.264768648943248,0.7146666426827083,0.1398675903607587,2.248431090330162,0.7039190639205699,0.10847374636199389
23,2022,0.6282779645278461,0.0121797078369642,0.8363443236253316,1.0684190127360256,0.7761885279842432,0.3009786221353312,3.791673711917277,0.7324681243647175,0.13108214292107664
23,2023,0.6609400796924788,0.0042961226924603,0.8830720830005067,1.231257783486265,0.721914411192486,0.1548209365907731,2.892595478121412,0.7517056392544624,0.10671259715344275
23,2024,0.6742150224292958,-0.0148893021873097,0.9057912989821544,1.240995537184579,0.7351937109851854,0.1677998028300594,2.795581140737456,0.7463642708174232,0.10915739583239487
24,1990,-0.089851277409411,-0.0301239769618904,-0.1654023767515579,0.4591917150530151,-0.0328737394648865,-0.5024318063195928,-0.0040186610970257,-0.0678143221607551,0.016676797139306285
24,1991,-0.0696870921873847,-0.0455594778857285,-0.155628390944548,0.5786527795902986,-0.0382178574034512,-0.4976567917634494,-0.0124311814913299,-0.0506052006087189,0.01803802466269917
24,1992,-0.0731986323952682,-0.0458254681688168,-0.1481840469159113,0.5488704763309694,-0.0318287275811152,-0.4965958055303789,0.0264915332483719,-0.0554167840113508,0.018662597984139516
24,1993,-0.0608439978459026,-0.0451078148420244,-0.142162886304514,0.5797863559520479,-0.0377104958601034,-0.4914728913602319,0.0363468270797574,-0.0446790646381235,0.020327811500502696
24,1994,-0.0642446095578329,-0.030183408528394,-0.1275281817493943,0.5413188777662231,-0.0238308884593571,-0.4865884060521037,0.0510665716314978,-0.0422390977214277,0.022199159750691443
24,1995,-0.0492178765108611,-0.0109476506332665,-0.1234732037667369,0.5706536654582951,-0.0119401647588147,-0.4811464708133116,0.0891519981306955,-0.0275551091421125,0.023681171428592884
24,1996,-0.0194089375673835,-0.0158855979184042,-0.1078313232548016,0.6934701350494697,-0.0022107838144562,-0.4673624418681768,0.0990822112428092,-0.0026169463859535,0.027704635627743397
24,1997,-0.0438530303027654,-0.0153105756858835,-0.0940111175169326,0.6141900939030851,-0.003212862376707,-0.4602623923790709,0.1066620529685902,-0.0171195418960981,0.031219669106646378
24,1998,-0.0421340373828197,-0.0104452887014432,-0.0796522915934623,0.5994664912608287,-0.003466494763721,-0.4524012041573849,0.1317613989490203,-0.0137122425325525,0.034012493534104425
24,1999,-0.0579212356232151,-0.0392669575452603,-0.0703687566871626,0.5727986839572197,-0.0014297747631303,-0.4406548798394024,0.1353205448835685,-0.0214726556090832,0.03908557486898274
24,2000,-0.0550885717273475,-0.028401139464609,-0.058037419755021,0.57598852179282,-0.0057780557605668,-0.4258828264804126,0.1909840875115338,-0.016467038521885,0.04437020829728831
24,2001,-0.0398138748512981,-0.0170616592724266,-0.0490691747134634,0.5990131057910949,-0.0004594042813112,-0.418526600112281,0.1784732128111711,-0.0026554268995303,0.04595030559583222
24,2002,-0.0395976245793107,-0.0177228138448838,-0.0425531841754567,0.5871921210550314,0.0060412683102342,-0.3970277075574631,0.1978969159041397,0.0025539469077405,0.053450974630906777
24,2003,-0.0308742327720334,-0.0129858047566633,-0.0352139367684008,0.5950788705193473,0.0406399450916494,-0.3987630577780088,0.2806031928544317,0.0224061804310862,0.05090206949675944
24,2004,-0.0249462079306318,-0.0161717609931969,-0.0242576139686074,0.6228186410390646,0.0413682955048221,-0.3586052943346515,0.3824484191253126,0.0271774278414529,0.06465877703821159
24,2005,-0.0371960690275699,-0.0253869678736699,-0.0147332326378517,0.5888631420276951,0.0371075423570818,-0.2815154428166706,0.4447533128741828,0.0185015433036848,0.09336876692577203
24,2006,-0.0482786279864836,-0.0319607325815275,-0.0097455221386651,0.5433677832072964,0.0351578502313687,-0.2573595326592539,0.5733909978487657,0.0134862117109298,0.10298922115721565
24,2007,-0.0471581637016605,-0.0162587810677585,0.0003481325589862,0.5157733097763948,0.0423467946094985,-0.2899704670578533,0.6872450678271017,0.011212624897837,0.0915552166555367
24,2008,-0.0428851423963199,-0.0260472149840661,0.0038863854855382,0.5600417385526318,0.0226594152029179,-0.2323628589544751,0.8328448483614065,0.0069794786923081,0.11341301189438663
24,2009,-0.0575432386398567,-0.036941285729791,-0.0133407024019067,0.5869869289744589,0.0077890189938895,-0.2090292631444179,0.8433439886505676,-0.001266941765099,0.12388453111358372
24,2010,-0.0236372792860065,-0.0363236576341446,0.0019902672711854,0.7370434853011268,0.0263420684345874,-0.2140055591164829,0.6987935993660972,0.0365251392022858,0.11385164333979277
24,2011,-0.0629038338606337,-0.0386062632796456,0.0048716663128577,0.5752484722395229,0.0100710008353375,-0.1643544695638799,0.9560983137535816,-0.0025471834341435,0.14087249673622912
24,2012,-0.0685559620514661,-0.021526411328688,-0.0128862952633727,0.5298954268955446,0.0157668752511233,-0.1197391207038028,1.0561042589020622,-0.0012589349577909,0.15715028033941925
24,2013,-0.072126492947154,-0.0218551802666065,-0.0066826037154193,0.5256214443494448,-0.0070453145153196,-0.1259495465583491,1.2554118884279737,-0.0118743139220726,0.15802503537372523
24,2014,-0.0958422810697742,-0.0001574186996363,-0.0199430254355161,0.3962800843171275,-0.0201456708407148,-0.1483651761858634,1.3408743385129245,-0.0423375724637281,0.15889160858548754
24,2015,-0.068392271745389,0.0477977350946923,-0.0101534897075382,0.3781449946740259,-0.0109160389198857,-0.1082635372671978,1.919443464230546,-0.0313576217739471,0.1712218563061465
24,2016,-0.0658101229658525,0.0268836332473536,-0.0052262316608899,0.4166228285784006,0.0029978248200457,-0.09371655228674,2.0336774979399315,-0.0208492362934752,0.17329901409105886
24,2017,-0.0749458073808178,0.0023052743157453,-0.0012594297437388,0.4487048785281085,0.0125809389376312,-0.0222696197676185,2.604819656484404,-0.0122083168010641,0.19757753067217096
24,2018,-0.0877727060548386,-0.0216202872689868,0.0081759391275638,0.4290571554255313,0.0088734159907908,0.0344117114567289,2.769520644186734,-0.0228446445263288,0.22376487881510082
24,2019,-0.1052942338430182,-0.0639949750668789,0.0067394128184096,0.474209016481774,-0.0041293807320959,0.1137568463895942,3.0789984216056925,-0.0360018982338994,0.2614095665298114
24,2020,-0.1526121685245599,-0.1189831671937601,-0.0019505932965386,0.4464383989808942,-0.0163113639568075,0.3847370033845357,3.926015264460722,-0.0520847912189687,0.3820143616230715
24,2021,-0.140920057961045,-0.0832968404907046,0.0033128469474166,0.4115428113054535,-0.0141690847566106,0.613127321873657,3.926015264460722,-0.0370987276355756,0.4616510444293758
24,2022,-0.1796477611701808,-0.0840724294469164,-0.01268875740506,0.2105773488648336,-0.0373448368572814,0.838611948417452,3.926015264460722,-0.0865786863018775,0.6137483389088055
24,2023,-0.2090186011851721,-0.1244563152292474,-0.0232640042340275,0.1648355373701304,-0.0450884952325469,1.0911596622790236,3.926015264460722,-0.1072740493721869,0.7618262813507111
24,2024,-0.2178766582759208,-0.1170272789799166,-0.0056027505318509,0.1743374376333256,-0.0487160997908273,1.227129657964915,3.926015264460722,-0.1085863479195496,0.8278572198083083
25,1990,-0.4847910209876329,-0.1786217102777927,-0.3636321211564539,-0.4550088918727706,-0.3171697595145736,2.257255929725891,1.4041216189651051,-0.4344409756836082,5.9048349052769575
25,1991,-0.4838048996251173,-0.1791809881608882,-0.360939020228447,-0.4458242922865223,-0.3189277354896803,2.1595893332539378,1.460895857808569,-0.4332581125829294,5.627134692734288
25,1992,-0.4784670068969475,-0.1757223642712703,-0.3638204192701193,-0.4384719770114102,-0.3136699357843153,1.9996868312841527,1.4627529752268806,-0.4301743872182171,5.1260107740162635
25,1993,-0.4795795047698505,-0.1768137041641652,-0.3588808780558239,-0.4417284903060695,-0.3137828333240011,2.1537025000815007,1.4784055263919331,-0.4255222914578698,5.188292607197773
25,1994,-0.4785655824514101,-0.1786217102777927,-0.3560345112213453,-0.4493961487865269,-0.3079444177002522,2.327271372392389,1.3562076153460576,-0.4254717874136295,5.519673070299347
25,1995,-0.4784107991765281,-0.1790231029823152,-0.3532100395163626,-0.454740514676732,-0.3045897479495899,2.389276849304293,1.268671602592106,-0.4251333272184004,5.620301187928973
25,1996,-0.474998184459442,-0.1793967829726056,-0.3499870764545528,-0.4393832395815958,-0.3042510553305326,2.223466299463421,1.2585039120942598,-0.4221498290097278,5.1519508844094455
25,1997,-0.4679700341962994,-0.1768998233524777,-0.344154213956821,-0.4299247732657536,-0.3020737456365931,1.913238255541033,1.2961041105515032,-0.4191508983716712,4.447131216994962
25,1998,-0.4692553066149118,-0.1798847917063767,-0.3453978573121933,-0.4461841617084831,-0.3024285664756055,2.1069964977171147,1.446001772070901,-0.4209856760911046,4.880920620774587
25,1999,-0.4648885507227229,-0.1788375123959943,-0.3405546546676802,-0.4293508120351347,-0.3003964107612619,1.8980674920817664,1.6011051917298529,-0.4138078269263139,4.211659536022731
25,2000,-0.462255325916556,-0.1805019792226166,-0.3378440376360767,-0.4208280062163907,-0.2968482023711383,1.9677564820999247,1.6572809876485977,-0.4101838550799341,4.1979752589132096
25,2001,-0.4556244587099285,-0.1741578656835924,-0.3346692438591581,-0.4130767848362576,-0.2978158955684448,1.68839558708912,1.5986201687167974,-0.4102430877903621,3.7324982115432346
25,2002,-0.4560102047587234,-0.1738985071302984,-0.3311309909326062,-0.4199594400183022,-0.2936548148200271,1.8928995778637925,1.5786449222015555,-0.410636635245403,4.08854192014412
25,2003,-0.4502968547385561,-0.1579105496360458,-0.3300931617944962,-0.4559055156868086,-0.2900904782099483,1.770282738022774,1.5296379966165452,-0.4123981358946876,3.9421097054861365
25,2004,-0.452040973046528,-0.1553551762353532,-0.3242646783226636,-0.4653816704996625,-0.2871067575182535,1.9891747061456573,1.5875516854437484,-0.4096457945238388,4.214452739539648
25,2005,-0.4480790362949358,-0.1490254158943811,-0.3217554964824232,-0.4729901640073569,-0.286429372280139,1.713295449864196,1.8927242767855064,-0.4122887275152208,3.841278627424147
25,2006,-0.4477114752237432,-0.1499296600651785,-0.3179939132350121,-0.4722875037122739,-0.2851713711236406,1.7262498915726807,1.974422429447588,-0.4122954027708437,3.8635717298407175
25,2007,-0.4511015712528102,-0.1644684560100747,-0.3160934159947602,-0.4620117068448596,-0.2848165502846282,1.7527926500030095,2.197144328908552,-0.4103182621379756,3.8427543116626546
25,2008,-0.4481970021129967,-0.1525568067626158,-0.3181778323227784,-0.4695726243950743,-0.2834617798083992,1.7093212399196889,2.5848955195413184,-0.4087261310789102,3.719343342098907
25,2009,-0.4572607200619311,-0.1653875575263445,-0.3175866638263867,-0.4673304549118064,-0.2878809120760986,1.9677668626768727,3.150391842324827,-0.4082557362986798,4.130025258914887
25,2010,-0.4573949548589527,-0.1711872578342299,-0.3120778492451956,-0.4578738184404826,-0.2869777317586126,2.019227757199741,3.6279597311262672,-0.4041373013916056,4.073840370640744
25,2011,-0.459337235761628,-0.1686739430393374,-0.3131507105904991,-0.4671560097343813,-0.2873486808175801,2.121134539553186,3.926015264460722,-0.40381460609422,4.224895711380774
25,2012,-0.4544717417716096,-0.1609380661301963,-0.3146702325775207,-0.459547516226687,-0.2879615531758741,1.977525476836539,3.926015264460722,-0.3981216525067742,3.820939911386239
25,2013,-0.4550485672694491,-0.1672683306185887,-0.3170042533817934,-0.4506935085501044,-0.2866712955794656,2.064430810309576,3.926015264460722,-0.3961350833436752,3.8929131937276455
25,2014,-0.4534644605875176,-0.1662774558055741,-0.3135798551286204,-0.4367385043042699,-0.2842681908061545,2.2324230306357262,3.926015264460722,-0.3886662477426517,3.920692649451203
25,2015,-0.4544344670089785,-0.1694069571283503,-0.3113421728941303,-0.4472210736022686,-0.2819618553525742,2.265651269056454,3.926015264460722,-0.3878771518983191,3.945208776006593
25,2016,-0.4571401054258698,-0.1760094282323121,-0.3135973712322173,-0.4455882423436429,-0.2796232634590836,2.4087975956407,3.926015264460722,-0.389383447951323,4.191657448429965
25,2017,-0.4515316825483169,-0.1744287248840334,-0.314905285550712,-0.441720095589367,-0.2755355822396816,2.30238595507432,3.926015264460722,-0.3887002793573991,4.020564582423071
25,2018,-0.4533490699278426,-0.1742581940411356,-0.3147554484215192,-0.4552022545927756,-0.2743000154371408,2.3769666540117744,3.926015264460722,-0.3863809580636447,4.058116524847534
25,2019,-0.4490414635246975,-0.1716625334958403,-0.3132169959055352,-0.4471731884010655,-0.2727044990216419,2.3201472349135366,3.926015264460722,-0.385034017398161,3.9414489580709335
25,2020,-0.4561962275211502,-0.1728382326546831,-0.3170597794301951,-0.4528331500151594,-0.2813094204707302,2.264601977508817,3.926015264460722,-0.3928556099393219,4.0897204778894904
25,2021,-0.455344907712104,-0.1642780140355057,-0.3165059070973869,-0.4699191457112213,-0.2815065879596815,2.299750878067349,3.926015264460722,-0.3908452877136512,4.079961095753581
25,2022,-0.4630039702243726,-0.1787193832936962,-0.3188246932705561,-0.4760832880451714,-0.2824320090924855,2.478659712923593,3.926015264460722,-0.398755198349685,4.60363795245397
25,2023,-0.4638418860858078,-0.1827846203423971,-0.3190842586981067,-0.4717291127712643,-0.2818847017914357,2.515342899978423,3.926015264460722,-0.3823837113147507,4.133320261345215
25,2024,-0.4636146245673703,-0.176275641558751,-0.3168186311472039,-0.4913224650013797,-0.2829508523095439,2.418335458690485,3.926015264460722,-0.3819572868135299,3.9904142725438683
26,1990,-0.4655499610323611,-0.2083328302456209,-0.4553070283561644,-0.4717416000976045,-0.2698011775064232,0.5953347693745228,-0.0742538178313384,-0.3274883442289132,1.114972998419821
26,1991,-0.4506555082170403,-0.2082754174534125,-0.453463458452602,-0.4513998285342242,-0.2467378229706196,0.9190757774529218,-0.0742538178313384,-0.3129957176982975,1.335627248881585
26,1992,-0.429899176378252,-0.2085624814144543,-0.4516811949116284,-0.4455138286665595,-0.2170296418133118,0.8835054393023858,-0.0742538178313384,-0.3011113680720954,1.2346471397662304
26,1993,-0.4406723195653759,-0.2095528520800486,-0.4459928402685701,-0.4345347615558894,-0.2387382258728864,0.7986908495049225,-0.0742538178313384,-0.3007512839979459,1.159318748882357
26,1994,-0.4582856172784056,-0.2095959116742049,-0.447757587705947,-0.4371331407720813,-0.2686722021095657,0.707907596286203,-0.0742538178313384,-0.3206688280958731,1.1849455128917084
26,1995,-0.4513082682948492,-0.2096676776644653,-0.4484538528239195,-0.4396516167776345,-0.2549793433676795,0.6685795078030735,-0.0742538178313384,-0.3194187072271007,1.1407473958641434
26,1996,-0.4400833100920232,-0.2098399160410904,-0.4501353987692115,-0.437968159820665,-0.2351255046029423,0.6398223750147931,-0.0742538178313384,-0.3057221543225332,1.0448146087972765
26,1997,-0.4248551738228938,-0.2098112096449862,-0.4510506151821439,-0.4212677788489903,-0.2274646001242663,0.6691897396455946,-0.0742538178313384,-0.2919772616063897,1.008256598031183
26,1998,-0.4367599838275083,-0.2097825032488821,-0.4524606615216856,-0.4191469890521125,-0.2466249254309339,0.7918126736900515,-0.0742538178313384,-0.2934565834954667,1.1173968823601852
26,1999,-0.4311187347274893,-0.2097250904566737,-0.4522198150972297,-0.410546719815421,-0.2418832287641323,0.7916469709203334,-0.0742538178313384,-0.2840748774489967,1.074171106414492
26,2000,-0.4170812467125832,-0.2090935497423817,-0.4517293641965195,-0.3872387702876413,-0.2282064982422013,0.7917544006161309,-0.0742538178313384,-0.2790094728848896,1.052345636139778
26,2001,-0.4003833810150001,-0.2091222561384859,-0.450214221235397,-0.397526766118512,-0.1903051813476989,0.7917805545140616,-0.0742538178313384,-0.2652560087732651,0.9971421150357274
26,2002,-0.395689431452638,-0.2092227285248505,-0.4335345115853518,-0.3872729273853191,-0.1856925104405382,0.7918298089863645,-0.0742538178313384,-0.2578363679360544,0.9697264292496416
26,2003,-0.3854968368924925,-0.2091509625345901,-0.433429414963771,-0.3165854236896157,-0.1960952123115824,0.7458757108659,-0.0742538178313384,-0.2392604484171134,0.875931362793054
26,2004,-0.3860349964740443,-0.2091509625345901,-0.4195522818892125,-0.3088768986815797,-0.1993531127425141,0.6237693846772504,-0.0742538178313384,-0.2414236777262267,0.7988506013657284
26,2005,-0.3785274868463699,-0.2090217837521212,-0.414078499515215,-0.3086512178576382,-0.1859344337398648,0.6098116763885334,-0.0742538178313384,-0.21570911625258,0.7241548436893416
26,2006,-0.3951408656041552,-0.2088064857813399,-0.4229153737797966,-0.2964187072518333,-0.2199488496251863,0.4039786760199247,-0.0742538178313384,-0.2252097802113707,0.6133929424766568
26,2007,-0.4048171057655208,-0.2083328302456209,-0.4036345227456277,-0.2887632477348322,-0.2441411795578474,0.4039442225179589,-0.0742538178313384,-0.2230045543333874,0.6089261676599035
26,2008,-0.3882335563383065,-0.2064956208949532,-0.4086879186333023,-0.3077033583970837,-0.2109493028902364,0.4039813935745151,-0.0742538178313384,-0.2081278371967545,0.580570806916065
26,2009,-0.4156486611301315,-0.2064956208949532,-0.4107285447023285,-0.3406027429423792,-0.2392059442515845,0.2574299222622014,-0.0742538178313384,-0.2272394851494451,0.5218258471560957
26,2010,-0.3754968691173956,-0.2064956208949532,-0.3983577965370941,-0.3144457254993807,-0.1881278716537594,0.3100164275925303,-0.0725743125333943,-0.1335503376964998,0.4238511010251841
26,2011,-0.345493670086316,-0.2057923141904008,-0.386083386941642,-0.242186385362333,-0.1771768103042414,0.2178989150427416,-0.0726310290719735,-0.0728754097786174,0.3275345969716403
26,2012,-0.3322423664146273,-0.2044144071774001,-0.3785514623950214,-0.2064519617097934,-0.1580487414374841,0.1485908579051603,-0.0559285619044907,-0.0809905637790662,0.30305408541549805
26,2013,-0.2958166774970752,-0.2030221469663472,-0.3860395966826501,-0.1972454039893237,-0.1019386642136655,0.103781878130431,-0.0552969750650946,-0.0721469354007721,0.2778715549656906
26,2014,-0.26944347125702,-0.2030221469663472,-0.3819408284410007,-0.1468484362104843,-0.0725530474554598,0.0390094116976359,-0.0572632527025375,-0.0613898743881351,0.2442094340355819
26,2015,-0.2877167480369357,-0.202677670213097,-0.3801848390554224,-0.1383378293551965,-0.1039385634880988,0.1371891975312853,-0.0557221528268212,-0.082864665051005,0.29930393035056035
26,2016,-0.2769129623082278,-0.2023331934598468,-0.3776975523446778,-0.129773547060701,-0.0892941397688613,0.2401206046741104,-0.0562289553659739,-0.0578021617620985,0.32629645463573514
26,2017,-0.2831724713447486,-0.2033723219392241,-0.3751879282228216,-0.1601992459246178,-0.0884494242487125,0.3006508400579973,-0.0531858652010703,-0.1194305746747869,0.4046794259893072
26,2018,-0.2690776684999105,-0.2022435864444076,-0.3724232433584407,-0.1438377649666707,-0.0721113922802092,0.2659217905085695,-0.0537583450670283,-0.135090871671003,0.4034817295521344
26,2019,-0.2563972860039112,-0.2021549267400399,-0.3697730875374272,-0.1405820500941696,-0.0536301456747514,0.3517255753361972,-0.0449067635886547,-0.084498298251728,0.3953640902845256
26,2020,-0.2763496325858083,-0.2007359552274121,-0.3677477442687892,-0.1315889559357401,-0.0919618279905359,0.2281704848422552,-0.0461041938253047,-0.0886371040813025,0.34389128529538127
26,2021,-0.2487960237735802,-0.1912152062486972,-0.3648586162464048,-0.1232920493023835,-0.054145119737918,0.2321559485053153,-0.0445840990901458,-0.0306893616439995,0.30534040524146944
26,2022,-0.2431700240644915,-0.1902908602941426,-0.3478495206472477,-0.1445886727721715,-0.0371966830287736,0.3146636489635507,-0.0159957612981656,-0.0595191835529558,0.35872590798352216
26,2023,-0.2540474998170244,-0.1909790961407403,-0.3397000564869018,-0.1563617060348491,-0.0506908292508761,0.2525838839778007,-0.0188021169395981,-0.0603919227153308,0.33333771589636935
26,2024,-0.2520807371433059,-0.1908283875611934,-0.344055114115588,-0.1339528272636397,-0.0505767318359721,0.4093613270938269,-0.004379615771289,-0.0543809908121256,0.3940739672428574
27,1990,-0.4666457091369516,-0.191625707712987,-0.061952268908904,-0.5120250168431547,-0.2542535734696997,2.940080821014829,-0.0625515674932835,-0.3873382024409061,4.874215824297559
27,1991,-0.4713599050581163,-0.19336244467729,-0.0522965168011723,-0.5130912067708178,-0.2604306817125058,2.940410643836333,-0.0659540578581643,-0.383637599897242,4.749150553956123
27,1992,-0.4623567093699413,-0.1933193850831338,-0.0499406008674037,-0.4787645428831399,-0.2622854270073432,2.940970923160047,-0.0662260660861815,-0.3815050663363888,4.680459779817888
27,1993,-0.4571397928103414,-0.1921711292389665,-0.0434114732516995,-0.4671987056290504,-0.2591404241160973,2.9404986766555887,-0.0627472271888853,-0.3721603741195174,4.398023074634466
27,1994,-0.4521733019493293,-0.1898172047584236,-0.0390718585855943,-0.4623544989476079,-0.2562373445241779,2.9349830102158,-0.061868421903975,-0.3749719255797287,4.472078808035598
27,1995,-0.4543474913031887,-0.1880948209921727,-0.0301298876994319,-0.4751951267817912,-0.2508343908392169,2.935629243239344,-0.0644604979610445,-0.3730013863810797,4.415803709354879
27,1996,-0.4513408226692662,-0.1882383529726936,-0.0337382050403711,-0.4862974036990368,-0.2419638698639079,2.9299112311150104,-0.0623434226130334,-0.3765688924005439,4.512851984577188
27,1997,-0.4459253854359155,-0.1883675317551624,-0.030440798538275,-0.4618445821844413,-0.2445282568367699,2.9327329648145937,-0.0632516946044073,-0.3680640343303162,4.275360178431553
27,1998,-0.4408042665116605,-0.1864298500181301,-0.0060890355128348,-0.4496529374251694,-0.2429638195011245,2.933996627947712,-0.0620675075004951,-0.3601560732792362,4.07461984878334
27,1999,-0.4361787299056815,-0.1876498718525578,-0.0071005904955495,-0.4371831577932957,-0.241981804444498,2.932057975360796,-0.0595955195285281,-0.3524094079101844,3.8920121309359286
27,2000,-0.4529355681605631,-0.1874058674856723,-0.0040615465215061,-0.46920588071589,-0.2506785922344506,2.9374182639038864,-0.0664291980826711,-0.3548843902600075,3.9539583613158777
27,2001,-0.4493857822537273,-0.1898459111545277,0.0084931207314945,-0.4584157463944195,-0.2440199437284448,2.930666358128611,-0.0573363947924086,-0.3433013251473416,3.6979201033730607
27,2002,-0.4505162736807568,-0.1925873719824771,-0.006049624279742,-0.4597109731019501,-0.2440822309139114,2.9328308555609306,-0.0557919806453035,-0.3574884609281911,4.009282564905549
27,2003,-0.4426213314752469,-0.1930753807162482,-0.0319077722145063,-0.4484962216147146,-0.2342651285812172,2.926490608226441,-0.022107435195262,-0.3424786193203789,3.67703598855614
27,2004,-0.4410548514750586,-0.1906209838493407,-0.0094302322739229,-0.4407965108572448,-0.2395673292761186,2.924773866644704,-0.0165445524500017,-0.3321517169472294,3.480775347217769
27,2005,-0.4461706336853256,-0.1934055042714463,0.0104899565415288,-0.4517103685201684,-0.241725285106112,2.92899699834041,0.0130110365517412,-0.3279571566996164,3.411701401551287
27,2006,-0.4413985365483757,-0.195414951998739,-0.0027390806999483,-0.4399056185608849,-0.2355644341090206,2.92353637257075,0.0486179938170575,-0.3263142839455764,3.378496025415349
27,2007,-0.4395692852539364,-0.1938791598071653,0.0135815488263626,-0.4354202303766372,-0.232718545185062,2.917367858061272,0.0766908026709351,-0.3389772683692293,3.5991952560675537
27,2008,-0.4363200832552893,-0.1936351554402798,0.0207850464305433,-0.4305536424124458,-0.2380866296584801,2.9266324542193662,0.0731401893653067,-0.3186865484497431,3.2579002149807605
27,2009,-0.4366075440629186,-0.1982281788169489,0.0069079133559848,-0.4257234906972887,-0.2397800766255464,2.828393627992668,0.0892242466963993,-0.3230397268176414,3.2330675453698565
27,2010,-0.4286439143635538,-0.194625526105874,0.038239742947151,-0.4203555373481816,-0.231612391219441,2.799142232841242,0.0817143339813669,-0.3101381862746111,3.0146354415178007
27,2011,-0.4321477542223329,-0.1941379711031335,0.0135221517190659,-0.4291037169950411,-0.2360258463537163,2.827946848925853,0.1464236956366352,-0.3387058484179896,3.501102465770986
27,2012,-0.4328867397090712,-0.1937069214305402,0.0300886635496168,-0.4306062982900532,-0.2367348106465029,2.876939677188428,0.1557175147245671,-0.3264755113715289,3.3357387514929457
27,2013,-0.4312387713993426,-0.1936490549073013,0.033799765386462,-0.4314150131530523,-0.2351528580639862,2.8667600576663754,0.2335153714307902,-0.3170556973915082,3.176828007062984
27,2014,-0.4309537672061773,-0.1933341920122164,0.0228339401004673,-0.422312972999411,-0.2375709782100754,2.865862622359062,0.2683116198079435,-0.3348705776008637,3.469951172196789
27,2015,-0.4281783788363194,-0.1937356278266444,0.0359531426143407,-0.4158948127908324,-0.2337097210706231,2.86699819795707,0.3074322820917299,-0.3548889739182528,3.8740262046803955
27,2016,-0.4304720446336299,-0.1933050318850817,0.0512911362449754,-0.4219653755991756,-0.2379102030603912,2.87063857732504,0.2371912277148163,-0.3363573513120765,3.501864967568542
27,2017,-0.4311333684345175,-0.1925443123883208,0.0571971941606122,-0.4185612553023352,-0.238923377837971,2.8713534192248167,0.344583444770507,-0.3259198782824876,3.3211010869877877
27,2018,-0.432286855853965,-0.1929482919293879,0.0692447833515635,-0.4206208303192447,-0.2360996329600109,2.869064062185548,0.5042539790517396,-0.3259522809760709,3.3194072791024656
27,2019,-0.4355866620513219,-0.1933399388627444,0.0625895835802212,-0.4194462860434901,-0.2420487365573117,2.867504447748084,0.8261620967856672,-0.336017042326676,3.492425536198452
27,2020,-0.4400904442871251,-0.1935113447538824,0.0644110744352,-0.4282006292563634,-0.2473995960918176,2.891347888331391,1.338519035645107,-0.3382777196355573,3.558903085589213
27,2021,-0.4395057711687634,-0.1920192001838541,0.0888260311833917,-0.4383639651293572,-0.2438600324275899,2.9150779680333185,1.5757436275997951,-0.3316389646703727,3.46194483282035
27,2022,-0.4416208733466707,-0.1928110952805151,0.0586733068638953,-0.4459689173661126,-0.2457416473368724,2.896353267109869,2.1657230305882584,-0.3610207688233939,4.0514415534429045
27,2023,-0.4453641902338492,-0.1944621575519141,0.0678172865938135,-0.4459370927150666,-0.2463695189397248,2.8944301621839568,1.954185872209332,-0.342494936879741,3.6433648627752664
27,2024,-0.4491242882141923,-0.1938875128372024,0.0798363191738225,-0.4395135620842492,-0.2490870104115876,2.8995778401445045,2.021144489054985,-0.3459307118306929,3.717927474817614
28,1990,-0.436527644338803,-0.1739282145147589,-0.3912156052955021,-0.5644537223654847,-0.2144168701805844,1.0664956639300562,3.926015264460722,-0.3378453585192982,1.663254510074113
28,1991,-0.4252903563350727,-0.1694930763166628,-0.3919556606724666,-0.5644537223654847,-0.2008691654182942,0.9426236634272042,3.926015264460722,-0.3360305651279395,1.5205659484808312
28,1992,-0.4112530810797807,-0.1727943118686437,-0.3944517054350095,-0.5644537223654847,-0.1760800913472942,0.8116794678113209,3.926015264460722,-0.3279219797253516,1.3300376004748569
28,1993,-0.3955313962015211,-0.1678137521445682,-0.3927920546192134,-0.5644537223654847,-0.1535167116300989,0.8610269772389283,3.926015264460722,-0.3287665824106509,1.3844033656918897
28,1994,-0.3920916313844312,-0.1681295225017142,-0.3703977161707148,-0.5643018452704538,-0.1473073469473826,0.8543097711439895,3.926015264460722,-0.3167607810958945,1.2992239170469453
28,1995,-0.3819191890152321,-0.1647565209594728,-0.3623227924125936,-0.564287816462479,-0.1293082534774827,0.7448439696222638,3.926015264460722,-0.3063528402250015,1.140944950285079
28,1996,-0.369026899284096,-0.1503028505210173,-0.3455423651668668,-0.5642060834073219,-0.1216634772187618,0.7479308409359522,3.826773128972194,-0.3029588451763467,1.1263839016163824
28,1997,-0.3567568379228638,-0.1383609897416776,-0.3317265384548971,-0.5643213636119839,-0.11013179995086,0.6237316872491999,3.917023449770171,-0.2811101694527276,0.9275736737202165
28,1998,-0.3420773543235483,-0.1281989255207972,-0.3403970097353091,-0.5642396305568267,-0.0934068358574137,0.6338913043139804,3.926015264460722,-0.2748976336777656,0.9126351157841947
28,1999,-0.3532141906422385,-0.1181086272901773,-0.3319805219570505,-0.5642890363588248,-0.1186313718672016,1.0115321238922634,3.926015264460722,-0.271847681918911,1.1914532199152112
28,2000,-0.3559096501950631,-0.0896318823548289,-0.3285517446779785,-0.564209133148186,-0.1442752415958224,0.9555968990015732,3.926015264460722,-0.2581325235976841,1.0900288582707913
28,2001,-0.3534949557186032,-0.0947272676633212,-0.3210490136373526,-0.5612313661685031,-0.1398238528882128,0.760581681846146,3.926015264460722,-0.2675813798835018,0.9825268235009326
28,2002,-0.348497684075195,-0.0881535029554635,-0.3376790943272069,-0.5239732919802715,-0.1549359949861484,0.7027834343511224,3.926015264460722,-0.271576909312865,0.9535817118855965
28,2003,-0.3391567404046494,-0.0880530305690989,-0.3025578469403391,-0.5027599053812719,-0.1566778427413,0.6251113230909305,3.926015264460722,-0.2729008163758437,0.8987094262266976
28,2004,-0.3307565307427929,-0.0798142948871987,-0.2915314597261584,-0.5055071541368662,-0.1484529344107938,0.6360071228258516,3.926015264460722,-0.2661044147358065,0.8835038766287417
28,2005,-0.3319002676067313,-0.0571936547571034,-0.2873494899924244,-0.4898082402844629,-0.1769269841771369,0.5891445385543764,3.784645879669897,-0.2701109614261647,0.8615562807203935
28,2006,-0.3538764896616861,-0.072924759822195,-0.2855628474255516,-0.5000613554160103,-0.1875061787719719,0.7161950388918159,3.926015264460722,-0.2794912318663364,0.994637048150786
28,2007,-0.3446931825194149,-0.0633390769754925,-0.2795443847320108,-0.4794127202809716,-0.188218891263076,0.56163525122037,3.7054258296639473,-0.2774489289409516,0.865277847449095
28,2008,-0.3348077128978869,-0.037102177302569,-0.2743109403775622,-0.4720714292115748,-0.1945571800976475,0.6427932234478949,3.8147514960142814,-0.2611120672863872,0.8719327510216094
28,2009,-0.3323143757212646,-0.044979083214774,-0.2670268686968363,-0.4714259637511673,-0.1836281789273842,0.5971668999157993,3.604604378370195,-0.2554765234734495,0.8209634498015019
28,2010,-0.3152154003718724,-0.0187615316528247,-0.247759154740365,-0.4768335027055686,-0.174570151266877,0.3778333393027629,3.160660593126628,-0.2446691042508302,0.6374893654222206
28,2011,-0.3136554732270341,0.0001574186996363,-0.2441193084129516,-0.4698527316874088,-0.1889013488263664,0.4590849703057444,3.1062108416371874,-0.2407322690232886,0.6842992884504815
28,2012,-0.3059043904949775,0.0099003695373956,-0.2304891523991078,-0.4737632010985362,-0.181086823052618,0.4521406875190093,3.031514146857873,-0.2290287892222849,0.6528903238611004
28,2013,-0.2784980126423802,0.0620570206190836,-0.2201699778676477,-0.4809200979453164,-0.1691134906094656,0.3810533710405614,2.744005227212556,-0.2181887374227473,0.58492771699711
28,2014,-0.2608135622714413,0.0794516613384126,-0.2123805665981543,-0.4766026350653499,-0.1535181631698949,0.3532169379876599,2.899733644608614,-0.2027696570554661,0.5403303484428529
28,2015,-0.2351554952480909,0.1059089113078318,-0.1928356603022637,-0.4818673692938428,-0.1188481996562781,0.346537721322249,3.100797770262929,-0.172285095978515,0.49025179525021
28,2016,-0.2034126373320163,0.1459241921572561,-0.1650454861407733,-0.4698313109785226,-0.0982362539125511,0.3044410180523946,3.1004335016492046,-0.1478748747685403,0.43697105973294276
28,2017,-0.1670203589809795,0.210875283982578,-0.1491141520169009,-0.4711117933541686,-0.0829578459950982,0.3168848018026187,2.8460080186065766,-0.1255615832065468,0.41877429444792547
28,2018,-0.1513164464184876,0.2346599684746979,-0.1279901689817596,-0.4602443537125329,-0.0814203427867779,0.2752516405769646,2.748001568626964,-0.1125773958562495,0.3859899315397965
28,2019,-0.1294016214422484,0.2654475782964329,-0.1082810492146492,-0.459523189846695,-0.0755920879416007,0.1848379821394106,2.6102316588852923,-0.109492928045963,0.34072888097526915
28,2020,-0.1608656980538282,0.2672058450578142,-0.1252497745740415,-0.4692961348883373,-0.1200135603173543,0.2003243930264692,2.7614441523987727,-0.1329293924729606,0.36867132480490605
28,2021,-0.1363130611611583,0.30438349865234,-0.1016341258022565,-0.4828432015875507,-0.0950906220207269,0.2287808321883987,2.562288052505587,-0.1197405878772913,0.37042640785362685
28,2022,-0.1194658905376588,0.3087870598147215,-0.0898269582702489,-0.4888529004695327,-0.0783156604454197,0.2321408219438124,2.5371247536685244,-0.0992555243232947,0.3542391143147074
28,2023,-0.0731149426556772,0.4039965418608435,-0.0686738084780742,-0.4911095956180658,-0.0720689752720436,0.236796115180966,2.636108988602737,-0.0738669612571495,0.33641877719253976
28,2024,-0.0349332012031788,0.4629370185376447,-0.0358542225937888,-0.4835427062208803,-0.0511831891594268,0.2299501796051329,2.5903861846631457,-0.0516762778483233,0.3179033395796433
29,1990,0.514378665861927,2.4277050152297623,-0.0116066081458243,-0.2870793935776335,-0.1762736299867555,-0.4553262508939215,-0.0742538178313384,0.1785272064393617,0.023937197398373168
29,1991,0.5229480756474121,2.421696813411176,-0.0394659709165221,-0.31060947289681,-0.1812895063927939,-0.4510411551741861,-0.0742538178313384,0.1639410795244581,0.025657276422447146
29,1992,0.5001567874403436,2.2927083421411933,-0.0586855155881022,-0.3196010074668623,-0.1765639379459474,-0.4447877837266502,-0.0742538178313384,0.1470034014051338,0.028119341145655247
29,1993,0.5028306863267905,2.3142372116261143,-0.0547838035119168,-0.3137382250281952,-0.165241927537462,-0.446741739405355,-0.0742538178313384,0.1633344425262658,0.026899947707503095
29,1994,0.4818485158816594,2.240516267180592,-0.0518586142112525,-0.2968673471244505,-0.1582906647368107,-0.4426228088198336,-0.0742538178313384,0.1325785536067477,0.029377018179422017
29,1995,0.4854054366138559,2.207833112467381,-0.0351876626130056,-0.2900075319788419,-0.1509200682173266,-0.4431682083408464,-0.0740960055178478,0.1534733739304742,0.02831839520964505
29,1996,0.5342594889283452,2.248116593059052,-0.0199355154060989,-0.2647745400862128,-0.1186475000871568,-0.4430093367403293,-0.0742538178313384,0.1842437379991742,0.02713762004755644
29,1997,0.4999533627623688,2.152814933298439,-0.0131129930551484,-0.2609138961054528,-0.0984549687033623,-0.4441133538241684,-0.0739465574006487,0.1719965348234999,0.027303437001804345
29,1998,0.4182393908328465,1.970686811917006,-0.013945007975996,-0.266432307938686,-0.0895844477280532,-0.430332120116324,-0.0736392927738532,0.1249513061211592,0.03341375309475354
29,1999,0.3908940776467957,1.889536370679384,-0.0211047153211848,-0.2760164034260357,-0.0795688231359315,-0.4315823538761622,-0.0736364346711139,0.1077604666337709,0.03393233342611989
29,2000,0.3497100362959506,1.8180516707485763,-0.013257500909822,-0.2555137509966515,-0.0843266480226882,-0.4371892663295444,-0.0734983362219432,0.0811699554949504,0.03360904418839522
29,2001,0.3461562299157734,1.8083938013114536,-0.0118518335961794,-0.2484480323287057,-0.0908747053244618,-0.4294476850234635,-0.0721447290731418,0.0852480064612251,0.03586234743971043
29,2002,0.3271225530239398,1.7499524090886214,-0.0183415499787909,-0.253913971194646,-0.0918262703018132,-0.4351641057783477,-0.0649692426605123,0.0794719299983502,0.034357240148376204
29,2003,0.3585209125331889,1.8092242182573943,-0.0016793564323424,-0.2220383985503329,-0.0762947944850448,-0.4524394887062727,-0.0563144425932695,0.0946658808293009,0.02807415622919379
29,2004,0.3696636574786247,1.7937086468522303,0.0129290739673821,-0.2038893653754084,-0.058005393055953,-0.4325406718665775,-0.0232649933244776,0.096604302336841,0.03423799231058586
29,2005,0.3730042348848366,1.7598913719231646,0.0166994152665916,-0.1875533006484518,-0.0488123076815417,-0.4209375509854106,-0.0206515336242957,0.1045761769499659,0.0374051146521271
29,2006,0.408686465636609,1.8029094939588388,0.0413095408200844,-0.188503250699651,-0.0294584437354129,-0.4278756342102695,-0.0053439550951876,0.1364232335875305,0.033561655330408995
29,2007,0.4035977219941611,1.7611102195269486,0.056469728483108,-0.1877133258879918,-0.0133786084401708,-0.4097979740791796,0.021779978709844,0.1335789733360435,0.03906733608058827
29,2008,0.3893299501931641,1.7222746862976577,0.0678946070541156,-0.1845714795034498,-0.0079756547552098,-0.3797254980619117,0.0450749800201155,0.1434195938244184,0.047281872445781074
29,2009,0.3587229970895566,1.6205073135676693,0.0457936633408632,-0.1915418086831062,-0.005749960401405,-0.3281814924693815,0.0826624229446691,0.118130477685863,0.06478646945251532
29,2010,0.4092087443953269,1.7062111285945398,0.0769767067690523,-0.1602065889240466,0.0113782091909189,-0.2879957187711525,0.1582994205696885,0.1619598812212006,0.07209413775077697
29,2011,0.3948721367522485,1.7574758775602657,0.0899561395342753,-0.1646719889973007,0.0060236401658233,-0.2521089642138271,0.3566724219779233,0.165519098359388,0.08187602355279132
29,2012,0.3757159353356532,1.7309686017689077,0.0938534725845614,-0.1389866453096046,-0.0146366095966692,-0.1691182787222521,0.5691794539858506,0.1436525984020142,0.10878705246896497
29,2013,0.3621695233700896,1.7547397141408034,0.0991214407412967,-0.1394133626040627,-0.0379580156517545,-0.1679190931097365,0.7272598031799772,0.1441871573721559,0.10905047658115426
29,2014,0.3200512066870581,1.662778774221057,0.1071219210591314,-0.1513228955415125,-0.0388611959692405,-0.0942195557857895,0.9863970947102072,0.1200741473860411,0.13542486139852133
29,2015,0.3301205941412081,1.6430144205033277,0.1185905898891311,-0.1356128839776702,-0.011749658224705,-0.0489713002738975,1.378581427711039,0.1265194109481949,0.1476540068263501
29,2016,0.3641831519084635,1.6297377123051429,0.1397675591376527,-0.118867913845846,0.0242646569350497,-0.0539168278229836,1.6004640421249152,0.155504621535076,0.13996689011219687
29,2017,0.4037642269703128,1.651405357497372,0.1514265579493351,-0.0994635024623833,0.0736836679307528,-0.0381226559798589,1.8666202721470528,0.1870594580046161,0.1381180310565996
29,2018,0.3994301330858302,1.6088892328321438,0.1732054330657531,-0.097034263672108,0.0819354458757041,-0.089425702564748,1.623371167628517,0.2214826528847814,0.11834004397297967
29,2019,0.3458999871794308,1.4086590053614982,0.1758477372933292,-0.0834240684569953,0.091490061428629,0.015136999548347,2.065771364279253,0.1940232178011713,0.15125630888519961
29,2020,0.2997573391347755,1.2702248358395516,0.159379376949283,-0.0710801146401488,0.0758610098811322,0.0996547080705911,2.390949922808773,0.1723306991254494,0.1796227837462973
29,2021,0.388392050397055,1.4473867038732628,0.1991108657221771,-0.0353226390515125,0.098244205124989,0.0669715281772012,2.388690762326386,0.2152613489892494,0.16061203348387446
29,2022,0.3377414546147748,1.4116795784787686,0.1811263333459219,-0.1090400725549337,0.1109791766273014,0.2103764063257761,3.3538152847283107,0.1798473136919684,0.20840174761046504
29,2023,0.2550044094460918,1.0741418214140772,0.1564906123860483,-0.0958712270498775,0.0991633685084505,0.4419479121757258,3.926015264460722,0.1376382021492153,0.28988722062080097
29,2024,0.2366547448186887,0.9877878983812098,0.161171041954945,-0.0629872850796441,0.1110370540881828,0.5342071953875979,3.926015264460722,0.1266309180720867,0.3224182173691324
30,1990,-0.4336120455466379,-0.1468150233943591,-0.3848966709229594,-0.5644537223654847,-0.2076430177994393,0.682342122449149,-0.0696356938814916,-0.4124841947942935,2.0885135413008507
30,1991,-0.4283891358991779,-0.1436573198228991,-0.3791776630986068,-0.5644537223654847,-0.2067559657019084,0.6253539701464879,-0.0691132845846968,-0.4114631501776423,1.9737192584767795
30,1992,-0.4154293263682429,-0.1423081192060026,-0.3757664019231316,-0.5644537223654847,-0.1848860994427828,0.1502580432177988,-0.0669629183202054,-0.4038081071429532,1.097613771337954
30,1993,-0.4185265732257155,-0.1384471089299901,-0.374273154091505,-0.5644537223654847,-0.1961597251914029,0.53779495503042,-0.0630063098141124,-0.4054661607350762,1.7357898399257272
30,1994,-0.4165638490325931,-0.134801396624759,-0.3696532817678511,-0.5644537223654847,-0.1941598259169696,0.7577579245999209,-0.0386034508517217,-0.4026194137882429,2.041846846052148
30,1995,-0.4040099389431089,-0.1285434022740474,-0.3615082935953428,-0.5644537223654847,-0.1764671686262167,0.4549413864872543,-0.03534581697468,-0.3891107223956031,1.4129362975144235
30,1996,-0.4100997001371132,-0.1319020506182367,-0.3553820363623648,-0.5644537223654847,-0.1862408699190118,1.0641863742127409,-0.0291358620975557,-0.3903437007083654,2.297299921815149
30,1997,-0.4023624100627939,-0.1315288674688823,-0.3477231200646674,-0.5621399432724278,-0.1717899848392356,0.9171233442506688,-0.0165387452546404,-0.3829271668120318,1.9797251982722865
30,1998,-0.3883892511708035,-0.1384040493358339,-0.3390833019655498,-0.5457738219320605,-0.1456622685119616,0.731440524425814,0.0090279144297535,-0.3711960163097058,1.5979123741829384
30,1999,-0.367323279918011,-0.122644237874638,-0.3288845506463175,-0.5123449350288878,-0.141662469963095,0.1834512761107707,0.029128701715312,-0.3593945205889652,0.8460954062155004
30,2000,-0.369203835201927,-0.1223715271116483,-0.3192594517198803,-0.5115693646433347,-0.1476460395664398,0.5155541144401454,0.0505583052338576,-0.3583234701413507,1.225861491606469
30,2001,-0.3689374856532548,-0.1359352992708742,-0.3122442522293651,-0.5055229691981258,-0.1414528031036786,0.6648553827100593,0.0964903985262104,-0.356882545055686,1.3871749827429027
30,2002,-0.356344979153123,-0.1282993979071618,-0.305342907412229,-0.4923027864284166,-0.1335983599855413,0.2295339777669619,0.1446056804354059,-0.3492549115270782,0.8486420975514394
30,2003,-0.3713062476164123,-0.1329641872740914,-0.2979598697461811,-0.4945121227272124,-0.1516297098953514,0.8013800553227751,0.2015254365552052,-0.3544542891146557,1.522471686651055
30,2004,-0.367588693874711,-0.1321029953909659,-0.2905374208470405,-0.4773031277728797,-0.1517909920949024,0.43248410205837,0.3651872490174523,-0.3493799924274178,1.0727649665360202
30,2005,-0.3576237174431772,-0.1316006334591428,-0.2838375112212675,-0.4657872331566178,-0.1418237521626461,0.106112396415796,0.7957932506893106,-0.3448660352838498,0.6956589278154317
30,2006,-0.3732865941720238,-0.1315862802610907,-0.2771945289321841,-0.4685381685112155,-0.1729673448959584,0.6100760606953698,1.2746148947960387,-0.3543489085205421,1.3047929101864904
30,2007,-0.3812465403343963,-0.1421358808293775,-0.2722418506401912,-0.4637850139552747,-0.1709997020614354,0.6822521343238103,1.9042400224353104,-0.3541055325025466,1.384621968483709
30,2008,-0.3868570208633472,-0.1504607356995903,-0.274383194304899,-0.4550469532428374,-0.1821765584903248,0.6074445936443721,2.783791384118889,-0.3584426958708637,1.333364071428671
30,2009,-0.3860426897383247,-0.1429109535241904,-0.276196111027167,-0.4544678270507519,-0.1953694424136026,0.7798767458836056,3.3866081330536306,-0.3607527551191042,1.5547323436113756
30,2010,-0.4032927440044756,-0.1713733452614867,-0.2681387033726427,-0.4453057377355365,-0.2017562175158251,1.3129523674979704,3.815176538082232,-0.3666040547390284,2.2613618538070757
30,2011,-0.4052833217116046,-0.1565464916736768,-0.2747028631955405,-0.4444876367096679,-0.2176102577316957,1.1003906049514762,3.926015264460722,-0.3710567814632421,2.059205644992381
30,2012,-0.4089450272433312,-0.1401264331020848,-0.2834784310975333,-0.4603664741078926,-0.2366738137186326,0.9860062536260432,3.926015264460722,-0.3806268451314232,2.040710268892277
30,2013,-0.4133333688386714,-0.1462552486703276,-0.287143675775162,-0.465626815333014,-0.235980300260563,1.5252135382275869,3.926015264460722,-0.3800453177903038,2.750163397411295
30,2014,-0.4163979941263577,-0.1449491076475873,-0.2877304652456546,-0.4699088419286162,-0.2384963025735598,1.59947483285127,3.926015264460722,-0.3821502117347218,2.8902826363651903
30,2015,-0.4034398212687414,-0.1308255607643298,-0.284621356857224,-0.4547771885644235,-0.2369318652379143,1.1563784142027445,3.926015264460722,-0.3768177098358602,2.2109186272617345
30,2016,-0.4049933956154009,-0.1409015057968977,-0.2823866436022935,-0.4474223045096956,-0.2383027639340985,1.3955923881778804,3.926015264460722,-0.3779959199756976,2.5423084946331556
30,2017,-0.3914867841046618,-0.1316751839698253,-0.2810673919857456,-0.4188433380618697,-0.2364860651101352,0.8854301539242182,3.926015264460722,-0.3713553450361535,1.793039415102745
30,2018,-0.4027511836636381,-0.1446141327114476,-0.2756530899205369,-0.431667313916351,-0.2454380497244375,1.2508071705018855,3.926015264460722,-0.3764404860112808,2.3280442589972026
30,2019,-0.4179680428024187,-0.179581508631536,-0.2760319063139989,-0.4239736388081676,-0.2380039241465503,1.350791316032138,3.926015264460722,-0.3781681035253208,2.4863773975482433
30,2020,-0.4364360247378904,-0.1962152145561334,-0.2831750478042109,-0.4259163749882368,-0.2535616567054056,1.538813661401058,3.926015264460722,-0.3892405731913307,2.9525759268333034
30,2021,-0.4415074247530541,-0.2052401466613369,-0.2790708495704466,-0.4310105395040694,-0.2505700493141527,1.7229269942008314,3.926015264460722,-0.3895190435538562,3.2203765485566933
30,2022,-0.4398435919267875,-0.2098211994708305,-0.2731429140414174,-0.4357075068384616,-0.2457283254271896,1.5964673286932214,3.926015264460722,-0.3882322908583809,3.0124091463587255
30,2023,-0.4459283462607431,-0.2098558911505224,-0.269814762398483,-0.4619479915139927,-0.2506248691337801,2.103483946286966,3.926015264460722,-0.3929501642997607,3.8576154936927822
30,2024,-0.4516359697093057,-0.2098304724569549,-0.2655670097752294,-0.4875012058476861,-0.253045062494117,2.498138636783729,3.926015264460722,-0.3945768211822161,4.487513612823828
31,1990,-0.5211704857355233,-0.2099547416255071,-0.4707912639357285,-0.4392411216573299,-0.3746991200944417,-0.5415295799690442,-0.0742538178313384,-0.4914867853706959,0.0
31,1991,-0.5152293627423734,-0.2099547416255071,-0.4716407949601729,-0.4162991410332393,-0.3743926839152947,-0.5415295799690442,-0.0742538178313384,-0.4850448717901986,0.0
31,1992,-0.5118080208253675,-0.2099547416255071,-0.4696614752537354,-0.402719864861859,-0.3628932630873031,-0.5415295799690442,-0.0742538178313384,-0.4775773796642972,0.0
31,1993,-0.5117301996774183,-0.2099547416255071,-0.4683127352767824,-0.3989265971751224,-0.3632158274864052,-0.5415295799690442,-0.0742538178313384,-0.4766057789814881,0.0
31,1994,-0.510703782637708,-0.2099547416255071,-0.4673537286048581,-0.395366939638574,-0.3622320060691437,-0.5415295799690442,-0.0742538178313384,-0.4765091006853295,0.0
31,1995,-0.5093840531495645,-0.2099547416255071,-0.4673143173717653,-0.3917218893578316,-0.3598934141756531,-0.5415295799690442,-0.0742538178313384,-0.473309597734372,0.0
31,1996,-0.5065936028494599,-0.2099547416255071,-0.4643584748898066,-0.383514426744433,-0.3573290272027911,-0.5415295799690442,-0.0742538178313384,-0.4715985154992544,0.0
31,1997,-0.5011605675026847,-0.2099547416255071,-0.463127968612132,-0.3647646199120998,-0.3536195366131163,-0.5415295799690442,-0.0742538178313384,-0.4593475762039541,0.0
31,1998,-0.4844561774545175,-0.2099547416255071,-0.4565112604784438,-0.3031231327241584,-0.340958883948357,-0.5415295799690442,-0.0742538178313384,-0.4406784630953239,0.0
31,1999,-0.4756700004621695,-0.2099547416255071,-0.4547946823259582,-0.2657170285951677,-0.3438780917602315,-0.5415295799690442,-0.0742538178313384,-0.4412719447724816,0.0
31,2000,-0.469819683045886,-0.2099547416255071,-0.4525482420396696,-0.2374664323297541,-0.3409266275084468,-0.5415295799690442,-0.0742538178313384,-0.4324740969811995,0.0
31,2001,-0.4670766694268373,-0.2099547416255071,-0.4492376984598759,-0.2326026304049287,-0.3255564338912294,-0.5415295799690442,-0.0742538178313384,-0.4165244989474339,0.0
31,2002,-0.4608166781844059,-0.2099547416255071,-0.4452133736585129,-0.2251409757844828,-0.3065735190040681,-0.5415295799690442,-0.0742538178313384,-0.4178778928524685,0.0
31,2003,-0.4667228113380335,-0.2099547416255071,-0.4452484058657066,-0.2481908763017124,-0.3119442162491189,-0.5415295799690442,-0.0742538178313384,-0.415378411487399,0.0
31,2004,-0.4533456509446816,-0.2099547416255071,-0.441035782950678,-0.2000556113630951,-0.3355559302633961,-0.5415295799690442,-0.0742538178313384,-0.4084918064929353,0.0
31,2005,-0.4466595345248539,-0.2099547416255071,-0.436678652180976,-0.1797024069997634,-0.3297497710795574,-0.5415295799690442,-0.0742538178313384,-0.4069295936126377,0.0
31,2006,-0.4327080146980037,-0.2099547416255071,-0.426484279887643,-0.1246606061265654,-0.329394950240545,-0.5415295799690442,-0.0742538178313384,-0.3762971262168084,0.0
31,2007,-0.4179925655958108,-0.2099547416255071,-0.4174109382245047,-0.0807764101097415,-0.3148472958410382,-0.5415295799690442,-0.0742538178313384,-0.3718811996449386,0.0
31,2008,-0.4076239622470838,-0.2099547416255071,-0.4100016264030616,-0.0362678804462593,-0.2971707667702405,-0.5415295799690442,-0.0742538178313384,-0.364289802137444,0.0
31,2009,-0.3961260483211807,-0.2099547416255071,-0.3972411449327986,0.0109543031607422,-0.2912194536068058,-0.5415295799690442,-0.0742538178313384,-0.3520443632976785,0.0
31,2010,-0.3749146011196825,-0.2099547416255071,-0.3819714816222951,0.0863042504747416,-0.2875260912370862,-0.5415295799690442,-0.0742538178313384,-0.3237321018094478,0.0
31,2011,-0.355493821682282,-0.2099547416255071,-0.3682169612729141,0.2498612447009627,-0.2823005479716314,-0.5415295799690442,-0.0742538178313384,-0.2908756502378607,0.0
31,2012,-0.3345794652123138,-0.2099547416255071,-0.3575978234673589,0.4586410154612394,-0.2590275265764115,-0.5415295799690442,-0.0742538178313384,-0.2374450993208085,0.0
31,2013,-0.3298690802144869,-0.2099547416255071,-0.3581145485234643,0.5585151491743136,-0.2581404744788806,-0.5415295799690442,-0.0742538178313384,-0.2310697941387279,0.0
31,2014,-0.3117329181898726,-0.2099547416255071,-0.3418333302302461,0.6599861272038171,-0.2467378229706196,-0.5415295799690442,-0.0742538178313384,-0.2278650869423946,0.0
31,2015,-0.3022301453443405,-0.2099547416255071,-0.3304741370477264,0.7038694584451649,-0.2479796959071629,-0.5415295799690442,-0.0742538178313384,-0.2245808878831217,0.0
31,2016,-0.2960727087152013,-0.2099547416255071,-0.3271635934679327,0.6710951132752966,-0.2421896649432794,-0.5415295799690442,-0.0742538178313384,-0.23454236263435,0.0
31,2017,-0.2898370051229519,-0.2099547416255071,-0.3144819344638553,0.6267045845104298,-0.2377721777540154,-0.5415295799690442,-0.0742538178313384,-0.2011173447348691,0.0
31,2018,-0.2937004750241568,-0.2099547416255071,-0.3064332848611293,0.6894109450324128,-0.2456310561326403,-0.5415295799690442,-0.0742538178313384,-0.2014173434228009,0.0
31,2019,-0.2832707174364731,-0.2099547416255071,-0.2985847523629709,0.7307085132255756,-0.2438695158209236,-0.5415295799690442,-0.0742538178313384,-0.2024897569106722,0.0
31,2020,-0.291612567611249,-0.2099547416255071,-0.3010846156360977,0.7099534987253723,-0.2512596274865534,-0.5415295799690442,-0.0742538178313384,-0.2028319415481814,0.0
31,2021,-0.2863120043132321,-0.2099547416255071,-0.2909486507902082,0.7447450864505084,-0.2468934441649665,-0.5415295799690442,-0.0742538178313384,-0.1914512387707118,0.0
31,2022,-0.2705119990601516,-0.2099547416255071,-0.2787078064282736,0.7164223028522654,-0.2340165604552691,-0.5415295799690442,-0.0742538178313384,-0.1816506274824202,0.0
31,2023,-0.2566613911533341,-0.2099547416255071,-0.2594678139891573,0.772795954707623,-0.2232758029803119,-0.5415295799690442,-0.0742538178313384,-0.1633957235267888,0.0
31,2024,-0.2488572050398945,-0.2099547416255071,-0.2469284364650319,0.7491075453438981,-0.1967741567341339,-0.5415295799690442,-0.0742538178313384,-0.1574338692961958,0.0
32,1990,-0.0346636898858898,0.4639709665143182,-0.2375336913631477,0.2622371033933011,-0.1093899018329251,0.0775333632146496,-0.0742538178313384,-0.1032762209368743,0.2861367130024174
32,1991,-0.1230530032583965,0.3593074463184711,-0.2747860646876253,0.1177452590118658,-0.1528715828318946,0.3544690396699905,-0.0742538178313384,-0.178369382965915,0.5032539440133745
32,1992,-0.1826937955291322,0.4194836541915508,-0.2851161867838334,0.0493044266016835,-0.1926921579010548,0.2142941662468868,-0.0742538178313384,-0.212496480471938,0.4705369339429817
32,1993,-0.1985383010700351,0.4354411667505179,-0.3028424836237869,0.0138921630627356,-0.2049657332868915,0.2631883253367977,-0.0742538178313384,-0.215103181753144,0.5051582281349585
32,1994,-0.2070289317734963,0.4193615726467468,-0.3104576096624923,-0.008522141220709,-0.2069011196815044,0.2856206542249234,-0.0742538178313384,-0.232678156463867,0.5502092726578319
32,1995,-0.1897370359237321,0.4360951394277175,-0.3010032927461238,-0.0090478321037622,-0.205046374386667,0.4445935906710017,-0.0742538178313384,-0.2088696012641876,0.6069181497948473
32,1996,-0.1811152080985507,0.4407505635929397,-0.287695433038461,-0.0040175123714478,-0.1774832464833885,0.3591537588997401,-0.0742538178313384,-0.2004669652315857,0.5400839431251411
32,1997,-0.2115701955538375,0.3326108405749183,-0.2851030497061358,-0.0807689751290592,-0.1721770621181582,0.5359569086799848,-0.0742538178313384,-0.2206481462541392,0.6886163490404436
32,1998,-0.2542595552760822,0.2401897387541785,-0.2969702098929623,-0.1307666443084984,-0.1989337790236813,0.7022559087965317,-0.0742538178313384,-0.2467289416481181,0.8687757621473512
32,1999,-0.2932537386524571,0.1913032631187468,-0.3190098472436261,-0.1673591761397352,-0.2303354232762754,0.7229589462524827,-0.0742538178313384,-0.2795327118587955,1.0001534808849473
32,2000,-0.2856058920893626,0.2494439997997403,-0.3089205715718738,-0.1676458362655368,-0.2272388050448948,0.4584372925726404,-0.0742538178313384,-0.278777466068194,0.788525619108069
32,2001,-0.2738220434975928,0.2841230031256614,-0.304545924698575,-0.1805791852067318,-0.2039496554297197,0.4308873687654592,-0.0742538178313384,-0.2754045533139921,0.7565353734295843
32,2002,-0.2708502934094391,0.2897163906025966,-0.307974701977647,-0.1683411843806253,-0.2130943561442656,0.4874061771409856,-0.0742538178313384,-0.265897460728482,0.7713977308785052
32,2003,-0.2519433282673046,0.3348146517956051,-0.2950872287563073,-0.1372826232928687,-0.2208359017227172,0.3021674443584425,-0.0742538178313384,-0.2549629229284766,0.6071313933222706
32,2004,-0.2573522718209538,0.309665512595445,-0.2908001624009924,-0.1627430642695875,-0.2136427156227393,0.4784062752580656,-0.0742538178313384,-0.2607974207122817,0.7500199118667658
32,2005,-0.2691371104977518,0.3130896248796561,-0.286057677352161,-0.1622570944150494,-0.2159651792962748,0.645431408753941,-0.0741700035118662,-0.2632473310329446,0.8809404344904203
32,2006,-0.2570723078161276,0.384640725560786,-0.2817749900227452,-0.1482148753579946,-0.2217229538202481,0.4801864417401526,-0.0740592818117359,-0.2539633088646159,0.7325469787376123
32,2007,-0.2655673660699355,0.3700081040185562,-0.282541319555105,-0.1955267631380891,-0.2211262096819091,0.3638423735139527,-0.0733560473790759,-0.2554889636744045,0.6527738584332791
32,2008,-0.2687418906138243,0.3710787557283149,-0.2800452747925621,-0.1933912699705222,-0.2244486229926612,0.3835734940098789,-0.0725699681901665,-0.256503035627833,0.6694973507121564
32,2009,-0.3102375780459908,0.2945888763015932,-0.3029432012194685,-0.2572060312929525,-0.2433831532199573,0.4102523710097839,-0.0708151085823914,-0.2889655232323342,0.7826059626876152
32,2010,-0.3176989826980365,0.2644193614581591,-0.2884617625708207,-0.2497712473758293,-0.2511085705784538,0.6405079213607572,0.0359663942216434,-0.2880428180472338,0.9681867862421202
32,2011,-0.2942417660786685,0.3566521046788343,-0.2828653674716456,-0.2425094622444871,-0.2433670250000022,0.3855038210906837,0.4153728988489256,-0.2828414136851467,0.7431641107820944
32,2012,-0.3039996905969236,0.3033299739153168,-0.2845688085464336,-0.2508405596450008,-0.240931663786781,0.3564079790563998,0.9095069892436554,-0.2886476090267735,0.7373488665549174
32,2013,-0.3331755656546326,0.1816722672257938,-0.2929283689880027,-0.273076438158541,-0.2513827503176906,0.6730188650527043,1.7661799521967718,-0.3093825491376173,1.0922136428035323
32,2014,-0.3357709199712759,0.1813708500666999,-0.2891799228182891,-0.2871345665148406,-0.2484957989457263,0.9247413246339592,2.536821214797054,-0.3116956602211725,1.3327248856621066
32,2015,-0.3322615105228227,0.1978339682324482,-0.2848446871780831,-0.3024549652894936,-0.245592719353807,0.8570173520232583,2.918729575307565,-0.3100643730074546,1.2616255403367795
32,2016,-0.3371103368809208,0.1529658711216119,-0.2833383022687589,-0.3031887246251568,-0.2390285338320783,0.9309306784477488,2.759493926966208,-0.3104138822639684,1.3304426517270906
32,2017,-0.3279964895477241,0.1785100998097396,-0.2758120310445742,-0.2911140171224832,-0.2322583748133029,0.7955380825206572,3.085932992713132,-0.2998926637954967,1.1522254818663218
32,2018,-0.3262111738952508,0.1656522056412617,-0.2717968189961075,-0.2916375244390758,-0.2299210570491888,0.8904243630755319,2.662337866569393,-0.2982168101760879,1.2249687988370963
32,2019,-0.3309179381549898,0.128179628957162,-0.2724910916572958,-0.309790801580231,-0.2237288205360648,0.924883020403635,3.071680711209435,-0.3008279904954761,1.268907169579218
32,2020,-0.3476250705184903,0.0373569317610645,-0.279306809001999,-0.3012379504534472,-0.2273690726774722,1.0132391947182229,3.3294603564026453,-0.3067588522741399,1.3815354282576238
32,2021,-0.331466752610593,0.0732723380612226,-0.2724732033364976,-0.2853605881055898,-0.2206046391767809,1.0234735538314126,2.9795926795414016,-0.2931412095328914,1.3097723569607018
32,2022,-0.3421346765960734,0.0760570550569857,-0.2909347211088229,-0.3325615331379885,-0.2151201895963867,0.9531468756862406,3.4453860988537834,-0.311172256372921,1.3552539613813268
32,2023,-0.3557601628952275,0.0114350196591646,-0.2988509796215384,-0.3424201139708708,-0.209095976878755,1.1955291476612393,3.623987385576038,-0.318217119634357,1.6280845230613818
32,2024,-0.3619586335667323,-0.0571946463193755,-0.2920315522011515,-0.3342077023057963,-0.201537288797382,1.1422195678797162,3.926015264460722,-0.319132705492425,1.5850588621212836
33,1990,3.66857840692225,3.822677641028645,3.527583429948603,3.621502293173357,3.0631599890963392,-0.0064041546379827,-0.0736862154644116,3.73726390722949,0.024595296355796187
33,1991,3.66857840692225,3.822677641028645,3.4448285985055587,3.621502293173357,3.182186252365032,0.0060161421687468,-0.0736582449693092,3.73726390722949,0.025166154824349564
33,1992,3.66857840692225,3.822677641028645,3.181263787684628,3.621502293173357,2.7840450145532505,0.0531999786505067,-0.0736229795200452,3.73726390722949,0.027334806109708232
33,1993,3.66857840692225,3.822677641028645,2.9327409308274435,3.621502293173357,2.414644264701471,0.0943361078201254,-0.0736117099660061,3.73726390722949,0.02922549423619961
33,1994,3.66857840692225,3.504078786333541,2.605356196551601,3.621502293173357,1.7927723596724403,0.1597830960224303,-0.0734774372598188,3.73726390722949,0.03223355177604484
33,1995,3.66857840692225,3.5661563679088344,2.5623541622214767,3.621502293173357,1.671391376290302,0.1743568331643482,-0.0734886026073131,3.73726390722949,0.03290338611216368
33,1996,3.66857840692225,3.576734674873225,2.4923685703004934,3.621502293173357,1.5492201101303635,0.0943260899953846,-0.0735287890753617,3.73726390722949,0.029225033799530602
33,1997,3.66857840692225,3.143770455631904,2.435090911538984,3.621502293173357,1.4692080109330758,0.1176466438370558,-0.0734911461018955,3.639033215442829,0.031011196601353062
33,1998,3.66857840692225,3.014132370825417,2.3553532289404866,3.621502293173357,1.4300970775419404,0.1313237646731048,-0.0734581950440681,3.538583489687891,0.03243667725784857
33,1999,3.66857840692225,3.099419073650942,2.440551556835284,3.621502293173357,1.4890941061377232,0.1240246246973358,-0.0734761228025011,3.65472216433758,0.031193787570408457
33,2000,3.66857840692225,3.119700142498546,2.54431695454268,3.621502293173357,1.533398326354403,0.1161119790058165,-0.0727543162478346,3.725756236083847,0.0303081350115241
33,2001,3.66857840692225,3.03948011858541,2.575933521534889,3.621502293173357,1.5488007764115308,0.1472780969945837,-0.0719402290154109,3.73726390722949,0.031658800245917953
33,2002,3.66857840692225,2.946571867594226,2.572526639385313,3.621502293173357,1.5008354502650414,0.1018780022838679,-0.0702665734945059,3.73726390722949,0.029572132838364934
33,2003,3.66857840692225,2.9839619485199225,2.66847985488854,3.621502293173357,1.5192216210138638,0.0604336212069773,-0.0662814447256167,3.73726390722949,0.027667276917459942
33,2004,3.66857840692225,2.8769732102396364,2.746557886671241,3.621502293173357,1.506786763428476,0.1257730696459201,-0.0646020850544557,3.73726390722949,0.03067039174252333
33,2005,3.66857840692225,2.8540655061485,2.8376722785558544,3.621502293173357,1.5086898933831787,0.0993001544130921,-0.0646558697203877,3.73726390722949,0.02945365046144804
33,2006,3.66857840692225,2.9400124560844207,3.0038694485081163,3.621502293173357,1.5662998950628224,0.0743806280906814,-0.0639440050044108,3.73726390722949,0.028308305639593283
33,2007,3.66857840692225,2.8070444293298498,3.104083456211263,3.621502293173357,1.598072488374384,0.0752212971170287,-0.0636238724272632,3.73726390722949,0.028346944251891246
33,2008,3.66857840692225,3.055372421009237,3.2033647313978806,3.621502293173357,1.6615531621176869,0.0191833124850949,-0.0643436567543888,3.73726390722949,0.025771340899927022
33,2009,3.66857840692225,2.710002457299664,3.048202706711597,3.621502293173357,1.567799819518647,0.0796502771806431,-0.0639043654692168,3.73726390722949,0.02855050788774562
33,2010,3.66857840692225,2.838520992658085,3.235292209228933,3.621502293173357,1.6631659841131974,0.0262902890350814,-0.0634970372463934,3.73726390722949,0.026097989917458698
33,2011,3.66857840692225,2.961269542399567,3.25971841569466,3.621502293173357,1.6577952868681465,0.0147276554726516,-0.0632933437895622,3.73726390722949,0.025566551145052217
33,2012,3.66857840692225,3.116729030501764,3.340730394829824,3.621502293173357,1.879542183030918,0.005375883086609,-0.0643787547694904,3.73726390722949,0.025136727402058932
33,2013,3.66857840692225,2.7648984714395515,3.3275976961581284,3.621502293173357,1.869639455978482,0.061769108865186,-0.0649537292236966,3.73726390722949,0.027728658255700093
33,2014,3.66857840692225,2.648140173695152,3.3511873860643826,3.621502293173357,1.7706928265538984,0.0416383522569713,-0.0595977346094575,3.73726390722949,0.026803413628537907
33,2015,3.66857840692225,2.975350029688668,3.349828250279945,3.621502293173357,1.755645197335783,0.0169386556078526,-0.0549378487076756,3.73726390722949,0.025668172561254466
33,2016,3.66857840692225,2.8772746273987297,3.4447250389220683,3.621502293173357,1.6496666640107724,0.0588112895543426,-0.0530201827897317,3.73726390722949,0.02759271172975791
33,2017,3.66857840692225,2.8653342737051863,3.472709256479205,3.621502293173357,1.759363235882034,0.058968262516866,-0.0515499854641093,3.73726390722949,0.027599926480450652
33,2018,3.66857840692225,3.2214110089103056,3.565977481010389,3.621502293173357,1.7404255929082866,0.0669446113800595,-0.0471415168650279,3.73726390722949,0.02796653336332506
33,2019,3.66857840692225,3.163658556942259,3.588123371045471,3.621502293173357,1.823574388963544,0.0761509929013007,-0.0342940581216712,3.73726390722949,0.028389674689004673
33,2020,3.66857840692225,3.014761992451102,3.506474725334824,3.621502293173357,1.790981546641505,0.1566885950957599,-7.455902850429897e-05,3.73726390722949,0.032091323125037166
33,2021,3.66857840692225,3.1569974592020724,3.716784138579652,3.621502293173357,1.9336889236549408,0.1277951726104141,0.0386170347504116,3.73726390722949,0.030763331115835475
33,2022,3.66857840692225,3.1435515698584484,3.716784138579652,3.621502293173357,1.9988285461028263,0.0888206287194117,0.0887124806353421,3.73726390722949,0.02897199321269221
33,2023,3.66857840692225,3.133240241561805,3.716784138579652,3.621502293173357,2.055228984835199,0.0933887582650322,0.1013039288177754,3.73726390722949,0.029181952401038935
33,2024,3.66857840692225,3.0730627318644337,3.716784138579652,3.621502293173357,1.9403109735407,0.1101728210902834,0.120505846996412,3.73726390722949,0.029953377154377774
34,1990,-0.0119909619682676,-0.2099547416255071,-0.2052734075637559,0.2333486797099182,0.2047394382327014,-0.5415295799690442,-0.0742538178313384,-0.0920459511910549,0.0
34,1991,0.0515856763621135,-0.2099547416255071,-0.1871748935223705,0.2726199793347517,0.3510707778853908,-0.5415295799690442,-0.0742538178313384,0.0029479363123056,0.0
34,1992,0.0947239929442197,-0.2099547416255071,-0.1666679152364261,0.3459264053011073,0.3963265630794221,-0.5415295799690442,-0.0742538178313384,0.0818207854188113,0.0
34,1993,0.1542519966502203,-0.2099547416255071,-0.1330807865895774,0.388529815197139,0.418535121957605,-0.5415295799690442,-0.0742538178313384,0.1331024287171672,0.0
34,1994,0.208624969876125,-0.2099547416255071,-0.0966648072118466,0.4535059654854991,0.4658230628659799,-0.5415295799690442,-0.0742538178313384,0.1360641835955502,0.0
34,1995,0.1974989756787287,-0.2099547416255071,-0.0846837923516408,0.4573140915097257,0.4436467604277073,-0.5415295799690442,-0.0742538178313384,0.1485564234312122,0.0
34,1996,0.1332792853695653,-0.2099547416255071,-0.0588869507794653,0.4949193359989603,0.3326523506966581,-0.5415295799690442,-0.0742538178313384,0.1434228963085468,0.0
34,1997,0.1323142901101611,-0.2099547416255071,-0.064785498665685,0.5265743835753408,0.3644572004481299,-0.5415295799690442,-0.0742538178313384,0.0844114404251396,0.0
34,1998,0.1508121750232087,-0.2099547416255071,-0.02730103696855,0.5475190767085855,0.4045358270365717,-0.5415295799690442,-0.0742538178313384,0.1182079349357609,0.0
34,1999,0.1705012832159448,-0.2099547416255071,-0.0054015284466607,0.5351426671298497,0.4416952458131392,-0.5415295799690442,-0.0742538178313384,0.1338941219823916,0.0
34,2000,0.250999801860782,-0.2099547416255071,0.010139634469593,0.621063510551455,0.4732097876054191,-0.5415127427766714,-0.0741479506750247,0.2449694625669107,4.273177040524146e-06
34,2001,0.28120137258819,-0.2099547416255071,0.0485962399163499,0.713410566638942,0.5564152743538181,-0.5415136853095238,-0.0741538770355849,0.2965329687361315,3.7814968496945497e-06
34,2002,0.3170890057198532,-0.2099547416255071,0.0734910021532906,0.7998074258135759,0.6425399689140916,-0.5415145894001886,-0.0741595616833343,0.3608357739605963,3.308203173671745e-06
34,2003,0.3593612440118212,-0.2099547416255071,0.1329012465277102,0.8650215839784505,0.7030530501856546,-0.5415156930151918,-0.0741665008795772,0.3747914875378256,3.0172422267706595e-06
34,2004,0.4354275455078641,-0.2099547416255071,0.1424913132469538,0.9987818397939096,0.7174394223856103,-0.5415162901845056,-0.074170255699009,0.4892560800915689,2.5623759073222755e-06
34,2005,0.4847005578650584,-0.2099547416255071,0.181460264723917,1.1311143655233338,0.7811458912082845,-0.5415175162806781,-0.0741779650196766,0.5098798237423599,2.279726157416575e-06
34,2006,0.5403376503996699,-0.2099547416255071,0.2246681132713039,1.183976133868519,0.8220631852343918,-0.5415178693455404,-0.0741801849843908,0.5855935575940415,2.0624542483377398e-06
34,2007,0.5721205976284593,-0.2099547416255071,0.2536966759570876,1.2068010044434294,0.870302691120118,-0.5415184287075676,-0.074183702083077,0.531734045322787,2.0638166146774133e-06
34,2008,0.6675879362998154,-0.2099547416255071,0.3032584910842108,1.35008148992671,0.964878572936868,-0.5415191749442649,-0.0741883941929814,0.6426136893636918,1.7432035330742364e-06
34,2009,0.7219625570999412,-0.2099547416255071,0.357444557560887,1.302717794411279,0.9201066343414898,-0.5415197923936766,-0.0741922765275139,0.7170581313702379,1.541663337799668e-06
34,2010,0.8435929660135552,-0.2099547416255071,0.439730833232717,1.521923408550226,0.978732713878305,-0.5414701562118951,-0.0738801792788081,0.8475488769976978,8.471620093306044e-06
34,2011,0.9132866587685494,-0.2099547416255071,0.4721312458608832,1.6314066657778274,1.0501162153996104,-0.5414543571460086,-0.0737808395468156,0.8155305876953651,1.0979672511017594e-05
34,2012,1.0082922926857123,-0.2099547416255071,0.5658949484145114,1.7996785577458572,1.1678683492918494,-0.5412003681711716,-0.0721838339472067,0.9727778591225248,4.3015415411335126e-05
34,2013,1.0310689975452163,-0.2099547416255071,0.6375533282289874,1.8163392920862989,1.213140262705836,-0.5410078819376901,-0.0709735389219421,0.9143919699579852,7.0926530311961e-05
34,2014,1.1527830121085003,-0.2099547416255071,0.7329416493912179,1.872270917386298,1.3858951102397756,-0.541016279638261,-0.0710263411148099,1.0288611463243835,6.465170528868596e-05
34,2015,1.231219596266296,-0.2099547416255071,0.8297794281260827,1.9215385478247264,1.654896561895615,-0.5410552930590437,-0.0712716456658822,1.182412832428026,5.4372852797010554e-05
34,2016,1.195413467109051,-0.2079949559634746,0.8512366550321532,2.07410159667029,1.825257809854932,-0.5410646001850716,-0.0713301660500543,1.2673351360608842,5.078349735538935e-05
34,2017,1.0945217204764617,-0.20699898755064,0.9578587978654092,2.198817662968883,1.6220793102310391,-0.5408876075583244,-0.0702172901223256,1.2166054999327602,7.215356552853169e-05
34,2018,1.0258903282847345,-0.2073556645222345,0.8790171077561474,2.300303889702707,1.5510340510287146,-0.5394045510165796,-0.060892280628422,1.2434666340720402,0.00023521665729819746
34,2019,1.1546349398188354,-0.2071908898085965,0.8309967141245678,2.32734194312424,1.6899923426724868,-0.5370269869792377,-0.0459428794447732,1.3214030368884258,0.00047737597763680353
34,2020,1.1022407625847668,-0.2076216292821398,0.8269595981885532,2.348762442188341,1.5763745489399796,-0.5326531263099319,-0.0184413708250798,1.2278303691666943,0.0009912759325099846
34,2021,1.1954488384894055,-0.2071057753441476,0.8885234037099393,2.4344455217127017,1.715985259337376,-0.5289840808935227,0.004628473363954,1.3250048762789408,0.0013275183048340315
34,2022,1.2812789197202017,-0.2071870862111127,0.9784079461707628,2.582656104753369,1.7283149931850963,-0.5213770754764788,0.0524590150442165,1.3976655970787404,0.002051972347689864
34,2023,1.409370302887503,-0.2071870862111127,1.0574564235103805,2.598959301559579,1.7868913587177817,-0.522406570254683,0.0459858642839744,1.4702038089139404,0.0018764390102074123
34,2024,1.3982549969156388,-0.2071870862111127,1.100887255563656,2.6466832049377587,1.8198181436666137,-0.522928647164987,0.042703203098713,1.4496637465550497,0.0018441733382161501
35,1990,-0.4582453516487291,-0.2094667328917361,-0.4282139951178262,-0.5644537223654847,-0.19722418770844,-0.5225417048667937,-0.0742538178313384,-0.4161918188150432,0.03348325305389875
35,1991,-0.4541285232124209,-0.2096676776644653,-0.424539992388399,-0.5644537223654847,-0.1919502597831198,-0.4900281426646397,-0.0742538178313384,-0.414500015094086,0.08945617010028824
35,1992,-0.4516166400993212,-0.2095528520800486,-0.4208134413481815,-0.5530958774394966,-0.1954178270734679,-0.4928053392496005,-0.0742538178313384,-0.4074495820700873,0.07965551638864576
35,1993,-0.4368339353629308,-0.2095097924858923,-0.4143937893799573,-0.5306461249908676,-0.1781445035015479,-0.4964515631490252,-0.0742538178313384,-0.4001593851976521,0.06947048128106287
35,1994,-0.4364715857960234,-0.2094236732975798,-0.407400485018938,-0.5241782345663374,-0.1795637868575974,-0.5001884426629308,-0.0742538178313384,-0.3767202539823913,0.05379723347468156
35,1995,-0.4371819670895874,-0.2096963840605695,-0.4015763805730046,-0.5225100263136884,-0.1756607576284614,-0.5027768323179039,-0.0742538178313384,-0.4175469533436778,0.06918007523419295
35,1996,-0.4334086225801105,-0.2099403884274551,-0.3844631473589388,-0.5270443810303951,-0.1629517203038367,-0.5050912921806052,-0.0742538178313384,-0.4006613550800211,0.05637816058613363
35,1997,-0.4337953983188757,-0.2099547416255071,-0.3712384891433608,-0.5275732060962257,-0.137453004554812,-0.5088898459327986,-0.0742538178313384,-0.3688950339680379,0.04037647537190432
35,1998,-0.4298037605858306,-0.2099547416255071,-0.3755649667317684,-0.5240672239988851,-0.1442752415958224,-0.5120771178733512,-0.0742538178313384,-0.3953824710461453,0.043746625403992455
35,1999,-0.4300449500862389,-0.2099547416255071,-0.3706079094138763,-0.5315592174055718,-0.1425817785005361,-0.5132811462818371,-0.0742538178313384,-0.3952692099491057,0.04192226493653857
35,2000,-0.4198766227591322,-0.2099547416255071,-0.3622045587133152,-0.5308675361775995,-0.1324371281487736,-0.5145354427531528,-0.0742538178313384,-0.3998695758484266,0.04150653604744096
35,2001,-0.420769699803708,-0.2099547416255071,-0.360163932644289,-0.5137731286862862,-0.135356335960648,-0.4916571697054214,-0.0742538178313384,-0.3929083240311297,0.07271369483825707
35,2002,-0.4166278555613982,-0.2099547416255071,-0.3536435630803831,-0.4821887924015799,-0.1222763495770559,-0.4939231818842007,-0.0742538178313384,-0.386369292692394,0.06619036283940527
35,2003,-0.4280460054339512,-0.2097767619696612,-0.3497068187970041,-0.4371996251229181,-0.1454962099515364,-0.4926494751763063,-0.0742538178313384,-0.3720588373007802,0.06169831129651226
35,2004,-0.4239933792110122,-0.2098269981628435,-0.3445176731064545,-0.4144278200390429,-0.122820938797476,-0.4961299247049095,-0.0742538178313384,-0.3642790863925109,0.05457118221356073
35,2005,-0.4306447096022938,-0.2099116820313509,-0.3321942184209314,-0.4221828169983657,-0.1260082056508959,-0.4978877421569337,-0.0742538178313384,-0.3716122568479988,0.054928407751074014
35,2006,-0.4264258508781005,-0.2098542692391425,-0.3289441053985466,-0.4110434372094346,-0.1219687792630105,-0.4993774335558146,-0.0742538178313384,-0.3685928808131653,0.05204441247292951
35,2007,-0.4361315575132761,-0.2097767619696612,-0.3229041149757828,-0.4025026623175196,-0.1488588817070638,-0.5002238957228224,-0.0742538178313384,-0.397523510107894,0.06236440418297741
35,2008,-0.4360813187267313,-0.2098628811579738,-0.3214533436953785,-0.3967977560623635,-0.2002288750860765,-0.4975749009038088,-0.0737273917671385,-0.382968049830868,0.05967343223838429
35,2009,-0.4312787949136857,-0.2098017584651796,-0.3197678566267772,-0.3962414223339389,-0.1941243438330683,-0.4968791058956866,-0.0726795264393361,-0.3863872507955211,0.06208845282852059
35,2010,-0.4193088709877097,-0.2096611272954703,-0.3047526147210171,-0.38299395796857,-0.1598841328683755,-0.4960071687888273,-0.0718363253692759,-0.3802259515586523,0.060649909186542186
35,2011,-0.4117953494095016,-0.209768699749609,-0.301444260654173,-0.3770369601335895,-0.139259365189784,-0.4951959443889406,-0.0704393256498029,-0.3955621951362672,0.0689145953220941
35,2012,-0.4149240781288855,-0.209375290102266,-0.2962183311460701,-0.3633359383069153,-0.1560327139430957,-0.4941187900191606,-0.0681795849437739,-0.3586905201084224,0.05510022385435812
35,2013,-0.418171815084027,-0.2037906120659645,-0.29294238187088,-0.3367029783046692,-0.171273881800672,-0.4875755603736404,-0.066481323836206,-0.3442785523748533,0.05776825354672205
35,2014,-0.4231675646035252,-0.2008810561703653,-0.2865748403108562,-0.323509860321498,-0.1821120456105043,-0.4833440628497309,-0.0573614615142241,-0.3473450994628584,0.06336023708700673
35,2015,-0.4257465789283667,-0.2004795929723017,-0.2817101804394371,-0.3215838269762001,-0.1882891538533103,-0.4775609520710922,-0.0441857169386633,-0.3254162952154983,0.06209309517449283
35,2016,-0.4172271277253375,-0.2000316859686919,-0.2768529649120467,-0.3158103015516024,-0.167030659657074,-0.4748987078333982,-0.0123435072424986,-0.3031170726358659,0.05824521722102234
35,2017,-0.4034514473593378,-0.1890337148574826,-0.2724095673321304,-0.312587579385717,-0.0720067846455803,-0.4735508306312834,-0.0009921079508596,-0.280319955695432,0.05393948259252666
35,2018,-0.4120494400195897,-0.1988350131201972,-0.2688047532119106,-0.3101997542787809,-0.1533125767501268,-0.470165811239255,0.0235798087895398,-0.3001402412521828,0.06156513619396334
35,2019,-0.4121195078944546,-0.1992886965612421,-0.2632464556380586,-0.3045666389235652,-0.1678677469001329,-0.4611385747075532,0.0906184501722163,-0.2842202514829529,0.06481161794067634
35,2020,-0.4158532305607522,-0.1998668912288934,-0.2674095955604262,-0.3027677797722993,-0.1833935939681373,-0.4648271311478413,0.1312686139824587,-0.2836877665172295,0.06170274661858944
35,2021,-0.4101432855021943,-0.1991464964283217,-0.2555691474315846,-0.2921057027270411,-0.1714362284627403,-0.4420931526894436,0.2109983044545323,-0.2917967387376023,0.08274469213898568
35,2022,-0.4049829158005869,-0.1962781963891859,-0.2494323805364485,-0.2965161159750318,-0.167849082002568,-0.40246097751484,0.3904320729822889,-0.2578174777286759,0.10113480932089053
35,2023,-0.4094243771061013,-0.202142295925754,-0.2457355867345541,-0.2915536996306435,-0.171329694040897,-0.3731706007917998,0.5955525021234922,-0.2617699307855859,0.12425779803559349
35,2024,-0.4055745771877842,-0.2021187566809486,-0.2343888099709548,-0.2816648371287559,-0.1890786247496886,-0.3421677162311364,0.7540286069142007,-0.2662074401694918,0.14963989606912786
36,1990,0.2651310317017887,1.714306755228063,0.1251591287379281,-0.5217573502684346,-0.1843084297819025,-0.5284504627808002,-0.0742538178313384,0.16123494393711,0.0037230545281497986
36,1991,0.2437629093957305,1.6737733239289585,0.1306066369565304,-0.5211474020956196,-0.181729032135035,-0.5286782182673775,-0.0742538178313384,0.1886076569453851,0.0035183593364024475
36,1992,0.2839711138656568,1.7257295086778524,0.1323363521867137,-0.5208424280092121,-0.1675773826826621,-0.5254932628282913,-0.0742538178313384,0.1419045811990555,0.004696689516361217
36,1993,0.2523939912431149,1.7298347353020038,0.1638916128163346,-0.5157841278120573,-0.1909181045035361,-0.5117331984936463,-0.0742538178313384,0.1720137314106352,0.008351007346720186
36,1994,0.3100732005912047,1.798357469816459,0.1684939690363917,-0.5157841278120573,-0.157440859937806,-0.4919843733650226,-0.0742538178313384,0.2148196373263062,0.013085091125817395
36,1995,0.3512047745625223,1.9236184434886168,0.2075461220054397,-0.5157841278120573,-0.1329854876272472,-0.5080388056766697,-0.0742538178313384,0.2516263595959363,0.008427118118215884
36,1996,0.3320625834596561,1.9098719071997208,0.2317008288654159,-0.5206509042829482,-0.134001565484419,-0.4788310321308652,-0.0742538178313384,0.2560803496423317,0.01568683207014591
36,1997,0.3353891489828706,1.9220457169186345,0.2560175596836625,-0.5253438455245868,-0.1420979319018829,-0.4610400394967518,-0.0742538178313384,0.303325776877165,0.018992665599975866
36,1998,0.435854198615594,2.061458396907335,0.2735774535394465,-0.5315268901524125,-0.1065513351208262,-0.4693827018007302,-0.0742538178313384,0.2967669848057515,0.017159582496308685
36,1999,0.3670424909739548,1.9220286925902208,0.2691458793294581,-0.5213743028159068,-0.1086802601549004,-0.4811570606425815,-0.0742538178313384,0.2899132888205558,0.014479560023824067
36,2000,0.3851761926940196,1.982192105233186,0.2923634746470061,-0.5247924523763621,-0.1099382613113987,-0.4712954128984709,-0.0742538178313384,0.2903143699420323,0.016836484660285235
36,2001,0.6363532164561565,2.1863158280441937,0.3040905060050584,-0.5129265206224191,-0.1051159235448216,-0.4714701931173617,-0.0742538178313384,0.2680567680617404,0.017264546337964874
36,2002,0.6743524133929327,2.282196890752984,0.3459934048344842,-0.513362023617809,-0.0977614552452927,-0.4669466771951506,-0.0742538178313384,0.2403415409197242,0.01904279680240895
36,2003,0.7056473044448708,2.2972307010890223,0.3887764878696489,-0.5338233450230611,-0.0836008781247084,-0.4828148712723013,-0.0742538178313384,0.3300927079907332,0.01342207769763276
36,2004,0.742388726228134,2.407494455153795,0.4220264315222594,-0.4855502167819633,-0.0753593577276485,-0.4718106958363189,-0.0742538178313384,0.419057814782636,0.014439423439459215
36,2005,0.7492186203912042,2.360947033870864,0.4037264822895108,-0.486161384851124,-0.0725369192355047,-0.4776192474454667,-0.0723726710820591,0.3354465109655736,0.014519131297270647
36,2006,0.7704594668818913,2.3904141494718063,0.4318923768731526,-0.488505415679252,-0.0671017091106335,-0.4571699286637486,-0.0724384681492257,0.4028877172770809,0.017775368335367393
36,2007,0.8117420037449361,2.4633283955764287,0.469893563626393,-0.4665863181409721,-0.0052364058400353,-0.4866766669342734,-0.0725051775832772,0.4404747139139841,0.011109146320150864
36,2008,0.943197365013174,2.6761432630947803,0.4449856643117545,-0.4637598183081474,0.0178985244980971,-0.4837797051575119,-0.072469684126347,0.5069238129135358,0.010944428584217661
36,2009,0.9284818458252172,2.6328396645716223,0.4093053612850891,-0.4771914870217065,0.0178592050622427,-0.4793664582688519,-0.0724072217106074,0.4663632637521934,0.012261663028145353
36,2010,0.8986478320822507,2.565637991291732,0.445524284497356,-0.4545252029717282,-0.0148946611159509,-0.4702475574774147,-0.0713807426610991,0.4340101231225032,0.014533547063245885
36,2011,0.8418692521274038,2.407939404293409,0.4580176453877679,-0.4553407036787819,0.0077171032611095,-0.4715100993110032,-0.0711622129489344,0.455431861237253,0.01396495118040084
36,2012,0.9020598481377644,2.519277161583479,0.4256829181480898,-0.4497133218363907,0.0084912578189547,-0.4811047446680017,-0.0711068462526002,0.4216273420622892,0.012480654742124998
36,2013,0.9336122790517732,2.5524761086779653,0.4248946934862341,-0.4480914696448757,0.038118797876487,-0.4831896729438357,-0.0717694915063302,0.4139442783732057,0.012148371582805288
36,2014,0.9745552232767126,2.6553024195231445,0.4351459931162567,-0.4535932021636669,0.0285547634431083,-0.454369684974732,0.1050951860303835,0.4615735025972044,0.017275541013163396
36,2015,0.8895824289192791,2.4551901322808924,0.4165964394072538,-0.4426318235500086,0.0447474962780361,-0.4206903220024124,0.3316995419444714,0.4123088953515941,0.025206675892718387
36,2016,0.9154930009723774,2.5378358466648323,0.4709313927645029,-0.4312392115781699,0.0197519326697971,-0.3912738315096404,0.5043670251865366,0.3983726227768112,0.03181471272988722
36,2017,0.924473563683888,2.495795329570258,0.4662589721300585,-0.451341273509634,0.0602829704866671,-0.3426896822083267,0.6974581894946585,0.3901460326095807,0.04247927945944542
36,2018,0.9249559170928264,2.5251808041806805,0.4697192959117084,-0.4436053496296752,0.0466937369646788,-0.3134421891223449,0.8419022658566434,0.4106092506242254,0.047664502759357935
36,2019,0.9605324599042108,2.612756842095513,0.447661533772848,-0.4424310286115179,0.0249752179216119,-0.2985026192106647,0.918465129929321,0.4402676677803852,0.049229833290939495
36,2020,0.8934866441737791,2.5183419215516025,0.4020512246254101,-0.4458982027563631,-0.0232087423745888,-0.2659638831098213,1.05271583341869,0.3714998058298488,0.06009189137734456
36,2021,0.8677895659960245,2.4448651879685173,0.4031174955367352,-0.4763532895331943,0.0089035435056671,-0.2253067146952353,1.2730308894658904,0.3867053496927462,0.0678107562450674
36,2022,0.8061753091721322,2.3013950553780145,0.3664688453759026,-0.4785110592678935,0.0326857650613097,-0.191981697724185,1.4119579666348618,0.3748680789069817,0.07594041918417754
36,2023,0.7561060856405031,2.1794664145052645,0.3324009726157648,-0.4764930963638333,0.042686069187267,-0.1573801514691931,1.6855075074202357,0.386983243755857,0.08235187535385409
36,2024,0.8154099704944787,2.3392413864829926,0.3611415066764517,-0.476881098068101,0.0133047734765752,-0.1894101372850235,1.5730314067595428,0.3799986564452288,0.07606653500893175
37,1990,0.2201305696664066,0.4542112886798324,-0.0764643607388462,-0.4806895397928006,0.3951492030226992,-0.3382388744408394,-0.0740529014109006,0.0963485042791034,0.0638883384934163
37,1991,0.2855434076968988,0.4544260898096777,-0.032717892005858,-0.4652047855295461,0.5457545209634921,-0.3945888042828177,-0.0740709360008486,0.1550291565324724,0.0422080306029335
37,1992,0.3388464114701096,0.4088116190936484,0.0148864985443236,-0.4337820855106357,0.7339869760595504,-0.4153163811456024,-0.0739275731060747,0.2451654335095092,0.03202401645599113
37,1993,0.410735992498439,0.4504651039882366,0.0695717739735085,-0.4012736777441145,0.834401273500049,-0.4021905877628046,-0.073816413288198,0.3376233974463719,0.03157532609555846
37,1994,0.4724667331624622,0.4613873908649419,0.1519281140597256,-0.3478226994639903,0.9247354334686054,-0.4576129093217556,-0.0738678320521756,0.3897051492770264,0.0179362065976747
37,1995,0.5502877663103847,0.474577972568329,0.2251892173533085,-0.3030451842012955,1.0351814837211808,-0.4347815191485661,-0.0740195422944343,0.481318715521655,0.020743835649272402
37,1996,0.6245669316517893,0.5729260856212562,0.3092665146179104,-0.2291835102142629,1.0797114990172323,-0.4476178209011109,-0.0739378795525544,0.5626683019055195,0.01688743403368632
37,1997,0.6840852631376315,0.6157278336664961,0.3894596159099237,-0.166865715345927,1.176513075187787,-0.4570915174396882,-0.0738666375840813,0.64317970817933,0.014139471609900742
37,1998,0.4995508040569753,0.6401569767511547,0.3574357995090886,-0.1983219625143422,0.8972206902251922,-0.443291725737594,-0.0736524647727682,0.5560471651299493,0.01777332423313809
37,1999,0.6105320325107979,0.6872196153346685,0.4482786917879515,-0.122374265776282,1.0142147977795413,-0.4523662680596838,-0.0732533391923398,0.6579739880027112,0.014744378099363086
37,2000,0.7150213479513543,0.7950838986961317,0.662443711440029,-0.0710178495216049,1.0594544547536175,-0.4726128924695893,-0.0725845482123974,0.7616556357512394,0.01047965032545524
37,2001,0.745872941842294,0.8565739928331614,0.7432367392802324,-0.0372889354612808,1.055761092383898,-0.4731407415643245,-0.0729098209574417,0.7613943049495207,0.010401493010487435
37,2002,0.7870760477446782,0.92452203241176,0.8273753429074231,0.0253814094509422,1.0597447627128096,-0.4827454971818435,-0.072778570655428,0.8230587383785439,0.008532408768407766
37,2003,0.807953464058109,0.9681404003037076,0.903027394341968,0.0518537700992858,1.067615334050902,-0.4697035732790926,-0.0721618099107856,0.8467479689812186,0.010245688468447804
37,2004,0.867301485938039,1.034481385847892,0.9900649131144278,0.1583696294661424,1.040761847825648,-0.4833170207132066,-0.0708784245713261,0.896151668013824,0.008015595404664252
37,2005,0.854575310229871,1.0540606458202368,1.0762835540437377,0.2086885238788616,1.0303752741745589,-0.491362903201145,-0.0660394209511565,0.9171295486735052,0.006807395622332215
37,2006,0.8781372257409932,1.0984817918147458,1.1363944425620287,0.2801238240344361,1.0116826672465895,-0.4919240354324933,-0.0592776387277144,0.9304065015663988,0.006669945390740616
37,2007,0.9571635172447484,1.195252054070299,1.2296764522667452,0.3342792924541616,1.0583738640166254,-0.4902380626280669,-0.0497200552042515,0.9983920208667242,0.006589332544290359
37,2008,0.9950740165900084,1.3501379110913478,1.2970521447518055,0.3601325557070984,0.9769424814632882,-0.484499553734465,-0.0332590625700166,1.0218503271046362,0.0072156084565036084
37,2009,1.0208208098823848,1.414325420086783,1.3261639089296742,0.3136850023472359,1.0140857720199006,-0.4814468037402785,-0.0068914446499141,1.0447384124915222,0.007491175557187899
37,2010,1.1988758209622707,1.6028695265399853,1.517890799874261,0.5458904418933883,1.0565029905018328,-0.4756117940117708,0.0082155748344411,1.181173067875642,0.007562382137146954
37,2011,1.2930989950124696,1.751897284085553,1.6163531972177283,0.6318669064888726,1.0493259326218105,-0.470473047653156,0.0122914089212358,1.2646351430283296,0.007772243660093618
37,2012,1.2999917637337592,1.706728266656559,1.6671936879074174,0.7242161095939279,1.1021297247548318,-0.4713038689506733,0.0244984729018244,1.2847620411130272,0.007596051312740837
37,2013,1.2983312399828264,1.70433128258186,1.6916899587875311,0.793250653741303,1.105210214766257,-0.4580205400545934,0.0812573909084112,1.285971403586277,0.009026834772840312
37,2014,1.249153266888663,1.756118614835676,1.6955610176824223,0.6619117335853941,1.115080685378783,-0.4534566494236845,0.1346368931608223,1.3064031097469528,0.009414090363493534
37,2015,1.2885555603082697,1.7910384551736052,1.7288372354904278,0.563284333937554,1.192415500063523,-0.4508732414490899,0.2011040711371665,1.3545013199877651,0.00944255708307219
37,2016,1.2935181885374345,1.7116662636274145,1.831731207043884,0.6064613451947826,1.2628151801675669,-0.4186457739296458,0.2558682620183456,1.4133007927029002,0.012411491729462534
37,2017,1.3673977494731586,1.87262531326206,1.8678251572360127,0.6551414320766786,1.2740723228753927,-0.401873428735709,0.3560875853021767,1.4791532927621864,0.01364259173120293
37,2018,1.4278814213906297,1.915436999982565,1.8989139508897743,0.8543534885745712,1.226399804562188,-0.3819691601297664,0.4439753271669761,1.5100054549859327,0.01535094231979824
37,2019,1.353436540172254,1.7788916395582843,1.8672273983056435,0.815745355710579,1.257842188698389,-0.3520876703277845,0.6372654480407339,1.448357207103343,0.01879447434571122
37,2020,1.207329595950664,1.5401822684106885,1.8223362434445527,0.8302231959411353,1.1716181120467524,-0.316544634977457,0.8843286885667531,1.3878618971571246,0.023025727575366965
37,2021,1.258477216064949,1.5496964144141518,1.928132874210421,0.9773078196074882,1.245103830269886,-0.305252982860177,1.0635807575147096,1.4992046760478348,0.02285278127079796
37,2022,1.193783935337699,1.447212915855396,1.954141975925983,0.9572489316375408,1.1980159711850555,-0.2623964383320675,1.2269070648390576,1.463601640347598,0.02748067461153389
37,2023,1.1319235454960384,1.394965315053022,1.9470018527464048,0.895526591565957,1.1069129186886308,-0.2388872596597389,1.4641701287013895,1.4332303285556476,0.030256711852440447
37,2024,1.0896371624836347,1.2924003407197555,1.9541365004048896,0.9662488590699672,1.147832684941646,-0.2117543452149663,1.686030160042681,1.4778836025694722,0.03223515444009125
38,1990,0.0765300625648008,0.4727264173260937,0.0758250229575632,-0.4313719606102449,0.319862672272258,0.0727511364927773,-0.0709327423896394,0.0736196827614773,0.20035178041591942
38,1991,0.1013226449649571,0.4749798694202718,0.0885855044278262,-0.4150918642493747,0.3616831466158515,0.1047552963287554,-0.0705930048732925,0.0948491482506935,0.2035979315305347
38,1992,0.1412925319230588,0.4678319767903308,0.0981186438103804,-0.4067528274860386,0.3876495807435743,-0.0662143122464639,-0.0583597469297232,0.104910817991684,0.14735477990371523
38,1993,0.0956538681881575,0.4291501080399456,0.0974574108996014,-0.4090598835899803,0.3515223680441338,0.0478078609144823,-0.0562065050423846,0.0797133818229651,0.19028688294558163
38,1994,0.1251473710012718,0.4100460014326125,0.1232805266271721,-0.398768698694635,0.4082130611863362,0.1053784952506437,-0.048502036243549,0.1131015995380207,0.1979862144761463
38,1995,0.1602277910777956,0.4129022878449787,0.14753595108283,-0.3577294415506056,0.4550171554960579,-0.001361609577214,-0.0361803906349879,0.1624139686030444,0.15349944457450937
38,1996,0.1292275684007787,0.3217738334122532,0.1737181469341349,-0.3330674460522406,0.4359374712891659,0.3051714277024969,-0.0262202974766694,0.1516033075708431,0.24443798531851213
38,1997,0.1818143187890079,0.3780527229745019,0.2259336517561721,-0.2617254627081497,0.4739839421632643,0.1589092415658511,0.013423566228509,0.195410064318338,0.18995661407653197
38,1998,0.2028350920254208,0.3572692921950742,0.2532281201858734,-0.2536595069439399,0.5365775638090361,0.1503069866062221,0.0801663887222888,0.2318654562766226,0.17861449721276726
38,1999,0.268641084562522,0.412945347439135,0.3056844714323664,-0.2086941355130238,0.569930722676198,-0.0418748579074111,0.2174342307146219,0.2686124840671187,0.12304260480127908
38,2000,0.3146050327952495,0.4465031244849234,0.362861412598195,-0.1570534780034392,0.5967680806814968,0.0497329359064648,0.3890756808373831,0.3035553854174216,0.13947834729827324
38,2001,0.3182443006197643,0.3873248889161526,0.4179845906172996,-0.1254154662092475,0.6320566259432717,0.2310894869967266,0.5554982235991373,0.3256884643205141,0.17753123239329488
38,2002,0.3733826202383662,0.4489718745498832,0.4379923599507354,-0.0624871138339662,0.6412497113176829,0.0027836253364557,0.7639913621579302,0.3512396796915153,0.12143410308742883
38,2003,0.3897656103577575,0.3998643066131788,0.4922922811007907,0.004563036479016,0.6693934551393453,0.2503833582895103,0.9434684553109468,0.3810458196050845,0.1708756334429795
38,2004,0.4392170835464633,0.4312600281536028,0.5482211998853481,0.0960323852032893,0.693214836013039,0.1250568813054218,1.3899102819897278,0.4217471733573903,0.13766500207729204
38,2005,0.4859989162719163,0.4201219464651805,0.5982778449390803,0.2151350304086263,0.705359385639235,0.0148886442915115,1.8814474978732127,0.4440740926378209,0.11227166591352278
38,2006,0.4668380861819352,0.3471789939644543,0.6226733982235126,0.2738361402094326,0.6843926996975951,0.1112118909257016,1.6656168784917214,0.4430505684199514,0.1318462727322856
38,2007,0.4941985521235678,0.3855450923576933,0.6384510285383229,0.2881308463874753,0.6910697827590097,0.1618609061429474,1.9685132401296408,0.455117593814942,0.1403317448147506
38,2008,0.4117024297876657,0.1583626735891981,0.6529762574459628,0.3701500123479997,0.6379918108867513,0.1803876558948305,2.430933082726815,0.4227622787943085,0.14893275211415063
38,2009,0.3086346627159667,0.0589237174843122,0.5925500790629293,0.266159835506109,0.5671082841840542,0.3682938565086242,3.240771678980531,0.3501039198110068,0.20324070864772667
38,2010,0.2632230752121391,-0.0016754846916157,0.6057221889677172,0.264377079666673,0.5429965953511687,0.6269079366152148,3.680953914938041,0.3488576627378504,0.2613824041924767
38,2011,0.2705666978742974,0.1444831310728262,0.599880568418187,0.2062915804488971,0.4814190515625687,0.5251078967165899,3.844186139956975,0.3347775539431652,0.24250642564178818
38,2012,0.2609441655554112,0.1983793897584277,0.585289654122059,0.1865040801768309,0.4134708608917013,0.520498589810169,3.926015264460722,0.3299649207077309,0.2428139330941119
38,2013,0.1806503443124755,0.0936153971762159,0.5400893487905373,0.122237082195606,0.3699246670129113,0.8703757095467123,3.926015264460722,0.2723344185544871,0.3460708656245457
38,2014,0.1777795572025412,0.1212883630206473,0.5318786752295409,0.0667645590482111,0.3484096215927981,0.8861732148100472,3.926015264460722,0.2544372138080603,0.3579541554728847
38,2015,0.2254272841882806,0.1640608932158782,0.5548203919154393,0.0892268714597101,0.3878592476029907,0.7043772991484756,3.926015264460722,0.2820465353379794,0.3017187657706212
38,2016,0.1989846872276753,0.0745974097571955,0.5604080289628159,0.102121201333959,0.4141159896899056,0.831069000484954,3.926015264460722,0.2852845689385719,0.3310749506133678
38,2017,0.2477547757326036,0.1355123822902693,0.589839462031326,0.1570857443502747,0.4201802003930259,0.6057739609645767,3.926015264460722,0.3280566565791983,0.2628958091072684
38,2018,0.2333152023250522,0.089840506088516,0.5864544750112458,0.1530802893570705,0.4306474151438906,0.8104504841322206,3.926015264460722,0.3241773568898676,0.31120720791873935
38,2019,0.177228449254639,-0.0814218530690329,0.5706724656705362,0.2563478953605206,0.4225349205064716,0.7762979856576481,3.926015264460722,0.3005834540180628,0.31199036627987314
38,2020,0.0552225314046122,-0.1387198196929799,0.5050177303638602,0.1753936927898739,0.3090245084624258,1.0119778934679753,3.926015264460722,0.2191178807680633,0.4079251646370678
38,2021,0.1053991264763721,-0.1356735256448002,0.5394062207502623,0.2180473178267561,0.3681967056551409,1.0987523688533671,3.926015264460722,0.2601804026818027,0.40825294027612374
38,2022,0.1266043948207557,-0.1210446911531831,0.525489676442611,0.1916709760419242,0.3896375935199005,0.9786632525173584,3.926015264460722,0.2584443797997497,0.37919963620385255
38,2023,0.0723139321679357,-0.1489642290812066,0.5163999572226098,0.1067845832417791,0.3626916764660842,1.287600213906681,3.926015264460722,0.2298695490526875,0.4734792451394882
38,2024,0.0758033417849866,-0.156501898357515,0.5246622567656022,0.0814966886715735,0.3831066310304279,1.479234899107328,3.926015264460722,0.2383551552451474,0.5172879250773615
39,1990,-0.3966031292262156,-0.1399398415274076,0.0827263677746993,-0.550183654839475,-0.147517013806799,1.2439741184224204,-0.0733554657919799,-0.2053622587218234,1.0869336200710573
39,1991,-0.3954795744947513,-0.139537951981949,0.0897240511616178,-0.54965193466757,-0.1479202193056767,1.0096799529253109,-0.0723190356131083,-0.1950540078633814,0.9150119917401107
39,1992,-0.394747939869135,-0.1442601541410869,0.0797311140596479,-0.5476872762020999,-0.1285502271395927,1.2903112053094632,-0.0695501334384684,-0.2078663822851848,1.123882172051585
39,1993,-0.3956885141470077,-0.143154957891076,0.0821176831747109,-0.5458067516538143,-0.1337112575252271,1.3112817773147287,-0.0669562506837095,-0.2083764473446969,1.1385659447141396
39,1994,-0.3894379643379381,-0.1425808299689923,0.0778043426640007,-0.5457564632171485,-0.1170830627515113,0.9645802685777034,-0.0631118489684145,-0.1862067215756509,0.8653685477554566
39,1995,-0.391055713012486,-0.1420067020469087,0.0899605185601745,-0.5459946575123242,-0.1188087822867078,1.1191375204279612,-0.059494762307446,-0.1820573718932225,0.9427064661144642
39,1996,-0.3745250497317724,-0.1357056481020408,0.0895664062292466,-0.5455486027705797,-0.0976001730457416,0.7987793079244798,-0.0516542948181956,-0.1741553102862785,0.7438267975570803
39,1997,-0.3917311348669198,-0.146628431819682,0.0884322385213543,-0.5446321228783404,-0.1185829872073363,1.143324531698012,-0.0442603220215983,-0.1835540403237143,0.9606004102911547
39,1998,-0.3898438505330372,-0.1459107719170774,0.0921237573543783,-0.5438466998141672,-0.1167604983524092,1.1748387283845332,-0.0303037831270172,-0.1772405386262637,0.9609212000168682
39,1999,-0.3956215813741859,-0.1498579013814024,0.0912610892522363,-0.5441589558264097,-0.121534451459121,1.142951454756017,-0.0233546305243988,-0.1833467957005546,0.9598091121412516
39,2000,-0.4050881193149868,-0.1501593185404963,0.1031807977498532,-0.5457943379016881,-0.1446945753146552,1.4560892517106083,-0.0050275581426174,-0.2012547554826464,1.2007419669611288
39,2001,-0.4052159584004905,-0.144575924498233,0.1167645360891655,-0.5440301572560775,-0.1449364986139818,1.2576053419068407,-0.0086238443231903,-0.1808205037453709,1.017664716101984
39,2002,-0.4015801181428082,-0.1380595725825837,0.1086414430461532,-0.5438580180951642,-0.1386948774913552,1.1508824075571338,0.0168921011009336,-0.1723969044134562,0.9345793624169801
39,2003,-0.393488865108495,-0.1393083008131156,0.0997169882635876,-0.5429803418698477,-0.1435655999177977,0.9728713690832844,0.0360198704435051,-0.1804801549461388,0.8557669550036379
39,2004,-0.3989931661960909,-0.1367964911539997,0.1032070719052484,-0.5438444787324298,-0.1521941975937801,1.02751372026265,0.0503615150158449,-0.166958301213128,0.8533773887924494
39,2005,-0.4066666830264291,-0.1444610989138162,0.1032245880088453,-0.5454479525868725,-0.1627272638667215,1.2487859495126368,0.0555009790174874,-0.1761571357118724,0.9992289646067044
39,2006,-0.4084200997021177,-0.1396384243683137,0.1029574674289942,-0.545191260331611,-0.1667690119156914,1.1905667979112815,0.0766296018624058,-0.1854100655394851,0.99289538792849
39,2007,-0.4146470475519774,-0.1437780911183373,0.1042011107843664,-0.5431103566898775,-0.172521657665719,1.2747262708356897,0.1362647224214869,-0.1870729452202219,1.046226345679693
39,2008,-0.4172712443364945,-0.1414067264073329,0.0937571340147791,-0.5462365162534158,-0.1784698258262624,1.3547687128550086,0.2184546125359167,-0.1895922783424323,1.100481382842808
39,2009,-0.4244233173009042,-0.1595246356358342,0.0704957484382393,-0.5360254934855878,-0.1961137436363108,1.4980547087276193,0.3265096958785057,-0.2183993551857084,1.294000382095037
39,2010,-0.4117264173283869,-0.1433848192121875,0.10854948350227,-0.5284292387720816,-0.1834146090387386,1.3887793326339444,0.4419648560012864,-0.1811326736525242,1.0928466203304754
39,2011,-0.421835751701459,-0.1499113194054332,0.0749492177777237,-0.5342490517550166,-0.1990735461778123,1.4118442382825689,0.8180653447464161,-0.1889100215643014,1.1313188534411416
39,2012,-0.4289420096910987,-0.159278214969367,0.0887650444896934,-0.5374101474944345,-0.2066991621112265,1.5203300011352645,0.8717806934880362,-0.1856686578579429,1.1828211702731741
39,2013,-0.4345987613571861,-0.1587755805211129,0.0766132476194189,-0.5395387057773006,-0.2123220885881552,1.3450380550112415,1.3403587247933502,-0.1905439997402387,1.0979281184595486
39,2014,-0.4384881344825556,-0.1633314720868349,0.0656831989750206,-0.543132326542836,-0.2158528139878475,1.4076584830397638,1.5363652740650533,-0.1989830972857706,1.1635253730073105
39,2015,-0.4387670940452118,-0.1643643349586997,0.0763242319100718,-0.542089000904392,-0.2201901439239346,1.6670434004733117,2.1475411091013945,-0.2244590797437897,1.429247610443161
39,2016,-0.4400450071514166,-0.164884803077624,0.0885066819616406,-0.5431028680589627,-0.2177076721802245,1.4542769011082477,2.1223899734439096,-0.2013575846974244,1.2000310039560838
39,2017,-0.4413358567234892,-0.1651802363161913,0.0882702145630839,-0.5391329315079354,-0.2200900844473331,1.478140151360728,2.3082826684605813,-0.1924809286685995,1.1821884158600418
39,2018,-0.4483783042452574,-0.1636649330411299,0.0876396348335995,-0.5388775632123525,-0.2378190463612049,1.4055885921677662,2.212066251863448,-0.1855844301468971,1.1167225035770505
39,2019,-0.4509921229965744,-0.1657086574315786,0.0733421152727179,-0.5397943447622091,-0.2375900901507222,1.5081121184113553,2.5989748081173585,-0.1941226617864755,1.2056430083616265
39,2020,-0.4544749806869379,-0.1748468191900928,0.0675004947231878,-0.5408623006913011,-0.2502758705821716,1.8476627249445603,3.752140155909333,-0.225569866630245,1.5518239807391545
39,2021,-0.446507608557407,-0.1740434938302062,0.0878454490508618,-0.5374359765771863,-0.2334167680833586,1.8096770548848065,3.599382764553388,-0.2053783814525923,1.4313795682123707
39,2022,-0.4552971747589741,-0.1760411271771498,0.0638746612786518,-0.5459874519924206,-0.250469731786032,1.842655659452933,3.926015264460722,-0.2204520311473895,1.5227474267614547
39,2023,-0.4582770453443998,-0.1757441218336757,0.0574112190514356,-0.5462042998170075,-0.2492255202575952,1.8803752332641992,3.926015264460722,-0.2244634132881313,1.5673247946840108
39,2024,-0.4553903951385175,-0.1758923480892728,0.065548293992348,-0.5446908119326219,-0.2402674999798337,1.8804509322229264,3.926015264460722,-0.2203032914438849,1.546137411012323
40,1990,-0.1756352410779679,0.0384852602990707,-0.1447071003519481,-0.5171522415636813,0.0671818502355905,-0.2129350741914428,-0.0735166261548073,-0.177784543938732,0.18425230604007056
40,1991,-0.1471487729829461,0.0629703183466455,-0.1084575239583869,-0.4879601220127554,0.0867131246012255,-0.3370053746352488,-0.0738068292532041,-0.1496447554575098,0.1061383765744945
40,1992,-0.1193868082841634,0.1048247407074787,-0.0824154569358562,-0.4838588304987473,0.0944224137397669,-0.2534283399741189,-0.0738332250355661,-0.1339153297882365,0.1435334228852948
40,1993,-0.0874527835432747,0.1337459452479902,-0.0458068004185608,-0.4861528455767046,0.128082008786076,-0.3272849157782824,-0.0740601012027988,-0.1044179932464696,0.09929323712523054
40,1994,-0.0602441707419777,0.150138787946286,-0.0139931772608872,-0.4616121907916657,0.1543064944330806,-0.2813426626904335,-0.0742538178313384,-0.0838045149778286,0.11498132097392057
40,1995,-0.0329870008968379,0.1621514210340142,0.0174788818766488,-0.4541043387324859,0.199417125647516,-0.2951914960420423,-0.0742538178313384,-0.0587276549193151,0.1030358455934328
40,1996,-0.0058895032391908,0.2153884335975757,0.0494851821738872,-0.4494120074390201,0.1984010477903442,-0.3043820731166242,-0.0742538178313384,-0.0359550118419553,0.09459483579309333
40,1997,0.0359970750916159,0.2764889894104861,0.087232385424974,-0.4335002894547951,0.207078030126192,-0.3042787288828265,-0.0742538178313384,-0.0092542902002475,0.08975882781856709
40,1998,0.0692303135474872,0.3168511906278064,0.1344295265665304,-0.4013700495554193,0.2261415861131289,-0.2987940976976989,-0.0742538178313384,0.0251380676628706,0.08611712543761538
40,1999,0.0979126312376384,0.3532078412937529,0.1635106375631044,-0.4042050886626634,0.2571238966468902,-0.3420624826785038,-0.0742538178313384,0.0455092008050436,0.06824996240496736
40,2000,0.1591231758318705,0.4472069207239276,0.2272692546554275,-0.3891863348034396,0.2761874526338272,-0.3549977327892672,-0.0740173311590759,0.0899107168255732,0.05923292196060127
40,2001,0.17331144433963,0.4972565369445375,0.2394473256810972,-0.3704737348096483,0.3138791026689132,-0.3479173849792814,-0.0728626649168913,0.119957268046327,0.058627434248823766
40,2002,0.2004722394933595,0.5406452463611676,0.2805269676414739,-0.3430888916947732,0.3150242062857258,-0.4019691004515457,-0.0724935090150651,0.1512962660595072,0.040308581726198466
40,2003,0.23433757840507,0.6040863817514096,0.3214621017471769,-0.3388345031893885,0.341780923191249,-0.3969445318825756,-0.071743628487543,0.1792845828889368,0.0401057751066411
40,2004,0.2684417800009065,0.6288030856380462,0.3646874663981606,-0.2963119663215907,0.3655861758449874,-0.4072491549715905,-0.0715502488990098,0.2154851784142331,0.035432233817942575
40,2005,0.2946308487779263,0.6600074496571965,0.4000524795600838,-0.2805210180755831,0.3549738071145267,-0.3909162575307292,-0.0653152193693556,0.2188632938899113,0.039562040584019305
40,2006,0.3204702754918505,0.6985878450328605,0.4297203800271503,-0.2743434629813127,0.3608928638380512,-0.3919418221340257,-0.04843154299182,0.2366274055745393,0.03837900898242013
40,2007,0.3305554271380843,0.7373127660709176,0.4608640122222466,-0.2473062903249421,0.396294306639512,-0.3886824527064109,-0.0343748402331386,0.2720118985220295,0.03747934098074437
40,2008,0.292950092734879,0.701558949723159,0.4488523441807465,-0.2202849763210648,0.3559253720918782,-0.3927459967341733,-0.0195104119122243,0.2449463128122868,0.0377615005828594
40,2009,0.2511708630597541,0.6667955040409949,0.4101373762059367,-0.2323552407129008,0.3448130285428091,-0.3962438440059561,0.0021258816614603,0.2287817379251581,0.03766203251972107
40,2010,0.3065546061714511,0.7103144005349346,0.4833240360592332,-0.1482903536910189,0.3754727746774682,-0.3984044002153152,0.0187839870211273,0.2802794732734737,0.03473617311437148
40,2011,0.3214730220446549,0.7712016603537762,0.5039229738890607,-0.1105912869738421,0.3139274873287785,-0.3991612381788257,0.0609349594767626,0.2746105799558682,0.03479673589138365
40,2012,0.3076827008687448,0.7686037388128321,0.5016152272401835,-0.0913748697893055,0.3100889709794628,-0.3741567571961603,0.0636581881394135,0.2678683967689831,0.041255004934429976
40,2013,0.3114146871608886,0.7797987437590114,0.5196042656340888,-0.0810649158242135,0.3265881399935378,-0.3698119387767181,0.0963088165185874,0.2805248554374143,0.04166284347826337
40,2014,0.3253671540869307,0.7835013574025462,0.5437283193127708,-0.0564321588650797,0.347054851116569,-0.3888021926940633,0.0969637332367777,0.2974132778088642,0.036296574704358195
40,2015,0.3276328093224193,0.7389638879943282,0.5382457788869748,-0.0186287910103515,0.3672635107203186,-0.3817799051462696,0.1276574316507522,0.2895240845941862,0.03833212741284306
40,2016,0.3442250402096,0.7586139129685768,0.5617129786807771,0.007573972545608,0.3645862262077708,-0.3522698535541613,0.1389624757119335,0.2947300597005815,0.045125511500428456
40,2017,0.3685656888160946,0.7799834769688029,0.5848836264616596,0.0639010961701869,0.3551192352738619,-0.3604283682734699,0.2009070737651578,0.2957975299604148,0.043124266141328284
40,2018,0.3506759944002662,0.7571683787105095,0.6058382462911236,0.0724399686337511,0.3504673244075506,-0.3612251921164223,0.2775752438711266,0.3033071439430752,0.04254636988850197
40,2019,0.3237200856577952,0.7160138998858769,0.6018547865594519,0.0593164439072535,0.3034589984485374,-0.3297233755005688,0.3985152785147096,0.2860902675804922,0.051037698100274344
40,2020,0.3204377404548924,0.6997140339864785,0.6275997717069292,0.1152494501299162,0.293977846937508,-0.335506939378585,0.5827739439981888,0.2692321860332724,0.050694690555683077
40,2021,0.3496870639030844,0.7295247943520252,0.6809790070407039,0.1721975534499635,0.3244230071056645,-0.3159560540992353,0.6938154540566265,0.3036183913186841,0.05320857683050443
40,2022,0.3189924978371651,0.6690262655145414,0.6666536543912067,0.1995251980649847,0.2497531549734265,-0.2375737872677008,1.0102076155106834,0.2678940227374012,0.0749183376260416
40,2023,0.2957552114546231,0.6237254720087434,0.6388001699205075,0.1892641208868533,0.2082746583820288,-0.193368800425408,1.4106035821255178,0.2247994938056135,0.09073063190678579
40,2024,0.279428695596277,0.5853320308228842,0.6667003934715887,0.2471649040289921,0.2165660549150259,-0.1207216744974144,1.8525212103712747,0.2197978942917904,0.11039657176660637
41,1990,-0.3071740329045279,-0.0264778109256288,-0.3206651190335228,-0.451021050718906,-0.1000032778190526,-0.1484559207479631,-0.0737572279400176,-0.2252300580114457,0.25502134958980777
41,1991,-0.2802622419725488,0.0063048934253468,-0.2983364659735122,-0.4183784543543656,-0.0846814688617006,-0.222578787084271,-0.0738167067157068,-0.1952120895232663,0.18822905577298552
41,1992,-0.2580256030474202,0.0208877426462712,-0.2727060273855062,-0.4083441969633862,-0.0559409809016992,-0.2824532003717251,-0.0738696212141349,-0.1744741806178447,0.14390868773751178
41,1993,-0.2098182643222533,0.031279458035985,-0.2421623217386,-0.3575251450489585,0.0040559973313002,-0.3378823827231317,-0.0739078378857649,-0.1611717001334902,0.10901009859228374
41,1994,-0.169456052222875,0.0571152145297487,-0.2146576600657372,-0.3317578844883889,0.048037653148878,-0.3202196327601445,-0.0739456163273542,-0.1379790840660931,0.11140842079471591
41,1995,-0.1260929383366693,0.0903859276144955,-0.1783248821800913,-0.3227940861406996,0.1061315014271748,-0.2364878827665003,-0.0739798947199917,-0.0886899118912762,0.1363047954672839
41,1996,-0.0771607197987307,0.1491048608455994,-0.1394741644024064,-0.2903619218957803,0.151064722222104,-0.2229841891735966,-0.073765480210175,-0.0432783261419756,0.12898562148520437
41,1997,-0.0634988639533129,0.1635872376801592,-0.1193656774732891,-0.2225350751305793,0.1489357971880298,-0.2591683580172386,-0.073783201083884,-0.0281538683317653,0.11086982666759208
41,1998,-0.112507161836677,0.1111980647900273,-0.1375561510585577,-0.2093321369818258,0.0941321057805749,-0.3285333184944739,-0.073839692841322,-0.0672201230044194,0.09073427948941816
41,1999,-0.0958740201000306,0.1184607830043853,-0.1331035575242532,-0.1809597877751634,0.1186631283322933,-0.3709671137660304,-0.0738152697253177,-0.0369701420247178,0.0681758307172007
41,2000,-0.0911732981128794,0.1245321857804198,-0.1047178358404718,-0.1249824041632391,0.0965190823339308,-0.3039068494350904,-0.0738195463446237,-0.0207830317432391,0.09194552289222413
41,2001,-0.0643427316554391,0.1735196507322061,-0.0856349167769466,-0.0014581399974363,0.0837455321294858,-0.3100016299698849,-0.073868283538083,0.0031186012239456,0.08555059770886772
41,2002,-0.040515049684446,0.17066336431984,-0.051075206477886,0.0374864408886285,0.123727389398197,-0.280411720877634,-0.0738714774748001,0.0408235256580597,0.09008130129933617
41,2003,-0.008811024027911,0.1745530809919567,-0.0213981100564311,0.045862249197724,0.1752086674948998,-0.2894632571751533,-0.0738975261762907,0.0827046315916333,0.0809887951351664
41,2004,0.0526157006492648,0.2247605677781707,0.0140063143385848,0.0558245328086127,0.2608834540697716,-0.338350754781228,-0.0739223053940377,0.1268751393049731,0.060873720895239014
41,2005,0.0443816317739043,0.2148138015280717,0.0410905895251245,0.1055944737614974,0.2418666005693586,-0.3480736605638087,-0.0738721551617308,0.1402745640636494,0.056797378333040306
41,2006,0.0521147899751639,0.2207560255216374,0.0714897873173572,0.1167540855313206,0.2376893916009858,-0.300209448225419,-0.0738427238842624,0.1325884728322302,0.07167516701630698
41,2007,0.0649823818105694,0.2527205975836439,0.0934155699946417,0.1519072285751671,0.2056587467701426,-0.3003094186880686,-0.0737642179686181,0.1527429687963208,0.06952225355347873
41,2008,0.0714379619468588,0.2842115141099314,0.1033647168376195,0.1830999781329267,0.1894660139352147,-0.3113123985816705,-0.0734800687271344,0.1608511822111371,0.06556933937458821
41,2009,0.0971446795316875,0.2610310992558046,0.1023093715959129,0.2939568386457077,0.2013202556022186,-0.3008670369136336,-0.0724798283348146,0.2058081621185455,0.0643411989919651
41,2010,0.1412814755144213,0.2808241593696379,0.1641018060594961,0.3682198585304526,0.2198193238907269,-0.3456727353701376,-0.0704032678208399,0.2631808527149219,0.048562167727579056
41,2011,0.1304602623763081,0.3194342621297626,0.1613868100019933,0.309613598293696,0.3101050991994181,-0.2595616493140588,-0.0600219145466594,0.2807377022379066,0.06839420457557152
41,2012,0.1844935113553852,0.3098606790290179,0.2185287189606282,0.4342528477194046,0.3516191373638644,-0.2506915242427864,0.0099539713828386,0.3408146156689111,0.06566396053928855
41,2013,0.2150929681757274,0.3307732885909144,0.2297959525992648,0.5095820570102302,0.4166706997307945,-0.2606992800805099,0.1044772950786033,0.4076588287419992,0.05887162437304664
41,2014,0.2072495669967454,0.3085114784121213,0.2493526822650832,0.511082529515355,0.4140917973599729,-0.2543911487131153,0.1411556151649429,0.4088771294202605,0.06011569410577512
41,2015,0.2317825535087367,0.3057413111880678,0.2724082536243607,0.5058625930524042,0.4282878565644585,-0.2654953530244116,0.2609378441623513,0.4043363598571913,0.05807256016616762
41,2016,0.2206420428341484,0.2864075534119013,0.3201702891069135,0.485451287397323,0.4519237629086683,-0.0715122271088784,0.3595545055744431,0.3895442992822706,0.10047833419459304
41,2017,0.2208451174584295,0.3033012818724104,0.3219613063206596,0.4266857269962722,0.4547227348407774,-0.0453875305900487,0.6074490704487625,0.3920359995205144,0.10577571054683589
41,2018,0.202973729396748,0.2447115130705771,0.333692721083637,0.4979577159027261,0.5337160150902293,0.0353074064734005,0.6655167202179644,0.412113105571575,0.12035139467452151
41,2019,0.2249486445041823,0.2436350232166703,0.3561483615156985,0.5841527190737911,0.5356131222794358,0.0730586125892266,0.9354129579802488,0.411468590212136,0.12831584559438264
41,2020,0.1897016002548462,0.2591221239148764,0.3716063273188933,0.4084598069349432,0.5065220113195139,0.1351430823691108,0.8235093081351393,0.3647581560168508,0.14867535537245513
41,2021,0.1616903366006573,0.2258370576320776,0.3825801662222836,0.3867169490455967,0.4940608953779356,0.0767603008407922,0.8726606663925912,0.351471882886686,0.13790155776437965
41,2022,0.1815124070273508,0.2626386574376387,0.4606406819013875,0.3004574869731021,0.4807852808646708,0.1367761659069516,0.8075906840269806,0.3259550292651881,0.1558113715741541
41,2023,0.240777984399345,0.197772405617828,0.5071483645008115,0.3535092952210388,0.4815335937481827,0.1255515643158085,0.8249548972324373,0.3404600845135875,0.1506717718539495
41,2024,0.2262022127032564,0.1812958910354572,0.5375465121933348,0.3253720329991097,0.4762554866116765,0.1061018338106301,0.799588940092586,0.3228819711454113,0.14930296849474353
42,1990,-0.1450982841086394,0.5716055987069479,-0.2847483486083007,-0.4840723113837535,-0.0222975140753452,0.8667931101487073,-0.0437557785228598,-0.1758629133223965,0.7853692925419088
42,1991,-0.140306132343035,0.6207653020353595,-0.273962807818576,-0.466248405790559,-0.0323776515472873,0.7789375138828477,-0.04475998364522,-0.1819753364130129,0.7494079868061136
42,1992,-0.1249697420877265,0.648768391434989,-0.2533726280405469,-0.4570461234188762,-0.0116851453448845,0.8409669689661169,-0.0514511079112764,-0.1661232094070522,0.7501792941547581
42,1993,-0.106161589673468,0.5774904099083054,-0.2303739840179589,-0.4450868649455889,0.0431508025024805,1.0696454413311651,-0.0510710333224831,-0.1420528885616948,0.8196484286797254
42,1994,-0.1132202925213204,0.6439600700875385,-0.2208977719720944,-0.4371367990844638,0.023248579077878,0.8267325097394229,-0.0521267788829249,-0.1468571936962757,0.7048611095905973
42,1995,-0.0726314799512912,0.6668677741786756,-0.1946542697582007,-0.4015353468700688,0.0721654702017187,0.9086303714229172,-0.0523797836432233,-0.1108836765068071,0.6825214354832223
42,1996,-0.0189809944600531,0.7442315116794457,-0.1650389176019245,-0.3740676227781892,0.0932773101229542,0.9566307841745224,-0.0548287992809792,-0.0721245156577742,0.6450771051240105
42,1997,0.0059218442084803,0.8329629820374719,-0.1311978054529222,-0.3373090242141064,0.0839551989889022,0.816001489181615,-0.0566271986856303,-0.0500025283464578,0.5574357928942981
42,1998,0.0070566575295882,0.9132691251389206,-0.105716253745489,-0.3245542375986486,0.0785845017438514,0.7959138811834433,-0.0564707004274116,-0.0425228661362005,0.540714671012897
42,1999,0.00459159464448,0.8794242841320901,-0.0903984211500943,-0.2740758077315546,0.0732138044988006,0.504527519411462,-0.0550374011205181,-0.0499024485169724,0.4294468484910604
42,2000,0.0778733828886522,0.9462671274606776,-0.0593336114211835,-0.2205853861964166,0.0955191326967141,0.328549471642341,-0.0470350683202639,-0.0047604764712933,0.3263453068739127
42,2001,0.0223107800513054,0.8350872553491813,-0.0647110552253987,-0.1948984465539888,0.0649077712219203,0.1505851081222176,-0.0395766394922664,-0.0467695384891037,0.2822874881202731
42,2002,0.0531419325151588,0.7434707921826849,-0.0389623829381144,-0.1567985213506841,0.0879549975377688,0.3742534369666443,-0.0415350407492478,-0.0194825752013796,0.3534448764058586
42,2003,0.0960576083338136,0.7151232260298052,-0.0003481325589862,-0.0735198531651398,0.0779716293855574,0.3409532185929713,-0.0460097752003055,0.0107256467607652,0.32147127058426617
42,2004,0.0985420349818579,0.7199459005753079,0.0407096142718943,-0.0442691856040641,0.080923093637342,0.5306309771948474,-0.0492160453848871,0.0246807728970658,0.38069371229927057
42,2005,0.1243413506334674,0.898958986680986,0.0806507094984795,0.0700448696415733,0.0736170099976784,0.3147128109519843,-0.0429649846269332,0.0470400490931419,0.29219235613326194
42,2006,0.2005599770409818,0.9980247596365174,0.1367328941895084,0.1583068022596555,0.0961642614949185,0.3395431058261065,-0.0367313176159558,0.108900447072779,0.2714328151615343
42,2007,0.2808595354217493,1.2100502012620045,0.1895658416633325,0.2838390261366473,0.1040993457128313,0.1224596831674888,-0.0037033022006504,0.158593412303194,0.18973666652766266
42,2008,0.2621175800260292,1.208068565620379,0.2194045241404679,0.2849052157797038,0.0968255185130779,0.0637151572675869,0.0445378036872384,0.1458216855114845,0.17623157893513897
42,2009,0.2605041542042182,1.2322393511401009,0.1972685482200219,0.2494428291586995,0.1104861208150538,0.1415338110696701,0.1517570811175114,0.1458711580956857,0.19887573795919386
42,2010,0.2782352992455813,1.1526804686477972,0.2636370647482671,0.3192550508088385,0.091132256868925,0.3787666841114477,0.3095829884504974,0.1869632605094615,0.25253253388493097
42,2011,0.3406914854029568,1.2381537630479988,0.3251623786319992,0.4712797410342613,0.081229529816489,0.342104255415996,0.4540229072652481,0.234158967837229,0.22744455342007922
42,2012,0.3722658728416893,1.2127198960996934,0.3637985241406233,0.4844448617359351,0.1152923303616759,0.4085156569280748,0.5552037861176615,0.2738423838786589,0.23242646463301408
42,2013,0.3304975285470184,1.0016704719417489,0.3774698429979195,0.4997168396841228,0.1335494753508574,0.4640711263034816,0.7660321006038618,0.2496560921330475,0.25367596590472663
42,2014,0.406454341906397,1.1798510725604054,0.4183261546374371,0.5648192940974905,0.1339042961898697,0.1872049863581761,0.9043006718522238,0.2890718942469838,0.17495758969147832
42,2015,0.4431915359086542,1.1192231639883734,0.4618449140236669,0.5493725656628367,0.2202870422694249,0.5734068981231781,1.2469497079741645,0.3553133724472297,0.24758988952062339
42,2016,0.505512713497613,1.3234261126754707,0.5226739627894267,0.512142829096876,0.2719941154454993,0.6058510066568694,1.6918209775198965,0.4101934121719484,0.23987990732775907
42,2017,0.6340302779145384,1.403585810097194,0.6007022751120679,0.6868847396300329,0.3102825096189242,0.4822670839845155,1.974885211625194,0.4803048062629855,0.1991496515572314
42,2018,0.6209332345293479,1.5450602453241378,0.6410310498805345,0.587736870517035,0.2766186728507668,0.5775515111572619,2.526066522650748,0.4629072919368079,0.22150889107788407
42,2019,0.592135480713204,1.5796036564801637,0.6368313538499609,0.4851686069423968,0.2822469055120608,0.9768721371362642,2.887768614631698,0.4760661878285386,0.29660824044724887
42,2020,0.5927196475754731,1.4151129352188188,0.660605085456707,0.5538430815883584,0.2864530001223732,0.91844021524647,3.293331986820012,0.4808140671360411,0.28385090105863414
42,2021,0.7007828657437419,1.5929141852331086,0.7656550091052704,0.8159993487142904,0.3073527700794192,0.6941535764086039,3.693104661826191,0.5663899317436658,0.2214473731115714
42,2022,0.6680708098071981,1.6488332522373874,0.7651507774100553,0.6485609006167657,0.3176918138663004,0.9228129023814782,3.926015264460722,0.545478605600557,0.2675406789929485
42,2023,0.6336670734202876,1.3227105952062304,0.7804712812112482,0.5846433856092741,0.354865199681349,0.9684869251201064,3.926015264460722,0.5444437975773956,0.2761518547215185
42,2024,0.6573087366437809,1.4963270634644803,0.8475166801199878,0.6451643924941517,0.3771502290393275,1.0775739648859155,3.926015264460722,0.6073156720207646,0.2796946245437311
43,1990,-0.4020920730694517,-0.2099547416255071,-0.4224249228790864,-0.1838051960013452,-0.2960901760332483,-0.5415295799690442,-0.0742538178313384,-0.3962601202232481,0.0
43,1991,-0.381510610251384,-0.2099547416255071,-0.4218994397711826,-0.1082033398772715,-0.294396712937962,-0.5415295799690442,-0.0742538178313384,-0.3784401429995246,0.0
43,1992,-0.3881371467443835,-0.2099547416255071,-0.4159877548072653,-0.142843516507781,-0.2906710941283322,-0.5415295799690442,-0.0742538178313384,-0.3796424657822391,0.0
43,1993,-0.3777206753855187,-0.2099547416255071,-0.4041643848794307,-0.1230696066932916,-0.2790910322005651,-0.5415295799690442,-0.0742538178313384,-0.3589829516843714,0.0
43,1994,-0.3602284335001646,-0.2099547416255071,-0.3961507674838983,-0.0527773494135724,-0.2794942376994428,-0.5415295799690442,-0.0742538178313384,-0.3395557599397054,0.0
43,1995,-0.3531031483128634,-0.2099547416255071,-0.3982526999155134,-0.0080596090718131,-0.28659065447969,-0.5415295799690442,-0.0742538178313384,-0.3438397633215898,0.0
43,1996,-0.3221001685501237,-0.2099547416255071,-0.3937817144724321,0.108061104172361,-0.2849878207383606,-0.5415295799690442,-0.0742538178313384,-0.3311123867651483,0.0
43,1997,-0.3297538991533357,-0.2099547416255071,-0.3891092938379879,0.094628825510629,-0.2914250992210324,-0.5415295799690442,-0.0742538178313384,-0.3354397273964423,0.0
43,1998,-0.3131966133129515,-0.2099547416255071,-0.3657953599506577,0.1287194388374323,-0.2777969695549446,-0.5415295799690442,-0.0742538178313384,-0.3173270575851047,0.0
43,1999,-0.3115871893383374,-0.2099547416255071,-0.3519269849278975,0.1482646172331888,-0.2828669814338618,-0.5415295799690442,-0.0742538178313384,-0.323117705359848,0.0
43,2000,-0.3015178445805888,-0.2099547416255071,-0.3414654920547134,0.1803100739095797,-0.2791443461287277,-0.5415295799690442,-0.0742538178313384,-0.2419560435715369,0.0
43,2001,-0.2986855555520849,-0.2095241456839444,-0.3215960999396924,0.2034222314157718,-0.2824618301711825,-0.5415295799690442,-0.0742538178313384,-0.2640748486425912,0.0
43,2002,-0.2659835917001274,-0.2077587023235372,-0.3054046516774077,0.2976226258834347,-0.2664465077557609,-0.5415295799690442,-0.0742538178313384,-0.2967897374168835,0.0
43,2003,-0.2409800482543968,-0.2073711659761308,-0.2952650172078147,0.3309257970340562,-0.2370608909975552,-0.5415295799690442,-0.0742538178313384,-0.2460944575111877,0.0
43,2004,-0.2242210668671758,-0.2070266892228806,-0.2835922857709124,0.3912069729405334,-0.2352384021426281,-0.5415295799690442,-0.0742538178313384,-0.2281784594961783,0.0
43,2005,-0.2183922221067128,-0.2065673868852137,-0.2538586999153579,0.4054797625632027,-0.2290129092399566,-0.5415295799690442,-0.0742538178313384,-0.2213002461096327,0.0
43,2006,-0.2008179072414436,-0.2033953301157016,-0.2302688873963781,0.4592405945151167,-0.2225938776978239,-0.5415295799690442,-0.0742538178313384,-0.2035556763122846,0.0
43,2007,-0.165128697503681,-0.2067970380540471,-0.1953653242384352,0.5675356727020747,-0.2101267636725259,-0.5415295799690442,-0.0742538178313384,-0.1733237234333278,0.0
43,2008,-0.1054429894749333,-0.201503578612436,-0.1584824413740546,0.7722208606389872,-0.2032883984115603,-0.5415295799690442,-0.0742538178313384,-0.1194937182928782,0.0
43,2009,-0.0819661452272198,-0.2040782552790201,-0.1393915407381157,0.8193613151231675,-0.1744672693517834,-0.5415295799690442,-0.0742538178313384,-0.0795782651201772,0.0
43,2010,-0.0661545554512893,-0.1959918070284526,-0.1032793664319941,0.8609622203018419,-0.1747487521911555,-0.5415295799690442,-0.0742538178313384,-0.0353581702500741,0.0
43,2011,-0.0430250478016975,-0.2004964147051208,-0.1011571911554473,0.9278296185912044,-0.1521342075338185,-0.5415295799690442,-0.0742538178313384,0.0066580797648256,0.0
43,2012,0.0025088319916537,-0.1798943078766852,-0.1053404510414411,1.0797253591278344,-0.1603081580399297,-0.540905526235455,-0.070329957326614,0.0297123521469534,0.00021958229106711522
43,2013,0.0295186700129484,-0.1717802368964665,-0.0869233535823541,1.0918885985296014,-0.125947430789288,-0.5391380287764371,-0.0592164696598518,0.0443560590280906,0.0008199472900662439
43,2014,0.0354555852946727,-0.1677270014155414,-0.0637183448989483,1.114597822930946,-0.1234656047364856,-0.53281529433449,-0.0194610341528399,0.0294288300718044,0.0030678082674761332
43,2015,0.0559336911173605,-0.1729139256799306,-0.0126920425502896,1.1987324276389288,-0.0942646366391279,-0.5335457745189093,-0.0240540718847689,0.0613046868759989,0.002658448751003336
43,2016,0.0345350163810457,-0.1699978926453529,-0.005255943351616,1.1083536614962035,-0.0778963267265869,-0.5332120806165186,-0.0219559058875436,0.0725779752193422,0.00271751878467921
43,2017,-0.0004726326099045,-0.1638166591978239,0.0115593089733793,0.922938383198584,-0.055692122467792,-0.5225049372444608,0.0453673625021835,-0.0093176971183978,0.007198451080987755
43,2018,-0.0101615440493117,-0.1683745746520575,0.0198982253731517,0.8933881020805808,-0.0594988662237958,-0.5077194400749474,0.1359148281263538,0.0088496991945599,0.01235946489315657
43,2019,0.0004726326099044,-0.1715580709204172,0.0354489122328336,0.9967097165418444,-0.0798432447984677,-0.4461829799420164,0.5246229042440511,0.0202169336479768,0.03413085678478496
43,2020,-0.0045550167585169,-0.1638451933555514,0.0279291499927455,1.0230793997346734,-0.1055921898800958,-0.4023785312025719,0.8004860494062691,0.0499060886275211,0.04724947398919487
43,2021,0.0051223679900073,-0.1516851496126219,0.0752424303454923,0.9807568136370944,-0.0857816876423782,-0.406666500954412,0.7722525483089601,0.0530128280314989,0.04554833240195548
43,2022,-0.0031077886364738,-0.187668100414084,0.0996675490611856,1.01318512361951,-0.0882619336917344,-0.3680033145026207,1.0137354043920568,0.069398741134049,0.05699708150690312
43,2023,0.0119843774967556,-0.1912185918969373,0.1522207579856646,1.075844959489784,-0.0721743991329173,-0.2344214586230464,1.853880738651415,0.099574501475014,0.09601847759077786
43,2024,0.010996967441981,-0.1942324974385234,0.1886502148855285,1.0792191695956217,-0.0721743991329173,-0.2518031208515866,1.744752450395562,0.1043693724232805,0.08989648240444256
44,1990,1.2181224794254966,1.3212587797696054,0.7556906889375515,0.7767521656148297,0.8082735571727752,-0.45649518233552,-0.0736363361947375,0.9208098908393096,0.011509466076935076
44,1991,1.248940752296417,1.3128042419695034,0.783830309365798,0.8798059591527883,0.8214503128760978,-0.4675545184894805,-0.0735064529286979,0.9680887394610832,0.009696024833672446
44,1992,1.1917238607314358,1.2261767890058102,0.7865058941902079,0.9027009737675724,0.8163215389303737,-0.4534831212712092,-0.0715206190449956,0.9586267657017774,0.011613868204134846
44,1993,1.1269214866239303,1.0437122047581626,0.805305052375465,1.054233448080867,0.8117411244631231,-0.4642699095900523,-0.0594528102798431,0.9630479445458028,0.010160793461098662
44,1994,1.1047695785347662,0.9687080827083292,0.787946593711044,1.1237431418548642,0.7983708301203392,-0.4515744599646408,-0.0512746315556482,0.9732852834409764,0.011749726041761572
44,1995,1.077093496174883,0.8983099550240707,0.8405956220971019,1.2365707449140109,0.7746623467863313,-0.4535564822432336,-0.0485763960370167,0.9597480569547564,0.011595441705109994
44,1996,1.135124211525878,0.825838697385615,0.910541802784992,1.5331177873658992,0.8046285794629207,-0.4695289315599515,-0.0437433226802721,1.0209051540215246,0.009115297371878033
44,1997,1.064343664113969,0.7017297165118765,0.9161819881431588,1.5925590666512397,0.7725979346320776,-0.4576377249616663,-0.0325278318915897,0.973815828764562,0.010953883913738955
44,1998,1.0728955226839934,0.7028135061001135,0.9349417350953232,1.6800366137000216,0.744002600651672,-0.4427131864435948,-0.0212114529767374,0.9935795284576496,0.012734939848030745
44,1999,1.0602512300650493,0.6011897344048197,0.9642987247235466,1.8249157733442507,0.7527118394274301,-0.4229006420419639,-0.0235457772932406,0.9929041438699112,0.015295068876796556
44,2000,1.0881627803169782,0.6527009518548545,1.000395035210636,1.9077998007035628,0.7179393972042185,-0.4243551277754531,-0.0191017321129572,1.0050198919165323,0.014988090347781488
44,2001,1.1341063788893266,0.7065675891866339,1.0100639243960652,1.8962803195117783,0.7092785430883259,-0.4329896560136917,-0.0191251967126058,1.0133997126687635,0.013808114884729217
44,2002,1.084155488717894,0.6370800748092327,1.0170878819383788,1.864186676502772,0.6987306872376857,-0.4173893637948836,-0.0029336919493727,0.9798982562684168,0.01614376059744154
44,2003,1.126184597356002,0.7049594738719239,1.0280660998676685,1.870860729409713,0.7117622889614125,-0.4245445990875719,-0.0032974753021509,1.008707668112846,0.014927929166424289
44,2004,1.1242662760072744,0.670370378086587,1.0329049234862822,1.9239323199263465,0.7256970710026253,-0.3928626650222211,0.0337244840692669,1.0001290588549905,0.019077262218784304
44,2005,1.1199507695750526,0.6870569248321426,1.074391814855284,1.8604842910937844,0.729858151751043,-0.3675230094543125,0.0861055888395074,1.0076669221372414,0.022219253243542236
44,2006,1.1258217308820253,0.7693431151487665,1.0598009005591564,1.7354253973251792,0.7145847274535562,-0.3486903288953729,0.1596462795561067,0.9845216305373218,0.025001007818053467
44,2007,1.0890842356774737,0.7060881085428211,1.0492299320384924,1.7608035109514937,0.674167408246057,-0.3345000055905086,0.2180681020810342,0.9274940615030112,0.027892856342641777
44,2008,1.0531995531251528,0.6388352280186894,1.0458142918371178,1.8243436419581505,0.6417013014764259,-0.3052764116667427,0.3439258141884283,0.9049516054680388,0.032331081287875485
44,2009,0.9063850424265968,0.489662817337711,0.9537058610733868,1.6634893297197235,0.5879136879261428,-0.2698642618736164,0.484921804439721,0.8190322074733147,0.039549681026786236
44,2010,0.96035560374306,0.5182352602623583,0.983167947323191,1.84059449112646,0.5833977863387128,-0.2741531179290055,0.5176212940113888,0.8700427207417127,0.03750436316907402
44,2011,0.8365641402859795,0.5153764604193747,0.9325420289025628,1.4357718888291435,0.5419321328341316,-0.1801310055661147,0.8920451435658241,0.7676925247718069,0.05469902838095677
44,2012,0.9102891767682668,0.70576802657899,0.93091741029396,1.3118365195948631,0.5298359678678011,-0.1179301242535038,1.2034886329747432,0.8064287354063178,0.06225134917533743
44,2013,0.8666032197048537,0.6627780544893942,0.9261880623228264,1.297869316385573,0.5067081004521771,0.0051760323980593,1.7881796403734582,0.7850883546658958,0.08164917589050681
44,2014,0.738199216474939,0.4921271536443201,0.8661341011412248,1.1450626603392675,0.5052404324362623,0.1548074075103591,2.26510439706586,0.7048697881661995,0.1107665339066713
44,2015,0.6867844456949143,0.3431003289859983,0.8648160143455662,1.1938304565485176,0.5386581041832449,0.3471949472232376,3.0283686834077126,0.7140370187629528,0.14032570593721974
44,2016,0.6053314104218942,0.0646939401715356,0.8652845701167803,1.3846990984748255,0.5646245383109677,0.3476294748307542,3.019012086642503,0.6829280561573677,0.14400302153354735
44,2017,0.5683618193285275,0.011252507618134,0.8462619852720943,1.343622138776599,0.5704562768516552,0.5105224127516074,3.898129533260372,0.6712737149285165,0.17204088214097582
44,2018,0.5486365741910426,-0.0237349733466516,0.8583387519126121,1.359694273130274,0.5514417829098217,0.6402913261289017,3.926015264460722,0.6659653502549727,0.1941215594411658
44,2019,0.5054031889467301,-0.0830875729033263,0.8463414032858023,1.336131365266258,0.5297875832079357,0.7690797010584688,3.926015264460722,0.6186123627610312,0.22417143949804363
44,2020,0.3853175079989804,-0.0947634371112747,0.7810244003516019,1.2205949823716404,0.3814886007207234,0.9863574744733156,3.926015264460722,0.5308740550571349,0.28300307461471763
44,2021,0.4421759143359806,-0.0903028984139588,0.7903858556447521,1.3130405572880004,0.4150675546672568,0.8665763933377832,3.926015264460722,0.5602438440185226,0.253773391693293
44,2022,0.4114710542163465,-0.1002581031202765,0.7369115647957837,1.165546549826914,0.4249218970598276,0.9349358743756128,3.926015264460722,0.5185848297935122,0.2766917548280067
44,2023,0.3582506182113699,-0.11608451008425,0.7224548712729107,0.9846823062519616,0.4171897906745085,1.1149687182014822,3.926015264460722,0.4728770024764179,0.3246160992338407
44,2024,0.3204372238090096,-0.1582848950470464,0.7344036759830094,0.9396307688100036,0.4029331732442909,1.2726484339877924,3.926015264460722,0.464055763754348,0.35867913370729926
45,1990,3.66857840692225,3.822677641028645,3.716784138579652,3.621502293173357,3.7943842562517074,-0.1241520943293366,0.060313542916938,3.73726390722949,0.019183396014485373
45,1991,3.66857840692225,3.822677641028645,3.716784138579652,3.621502293173357,3.7943842562517074,-0.146306981242735,0.0603470341110205,3.73726390722949,0.01816511883390276
45,1992,3.66857840692225,3.822677641028645,3.716784138579652,3.621502293173357,3.7943842562517074,-0.1759826707169058,0.0646150281802928,3.73726390722949,0.01680117247174241
45,1993,3.66857840692225,3.822677641028645,3.716784138579652,3.621502293173357,3.7943842562517074,-0.1576561734879286,0.0654720505764108,3.73726390722949,0.017643490196099298
45,1994,3.66857840692225,3.822677641028645,3.716784138579652,3.621502293173357,3.7943842562517074,-0.1818770422358577,0.0633633091930138,3.73726390722949,0.016530256892931895
45,1995,3.66857840692225,3.822677641028645,3.716784138579652,3.621502293173357,3.7943842562517074,-0.1440709242730853,0.0418878014714339,3.73726390722949,0.018267891905847444
45,1996,3.66857840692225,3.822677641028645,3.716784138579652,3.621502293173357,3.7943842562517074,-0.1158434862707098,0.0454346839523851,3.73726390722949,0.019565274108540906
45,1997,3.66857840692225,3.822677641028645,3.716784138579652,3.621502293173357,3.7943842562517074,-0.1371040463868051,0.0388082160237468,3.73726390722949,0.01858810174484303
45,1998,3.66857840692225,3.822677641028645,3.716784138579652,3.621502293173357,3.7943842562517074,-0.1849066918079301,0.0361437894515043,3.73726390722949,0.016391008923106444
45,1999,3.66857840692225,3.822677641028645,3.716784138579652,3.621502293173357,3.7943842562517074,-0.2056808819298291,0.0451136601350126,3.73726390722949,0.015436190971252154
45,2000,3.66857840692225,3.822677641028645,3.716784138579652,3.621502293173357,3.7943842562517074,-0.2340702123931655,0.0393097417362408,3.73726390722949,0.014131367909151496
45,2001,3.66857840692225,3.822677641028645,3.716784138579652,3.621502293173357,3.7943842562517074,-0.2825697259088838,0.0496781694475345,3.73726390722949,0.011902245816339222
45,2002,3.66857840692225,3.822677641028645,3.716784138579652,3.621502293173357,3.7943842562517074,-0.2204215123541157,0.0697962987939127,3.73726390722949,0.014758685929266343
45,2003,3.66857840692225,3.822677641028645,3.716784138579652,3.621502293173357,3.7943842562517074,-0.2102760857377358,0.0770719627260956,3.73726390722949,0.015224987402666663
45,2004,3.66857840692225,3.822677641028645,3.716784138579652,3.621502293173357,3.7943842562517074,-0.2199898363665555,0.0909850281668863,3.73726390722949,0.01477852650932691
45,2005,3.66857840692225,3.822677641028645,3.716784138579652,3.621502293173357,3.7943842562517074,-0.2233138454093154,0.1118205954156913,3.73726390722949,0.01462574926566399
45,2006,3.66857840692225,3.822677641028645,3.716784138579652,3.621502293173357,3.7943842562517074,-0.1999888578444899,0.1590582512033692,3.73726390722949,0.015697806309668633
45,2007,3.66857840692225,3.822677641028645,3.716784138579652,3.621502293173357,3.7943842562517074,-0.2305361582444376,0.1991953355577067,3.73726390722949,0.014293799191633769
45,2008,3.66857840692225,3.822677641028645,3.716784138579652,3.621502293173357,3.7943842562517074,-0.209035573987813,0.3046415900039413,3.73726390722949,0.015282003482781569
45,2009,3.66857840692225,3.822677641028645,3.716784138579652,3.621502293173357,3.7943842562517074,-0.1654090529853664,0.4203058092366777,3.73726390722949,0.017287154354399585
45,2010,3.66857840692225,3.822677641028645,3.716784138579652,3.621502293173357,3.7943842562517074,-0.1712086657649232,0.5290307071500504,3.73726390722949,0.017020594052253944
45,2011,3.66857840692225,3.822677641028645,3.716784138579652,3.621502293173357,3.7943842562517074,-0.0989197612274931,0.6772242608050725,3.73726390722949,0.02034311798060961
45,2012,3.66857840692225,3.822677641028645,3.716784138579652,3.621502293173357,3.7943842562517074,-0.1084593916302217,0.8170738927264402,3.73726390722949,0.019904659956054494
45,2013,3.66857840692225,3.822677641028645,3.716784138579652,3.621502293173357,3.7943842562517074,-0.0869813716270458,0.987157202498604,3.73726390722949,0.020891827154822924
45,2014,3.66857840692225,3.822677641028645,3.716784138579652,3.621502293173357,3.7943842562517074,-0.074745475261001,1.1018656218522176,3.73726390722949,0.021454210258028118
45,2015,3.66857840692225,3.822677641028645,3.716784138579652,3.621502293173357,3.7943842562517074,-0.065900741225935,1.210669269259072,3.73726390722949,0.02186072963551063
45,2016,3.66857840692225,3.822677641028645,3.716784138579652,3.621502293173357,3.7943842562517074,-0.0091497541653368,1.4685556281283636,3.73726390722949,0.024469103820638972
45,2017,3.66857840692225,3.822677641028645,3.716784138579652,3.621502293173357,3.7943842562517074,0.0615335224573021,1.7292355982483507,3.73726390722949,0.02771783029416992
45,2018,3.66857840692225,3.822677641028645,3.716784138579652,3.621502293173357,3.7943842562517074,0.0572584327008685,1.82165651615176,3.73726390722949,0.02752133972480095
45,2019,3.66857840692225,3.822677641028645,3.716784138579652,3.621502293173357,3.7943842562517074,0.0843106092642135,2.0192335828975527,3.73726390722949,0.02876470486528771
45,2020,3.66857840692225,3.822677641028645,3.716784138579652,3.621502293173357,3.7943842562517074,0.1533349752112774,2.4224200490748893,3.73726390722949,0.03193718491552767
45,2021,3.66857840692225,3.822677641028645,3.716784138579652,3.621502293173357,3.7943842562517074,0.165776603407114,2.723348225517801,3.73726390722949,0.032509023811868494
45,2022,3.66857840692225,3.822677641028645,3.716784138579652,3.621502293173357,3.7943842562517074,0.2203661541408615,3.0975028452086613,3.73726390722949,0.035018054619731245
45,2023,3.66857840692225,3.822677641028645,3.716784138579652,3.621502293173357,3.7943842562517074,0.2313207609695938,3.2201113962123133,3.73726390722949,0.03552154742470722
45,2024,3.66857840692225,3.822677641028645,3.716784138579652,3.621502293173357,3.7943842562517074,0.2755600436325487,3.557633067284585,3.73726390722949,0.037554861889236846
46,1990,-0.2082158058873094,-0.0816371510398142,-0.2900031796873384,0.3647996218937402,-0.2073849662801576,-0.1297425443322712,-0.0742538178313384,-0.1970072698459023,0.24433707655339884
46,1991,-0.2061688441139767,-0.0766135317215824,-0.2901870987751047,0.3898551965722809,-0.2162716154754218,-0.15306319854943,-0.0742538178313384,-0.1928357859855535,0.22762515271676628
46,1992,-0.237571963237973,-0.1136160762998728,-0.3035475067935578,0.3883719362120873,-0.2436608811675843,-0.1111020657366696,-0.0742538178313384,-0.215916764531191,0.270904906823144
46,1993,-0.2276082706340068,-0.135418584140999,-0.3076856862682999,0.4466878611185839,-0.254753933752765,-0.0192200419455698,-0.0742538178313384,-0.2020171134790568,0.31468898061294526
46,1994,-0.2460514924530444,-0.1347726902286549,-0.3126821548192849,0.4045806989564732,-0.2672934312292215,-0.0192232437074751,-0.0742538178313384,-0.2210514715276958,0.3342429760853971
46,1995,-0.2744958884853683,-0.1664932579237758,-0.3180683566752985,0.4062031610961611,-0.2821076222045285,-0.0865734821952941,-0.0742538178313384,-0.236053441375648,0.30613737843170086
46,1996,-0.2730013513325779,-0.1611969278425543,-0.3155416587314612,0.4430409809933228,-0.2857122277541911,-0.0403015277096832,-0.0742538178313384,-0.2262694854390716,0.3263132673180793
46,1997,-0.2660772378460903,-0.1698806126640693,-0.3133302506523662,0.4585489132871443,-0.2758008753297232,-0.1039742209159534,-0.0742538178313384,-0.2218110930640369,0.28070387475057085
46,1998,-0.217596488628023,-0.1680434033134016,-0.3140133786926411,0.605482988325587,-0.2758573240995661,-0.1038645632288872,-0.0742538178313384,-0.1866080827179047,0.2517662752321513
46,1999,-0.2142591929932328,-0.1683591736705476,-0.3157606100264211,0.6374454924774388,-0.2795748787992183,-0.1038439247786269,-0.0742538178313384,-0.176873436668472,0.24478480822747267
46,2000,-0.2160819304028401,-0.1739712741089152,-0.3095861835085519,0.6179857059719488,-0.2823166761915865,-0.1038593925313764,-0.0742538178313384,-0.179824276338169,0.2468545769997061
46,2001,-0.2121218102595002,-0.1720048859757787,-0.3101029085646573,0.6362884207936086,-0.2844456012256607,-0.1038436004979708,-0.0742538178313384,-0.1764773734190591,0.24450867410929614
46,2002,-0.2000037130486701,-0.1716460560244765,-0.3055312055258945,0.7009282883558514,-0.2869938599785677,-0.1038485011080052,-0.0742538178313384,-0.1618273102868675,0.23470607982991062
46,2003,-0.2070993565732891,-0.1831716740603055,-0.3051721254021603,0.6381377836535839,-0.277429825545189,-0.0033702405778229,-0.0742538178313384,-0.1650337151382228,0.29114141000127464
46,2004,-0.2125132912443577,-0.1626466008458154,-0.3029300641417709,0.6030450254788455,-0.292533903533147,0.0871620027264841,-0.0742538178313384,-0.1676324680884157,0.3425760774457028
46,2005,-0.227061952190967,-0.1642398058295975,-0.305894664675528,0.5679516573559344,-0.3108313690722164,0.0704381928153066,-0.0742538178313384,-0.1926475396496802,0.35838599542358607
46,2006,-0.2186366323599268,-0.1609672766737208,-0.2994750127073036,0.5931400771005029,-0.3105894457728897,0.0860805400480614,-0.0742538178313384,-0.1839333052263227,0.35821995424568986
46,2007,-0.2173669429189255,-0.1581684030535631,-0.3068273971920571,0.6079118019497362,-0.3186374275304884,-0.0853769984824221,-0.0742538178313384,-0.185062718251976,0.2612165160931189
46,2008,-0.2196692950643631,-0.1594601908782512,-0.3051414722208659,0.6511467582833822,-0.3214243839387309,0.2607657081522515,-0.0742538178313384,-0.1717592655136657,0.4422469615178469
46,2009,-0.25086245987829,-0.1551685846606761,-0.3024396132410607,0.5034740360076608,-0.3195325437379968,0.1101423435137369,-0.0742538178313384,-0.2250081088324676,0.4224863394066962
46,2010,-0.257424591516219,-0.1566613172580935,-0.2958710743922637,0.4919191778218532,-0.3265483194184686,0.1903875576532086,-0.0742538178313384,-0.2294613037889681,0.4816038741052479
46,2011,-0.230807763169114,-0.1539055032320921,-0.2932392798268457,0.6150976013736699,-0.3310884133358313,0.1402618357185938,-0.0742538178313384,-0.2020538402269728,0.4108224219155543
46,2012,-0.2251224668464309,-0.1533457285080605,-0.2928539255477162,0.6536914620603661,-0.3368623160797597,0.2034239258728109,-0.0742538178313384,-0.1946957541085072,0.4389524882378364
46,2013,-0.2402334629574926,-0.127893288521476,-0.2946249459396937,0.5305862323136853,-0.3267257298379747,-0.1771625396135386,-0.0742538178313384,-0.2068536727407931,0.22284231464079898
46,2014,-0.2405727898398202,-0.1343920521717642,-0.2663411132410219,0.4829350727746205,-0.3309276472393188,-0.1614619164506144,-0.0742538178313384,-0.2298614233274113,0.2504221356696426
46,2015,-0.2501107515348794,-0.1491599627729214,-0.2619358131864286,0.4523051431951504,-0.3275164964623737,-0.1268140482228642,-0.0742526715812747,-0.2320692711485613,0.2752943711976062
46,2016,-0.2327579201275804,-0.1381212590969248,-0.2579193706316842,0.5151171372864684,-0.3265726891588207,-0.1333340270337764,-0.0741415772868824,-0.2326970914055776,0.27154367123523854
46,2017,-0.2393096190332324,-0.1421230232345624,-0.2474403616549033,0.5012581000293364,-0.3263317012962515,-0.0828733377223124,-0.0739992579971346,-0.225986498737908,0.29831745271514665
46,2018,-0.2509141264539802,-0.1130314131304189,-0.2326773236151713,0.4250029652216333,-0.322800807661484,-0.2118335183836551,-0.0741835161065825,-0.2463852172216347,0.2300087366744412
46,2019,-0.2372876409997601,-0.1281693564974901,-0.2294727454556968,0.4614233302092629,-0.3201148047348162,-0.1829304550172729,-0.0688271413921694,-0.2289087853390008,0.2355225496463063
46,2020,-0.2471477052476818,-0.0950664911460843,-0.2410234421988402,0.3999871698006079,-0.3163320017085135,-0.2784886682932345,-0.0690430448783409,-0.2328026479178448,0.17504524958815795
46,2021,-0.1885443206199149,-0.1118031525603093,-0.2157781039064614,0.677465071031148,-0.3139961612893472,-0.2961606271971763,-0.0588333715185331,-0.1827516499403842,0.1395685726639539
46,2022,-0.206582378892794,-0.0928332052951692,-0.2105368828399185,0.5454349899330586,-0.3077148486174112,-0.2164473175891132,0.0544792444340251,-0.1945221621692696,0.19144985632845346
46,2023,-0.1988631814312868,-0.0553684108233392,-0.2194810188331306,0.5213875021311836,-0.3025741722976535,-0.2047560313153893,0.1028069571681686,-0.1874466455674189,0.1942065260232174
46,2024,-0.1817130937324512,-0.0322934813307534,-0.2118046768847939,0.5696206511932738,-0.3051270591139245,-0.1607545598926717,0.0949330055032133,-0.1689787186427191,0.20826498594740692
47,1990,-0.50145357500177,-0.1569770876152395,-0.4626243806337242,-0.5643799186365742,-0.3408782428485815,1.616553752176194,-0.0742538178313384,-0.3927965491227935,3.1438595197275667
47,1991,-0.4979331866368029,-0.1478628068521618,-0.4610917215690049,-0.5643927275482032,-0.3424910648440922,1.852611687334944,-0.0742538178313384,-0.3916174248163216,3.4574453473606517
47,1992,-0.4961483436998823,-0.1522405322580495,-0.4592306355618458,-0.5644537223654847,-0.3356043149232613,2.0443058473219966,-0.0742538178313384,-0.388858907007677,3.6598931116183864
47,1993,-0.4864613098496864,-0.1533600817061126,-0.4554734313403339,-0.5644537223654847,-0.319024504809411,2.05619503006388,-0.0742538178313384,-0.3791846837105936,3.43664783596853
47,1994,-0.4814210378535527,-0.1494990714301002,-0.4493427950814566,-0.5644537223654847,-0.3139602437435073,2.0581006910362527,-0.0742538178313384,-0.3791022957742446,3.4372575641254954
47,1995,-0.4756895805215979,-0.140944565391054,-0.4407380091895326,-0.5591673015516971,-0.3127828836867844,1.978886751573825,-0.0742538178313384,-0.3735207877607748,3.2116001914626495
47,1996,-0.4615001998392195,-0.1285577554720995,-0.4312048698069785,-0.5566903020218954,-0.3009125137998254,1.9309777946561173,-0.0742538178313384,-0.3622750706473763,2.9359161418554995
47,1997,-0.4387047474143007,-0.0934928926308413,-0.4227708659251231,-0.5503059744970408,-0.2939773792191292,1.5856296782207333,-0.0742538178313384,-0.3426343643966272,2.2572637358159735
47,1998,-0.4296083993782699,-0.0926604071438201,-0.4121561071454671,-0.5409341208217382,-0.2812522136745494,1.2432749565512218,-0.0742538178313384,-0.3347721943195177,1.8166445799403563
47,1999,-0.4293483982873665,-0.1016024495302727,-0.4041643848794307,-0.5376910263868809,-0.2726397442185221,1.4982633662614966,-0.0742538178313384,-0.327768553558326,2.003323642514896
47,2000,-0.4171372686431587,-0.0978849712347812,-0.3904054855041505,-0.532685791680761,-0.2602371430730445,1.3697810624949978,-0.0742538178313384,-0.3146373579728542,1.7612564220037772
47,2001,-0.403269947723948,-0.0811778487021473,-0.3770319404079998,-0.5326339460860717,-0.2486893375851877,1.5341382397658612,-0.0742538178313384,-0.3023474940347934,1.808233981608013
47,2002,-0.3774449758835568,-0.0685613876143594,-0.3581057904716659,-0.4987976811473323,-0.2312708600336717,1.2321371529711287,-0.0742538178313384,-0.2871981839913937,1.4476705718283684
47,2003,-0.3677474101009275,-0.0606814818837615,-0.337230974010189,-0.4876045222280042,-0.221706825600293,1.077026112790348,-0.0742538178313384,-0.2702510042791621,1.2339863360026584
47,2004,-0.327435468666535,-0.0217269023703867,-0.3163824317041073,-0.461027860442109,-0.1989660354635916,0.8037583435640352,-0.0742538178313384,-0.2458273257315625,0.9366650410886804
47,2005,-0.3111709048806459,-0.0007712332143339,-0.2834828101234325,-0.4313276540632281,-0.1995950360418407,0.5635301038843856,-0.0742538178313384,-0.2374074951300131,0.7470610620661854
47,2006,-0.3050600735798391,0.0131944284903505,-0.2539988287441322,-0.4191280806587553,-0.2054011952256794,0.6383587635557483,-0.0742538178313384,-0.2270830550781208,0.7702211048048287
47,2007,-0.2795120946169509,0.0290834187340151,-0.2211692715778447,-0.4095897111322743,-0.1758381680479676,0.6605063130765693,-0.0742538178313384,-0.203262842331976,0.7270046383905318
47,2008,-0.2455361363719352,0.0862665597735454,-0.1927187403107552,-0.3840304428986344,-0.1800798898961608,0.6963682502735399,-0.0739549342620827,-0.179319162796524,0.6971853344265344
47,2009,-0.2059249155279292,0.1130783337348512,-0.1529703222237348,-0.36296405290595,-0.1509039399973715,0.7190720982750278,-0.0716163836925832,-0.1630156034654094,0.6782013211586525
47,2010,-0.154338972863476,0.1814856756511166,-0.1146275714503569,-0.3339390591543753,-0.1261148659263715,0.4882178521182929,-0.0627574766182864,-0.1369425211526818,0.5170031253687571
47,2011,-0.1421748732108491,0.2349513383951553,-0.0802347020380557,-0.3499355599346215,-0.1442429851559122,0.84052307444866,-0.0559618890141376,-0.1159183590347324,0.6584263976487065
47,2012,-0.1659166192100649,0.1936284812031855,-0.0332389960878625,-0.3302720507394115,-0.1585164598161822,1.0353366051717072,-0.0571467351070352,-0.1161593960501209,0.7516782663344399
47,2013,-0.1517830780969426,0.2271001390606616,0.0150529015284931,-0.3226104917406822,-0.159242229714162,1.063148687993427,-0.0583372341524401,-0.1040212204517689,0.7430026804091135
47,2014,-0.122632485065769,0.2602990861551479,0.0734866231273915,-0.3108756988438945,-0.1383239284323878,0.9971154969582556,-0.0273196824093969,-0.0514473384255871,0.63372381783067
47,2015,-0.0560918514793224,0.3373901128929283,0.1394172370657168,-0.2983516330114841,-0.0839556989637207,0.6872964745423255,-0.0392340614169477,-0.0491258826523103,0.5036613550159686
47,2016,-0.0386674833925717,0.3458872061397661,0.2099545862499985,-0.2952848135985702,-0.0537281891238585,0.7419981242053424,-0.0475653198860773,-0.0005928943529626,0.4776108387267685
47,2017,-0.0497394680467652,0.3373039937046158,0.2750356691638795,-0.3445527673095291,-0.0630954592737849,1.0266349358900062,-0.0444151194940356,-0.0026139441121989,0.5857739566865746
47,2018,0.1948205516653665,0.8134257164174952,0.3540683285926053,-0.3302174603779446,-0.0369790327004795,0.8453293211747054,-0.0312442031909194,0.086210635329688,0.4430508896922474
47,2019,0.3790615985923919,1.168990827777134,0.4168981056358652,-0.3225563893377535,-0.0264327896718347,0.8148821922645231,0.4260644686514154,0.1828190080673088,0.3743762069989648
47,2020,0.4025299063536137,1.253544235966461,0.4549698433619261,-0.3565431309305191,-0.0443804018636379,0.6990159595581891,0.875110572234784,0.1648379732883359,0.35129109151850263
47,2021,0.3467661601613793,1.2155055668281,0.4890629991046085,-0.3882769283055439,-0.0787257043095583,0.9980225538480216,2.620232454409663,0.179835577135881,0.4267164857078157
47,2022,0.3478690938562241,1.1567931670230662,0.497469082553798,-0.3720905982350579,0.0367386211312475,1.1711174479433095,2.7417645697479696,0.1961109537727707,0.464014043843147
47,2023,0.5100146028782877,1.483913506786985,0.5399966319096059,-0.3866659140587125,0.0511880299216057,0.8535561188188039,2.71543477995079,0.2643155621964974,0.3454118759050858
47,2024,0.6551312779337887,1.6668652042757826,0.6351165565511909,-0.4139914767585172,0.1690200615363545,0.8202179448022874,2.545312767820216,0.3331793771176763,0.3101764598271228
