country,year,co2-emissions,coal-lignite,electricity,natural-gas,oil-products,total-energy
0,1990,-0.3962702706070942,-0.1946685857000303,-0.4347956710443209,-0.225987991736885,-0.2538929695193694,-0.3825976971902437
0,1991,-0.3866067738568754,-0.1949987092552284,-0.4334250359378719,-0.1981286089435598,-0.2472519225364322,-0.3689280396561484
0,1992,-0.3782425747397512,-0.1959603735247185,-0.4286343816041492,-0.1881773045040832,-0.2375097217558339,-0.3620546779797132
0,1993,-0.3698953344546783,-0.1987736003429283,-0.4288839860804035,-0.125718611607827,-0.2483387827158586,-0.3493631014801949
0,1994,-0.372794849475085,-0.197295220943563,-0.4273688431192809,-0.1212702595834871,-0.2596061390220445,-0.3425326308594109
0,1995,-0.3746283566313083,-0.198888425927345,-0.4246450890099798,-0.1201973607475055,-0.2643397107874789,-0.3502057147501681
0,1996,-0.3799647431737329,-0.2016155335572423,-0.4221446652215377,-0.1285207135137389,-0.2664511067565347,-0.3529416383694583
0,1997,-0.3784806496006759,-0.202189661479326,-0.421089319979831,-0.1095153383969964,-0.2703800119727832,-0.3429830948271608
0,1998,-0.3666670138510205,-0.1981851192227926,-0.4167497053137258,-0.0907240550889119,-0.2627359916417757,-0.3294054257020839
0,1999,-0.3551943027577189,-0.1976971104890215,-0.4110701087224659,-0.0627750099141828,-0.2563124351057781,-0.3467763896392056
0,2000,-0.3165300707383089,-0.1988597195312409,-0.4040943204650435,0.0378780276155758,-0.2294824143568864,-0.3120374962886848
0,2001,-0.3535291146378065,-0.19809900003448,-0.401650824013291,-0.0622345958330686,-0.2500529307422115,-0.3338045469530026
0,2002,-0.3447809049742033,-0.1952427136221139,-0.3969521292234516,-0.048893810373176,-0.2368789767290153,-0.3244732111048091
0,2003,-0.3399891614693282,-0.1941662237682071,-0.3883648594351243,-0.0388833394812022,-0.2316474864798013,-0.3158744730226487
0,2004,-0.3291806066964723,-0.1990032515117618,-0.3842135428826845,-0.0134850975596956,-0.2240510948809457,-0.3088549228195567
0,2005,-0.3174726047034748,-0.19652014824875,-0.3770056662526046,-0.0158956132479677,-0.2078510036447798,-0.3147796327941153
0,2006,-0.3031938862726022,-0.1946685857000303,-0.3718690688728453,0.0467637525971447,-0.2146749216998661,-0.2895291550565678
0,2007,-0.2904954721913632,-0.1927883167552064,-0.3648013210715397,0.0697386704225676,-0.1960952123115824,-0.2749887737939362
0,2008,-0.2804711279329632,-0.1928026699532585,-0.3560345112213453,0.0710506689422928,-0.1749188595105265,-0.2720213422022861
0,2009,-0.2611910010423997,-0.2006825756838564,-0.3650771997031892,0.1011296531364913,-0.1582261518569903,-0.2487021601428638
0,2010,-0.2578655686607737,-0.2026489638169929,-0.3405853078489746,0.0962805651626122,-0.1564681758818836,-0.2539459022133292
0,2011,-0.2354424563753774,-0.2036536876806392,-0.3293312112880358,0.1508227407239026,-0.1449042421740716,-0.2420962546615761
0,2012,-0.2064131395620198,-0.2037254536708997,-0.3079265326927558,0.2501698792156643,-0.1217118618786271,-0.213917446148542
0,2013,-0.1956917021026204,-0.2056200758137757,-0.2975000720267653,0.2694448514247909,-0.1071480792591652,-0.2030232625324268
0,2014,-0.1714628873454396,-0.2067109188657346,-0.2861540159219433,0.3469735338267876,-0.0977775834652478,-0.1744893591374586
0,2015,-0.1495611629478951,-0.2068831572423597,-0.266509705738141,0.4149022419368484,-0.0903102176260331,-0.1581089098871523
0,2016,-0.1599539429911791,-0.2099547416255071,-0.2572480659613372,0.4050951634025228,-0.0961325050298268,-0.1616688567437572
0,2017,-0.1523233676460041,-0.2047273068949356,-0.2387072703041327,0.4385588988350267,-0.1034224604495354,-0.1476741036025108
0,2018,-0.131480025742229,-0.2012897159614599,-0.2315563210107424,0.5230519694742243,-0.0968711775037708,-0.1248238822275955
0,2019,-0.1171368815727133,-0.2027632081315335,-0.2125995178931142,0.5577060529230745,-0.0888377111441318,-0.1084368016559463
0,2020,-0.1453682758044126,-0.2067071941761951,-0.2278472860741217,0.513983808994167,-0.1261817819109653,-0.1360090640392594
0,2021,-0.1150336585161362,-0.2033393526432984,-0.2076774927824156,0.6206830187817715,-0.1228925282204407,-0.1036272590361157
0,2022,-0.0864995665697279,-0.2057509626268127,-0.1818630650422288,0.6916892771229504,-0.0969514637827072,-0.0750913696565979
0,2023,-0.0869759863265986,-0.2062156315894902,-0.164172663110978,0.7180895888455052,-0.084054711464918,-0.0884607201208886
0,2024,-0.0861410355160314,-0.2062156315894902,-0.1448628214613724,0.7400760456091223,-0.0937706432171011,-0.1148643227103337
1,1990,-0.2336492615785941,-0.1933075911014395,-0.3106590448538553,-0.0558680259847827,-0.068480729978387,-0.2168994300347426
1,1991,-0.2450211965229415,-0.1935622933527816,-0.3064508009647261,-0.0628829417034543,-0.0800411606368248,-0.1993009058534634
1,1992,-0.2167027560831622,-0.1897023791740069,-0.2939399239707174,-0.0128060419044916,-0.048377889238585,-0.1874192589035001
1,1993,-0.2045187555811465,-0.1921854819328712,-0.2771288435436961,0.0135343197898535,-0.039494767285025,-0.1959994206015969
1,1994,-0.1904784277112686,-0.1853103000659196,-0.259897376630352,0.02422471475868,-0.032536903203946,-0.1857848468377239
1,1995,-0.1913858625749373,-0.1873915147917676,-0.2454422121370993,0.0441647704247685,-0.0370628736390941,-0.1647110442162847
1,1996,-0.1606941463474536,-0.1878508166252871,-0.2309520154366531,0.1722288281694813,-0.0382575989502426,-0.1449844988049411
1,1997,-0.1731146816968412,-0.1900037968372482,-0.2137555807305025,0.1450534543691859,-0.0444299767861359,-0.1275562621149087
1,1998,-0.1566986513124403,-0.1897310855701111,-0.1923509021352225,0.1692652084042196,-0.0246211938166653,-0.1186970532362695
1,1999,-0.1345979130295944,-0.1887550686067163,-0.1794283967066892,0.2339792337005727,-0.0186365162046095,-0.1010047324973888
1,2000,-0.134554978560933,-0.1927452566569027,-0.1634843634077092,0.2776905222446461,-0.018813818565042,-0.1056399633205593
1,2001,-0.180781630723693,-0.1957004584826884,-0.1574150335114207,0.2229657807308134,-0.0710531229996349,-0.1289534100033935
1,2002,-0.204266885903686,-0.1983286448636231,-0.1650170224724285,0.2064934314541294,-0.1037611530685926,-0.1544991136629624
1,2003,-0.1781513135042762,-0.1966923866253751,-0.1413483874872632,0.2951742323530086,-0.0916004752224416,-0.1249734634255241
1,2004,-0.1294586739821995,-0.1939365720952263,-0.1164755203798185,0.3681625664235016,-0.0446028422732587,-0.0657827612455579
1,2005,-0.1077043995833232,-0.1910372270896922,-0.0944533991327516,0.3886520986103806,-0.0147172506964447,-0.0554605110741006
1,2006,-0.0888843172135345,-0.189085191160926,-0.0576476864499923,0.4268918097329986,0.0137490575243197,-0.0221757714770534
1,2007,-0.0733077511457168,-0.189659320083998,-0.0623069700067389,0.4849334413986029,0.0019109440772709,-0.0243752391246202
1,2008,-0.0409985855449461,-0.1885828307269321,-0.0210171348032008,0.5019290372859201,0.0390864910737934,-0.000588186657802
1,2009,-0.0699950360709147,-0.1924438395051153,-0.0239291870261675,0.4830316229957658,0.0155715463792469,-0.0144195909843992
1,2010,-0.050401899388382,-0.1883675312583215,0.003991482107119,0.4831792304535871,0.0397961327518181,-0.0061287804535457
1,2011,-0.0254759400400951,-0.1844204022981439,0.0181488728392261,0.5344051177992821,0.0567307637046809,0.002241091282398
1,2012,-0.0074615405763118,-0.1831573213590943,0.0350519128101305,0.5739078012634728,0.0761813969705404,0.0041971302485557
1,2013,-0.0048890758122812,-0.1847505258460355,0.0397462285740707,0.5150594849241792,0.0902935894312594,0.0161379321038841
1,2014,-0.0185436586120617,-0.1791814854986652,0.0630470253837034,0.5316965026498176,0.0703913660066569,0.0227308061446825
1,2015,0.004089530562619,-0.1804732738275007,0.0756542409474946,0.5434403050910663,0.0986641355879601,0.0335365147875026
1,2016,0.0013654295507408,-0.1869322119499533,0.074160993115868,0.5504850631492585,0.0958900817556817,0.0337717157173459
1,2017,-0.0090201152528891,-0.1861140796609841,0.0751243788136916,0.5754596490932461,0.0724073935010453,0.0264430649943845
1,2018,-0.0437370239892336,-0.1839611004500114,0.0739989691575977,0.5253405932202823,0.0352479747244779,0.0134803367329272
1,2019,-0.0689765853792278,-0.1950561225442777,0.0603145132226039,0.482336529717715,0.0200229350868565,0.0141192745856548
1,2020,-0.0958869171798444,-0.1909896888009028,0.0555102663924901,0.4401976892873008,0.0119063494941894,-0.0286276348876851
1,2021,-0.0167885611909838,-0.1827410786228902,0.075400257445341,0.663884549955547,0.0439624390435013,0.0253316889980797
1,2022,-0.0437430026849818,-0.1816358813718908,0.055033407988171,0.4628100112224301,0.0560630392703195,0.0221142653927511
1,2023,-0.0678003501795266,-0.1855476467318223,0.0545035458543681,0.4262805106618123,0.0472151139311676,0.017701830067075
1,2024,-0.0890796372622649,-0.1924239753287301,0.0519377716753572,0.4216214195399017,0.0248645679477154,0.0089899569331922
2,1990,0.2974051884211482,1.140681195076249,0.0984996190636106,-0.1385324028223246,0.1172922296361091,0.0905476684894413
2,1991,0.2995280307683154,1.1962567779339452,0.1099288766605175,-0.1664375317286109,0.1080991442616979,0.0809730912455209
2,1992,0.3154250636555601,1.235699366181091,0.1170097615395206,-0.1521067994083224,0.1054541161890604,0.0958969331683752
2,1993,0.3244331458654906,1.2099640820736923,0.1350688643478132,-0.1369453176766599,0.1171954603163785,0.1231511399718534
2,1994,0.3283149723488183,1.2172555066841542,0.1517485739978585,-0.1180912097067754,0.1301625491602849,0.123888218928998
2,1995,0.3586753339297912,1.249851619460453,0.1719796736521533,-0.0846483613395017,0.1486132327889278,0.1375224721313558
2,1996,0.4131142980183709,1.3579312007926978,0.1896183899741229,-0.0838542088184965,0.1679993531749668,0.1847549815709639
2,1997,0.4385171795178957,1.4403472640078037,0.2123849456240535,-0.0799609096314184,0.1699669960094899,0.1919364424649496
2,1998,0.4936609900354244,1.5853432707300268,0.2548965290534679,-0.0604017015737597,0.1769182588101412,0.2114295456918565
2,1999,0.5140064955111253,1.6220300449511709,0.2785564059868347,-0.0405430089632488,0.1841598295699844,0.2289854703156125
2,2000,0.5305472293529601,1.625403046493412,0.29780222481381,-0.0140291718391537,0.2015944353414555,0.2385244412009946
2,2001,0.5165860421818914,1.6282162733116214,0.3336357937469474,0.015325193925741,0.1977559189921399,0.2130756089656759
2,2002,0.5413990969293019,1.656161949919043,0.3761429981504625,0.0724474502580389,0.1893369881755739,0.2392635896398647
2,2003,0.5095732146134083,1.660117339934418,0.3588414668227312,0.0331039632669528,0.2276737670088641,0.2322615163709309
2,2004,0.5483013883576155,1.7371869913008828,0.3784376077216423,0.0524753072873844,0.2478662983926586,0.2433248280873246
2,2005,0.5493929359847991,1.7645785456337104,0.3801629439259263,0.0457841758316038,0.2518822251614804,0.2461319758076326
2,2006,0.563239948700394,1.8029711507001416,0.3970440887673346,0.0472206037785832,0.2575593585856781,0.2744009996483654
2,2007,0.5940581431205989,1.8147993591153777,0.4392141081766116,0.1323126435234854,0.2657363661029175,0.2984423360439042
2,2008,0.6066719252081826,1.802744245068476,0.4429975865535187,0.1557993078658999,0.2843967165909769,0.3311183074806182
2,2009,0.625036333268323,1.8641543718525613,0.4760066837816734,0.1764430037748238,0.271494140626891,0.3308250061571405
2,2010,0.6512378600257797,1.7013435696961667,0.4859602096505504,0.1950470329938541,0.3053311460927063,0.3599978412083968
2,2011,0.6479895792940326,1.6313883300811336,0.4986155944992327,0.2049257536007659,0.3409261275336283,0.3620360586226248
2,2012,0.6517348679481596,1.612571287434843,0.4888722618735172,0.2399105509489159,0.3598767859808794,0.3531496363903226
2,2013,0.6268618660765528,1.4561357818651044,0.4879307713051896,0.2650733528702262,0.3829562687366381,0.3666340563494242
2,2014,0.5988289959986256,1.3833076549487942,0.4877468522174233,0.283454141058006,0.3769726991332933,0.3593765288370017
2,2015,0.6118468040791453,1.4545856364754777,0.5053899475652921,0.2914902082348435,0.3541996525566817,0.3594573477341173
2,2016,0.6252250778921834,1.4888467202258195,0.5238387836786134,0.2985503583351778,0.3568285524093641,0.3514293278577665
2,2017,0.667609164203658,1.504419940112338,0.5254486274538319,0.329387237901145,0.3662884146700527,0.3782287249438153
2,2018,0.6576188525694887,1.3745378509389674,0.5417201199305282,0.3588587387230952,0.3866140683813567,0.3795494136650003
2,2019,0.6513046373415785,1.3208568902241469,0.5565916027950434,0.3785285011069729,0.3849844891653126,0.3950024816074232
2,2020,0.6016496637608529,1.2381681162460507,0.5615613724251208,0.41264054435288,0.3456531959049306,0.3936535326775979
2,2021,0.5777958795716208,1.2116290530477352,0.557551997618178,0.3756650298756015,0.3418986914533612,0.3692884135932681
2,2022,0.5572162944896427,1.1530249454010475,0.577710098910733,0.3749948389516016,0.3382020873114306,0.3494658708774818
2,2023,0.5687363441151828,1.1012019812040108,0.5918624708321735,0.3834556527874726,0.3856540190052908,0.3587285704477633
2,2024,0.5737678621311062,1.1163986811076154,0.6145657286185059,0.3476992422302348,0.3990512173299048,0.3640869209521553
3,1990,-0.3884495603647913,-0.207084102015089,-0.4134435407598313,-0.1508648219680967,-0.2598178093542118,-0.3697565037848447
3,1991,-0.3934341498407158,-0.2078017619176935,-0.4121123168864751,-0.15058631672017,-0.2628337864858168,-0.3712806550863725
3,1992,-0.4402848586284155,-0.2099547416255071,-0.4271017225394299,-0.4926170763121979,-0.2183692404730291,-0.3827124010265178
3,1993,-0.4165211585036343,-0.2098686224371946,-0.4236072598718699,-0.3930582858044693,-0.2243528294302379,-0.400696125233268
3,1994,-0.4442514838257548,-0.2098399160410904,-0.4269178034516636,-0.4053389823159266,-0.2665923278308411,-0.416433230603885
3,1995,-0.4568959123125387,-0.2099547416255071,-0.4303816129379292,-0.4207596920210354,-0.2786075146175989,-0.4390835345981281
3,1996,-0.4650235856157643,-0.2099547416255071,-0.4294970497062912,-0.4189182584873069,-0.2918493686551265,-0.444299832364967
3,1997,-0.4723970418825252,-0.2099547416255071,-0.4322251828414916,-0.4273135851379326,-0.3005423292184838,-0.447993865470323
3,1998,-0.4684994309937741,-0.2099547416255071,-0.4236116388977691,-0.4330409984806655,-0.2910752108716373,-0.4437194613219706
3,1999,-0.4701743249529165,-0.2099547416255071,-0.4236028808459707,-0.4195343061418501,-0.2964619347288575,-0.4495634211700255
3,2000,-0.4651296286096568,-0.2099547416255071,-0.4223242052834048,-0.4228664530099385,-0.2868487059989718,-0.4474228455616459
3,2001,-0.4706894771215937,-0.2099547416255071,-0.4195479028633134,-0.3589475441879631,-0.3257015878708254,-0.4479620182843876
3,2002,-0.4728239070302168,-0.2099547416255071,-0.4225081243711712,-0.3583723630609986,-0.3292014116010838,-0.4473205875614338
3,2003,-0.4638815850739928,-0.2099547416255071,-0.4134785729670249,-0.3530139683628188,-0.3168310668955164,-0.4421496963412131
3,2004,-0.4587328152998398,-0.2099547416255071,-0.4109956652821796,-0.333544422686564,-0.3120087291289392,-0.4374053481353632
3,2005,-0.4549464535624003,-0.2099547416255071,-0.4064020671139209,-0.3346874655624193,-0.3050897227681982,-0.4331290137431157
3,2006,-0.4514973229479185,-0.2099547416255071,-0.3995094803485832,-0.310672586102347,-0.3121054984486699,-0.431085951420857
3,2007,-0.4689738911043213,-0.2098399160410904,-0.4159264484446766,-0.3469498026338748,-0.3256532032109601,-0.4433275701731624
3,2008,-0.4623136276790093,-0.2098686224371946,-0.4169161082978953,-0.308094335175858,-0.3265563835284461,-0.4345850361172401
3,2009,-0.4760157932669634,-0.2098686224371946,-0.4309377492271274,-0.3320818889577882,-0.3358946228824533,-0.4442701173610803
3,2010,-0.4783758135910729,-0.2098255628430383,-0.4310121926674137,-0.3424131301141114,-0.3357446304368708,-0.4473274666123027
3,2011,-0.469798467492875,-0.2098399160410904,-0.4259850709351344,-0.329162555013061,-0.3282385568697639,-0.4411361438331643
3,2012,-0.4649075268227533,-0.2098686224371946,-0.4108511574275061,-0.319380206217454,-0.3237678142982081,-0.4359513980603665
3,2013,-0.4629341453738666,-0.2098829756352467,-0.4080573389038177,-0.3181198093131492,-0.319558348889925,-0.4340231158097251
3,2014,-0.4590604046224844,-0.2099116820313509,-0.4025704194521226,-0.3024359679662878,-0.3201131596563807,-0.4313322058395934
3,2015,-0.456775581560905,-0.2098829756352467,-0.3996837655793713,-0.2935898896159519,-0.3171068594567487,-0.4284245363320471
3,2016,-0.4549396645565126,-0.2099260352294029,-0.3993023524235511,-0.2982617876456284,-0.3149295497628092,-0.4293968278698459
3,2017,-0.4557991758747322,-0.2099260352294029,-0.4022503126588913,-0.3058022109372365,-0.3094927268159425,-0.4283624026369354
3,2018,-0.454165644568657,-0.2099403884274551,-0.3986722105966566,-0.300915794135181,-0.3087088953261243,-0.4280806936481295
3,2019,-0.4486016660085541,-0.2099360824680394,-0.394973247419604,-0.2658721977831715,-0.3064767496843374,-0.4188199011142138
3,2020,-0.4522223284386331,-0.2099360824680394,-0.3934475947963234,-0.2634302092784896,-0.3140537874192469,-0.42174902194048
3,2021,-0.4462573711003376,-0.2099518709858967,-0.3872210578702537,-0.2520658989018694,-0.3052509404548695,-0.4155889661126686
3,2022,-0.4386835538955194,-0.2096978193803747,-0.388197142743185,-0.2324511245656672,-0.3002706106456121,-0.4090421620493896
3,2023,-0.4355365147580697,-0.2096978193803747,-0.3882546507253964,-0.2234597530346103,-0.2967184477484004,-0.4082676914688259
3,2024,-0.439623724261154,-0.2096978193803747,-0.3844558749889795,-0.2521633939515172,-0.292596056669224,-0.4107998984244443
4,1990,-0.2328904942087444,0.0285975124604719,-0.2309388783589555,-0.3408597367032451,-0.1002822960242759,-0.199472931343048
4,1991,-0.220822807077293,0.0200269596404323,-0.2192249840786008,-0.325998970595438,-0.0746206852537046,-0.1846077288840268
4,1992,-0.2252218987464042,-0.0056270684029969,-0.2100815780010753,-0.3186909731269783,-0.0673097631480544,-0.1805384223754448
4,1993,-0.231650709424874,-0.0159917009994961,-0.2066965909809952,-0.3072715397876732,-0.0749432496528068,-0.1890387749964877
4,1994,-0.2226089033615675,-0.0022232645802356,-0.1927800466733439,-0.3014655610249867,-0.0364080937140687,-0.1678740813479934
4,1995,-0.2189483123866464,-0.0119287039958883,-0.1839913416936535,-0.265268841268522,-0.0380660747254537,-0.1620504981449207
4,1996,-0.2051088820111974,-0.0215625436162054,-0.1770899968765174,-0.2300247039758184,-0.0151672280331922,-0.1426102848195542
4,1997,-0.2173948020144337,-0.0349809688707883,-0.168699783253654,-0.2473232070581998,-0.014907563691915,-0.1411743976146433
4,1998,-0.2089986598984104,-0.0356495044809149,-0.1590396521200232,-0.2142510709868922,-0.014383396543374,-0.1343180693577125
4,1999,-0.220716393828855,-0.0586002681662083,-0.1567494215747426,-0.1918367310248403,-0.0201669762192755,-0.1342006538542659
4,2000,-0.2161231727312833,-0.0432566994485231,-0.1431043768728416,-0.1897875245504133,-0.020010532485711,-0.1295165937661341
4,2001,-0.2048187376967144,-0.0524427462018613,-0.1402580100383629,-0.1898232888905046,-0.0106803572416813,-0.1319245309465991
4,2002,-0.2237800621835084,-0.0731831173871327,-0.1375342559290617,-0.1793621783334463,-0.029995513459918,-0.1451401549606849
4,2003,-0.2093017138741058,-0.0778479067540622,-0.1304095807910666,-0.1564937781588949,-0.0149156278018925,-0.129245949813274
4,2004,-0.2153347923636923,-0.0875690462322942,-0.1272798909809098,-0.1539924163657131,-0.0098465282700023,-0.1269450410539442
4,2005,-0.2230046956907848,-0.0967797749847702,-0.1251197175048354,-0.1516190186981011,-0.0108642189491696,-0.1294595706894739
4,2006,-0.2318262254119873,-0.099521682967938,-0.1137307469462011,-0.1498904701934374,-0.0293020000018484,-0.1343495494712999
4,2007,-0.2449402774791972,-0.1091522317056725,-0.1127726160794567,-0.1450550139892541,-0.0440206135328793,-0.1416558208678185
4,2008,-0.2384196045293037,-0.1109033218680276,-0.1121389710318426,-0.1427092348367241,-0.0168881091024022,-0.1297387073946383
4,2009,-0.2604291712568577,-0.1452935844008375,-0.1359735710985875,-0.135385045162817,-0.0442420862493028,-0.1460666511263383
4,2010,-0.2431504904175547,-0.1279851381187336,-0.1091091230121876,-0.0860404479832991,-0.0353915158820783,-0.116676328040314
4,2011,-0.2745061434617455,-0.1328411156898075,-0.1195106232305526,-0.1509538217014768,-0.0581557080659345,-0.1450350767773081
4,2012,-0.2779943938196209,-0.1367032862168759,-0.121774141717848,-0.1453185219704916,-0.0579088011466418,-0.1609032948062325
4,2013,-0.2777165004877651,-0.1320485278303836,-0.1232901604841504,-0.1422602096313052,-0.0474926967248148,-0.1453112344692483
4,2014,-0.2992697030580946,-0.1356584104175631,-0.1305606571845889,-0.1935310976029987,-0.048347702049295,-0.1665966717707094
4,2015,-0.2825969917598876,-0.1376534529150922,-0.1281806566083748,-0.1653730489905926,-0.0412650910253293,-0.1677513989233553
4,2016,-0.2881142374202185,-0.1421306924178831,-0.127011018790699,-0.1604471073213331,-0.0469168870159776,-0.1470464279502417
4,2017,-0.2896771670150985,-0.1440737813698837,-0.1266361741737276,-0.1514490304764569,-0.0578368209009822,-0.1487660279509127
4,2018,-0.2872509519570221,-0.1440871524180616,-0.1243652113424034,-0.1390174016179686,-0.0555025836268795,-0.1626469942670185
4,2019,-0.2887346497257934,-0.144111296058684,-0.1284228167406004,-0.1353617342856208,-0.0729926220903363,-0.1514023193043343
4,2020,-0.308939304714897,-0.1585409800327945,-0.1406683247651178,-0.1382781479803316,-0.0998193515986846,-0.1809283453731052
4,2021,-0.2988457282551754,-0.1532068662559504,-0.1326884258690091,-0.1366104579663069,-0.0798634212016315,-0.1449001156703629
4,2022,-0.3170413765699889,-0.1513353797378215,-0.1491842164312882,-0.2034188082102493,-0.0978091625199199,-0.1787909474606468
4,2023,-0.3255439253583276,-0.1589320306590618,-0.1587252380604608,-0.2257438935825112,-0.0993215379615502,-0.2008916340576233
4,2024,-0.3276928586310845,-0.1547751161893596,-0.1497061342826988,-0.238472073312619,-0.0906769754937507,-0.1981596150964662
5,1990,0.0454675779309768,0.0080049225491345,0.4502054631835986,-0.4747492545377553,0.531975766547769,0.4782735661197141
5,1991,0.0808662169878353,0.0415683309689542,0.4835517454059916,-0.4749907940141901,0.5465282045773145,0.5019451027341197
5,1992,0.0893668041803367,0.0316547978724743,0.505543213471764,-0.467767177803542,0.5745716340965002,0.5126909225632219
5,1993,0.1130871607809916,0.0336016989700409,0.5528892414938931,-0.4588668140658254,0.6099126880039831,0.5408002900003573
5,1994,0.1447539196090957,0.0445389995053912,0.5921296925766064,-0.455679834862867,0.668801155938426,0.6021527194118248
5,1995,0.1901735901959709,0.0585989506097284,0.6568473163408538,-0.4480798806295921,0.7242436022715588,0.632465409268192
5,1996,0.2575630335887245,0.0648563933477594,0.7163057300001647,-0.4327567626321336,0.8189010122401816,0.6921196850991863
5,1997,0.3029954857644032,0.0720013599820606,0.7934203760850416,-0.4186120645045538,0.9086146824921592,0.7633324074762777
5,1998,0.3301022692717492,0.0604909791435505,0.8471991931530924,-0.4110334584573274,0.9710335661644716,0.7939810962949613
5,1999,0.363256841807318,0.0787755748475588,0.8849026061451875,-0.3919457403372548,1.006053177455063,0.8256689826772262
5,2000,0.3919451360816623,0.0997698316119977,0.953994876782734,-0.341183413602899,1.0258455983615171,0.8272052707370181
5,2001,0.4189463880925748,0.0949827091357516,0.8564564539039973,-0.277171792658656,1.0364844633381314,0.8548254835555341
5,2002,0.4114159143426443,0.0736002533374657,0.914285869928806,-0.2081866543132792,0.9998220183539004,0.8905459246323394
5,2003,0.3944480155889285,0.0858374571370998,0.993962246164714,-0.1994046205210889,0.9543595981316244,0.9190976856983282
5,2004,0.4450742376065394,0.101847787642902,1.069539854158973,-0.118566969281571,0.9974092465029588,0.9987546476459508
5,2005,0.4584247145967642,0.0951445680680041,1.136617772882888,-0.0899518607021281,1.0200686464808368,1.043933785428756
5,2006,0.47212889332783,0.0960732198011242,1.2013529127507323,-0.0681943994296443,1.0454296998406911,1.0975251353908084
5,2007,0.5296968825539453,0.1110401796114543,1.293518270851153,-0.0607316835352526,1.1232410340576306,1.185499994261771
5,2008,0.5935886589695613,0.108485310914644,1.3606531169117575,0.0399860085008244,1.190451428016898,1.2893417275920676
5,2009,0.5150555568204301,0.0493486438607595,1.3543867308500053,-0.0798712472500145,1.1848658303050552,1.2327426298010458
5,2010,0.6751110317455853,0.1261956662316544,1.5202642319116262,0.0883792965319668,1.3460559651381594,1.4185075160407044
5,2011,0.7395864198787488,0.1500892143699863,1.5904600170757706,0.0655830935211788,1.4313749538909668,1.4390643814418462
5,2012,0.8435148218621277,0.1557148407265004,1.6658843591635573,0.1775360309005081,1.5463059525802605,1.5193277216136625
5,2013,0.934211436897168,0.1914923398719121,1.7370041187924323,0.3185176217204493,1.6047225281578936,1.6131679662451015
5,2014,1.0112030216070398,0.2147162544417699,1.8156645610197264,0.4042031410375002,1.6812563079181968,1.6740790313423377
5,2015,0.939342993795709,0.2146683386249372,1.7704511186105067,0.3924030836862214,1.5528965297235646,1.6331973963216169
5,2016,0.8059005719226228,0.1739477070017669,1.760405633197747,0.2586396195433731,1.398766299710361,1.5562704452487632
5,2017,0.8205144377182337,0.1819915154694916,1.7886109390144806,0.294041621441729,1.4211222607442549,1.5868504393825904
5,2018,0.7524940811779435,0.1697909666862446,1.833653599413632,0.2644359570296342,1.3117599128347437,1.5530112224139394
5,2019,0.7518692486763621,0.1558786873007278,1.866202898922371,0.2546200610845224,1.3320342094063715,1.5895022475688678
5,2020,0.680973170134763,0.1254583528915138,1.8473818456076176,0.1868761672708244,1.2437477794741392,1.560730972054128
5,2021,0.863764697704571,0.201135331548765,1.973614374311035,0.4795150991641543,1.3639628348855604,1.6857985187283933
5,2022,0.7837191900856475,0.125526110008236,2.051360598543302,0.2408592618971197,1.4059607025103038,1.6349800749918706
5,2023,0.7869502422165076,0.1216188941019448,2.1826508496119823,0.1658985534048486,1.4551668370176614,1.737152894246685
5,2024,0.8060574388780057,0.1387951706842017,2.335226631936774,0.2072696219551602,1.4460009943205423,1.8077111477496028
6,1990,0.7412701276972665,0.4987057058003782,1.406278187755502,0.9868372247256738,0.8291109829329721,0.9243488106728778
6,1991,0.7205118479979024,0.5290340132844463,1.4280025352414234,0.9974277548502604,0.7717011774719573,0.9207068521682578
6,1992,0.7626357981958338,0.5533770371807927,1.4478789337978832,1.072153725398172,0.80132256898052,0.9549165928485464
6,1993,0.7566842453878204,0.5105470941933532,1.4885557053755336,1.1624382539382483,0.815235978451186,1.0032462016098138
6,1994,0.8039410660525114,0.5417940063527552,1.5151670457649598,1.2574596399884062,0.8407787320100965,1.0591299792379942
6,1995,0.8297348679385285,0.5536928075379387,1.555156310276436,1.3258397097463503,0.8509209644684188,1.0820130194817217
6,1996,0.876668353389837,0.5651466595835073,1.5880778269866067,1.416698199517046,0.8912337382501376,1.1149137095448118
6,1997,0.920498829468455,0.6118232596489068,1.6138527734292865,1.4313381755609516,0.939519860585568,1.1318824536804015
6,1998,0.9374534735884192,0.6468020033018524,1.6016747024036166,1.36794443211577,0.9448948510984722,1.1216995268275822
6,1999,0.9676987899769628,0.6440036338291151,1.643275448445998,1.457276221609909,0.9843978516040228,1.1672146942548778
6,2000,1.0264743940028356,0.7025349671907012,1.497988127162406,1.5566361690133,0.9798134385706124,1.2033159740557933
6,2001,1.0089583445213155,0.695071304203614,1.518109751169221,1.4608358791464575,1.0030268900371444,1.1772059348086146
6,2002,1.0520260742159793,0.6862871469957345,1.5898819856570765,1.556093315139495,1.058793197735458,1.1797116186570922
6,2003,1.1207540671139762,0.6907807062808793,1.6261228039988394,1.657701531507882,1.1632879348245988,1.2753032317995268
6,2004,1.0815962294372312,0.6507060731720213,1.6324023271382893,1.5972477382556685,1.1792710008001104,1.311342192624562
6,2005,1.117951717442233,0.6436873593245487,1.7553697534136683,1.7405465221841343,1.2403001851102369,1.3350139038399076
6,2006,1.093339710249954,0.6387785655907336,1.7150389248820552,1.725730881066458,1.2340746922075654,1.370372173289958
6,2007,1.1825453021492898,0.7050903405913937,1.778744993663588,1.7281255375929296,1.2869591254403625,1.3734923083243191
6,2008,1.1268682843657725,0.6299657019867498,1.7422239176642762,1.6857073018626827,1.238429311595444,1.334060988913722
6,2009,1.0474527009971308,0.5015906986088485,1.6878320369703377,1.6376183779697755,1.2030117405740284,1.2670772424595875
6,2010,1.0893858167900727,0.5204220944531919,1.7023090965930865,1.7128298672632474,1.2827174035921691,1.2800046607314908
6,2011,1.1241635834185668,0.48732361974507,1.7391761156384344,1.964254773734801,1.2852979187849864,1.3103685884962897
6,2012,1.119395296914953,0.4273703114814862,1.72167314911934,1.955397106369181,1.3145383815635958,1.314080065471113
6,2013,1.1433492785670447,0.4056395696306208,1.768760814613416,2.0755660456363287,1.2789111436827638,1.3395058563458346
6,2014,1.1579211296623515,0.3945876071305108,1.8003029381653397,2.184979158824057,1.2403969544299671,1.384465584890645
6,2015,1.143828320541371,0.3483416030066736,1.7958757429812502,2.186553435058092,1.2720889066417531,1.3761883031194218
6,2016,1.1383185906245472,0.3477100622923817,1.7723559948766578,2.2088153234694947,1.2784111688641555,1.4600170109821875
6,2017,1.1694886588082865,0.3499577731073391,1.8570157025858527,2.3407623619536992,1.2707872302656165,1.5424410055555264
6,2018,1.2085362423104793,0.2378305899244047,1.8995316650411669,2.6695439454425154,1.2998976512067282,1.5728188444289672
6,2019,1.1949810712068842,0.2202860444046197,1.9264845694507304,2.662865622898364,1.302151715099434,1.590341521882083
6,2020,1.036775452919982,0.1455134235031992,1.8736997912617976,2.479063840502291,1.095438368218757,1.4516365814266512
6,2021,1.0583902396833178,0.1209517573409255,1.908219652425176,2.6498712870247125,1.1265656391934749,1.4933903652386644
6,2022,1.1027392962533404,0.0654452564254541,1.957917217355173,2.760038906102213,1.193549991311605,1.541595615429651
6,2023,1.0859891684437732,0.0374012732847537,1.9410738362913464,2.7200563340350787,1.2150915636073103,1.5395211675168885
6,2024,1.0698648737620255,-0.0195251305565176,1.9792980104848017,2.854693298514892,1.1814028934392602,1.5361471676802203
7,1990,-0.4658056019459602,-0.1562796875345967,-0.4205375627165321,-0.5320465659956509,-0.2838649853072769,-0.4331364895120234
7,1991,-0.4685267443350457,-0.16725639885141,-0.4141398058778037,-0.5372030678486289,-0.2786071856019119,-0.4303675496244149
7,1992,-0.4656804681630232,-0.1719483010199379,-0.4038885062477812,-0.5320447361511325,-0.2698173057263783,-0.4222846138883049
7,1993,-0.4599528904713287,-0.1716209303083911,-0.3993562144421113,-0.534083792892853,-0.2605274510322364,-0.4196921806351996
7,1994,-0.4505808124319219,-0.1644322485608622,-0.393624069540061,-0.5318160055863268,-0.2498828258618656,-0.4114447079136102
7,1995,-0.4407524039071642,-0.1595032503332921,-0.3825714081704852,-0.5319953303491344,-0.2387382258728864,-0.4027319315671849
7,1996,-0.4231931033301256,-0.1412298001100256,-0.3704809176627995,-0.5311773898493896,-0.2235776991150854,-0.389534918587643
7,1997,-0.4043337689409979,-0.1205715255029721,-0.3599230862198331,-0.5083067731615183,-0.2151748965184745,-0.3736309302100587
7,1998,-0.4016540044338735,-0.125433126654354,-0.3529210238070155,-0.4845511216748924,-0.2124169709061511,-0.3676620697615327
7,1999,-0.3939440425794661,-0.1217283381603487,-0.3362456931828694,-0.4524605284067495,-0.2085945827767907,-0.3574691175219956
7,2000,-0.4045700739275242,-0.1438689739225088,-0.3271329402866383,-0.4166413219581886,-0.226513035146915,-0.3555429209273997
7,2001,-0.4107011958452828,-0.1583798917250147,-0.3149066999760774,-0.3967844591921962,-0.2329320666890477,-0.3587644033698466
7,2002,-0.4083245535334125,-0.1574791109669159,-0.3086622090438211,-0.3969515849915475,-0.2282710111220217,-0.352792064519039
7,2003,-0.4043110748631009,-0.1579271589759287,-0.2932524169045433,-0.3816528649210016,-0.2238518788543222,-0.3509562403232087
7,2004,-0.3849941165816562,-0.1435689371862714,-0.2815779338572814,-0.3654666702590099,-0.2132233819039065,-0.3370980274357676
7,2005,-0.3815511567382492,-0.1437951656576442,-0.2756093215566745,-0.3715704216243696,-0.2077075306792598,-0.3315508935400456
7,2006,-0.3790835875885581,-0.1273418812389174,-0.2648237807669498,-0.3867233640816128,-0.2071591712007861,-0.3230789223966046
7,2007,-0.3536606822325674,-0.128271629864723,-0.2549052871052663,-0.4586905390438819,-0.1501620418794366,-0.314861906263342
7,2008,-0.3427516598687464,-0.1054439026904245,-0.2526369516894817,-0.4988989325440196,-0.1387916468110859,-0.3165049771281978
7,2009,-0.3511639002924038,-0.1142606346874145,-0.2509729218477864,-0.4870946055555309,-0.1506620166980449,-0.3195376236928799
7,2010,-0.3331096186883195,-0.0896767766574747,-0.2476579992420935,-0.4381261363974241,-0.1620646682063058,-0.3116616159021624
7,2011,-0.313514499626037,-0.0724448735562729,-0.2336363583128614,-0.4284121017971724,-0.1544682766074503,-0.2911533430474554
7,2012,-0.3076039458230329,-0.0511083956239528,-0.2141277979319343,-0.4480286449830757,-0.1529844803715804,-0.2659571929945248
7,2013,-0.2922392904600603,-0.0302383488152766,-0.2004739951782349,-0.445996907619429,-0.1483556812444646,-0.2575299575542032
7,2014,-0.3133836431952252,-0.0540790107797997,-0.1927187403107552,-0.4672084652772434,-0.1516297098953514,-0.284856489093084
7,2015,-0.2985785604396921,-0.0364814858205158,-0.1935463762057035,-0.4596847545655703,-0.152032915394229,-0.2781094413823501
7,2016,-0.284289122334987,-0.027453828393171,-0.1796079367685563,-0.4501756625513845,-0.1369530297362036,-0.2625656800163645
7,2017,-0.2796322820447047,-0.022860733754659,-0.1817086080407124,-0.4435585373273079,-0.1351143158920017,-0.2589904805426423
7,2018,-0.282684751464679,-0.0328704961837022,-0.16696984469315,-0.4380396500161562,-0.1316609414352141,-0.2536847542055425
7,2019,-0.2655495158492031,-0.0075021080280698,-0.1620339818606099,-0.4140985486671713,-0.1345632952572354,-0.2380649674463356
7,2020,-0.2874938075357942,-0.0248580342182039,-0.1608352454158339,-0.4235537218728284,-0.1498508640036227,-0.2649119711889718
7,2021,-0.2741626415657029,-0.0302776627288887,-0.152760917205235,-0.4110893248303719,-0.131252107187572,-0.2474495582800594
7,2022,-0.2724381088612491,-0.0584042377288363,-0.1394587984005262,-0.4054067981836247,-0.1011379787339942,-0.2396334357041958
7,2023,-0.304276324388573,-0.1093656875462566,-0.1303811082124447,-0.4018473216634906,-0.1072052577863197,-0.2516163650762347
7,2024,-0.305707224267427,-0.1175092487628205,-0.1220190861894207,-0.4066110335458618,-0.1047153838938039,-0.2397416450554452
8,1990,3.66857840692225,3.822677641028645,1.878402865077536,-0.1904548509813744,1.267233206039377,3.73726390722949
8,1991,3.66857840692225,3.822677641028645,2.076641367534231,-0.1871318533358782,1.4182252819203374,3.73726390722949
8,1992,3.66857840692225,3.822677641028645,2.336711715687601,-0.189743651411872,1.5561851061103067,3.73726390722949
8,1993,3.66857840692225,3.822677641028645,2.6491333184658834,-0.1416998636837529,1.8552441939036872,3.73726390722949
8,1994,3.66857840692225,3.822677641028645,3.003615465005963,-0.1036872836057491,1.7883765939698113,3.73726390722949
8,1995,3.66857840692225,3.822677641028645,3.225233586738476,-0.0925154728724695,2.032402429337006,3.73726390722949
8,1996,3.66857840692225,3.822677641028645,3.5271980756694736,-0.0710526165674552,2.221875491304341,3.73726390722949
8,1997,3.66857840692225,3.822677641028645,3.680897505705425,-0.0409620433579727,2.533893929621694,3.73726390722949
8,1998,3.66857840692225,3.822677641028645,3.716784138579652,0.006459597233875,2.567781713175216,3.73726390722949
8,1999,3.66857840692225,3.822677641028645,3.716784138579652,0.0670207413645037,2.73285404441574,3.73726390722949
8,2000,3.66857840692225,3.822677641028645,3.716784138579652,0.1584714908110026,2.923763784024346,3.73726390722949
8,2001,3.66857840692225,3.822677641028645,3.716784138579652,0.2624517956234671,2.9988083914754604,3.73726390722949
8,2002,3.66857840692225,3.822677641028645,3.716784138579652,0.0988097762560068,3.199830524995919,3.73726390722949
8,2003,3.66857840692225,3.822677641028645,3.716784138579652,0.206162203939806,3.607253553391865,3.73726390722949
8,2004,3.66857840692225,3.822677641028645,3.716784138579652,0.3371627614463275,3.7943842562517074,3.73726390722949
8,2005,3.66857840692225,3.822677641028645,3.716784138579652,0.49479252167435,3.7943842562517074,3.73726390722949
8,2006,3.66857840692225,3.822677641028645,3.716784138579652,0.7385213460805926,3.7943842562517074,3.73726390722949
8,2007,3.66857840692225,3.822677641028645,3.716784138579652,1.038294160439231,3.7943842562517074,3.73726390722949
8,2008,3.66857840692225,3.822677641028645,3.716784138579652,1.283083318749095,3.7943842562517074,3.73726390722949
8,2009,3.66857840692225,3.822677641028645,3.716784138579652,1.4700391736442031,3.7943842562517074,3.73726390722949
8,2010,3.66857840692225,3.822677641028645,3.716784138579652,1.9054651575877624,3.7943842562517074,3.73726390722949
8,2011,3.66857840692225,3.822677641028645,3.716784138579652,2.483970377054775,3.7943842562517074,3.73726390722949
8,2012,3.66857840692225,3.822677641028645,3.716784138579652,2.875797798090274,3.7943842562517074,3.73726390722949
8,2013,3.66857840692225,3.822677641028645,3.716784138579652,3.4020834239966264,3.7943842562517074,3.73726390722949
8,2014,3.66857840692225,3.822677641028645,3.716784138579652,3.621502293173357,3.7943842562517074,3.73726390722949
8,2015,3.66857840692225,3.822677641028645,3.716784138579652,3.621502293173357,3.7943842562517074,3.73726390722949
8,2016,3.66857840692225,3.822677641028645,3.716784138579652,3.621502293173357,3.7943842562517074,3.73726390722949
8,2017,3.66857840692225,3.822677641028645,3.716784138579652,3.621502293173357,3.7943842562517074,3.73726390722949
8,2018,3.66857840692225,3.822677641028645,3.716784138579652,3.621502293173357,3.7943842562517074,3.73726390722949
8,2019,3.66857840692225,3.822677641028645,3.716784138579652,3.621502293173357,3.7943842562517074,3.73726390722949
8,2020,3.66857840692225,3.822677641028645,3.716784138579652,3.621502293173357,3.7943842562517074,3.73726390722949
8,2021,3.66857840692225,3.822677641028645,3.716784138579652,3.621502293173357,3.7943842562517074,3.73726390722949
8,2022,3.66857840692225,3.822677641028645,3.716784138579652,3.621502293173357,3.7943842562517074,3.73726390722949
8,2023,3.66857840692225,3.822677641028645,3.716784138579652,3.621502293173357,3.7943842562517074,3.73726390722949
8,2024,3.66857840692225,3.822677641028645,3.716784138579652,3.621502293173357,3.7943842562517074,3.73726390722949
9,1990,-0.4180147050495601,-0.1533399894584983,-0.3723484926377921,-0.4651331384370384,-0.2526863688779208,-0.3448766288797116
9,1991,-0.4118266572523082,-0.1419231240325884,-0.3672607286548726,-0.4625923992058506,-0.2500582999644427,-0.3304163513681474
9,1992,-0.3935033375431805,-0.1333864851062282,-0.3764739971444175,-0.463110774706283,-0.2282278816055934,-0.3192216903135659
9,1993,-0.3914401001457495,-0.1320595706541246,-0.3681709602606752,-0.4563195957472464,-0.2286112700598825,-0.314012123301738
9,1994,-0.3921256398862293,-0.1387054690769453,-0.3573252609669263,-0.4581103678986998,-0.2239782053715039,-0.3035929399463006
9,1995,-0.3857200009206249,-0.1362383562802033,-0.350562590292435,-0.451349951675605,-0.1917419706030506,-0.3073222358990568
9,1996,-0.3834013483493955,-0.1447850884526429,-0.3467850232238956,-0.4417296356157587,-0.1867960503173032,-0.3029872229825437
9,1997,-0.3666287022198288,-0.1418659569471261,-0.3439439483458775,-0.4116626998040058,-0.1774800667861051,-0.294711394665353
9,1998,-0.3760605666655184,-0.1461962808991399,-0.3397901232913233,-0.4095244866658327,-0.1899285231792805,-0.2953688453784487
9,1999,-0.3974019357612584,-0.1566885604931535,-0.3446270886761491,-0.4348254039541196,-0.2083318176293067,-0.3151867515460034
9,2000,-0.3874222154742351,-0.1421468395018161,-0.3339546636209311,-0.4127969300688552,-0.2050593909116834,-0.3139592277857425
9,2001,-0.3868418607649712,-0.1423876767079174,-0.337076447631578,-0.4126387372368704,-0.2022301676139188,-0.3147104502965501
9,2002,-0.3879367968869346,-0.1486631740314281,-0.333030821344582,-0.3990244297197539,-0.204376561961383,-0.3143967335249019
9,2003,-0.3821434633446105,-0.1394941504903867,-0.3259383998863687,-0.3906802343162953,-0.2062593893161313,-0.3085284408312938
9,2004,-0.3778732863970317,-0.14358424266231,-0.3172303369992521,-0.3821601864855842,-0.1990984016777841,-0.3131984999637773
9,2005,-0.3719624246986343,-0.1333101996910926,-0.3131679357075966,-0.3755989949626852,-0.2049191446519744,-0.3033235289206397
9,2006,-0.3672392491284512,-0.1400242541834578,-0.3005217790106796,-0.3460063160767579,-0.199164468139129,-0.3084526657494094
9,2007,-0.3723039294146562,-0.155209244002111,-0.2946934804323344,-0.3387947715154283,-0.2072280078770746,-0.3165965273552331
9,2008,-0.3542061240714821,-0.127319745491396,-0.2766283901058571,-0.3188013707028014,-0.1963986213204387,-0.2963934439080641
9,2009,-0.346600207643327,-0.128534340016929,-0.270958629928952,-0.2890873437770603,-0.2062914121993838,-0.2828409542604207
9,2010,-0.3383616701226605,-0.1303785645306347,-0.2620766395365633,-0.2781685791429208,-0.2089708416397711,-0.282108336694285
9,2011,-0.3314065399001345,-0.1447290098539553,-0.2589886468457826,-0.2840018784555663,-0.179936290296979,-0.27961511107702
9,2012,-0.3133966113428083,-0.1299262008946134,-0.2494238058703386,-0.2745666245823945,-0.171874224075633,-0.2727821827321777
9,2013,-0.3216145502700797,-0.1224167387491696,-0.2173827239008215,-0.27670586892589,-0.182684519352822,-0.2549027679463789
9,2014,-0.28832106708546,-0.1104559612657651,-0.1963924184108978,-0.2613365622144759,-0.1458061114006819,-0.2491672730696669
9,2015,-0.2903382131638601,-0.1250052844164133,-0.19024928211419,-0.269492361052294,-0.1359916976350117,-0.2531399349557319
9,2016,-0.2831550736225838,-0.1256116105131593,-0.1893412427798707,-0.2753834182981146,-0.1067251345891216,-0.2438753515045907
9,2017,-0.31539282148983,-0.1375587516865356,-0.1821735784616991,-0.2960557212388561,-0.1432526445536691,-0.257984213384458
9,2018,-0.3035147874155942,-0.125529585486951,-0.1782699491344264,-0.2816421846930605,-0.1501117513381612,-0.2436891986875894
9,2019,-0.3069327175557105,-0.110786915545408,-0.1594522850251048,-0.2664595213174894,-0.1532003408413703,-0.2198781249817239
9,2020,-0.3285232525140502,-0.1091866323230592,-0.1694397145883405,-0.3034373103816669,-0.1861924938495937,-0.2431572815659858
9,2021,-0.3035957967808285,-0.1169407902543055,-0.1339516309511381,-0.3033346733210454,-0.1412132815428775,-0.2178840020626472
9,2022,-0.2878589861993466,-0.1113334883086106,-0.1394018009999796,-0.2901882368624885,-0.1183228970894142,-0.2365212718496604
9,2023,-0.2693925279851922,-0.0910459513091051,-0.1262779328630437,-0.268741541688176,-0.1096717160269282,-0.2178703905603409
9,2024,-0.2627624533558749,-0.0789056002254279,-0.1166002316442069,-0.2502595303958443,-0.1156952526255471,-0.2032448048031479
10,1990,-0.0785009507519619,1.0070242148151785,-0.2575239445929866,-0.4120118160077945,-0.2430283323809449,-0.186375510533334
10,1991,-0.119750367827701,0.9268328972981464,-0.2721017218114169,-0.4173427606913348,-0.2663981230958955,-0.2175207473068914
10,1992,-0.1323547376377736,0.846885584148,-0.2789330022141658,-0.3960885091657139,-0.2579791922793295,-0.2250733957998648
10,1993,-0.1466888326729941,0.82162395557632,-0.280575136926365,-0.3945819355657399,-0.2647369164405195,-0.2345700053252376
10,1994,-0.1682377883073013,0.7502024420691155,-0.2738358160674993,-0.3987771590952098,-0.2629950686853679,-0.2448939358283533
10,1995,-0.1677260953485912,0.7345861625884406,-0.2613862454360793,-0.3774459874618564,-0.2583662695582521,-0.2410760139711459
10,1996,-0.1580460131232526,0.7355334736598786,-0.252667604870776,-0.3490892174493555,-0.254301958129565,-0.2324498879104658
10,1997,-0.1731388241176858,0.7162714818739726,-0.2569721873296877,-0.3459770068567798,-0.2588501161569053,-0.2312477355398463
10,1998,-0.1895617243872369,0.6380752588861811,-0.2612067053742122,-0.3460929650834741,-0.2532213673925728,-0.2402253571523663
10,1999,-0.2108786320577154,0.5334117386903341,-0.2656645537395958,-0.3438560082136103,-0.2550761126874102,-0.2582143630606502
10,2000,-0.1794159407824565,0.672869376509565,-0.2607863188878891,-0.3503821817428721,-0.2592371934358279,-0.2450978793265578
10,2001,-0.1780628310547973,0.6443165709560126,-0.2542922234793785,-0.3351071094695246,-0.2527213925739645,-0.2377197257519106
10,2002,-0.1887660348333517,0.6203059996976926,-0.2547564002246935,-0.3430571718195291,-0.2556728568257492,-0.2342273876138471
10,2003,-0.1794535413098231,0.6418214435777769,-0.2497730687514061,-0.3406003050236263,-0.247544233968375,-0.2216545528822601
10,2004,-0.177931392123303,0.6256597425711226,-0.2493220290837887,-0.3419214482649311,-0.2343352218251421,-0.2146079090324876
10,2005,-0.1827871861411509,0.6070867042917168,-0.2446627455270421,-0.3444246761093831,-0.2291419349995975,-0.2187742960324271
10,2006,-0.1798693447018335,0.6114931360937088,-0.2374066996120709,-0.3490860129817967,-0.2304805772558714,-0.2110271192401074
10,2007,-0.1767198128092208,0.629822170006229,-0.2362725756944377,-0.3614370288505921,-0.2308192698749286,-0.2113516968616608
10,2008,-0.1932221352912006,0.5803466963206715,-0.2332232147353757,-0.3631080506098734,-0.2298515766776222,-0.2170702125347949
10,2009,-0.2158614098015863,0.5354068332195747,-0.2474535162487045,-0.3732905131209907,-0.2388833798524823,-0.2352698001247192
10,2010,-0.2069724212179932,0.538273831007065,-0.2437924316456801,-0.349407805091161,-0.2420928956235487,-0.2179785278923283
10,2011,-0.2170068289662586,0.5484405360200462,-0.2456548488767126,-0.3676572391550207,-0.2465604125511135,-0.2293461289974989
10,2012,-0.2282434009629577,0.5149507325205968,-0.244620220806535,-0.3700827555322661,-0.2478345419275669,-0.2318314514225548
10,2013,-0.2416353258669404,0.473094663217549,-0.2483300352097657,-0.3682285155150773,-0.2533826495921239,-0.2317046910489592
10,2014,-0.2516053145271044,0.4544995679333752,-0.2484931583035367,-0.3901085784885603,-0.2447701801360965,-0.2398713813915622
10,2015,-0.2478177982023157,0.4515326279779879,-0.2428057101188397,-0.3820889784208899,-0.2471249002495422,-0.239416499212473
10,2016,-0.2427286856855749,0.4522256006900803,-0.2373579216425798,-0.3676490640640276,-0.2587049621773093,-0.2428886026162614
10,2017,-0.239919538974456,0.4488233810572133,-0.2307501948910109,-0.3621790476088828,-0.236577044398902,-0.2303780554772353
10,2018,-0.2434381816082225,0.442638754541275,-0.2276223223766023,-0.3728266173266728,-0.2355770947616853,-0.2300537995976532
10,2019,-0.2589095022809979,0.3877803467836337,-0.2267812560092209,-0.3631642769042094,-0.2345448886845584,-0.2348631672257953
10,2020,-0.2839797700258378,0.2938579488909672,-0.2332043367547243,-0.3599780158498561,-0.2491247995239755,-0.2515296750941314
10,2021,-0.2687354254117531,0.302006913057797,-0.2211515233858753,-0.3452131631318834,-0.2359157873807426,-0.2354604412405418
10,2022,-0.2731713832716802,0.3347755963664275,-0.2302390224397456,-0.3877088137074548,-0.2343513500450972,-0.2419019223020387
10,2023,-0.3065715179535117,0.231481285683006,-0.240608709034953,-0.4076207901725813,-0.2367705830383633,-0.2665751305007632
10,2024,-0.3293069291500527,0.1551073438055442,-0.2407108680963872,-0.4080428085074493,-0.2330812029012408,-0.2784062617043259
11,1990,-0.3933970373272791,-0.0659060459747226,-0.363369379602502,-0.5167550279722317,-0.264817557540295,-0.4089889149234707
11,1991,-0.3614420126928964,-0.0152536100488937,-0.3591042083766831,-0.5104246042888536,-0.2596403989347056,-0.3960077573017043
11,1992,-0.3797840949056593,-0.0501175281174226,-0.3569234534788824,-0.5076675470815112,-0.2631724791048741,-0.4016994300295705
11,1993,-0.3723278073436653,-0.0386062632796456,-0.3552944558443808,-0.5004812355778596,-0.261349990249947,-0.3980858480604845
11,1994,-0.3601588534769415,-0.0208370040911571,-0.3525444275796844,-0.4931134252739086,-0.2557857543654349,-0.3935402257831328
11,1995,-0.3749726267203404,-0.0517394394973088,-0.3519532590832927,-0.4818461006267807,-0.248737722245053,-0.3930759942940794
11,1996,-0.3375877379082322,0.0061613614448259,-0.3478063215567522,-0.4671501088312687,-0.2337062212468929,-0.3741944488843264
11,1997,-0.3689096497555245,-0.0509500136044438,-0.3475085477956067,-0.4625404799611845,-0.2395446368706417,-0.3847224656026072
11,1998,-0.3792527325038249,-0.0752356247085817,-0.3469305163769126,-0.4545650213609743,-0.2455120782540315,-0.3866671381763029
11,1999,-0.3896538821250087,-0.0968228345789264,-0.3463568639841177,-0.4494233583599475,-0.2460926941724153,-0.3932167048925447
11,2000,-0.4021422297970509,-0.1144916213810504,-0.3453058977683101,-0.4509110045302573,-0.2511730834582742,-0.3969539835688073
11,2001,-0.3963248914742346,-0.1092957636861935,-0.3444169555107729,-0.4460416574917453,-0.2516085453970621,-0.3933768734924668
11,2002,-0.3956349983321335,-0.110013423588798,-0.34459649557264,-0.4461574519903509,-0.2547212918483978,-0.3953595345056586
11,2003,-0.3735733429337812,-0.0711593164617879,-0.3446753180388256,-0.4445198014899125,-0.2633176330844701,-0.3898106309672877
11,2004,-0.3908035213232176,-0.103382246088732,-0.3421924103539803,-0.4446341052811178,-0.264817557540295,-0.394386553111706
11,2005,-0.4012158857811224,-0.1193860619168134,-0.3398802846792038,-0.4489833389165621,-0.2663497384360302,-0.3979213133885572
11,2006,-0.3765085835072161,-0.0755801014618319,-0.3380586099051374,-0.4463893163333106,-0.2645917624609236,-0.3882660516925459
11,2007,-0.3913024410438674,-0.0957176383289154,-0.3389913424216665,-0.4587398985435781,-0.2649788397398461,-0.3913308116036499
11,2008,-0.40058065788895,-0.1090086997251516,-0.3403707355799139,-0.458035332819964,-0.270251025817411,-0.3930492791801633
11,2009,-0.4059541044844051,-0.1117788669492052,-0.3478305769812078,-0.4622174936016266,-0.2754501994432393,-0.3990282592836657
11,2010,-0.4049528020454956,-0.1138887870628626,-0.3450539943034588,-0.4499115495207915,-0.2768261624004893,-0.394011798048274
11,2011,-0.4212069152973229,-0.1298208369006835,-0.3468275829941261,-0.4676882892797605,-0.2815367316027775,-0.4033746620507585
11,2012,-0.4364778746327847,-0.146786316998255,-0.3485312517782609,-0.4738442336604583,-0.2897129327090192,-0.4090844501092474
11,2013,-0.4313103552560664,-0.1305097904071838,-0.3483428135357665,-0.4785272786835615,-0.2924839060512862,-0.4092317657581175
11,2014,-0.4439670574969254,-0.1475470364950158,-0.351049524476268,-0.4899468514456158,-0.2955776857159548,-0.4161114375396448
11,2015,-0.4508088847340726,-0.1644722415188531,-0.3494573194173714,-0.4890070855148193,-0.2925332745325689,-0.4165136971306827
11,2016,-0.4484406281028972,-0.1579161455977976,-0.3485797013208095,-0.4946224054914618,-0.2918657597650669,-0.4137278240664709
11,2017,-0.4533043787386165,-0.171287455724343,-0.3471102710110488,-0.4886267332672843,-0.2920950707963886,-0.4123215830182551
11,2018,-0.4533377298267273,-0.1700950637961656,-0.3488104935018009,-0.4903930630443933,-0.2919729640431085,-0.4124688903290119
11,2019,-0.4641919586651827,-0.1871434479656859,-0.347069384046228,-0.4933257347491404,-0.2944102122580644,-0.4161748115715286
11,2020,-0.4721023338594488,-0.1900263739136367,-0.348422857750178,-0.5022239620511395,-0.2994350882108378,-0.4199637747068399
11,2021,-0.4658761096909841,-0.1832553819113453,-0.3380479557351247,-0.4940425698531043,-0.2978206050086716,-0.4136572046521568
11,2022,-0.4684454170300521,-0.1835038788292211,-0.3436341608410324,-0.5082296982389369,-0.296138044590075,-0.4193405787150054
11,2023,-0.4756180799991732,-0.192923782238422,-0.3409266660548949,-0.5094488441207169,-0.3000147848206841,-0.4220447547008294
11,2024,-0.4824643188555053,-0.1982970518322742,-0.331422179169675,-0.5091404635909765,-0.3075879571674953,-0.4227963693221896
12,1990,-0.3489206093610774,-0.1950417688493847,-0.36403499153918,-0.4067327138908088,-0.1027289469914658,-0.3214959861631363
12,1991,-0.3363688755550827,-0.1947977644824991,-0.3577729845033269,-0.3828904497636433,-0.0963421718892432,-0.3188602231982408
12,1992,-0.3331393413426261,-0.194309755748728,-0.3554214475954576,-0.375644265470601,-0.0972292239867741,-0.3134229828412188
12,1993,-0.3179610515842782,-0.1890564852616628,-0.3422055474316779,-0.3599990948378962,-0.0813106708910832,-0.2810314462530157
12,1994,-0.3207256821060292,-0.1860136072746195,-0.3364383703224341,-0.3467839577256864,-0.0916811163222172,-0.2957338749142073
12,1995,-0.3031937939622083,-0.1913529969499973,-0.2959367597807517,-0.2913744358626532,-0.0778431036007351,-0.2670861435810843
12,1996,-0.314530624015671,-0.1903339198882988,-0.2755786683753801,-0.2625135181695658,-0.0912295261634742,-0.2698232238893371
12,1997,-0.2610256884053614,-0.1899320303428403,-0.2787884943594922,-0.2549574802047336,-0.0083949884740426,-0.2403062599934146
12,1998,-0.2269969077816702,-0.1872336291090472,-0.2725527614790343,-0.2459412263141822,0.0435701362213132,-0.2096951942976439
12,1999,-0.2193742009782275,-0.1919845376642893,-0.2467384038032619,-0.1846816915256803,0.0403606204502469,-0.1976713793327944
12,2000,-0.1925895728354723,-0.1874202206837244,-0.226660570055439,-0.0595935202447798,0.0336835373888324,-0.1544651614079777
12,2001,-0.2023788909472705,-0.1901042687194654,-0.2122316797175815,-0.026823444712121,0.0029915348142631,-0.1897540520096926
12,2002,-0.1677793657798081,-0.1886402425181521,-0.1728467207801946,0.0923421295057714,0.013039415846295,-0.1808153275005556
12,2003,-0.1603776004731322,-0.1878651698233392,-0.1278828828472293,0.1573333265446127,0.0004594042813112,-0.1276224467988741
12,2004,-0.1386212476251747,-0.1886402425181521,-0.1040347078001969,0.1500291981510703,0.0441668803596523,-0.1227028797841875
12,2005,-0.0970632551446896,-0.1894583748071213,-0.0733946635835084,0.2863910415101103,0.0674399017548722,-0.0812414587533185
12,2006,-0.0744647444846458,-0.1901903879077779,-0.0455528169164074,0.3510138305235142,0.0836326345898,-0.0559549557471963
12,2007,-0.0496787471485837,-0.1902478006999863,-0.0202289101413452,0.4414728042410156,0.0904387434108554,-0.028731168995293
12,2008,-0.0266473129295222,-0.190664043443497,0.0033784184812312,0.468543524046891,0.1207436687065021,-0.0074019038202432
12,2009,-0.0152899455550404,-0.1916974737032475,0.0364969913568659,0.4496546490311561,0.1548548539115542,0.0005881866578019
12,2010,-0.0078954601066141,-0.1820521246122424,0.0660729322800492,0.4516497895044341,0.1645962987644392,-0.0009198817142599
12,2011,0.0176166569686351,-0.1981994724208447,0.1050637788865084,0.5847105933521994,0.1579514721429348,0.0515191755173799
12,2012,0.0383335057860888,-0.2000940945637207,0.1244146943350645,0.5876755514202533,0.1954818399784698,0.0342717328423291
12,2013,0.0412532620829051,-0.2015294143689298,0.1127402112878026,0.5564266866305949,0.1945625314410287,0.0315348947895529
12,2014,0.0399836193772639,-0.2009122268526899,0.1523879117791415,0.4485744308171007,0.236366877564667,0.040288244734947
12,2015,0.0560217044182983,-0.2018595379241279,0.1854933475770785,0.4789516796678063,0.2505113264652963,0.0300065635346094
12,2016,0.0777990626137345,-0.2002376265442416,0.2208320865836064,0.6112640771075275,0.2285769473263502,0.0796914539099294
12,2017,0.0966647615109643,-0.1698949658621213,0.1741122592650627,0.7797049247194273,0.176269501162447,0.1095158023045158
12,2018,0.0488369797256059,-0.1301366072578295,0.2354361379574319,0.7089234890051104,0.1206373192241181,0.0828950308698824
12,2019,0.0737062232964091,-0.1475866513216396,0.1948403958750203,0.9067702637407457,0.0730644733102364,0.0858373234309671
12,2020,0.0443960080527999,-0.1771561052246937,0.1996389105602318,0.7834744843306346,0.1050437981451825,0.1220379611990954
12,2021,0.1285805035331398,-0.1569196748230312,0.20231414506257,0.8563651531537988,0.2036491705637362,0.1612743218679775
12,2022,0.0913667256120785,-0.1624527034933297,0.2649726676475224,0.6687840897925407,0.2189495773732078,0.1170421758770925
12,2023,0.0829451564078149,-0.1560069596429116,0.2928438898213104,0.6861456410462757,0.204936682330238,0.1092031711410796
12,2024,0.1075814496213375,-0.1406850909095364,0.3368594161216284,0.7009474511774859,0.2350403649409314,0.1437623094918973
13,1990,0.5075811270272468,0.2379940152348826,0.925754538758806,0.0891532484832142,0.912332832323128,1.001419244853523
13,1991,0.589930385307888,0.2709372628431416,1.0288630825813223,0.1779448286935238,1.0017799401941534,1.0896906066424783
13,1992,0.5532483868423815,0.2157425090045745,1.0686071216424438,0.1877647744748233,0.9914578794228848,1.061488414811169
13,1993,0.5014489687045993,0.1240604515587559,1.0699821357747916,0.195948969712923,0.9467504537073272,1.0885480537691443
13,1994,0.4789709463529062,0.1207064516909929,1.1008586473900368,0.1950194005103294,0.93589616167754,1.0270758238528297
13,1995,0.4999039981653783,0.1467215125827567,1.1212123597695094,0.2118780501303656,0.9721685283565764,1.0920684342235212
13,1996,0.5471737884324029,0.1548663505133888,1.192564207771042,0.2980938959703997,0.9908127506246804,1.1841581405118318
13,1997,0.5171581483875837,0.1226198495084307,1.1813407643913976,0.2888555545948068,0.9932964964977672,1.131543952804391
13,1998,0.5831231760507573,0.1791385027299115,1.232527198127123,0.297233612366485,1.0515193705357049,1.1799242479232814
13,1999,0.5720209505794059,0.1403932021775467,1.2663770683279236,0.3429189964574,1.036681408177006,1.1770211765255802
13,2000,0.5656350488839079,0.1280485623869265,1.30734723464082,0.3728844054627398,1.0089892545140866,1.194009937242645
13,2001,0.5786875952232479,0.0834098262059607,1.3556566483607728,0.4180220854187779,1.0582609664769398,1.2524409867756283
13,2002,0.5597432678639167,0.0922087903429231,1.3469905561062605,0.4148148247974708,1.0061506878019877,1.2566280533368386
13,2003,0.5781326652095219,0.0935027854986979,1.4238555977148832,0.4652644444820736,1.013843848720574,1.302156455776584
13,2004,0.5808524471706136,0.0831990974528848,1.4751821602793824,0.4927411318740447,1.0147202561929345,1.328658953781682
13,2005,0.5881362319273991,0.1083921967160472,1.4856480321784664,0.5312558069012971,0.9958200468177026,1.3363003689785968
13,2006,0.5575116580754611,0.0854236160425288,1.4653118359025905,0.4796561948722757,0.987698875197948,1.306236901263118
13,2007,0.5289991089231612,0.0994513518116527,1.4739210008204138,0.4673696415176128,0.9546013324888544,1.2865790957763312
13,2008,0.5171388755671193,0.077776342540644,1.5285449698870104,0.4975810828257505,0.915832027052808,1.2949523198668385
13,2009,0.4796639886937645,0.0289996662837789,1.4704790864636443,0.4854584673156623,0.8649462834779474,1.21588457665502
13,2010,0.4870559354103904,0.0435044365296074,1.5762106667997802,0.5583440468772246,0.8311821291816692,1.2697548906160474
13,2011,0.4531330094546614,0.0189497195028699,1.435779133481136,0.4409786883217756,0.8495571069458431,1.2360194770352468
13,2012,0.4678261131834642,0.0476819687845617,1.497962198950057,0.4676530153217634,0.8220154134468849,1.2353709175161331
13,2013,0.4671985999545578,0.0595277581265485,1.5201809997663602,0.4787535687351083,0.802762544414115,1.2426733465772577
13,2014,0.3624614203079284,-0.0042741856546695,1.4086760284832294,0.3060770091867318,0.7750878576134068,1.1742168114876876
13,2015,0.3822875235363017,-0.0121263637077636,1.4502575681180168,0.3631576898214371,0.7754831280280666,1.2000825695550392
13,2016,0.3894108951386655,-0.0227529578831798,1.486545574842869,0.4503121225720842,0.7557314292803051,1.16812327832229
13,2017,0.4063997734409302,0.0034496519705706,1.4698615387152352,0.4480071240811037,0.7649623514587311,1.1659203803201046
13,2018,0.385855612310773,-0.0203858900660096,1.46256468465791,0.4006301285588386,0.7204816240028623,1.156031913887134
13,2019,0.364336370557534,-0.057835763221677,1.4394349720111332,0.4175300432940417,0.7098374504226502,1.1321547954354487
13,2020,0.259019188456795,-0.0879055949927411,1.351496074547582,0.3485043885143195,0.5855993367472447,0.9637448297992668
13,2021,0.3372738824581394,-0.0531348095015245,1.4459832184539134,0.4026769148876641,0.669673747473945,1.0725588529567824
13,2022,0.3103606989493137,-0.0777780020685837,1.3718478207444262,0.3174419180625222,0.6389220866137618,0.9114219920085328
13,2023,0.2411139596525891,-0.1066490438912853,1.297537437160007,0.2157148979478407,0.6000025951934934,0.9341404871434984
13,2024,0.2222119674201927,-0.1137068282846384,1.3062429904741413,0.1653741026025199,0.5911906849709019,0.9618549331970476
14,1990,2.3966814668959167,3.822677641028645,1.616541495331394,1.0522823890702375,1.538898049359095,1.881178937464357
14,1991,2.3260700723635863,3.822677641028645,1.6167779627299508,1.1396892710732307,1.6634562920723892,1.832565889507878
14,1992,2.176266376640966,3.822677641028645,1.5941077456498025,1.117766624891935,1.68082638496404,1.787935183257274
14,1993,2.1561440031108896,3.822677641028645,1.5559489139641909,1.1735837489584875,1.70558320259513,1.7650539228880415
14,1994,2.1122850695851136,3.822677641028645,1.546792370808968,1.2456160171243065,1.6786490752701004,1.754550669480523
14,1995,2.1075775280566043,3.729782825702672,1.5796613392083485,1.3629349646157978,1.6778426642723452,1.77791945762784
14,1996,2.189751954938953,3.702870579355002,1.6106604635487711,1.5792492994124483,1.7115345157585644,1.855819137382158
14,1997,2.0968042923846504,3.528694520992878,1.6247565479182895,1.4735155580320365,1.6895356237397978,1.8342602649873387
14,1998,2.0690975106293146,3.3445716963806547,1.6449000670546003,1.4897559498850423,1.6915839076740966,1.819521886398793
14,1999,1.974275169958296,3.183804267954453,1.658803474284554,1.5035920999661772,1.6184101737377743,1.7666921926634929
14,2000,1.9529349362678765,3.296016188214548,1.7059174139340256,1.4699403054444724,1.5320758123180849,1.7779639716323443
14,2001,2.017447537290683,3.365914901884114,1.7550763586784222,1.5624141411831975,1.5999272336692212,1.8466069306698816
14,2002,1.972335103887341,3.418275368378142,1.8114475590787984,1.5491674342870227,1.5248664979981514,1.7938023660524038
14,2003,1.981835862232419,3.443683546961203,1.8387770597156927,1.530610380029812,1.4933035715460063,1.789225479362926
14,2004,1.9313524874078272,3.427325534494875,1.867919477074856,1.5378751511526685,1.4571602306266105,1.805755359316105
14,2005,1.8720617590625792,3.2885571694887967,1.872583139657502,1.5618287805415878,1.4192589137321083,1.792843255620647
14,2006,1.9128614874341447,3.3116846195093523,1.895170155245565,1.6029154190999448,1.4164042188000543,1.861847150606636
14,2007,1.80900568241792,3.432639951932152,1.899483495756276,1.5286868037458672,1.2170110354950616,1.7380009384621369
14,2008,1.832876746635154,3.240108949507437,1.887997310822679,1.599506054715258,1.3173608200557398,1.766674456297974
14,2009,1.6680436074199223,3.031718351553667,1.7605983103373113,1.4503153684958554,1.22951040596027,1.6148578854488211
14,2010,1.778779469198471,3.1256488587687548,1.905040479622358,1.626609613710533,1.249654552684199,1.7282592160853822
14,2011,1.693552153790843,3.1822192880593194,1.874422330535165,1.4242867311877991,1.1970281709706836,1.611112513950226
14,2012,1.7527955820675558,3.3394066778620286,1.8670436718950167,1.4288008699819978,1.1931573981814578,1.62694695530845
14,2013,1.8037392193604285,3.337646645854356,1.859310312157033,1.466962594525665,1.2249138632730645,1.6732556035653774
14,2014,1.6886104985375443,3.2245624026472983,1.8084523053637471,1.2706940837041554,1.1800774117978658,1.577252060641596
14,2015,1.6943102121559417,3.2248294918505334,1.823883992632521,1.3210499268818063,1.179029077500784,1.5874706749111458
14,2016,1.7185249925021795,3.1114057299840745,1.833522228636656,1.5034333568187062,1.180706412376115,1.5957239186277596
14,2017,1.6600809401832342,2.979899993471181,1.8368809415013403,1.638036831220349,1.2077211808009198,1.6022716041306544
14,2018,1.5984866671801,2.88618796338908,1.7952407842258666,1.6314126573706311,1.1184514833494004,1.5491585852066292
14,2019,1.454565097603732,2.256935995705266,1.732769600747908,1.65127795816164,1.144804994756046,1.5032133158686134
14,2020,1.295159673506451,1.7951711659677485,1.6683059604858137,1.5895364236900846,1.0668089230531463,1.3792135225130258
14,2021,1.3702533213044938,2.1287683807917097,1.7439755280239555,1.729431296872217,1.0253110131086551,1.4517844331050946
14,2022,1.3458206151909349,2.2436212515322445,1.6452416310747378,1.4561470889955093,1.0133438739019651,1.3341349980838633
14,2023,1.1477638553172302,1.7122151924075584,1.5391258656593874,1.2928877857442782,0.9220262150805468,1.1467663582644891
14,2024,1.1028356957390095,1.5216549730829332,1.5437520864094143,1.3042741924882544,0.9331217836556204,1.1255571020409876
15,1990,1.1378427246092124,3.3390094946588125,0.4576559378484942,-0.2664839329070534,0.4685783483027619,1.4142394319597802
15,1991,1.2709687886224497,3.6148748841493767,0.5455937843458291,-0.2316196434229203,0.5122874799850772,1.5035813372771958
15,1992,1.3557367470613186,3.755781871391104,0.6139880382550432,-0.1794825632094269,0.5650428698765984,1.6021592472912154
15,1993,1.444210231421431,3.822677641028645,0.6937449885674963,-0.1832443231512354,0.5825710216680271,1.649513039651903
15,1994,1.5544431002272563,3.822677641028645,0.7983669237407759,-0.1549170089721105,0.6416146386666199,1.7552494488973294
15,1995,1.6548535879404631,3.822677641028645,0.8925764111309422,-0.0802742991727662,0.6820529005318261,1.8661426208350675
15,1996,1.840200333265784,3.822677641028645,0.9307571379460496,-0.0716346132553028,0.8183216989990614,2.0187060982096328
15,1997,1.9833436978555328,3.822677641028645,1.0035698289875543,0.0061939623648213,0.889660132928995,2.11007279363191
15,1998,2.013491528888991,3.822677641028645,1.0797999118407935,0.0256868074513296,0.9481136047629658,2.1888951611237792
15,1999,2.1258400127756274,3.822677641028645,1.0876734004075517,0.0618225127429316,1.027930550740633,2.362809106909188
15,2000,2.373152393619576,3.822677641028645,1.1398319778928994,0.0888527084119756,1.2999409418339587,2.4776898615157346
15,2001,2.3928462614082133,3.822677641028645,1.2063800344830116,0.0954372652240242,1.24919517972164,2.50246295856375
15,2002,2.5423804226646216,3.822677641028645,1.2479982966289895,0.1430433750066085,1.3156192623975675,2.5675515988757063
15,2003,2.702415491609789,3.822677641028645,1.3547852222068324,0.1684095982919575,1.4616456984036383,2.665071348767562
15,2004,2.87163308281402,3.822677641028645,1.4832220518303103,0.1929872389901747,1.5189022476815373,2.810531456042173
15,2005,3.026821432161999,3.822677641028645,1.587858875691647,0.1785692715772363,1.413079874439711,2.9656980830610618
15,2006,3.29235882168047,3.822677641028645,1.8121525822485696,0.1730525178037981,1.5462905086418577,3.156586187142983
15,2007,3.66857840692225,3.822677641028645,2.041123088465836,0.2131707935962212,1.9569581545433967,3.3972968232978387
15,2008,3.66857840692225,3.822677641028645,2.275904562051337,0.3010131497322414,1.948622968473585,3.5765175366948205
15,2009,3.66857840692225,3.822677641028645,2.497351901773781,0.6420275115941099,2.0599717277581493,3.73726390722949
15,2010,3.66857840692225,3.822677641028645,2.5509862109871584,0.6943881721383336,2.1170949750320416,3.73726390722949
15,2011,3.66857840692225,3.822677641028645,2.8934742055893343,0.917012744019064,2.2075967151162605,3.73726390722949
15,2012,3.66857840692225,3.822677641028645,2.948330263028588,0.7360902006245793,2.36290454505168,3.73726390722949
15,2013,3.66857840692225,3.822677641028645,3.439232203406384,0.6936152269053488,2.185971411011927,3.73726390722949
15,2014,3.66857840692225,3.822677641028645,3.696254749533912,0.6420998995113218,2.294187402920814,3.73726390722949
15,2015,3.66857840692225,3.822677641028645,3.716784138579652,0.6585926060610543,2.7439158045769734,3.73726390722949
15,2016,3.66857840692225,3.822677641028645,3.716784138579652,0.7429984777006835,2.844603891711837,3.73726390722949
15,2017,3.66857840692225,3.822677641028645,3.716784138579652,0.8135771293070219,3.0115051005339053,3.73726390722949
15,2018,3.66857840692225,3.822677641028645,3.716784138579652,0.8604549198688625,3.1441970827113424,3.73726390722949
15,2019,3.66857840692225,3.822677641028645,3.716784138579652,0.8637018819921908,3.188781351787554,3.73726390722949
15,2020,3.66857840692225,3.822677641028645,3.716784138579652,0.8657767380548103,2.872514263871292,3.73726390722949
15,2021,3.66857840692225,3.822677641028645,3.716784138579652,0.9830811638774788,3.118664217822074,3.73726390722949
15,2022,3.66857840692225,3.822677641028645,3.716784138579652,0.9272724398387648,3.323446506060959,3.73726390722949
15,2023,3.66857840692225,3.822677641028645,3.716784138579652,1.111658367584093,3.5102672265289616,3.73726390722949
15,2024,3.66857840692225,3.822677641028645,3.716784138579652,1.226375961079293,3.591929225827021,3.73726390722949
16,1990,-0.1596378883097586,-0.1376720362351772,-0.316089036968861,-0.1987386484058431,0.1359653834032659,0.1775556933194073
16,1991,-0.1403559839495737,-0.1287012874526204,-0.3046072310611638,-0.2242218837343401,0.1608570654809085,0.2166112158366913
16,1992,-0.0899362950373908,-0.1064394772738274,-0.2509816798995848,-0.1760868505276463,0.2071687009938093,0.281841881166003
16,1993,-0.057990713820146,-0.1174196737836769,-0.2711208200099965,-0.1375861871744443,0.251784285515042,0.3188369849963464
16,1994,-0.023016586255035,-0.0474478332797336,-0.2822741989752538,0.0172025316789899,0.2564275508321918,0.3356814668624526
16,1995,0.0020040127945956,-0.1045735615270555,-0.2639786287684045,0.0350485313255642,0.2912302087362702,0.35222670941779
16,1996,0.1022976667357641,-0.0628775211857314,-0.2408617510465382,0.3165060161807311,0.3264679270188265,0.4311670443710982
16,1997,0.1600379100719658,0.0039509689448039,-0.2207138528843281,0.3172635903080629,0.3572649691108387,0.4880218597258204
16,1998,0.1972862069684963,0.0243899229709814,-0.1939711417179258,0.522242141285178,0.3741312825517011,0.4752427998447164
16,1999,0.2282315244594811,0.0798219738481565,-0.1753953138535278,0.3727352203393832,0.384580115510033,0.527574869220493
16,2000,0.2824859507628291,0.1129348017543303,-0.1430124173289585,0.3163612463394718,0.4866093246712693,0.5418973726447354
16,2001,0.2980854651921493,0.1812847308783873,-0.1194839111725675,0.3215993788360895,0.4923539846921315,0.5841763365591836
16,2002,0.314680549670647,0.2120292811059661,-0.108238572663427,0.2641798294440985,0.50715969061092,0.5897902816158136
16,2003,0.3532069961395829,0.2310042089308303,-0.0937308598593839,0.3278894198959575,0.5361421018702481,0.6187301552967432
16,2004,0.4282917718500154,0.3103773941588932,-0.0514426067508287,0.3053577017768467,0.6205894615551903,0.663390946737239
16,2005,0.4491065561064253,0.3815692564972642,-0.0210784411657896,0.2765552655729977,0.6273633139363355,0.6924784990094751
16,2006,0.4848098862167583,0.5303975670993951,0.003352144325836,0.2821086548831206,0.5609795606011135,0.7026693933248953
16,2007,0.5789007389183664,0.6514380862726779,0.0411694119913101,0.242136338297771,0.6384480027985466,0.7597126700052599
16,2008,0.6943740401607561,0.8681857300573028,0.0751988222539779,0.2898333629750831,0.6088201255370275,0.8577119319657736
16,2009,0.7530758944085195,0.9702656746037736,0.0995637223571157,0.3540238740086682,0.5855496410915856,0.9129216744910236
16,2010,0.8173621300841066,1.0607769415202593,0.1552517947172169,0.2999688418996875,0.6077748199226919,0.8478513226066114
16,2011,0.9158797168680126,0.9146900917460776,0.2102873922183376,0.4234629793101555,0.76388377091137,0.955994489536974
16,2012,0.9865509880057766,0.9724186543115874,0.2721367540186105,0.4249617894381322,0.8146284913240107,0.9754626530472712
16,2013,0.9692726084655364,0.9170870758207768,0.3727492530785841,0.60223965674288,0.7930553982954971,0.782654442605568
16,2014,0.8939300295581418,0.8435987017940711,0.3788273410266709,0.6365277730446915,0.7265201459099023,0.8045921805392234
16,2015,0.9609922658441608,0.9387761933972916,0.4419378622859128,0.8106941028546131,0.7280353504761597,0.8782699391034414
16,2016,0.9181144074447364,1.0204875145880397,0.4551362463460957,0.5030812313362016,0.6890377824068625,0.9773796275962576
16,2017,1.0140205237122146,1.1247778516345326,0.5814974176933536,0.4694761158703336,0.7681574837492379,0.9395541940909228
16,2018,1.2743676318880572,1.5913285543177482,0.6128468641057122,0.5127814844258661,0.7734400611555273,1.1536666189876592
16,2019,1.3797098751979795,1.827241334507824,0.6404172111670628,0.5731524627212512,0.7422309448791892,1.3157460568475454
16,2020,1.3522022111156922,1.855691319830291,0.6058739465420728,0.4952966101700426,0.6643758052083816,1.1732136245237368
16,2021,1.3046943619769045,1.8000276138998097,0.642251191003906,0.4297531864644007,0.6385719821417315,1.1598022465383615
16,2022,1.827571195962406,2.6585613572269216,0.7983421734863936,0.4073163113879837,0.8070105465901625,1.5095281992055858
16,2023,1.950369538243366,2.884200551068605,0.8624416963397882,0.4393318213708087,0.8448040815136665,1.561057645491701
16,2024,2.167961046991235,3.2356108014371943,0.94581319488962,0.5276475460608774,0.8676060386273791,1.687964649349133
17,1990,-0.0255931537311708,-0.1947288772470736,-0.2619905510101686,-0.0683218785977625,0.35189312121379,-0.0636154175437863
17,1991,0.0364350328872237,-0.1885036327628658,-0.2427666273126893,0.0507497639064909,0.3976170165651418,-0.0277576444396629
17,1992,0.0824070689441281,-0.1907907802983579,-0.2219618752655995,0.0883140320774754,0.4651949764378495,-0.0074976949551408
17,1993,0.0880729281985316,-0.1862978826405052,-0.2082292500457145,0.189739263994018,0.4653714727072368,0.0343268406127818
17,1994,0.1792762115775272,-0.1859876597450478,-0.1916064677323588,0.347548714953752,0.5353517537960107,0.0923890262326508
17,1995,0.1992552433568163,-0.1874259249834835,-0.1809829509009045,0.4488025514337336,0.5203685721612789,0.1124559334008584
17,1996,0.2194637749955043,-0.1861999850358457,-0.1503910759691071,0.4421291084749645,0.5704143733855401,0.1268164679697302
17,1997,0.2579103030306209,-0.1854860832871804,-0.1347667115607686,0.5576417033908426,0.588881054641264,0.1162057086266512
17,1998,0.26467162567009,-0.1818931714033507,-0.114496200673381,0.655390777669829,0.5750276319606344,0.2118496160030029
17,1999,0.3358393518807387,-0.1869982148881372,-0.0771956580640122,0.8534690069988096,0.5966067984819456,0.3804614453478635
17,2000,0.3755104317159074,-0.1850300535367144,-0.0531066365925239,0.9296112772039972,0.6280729556143602,0.3602780393039392
17,2001,0.4129792022503722,-0.1854871131472558,-0.0214287632377255,1.023252350539075,0.661393858041612,0.4188967637839302
17,2002,0.4795270260819802,-0.1870821338192873,0.0156747232061792,1.2235599438383251,0.6737476174521648,0.4473947770490263
17,2003,0.5217699691194796,-0.1843613487802216,0.063038267331905,1.4062979769570898,0.6707482909120115,0.4810532473300267
17,2004,0.6046886976816785,-0.1838748259690959,0.0786801478438403,1.6582059604430976,0.7186314088442357,0.57396307598364
17,2005,0.7189452045261373,-0.1789210674759142,0.111246963456176,1.7941496018372327,0.8441878577198043,0.6591488489972636
17,2006,0.8259184953139707,-0.1794501580986854,0.1613171834901962,2.033387992491812,0.9521034718990122,0.7558904938397626
17,2007,0.9089808317615196,-0.1771938448477782,0.1963620898588878,2.368172265094229,0.9813760372003136,0.7859924260635511
17,2008,0.9418799073140964,-0.1857913915242193,0.2387366097776573,2.4965394075955425,1.010911568441201,0.8271313173643056
17,2009,1.001544495023332,-0.1842305805077376,0.2732818692912508,2.672524785951041,1.0378688637944804,0.8672661237723016
17,2010,0.9937201911876212,-0.1864352045162684,0.3340995325896724,2.872884589367088,0.8721571881646926,0.8817354732073902
17,2011,1.0321323771093145,-0.1825457567286211,0.3496770414208897,3.0717591723980395,0.8695017656056507,0.9098924023017778
17,2012,1.054733884786625,-0.1865786861653997,0.393880680457754,3.0481012431479724,0.9226022954454662,0.965426659124456
17,2013,1.091225513172796,-0.1828639329462301,0.4217987221755011,3.0744962635878994,0.9632058966370444,0.990939611891186
17,2014,1.1955387754082356,-0.1777079013420905,0.491723007733895,3.5611495859438578,1.0001561901378728,1.1192368664448114
17,2015,1.1748416308410743,-0.1790642942732768,0.5417271044768373,3.621502293173357,0.8083949973869018,1.1195704059856706
17,2016,1.1827513948710695,-0.1778066823770721,0.5763783364171912,3.621502293173357,0.8039579211570257,1.1588339158111192
17,2017,1.2543354129606323,-0.1735542589963591,0.6266232795845892,3.621502293173357,0.8868257187389984,1.2863987952468274
17,2018,1.2184862714566895,-0.1723600355163587,0.6579003713520153,3.621502293173357,0.8048069898320644,1.2011043033319315
17,2019,1.3946509408278454,-0.1694411135220795,0.7262718105362945,3.621502293173357,0.905218077756792,1.384085795402289
17,2020,1.456137058052953,-0.1696030405349269,0.7848165273046597,3.621502293173357,0.8367719444230304,1.4371926589745745
17,2021,1.5860343286667689,-0.1615502590401059,0.8552135943942613,3.621502293173357,0.9004453020101367,1.5045145018414214
17,2022,1.6137682191141305,-0.1623694118136672,0.905117288831386,3.621502293173357,0.8923261625460962,1.4867594494205798
17,2023,1.6787251580743827,-0.1705650946655238,0.9718088676659808,3.621502293173357,0.9257032618504906,1.5079007253998762
17,2024,1.7395014491988707,-0.1705650946655238,1.0433032679234038,3.621502293173357,0.9476435874617812,1.6124630286306227
18,1990,0.6465097588187226,0.1127808507794061,0.468260186965992,0.5343348737226341,1.035649202099879,0.4743692708529222
18,1991,0.646211291480718,0.0939698407050706,0.4897568251051552,0.6000965742570372,1.018085570568767,0.4996351350707708
18,1992,0.640636346979464,0.0552811418414225,0.5089457165954409,0.5889546156840758,1.0555030408646162,0.4925907818731415
18,1993,0.6266741822185224,0.0211117905321391,0.5128649447752232,0.6195685409391561,1.041374720183942,0.4876669105028327
18,1994,0.6154157803299983,0.0312364378282742,0.5461061303760353,0.5828807529962805,1.0244723456709894,0.475022863557981
18,1995,0.6858715178512345,0.0476865311784286,0.5763651993394936,0.6960810268832686,1.077389035343697,0.5611669027734874
18,1996,0.6781183886832267,0.027533086730918,0.5872645948025974,0.7377801408551908,1.0660992813751218,0.5602063385134851
18,1997,0.6856103819472378,0.0303358586306732,0.6210706747444062,0.7794084808065767,1.0708732344818337,0.5758660432894329
18,1998,0.7172644184243168,0.0406834856914155,0.6523150245351841,0.882437269531154,1.0684701297085226,0.6067814966580884
18,1999,0.7365437885417682,0.0404228989261975,0.6806692172324911,1.0081463843441831,1.0324074298889023,0.6242022002686798
18,2000,0.7425641557611907,0.0567434667070421,0.7333707939293393,1.0752766438879082,1.0018605812939292,0.6461757840723454
18,2001,0.7423657119123687,0.0750311489369117,0.7603981417791894,1.0797738182293095,0.9828776664067675,0.6501377584679342
18,2002,0.7664016460395674,0.0862351638703183,0.7843470344219033,1.068601462224575,1.0150050805573416,0.6583601123896491
18,2003,0.8161499575564414,0.1111123993327453,0.8230050750600235,1.236039458882641,1.000199374638553,0.7151696858616754
18,2004,0.8405223799776961,0.15196874889668,0.8435952548380526,1.303902330362137,0.9714105020186864,0.7238801184635746
18,2005,0.8514989102421365,0.148085783783901,0.867044938528258,1.4349990951950171,0.9245580230490994,0.7478322305789329
18,2006,0.8335828125445203,0.1519898536540697,0.9008553974959658,1.3936958487069129,0.918767992085216,0.7361579264331599
18,2007,0.8102393454415392,0.1543007185404564,0.9069334854440528,1.4032915145953235,0.8727864369932047,0.7320707371628546
18,2008,0.7738672381774054,0.1442678331020448,0.9072925655677868,1.402967667334121,0.8166924879893411,0.7154362089158415
18,2009,0.6355995315003106,0.0725305492376944,0.8235612113492218,1.2439889499269912,0.7084237474307052,0.6329583792497567
18,2010,0.6508862427667057,0.1000743362996569,0.8672113415124274,1.3615704556076822,0.6891989092442171,0.661122267322695
18,2011,0.6335458180450997,0.1369907616896347,0.8843245747264933,1.2415088622641235,0.6529104143452256,0.6216946631495395
18,2012,0.5771082878201348,0.1481575497741615,0.8555587535946615,1.171928438593267,0.5615117918596321,0.5763154433554167
18,2013,0.4908803374564524,0.1005336386373238,0.8120618893379276,1.0596076885929848,0.4751774304399422,0.5356363833675972
18,2014,0.4364901821623038,0.0956535512996129,0.784894412659303,0.8705444974192993,0.4811287436033768,0.4766110199822574
18,2015,0.4671322246308001,0.076736036266957,0.8115845755149151,1.0005970257609058,0.4893057511206162,0.5161745684559654
18,2016,0.455190836102765,0.0436232083607832,0.8042672232373552,1.0792163174782048,0.4558074382738582,0.5054210079502994
18,2017,0.4443918625565246,0.0118540496801623,0.8321682524394839,1.1776108975242516,0.4476098834043959,0.5222729501906862
18,2018,0.431259407144453,-0.006013423032503,0.8390102833508153,1.1204688730121737,0.4515735386123432,0.5027275738647778
18,2019,0.4072242352779042,-0.0572022666759346,0.8318312863965408,1.1616241125695366,0.43598990413224,0.4918871782504235
18,2020,0.3022579980393871,-0.0978429450708846,0.7530567968187278,1.0874487800422006,0.3151279752529171,0.4145244379686191
18,2021,0.4004860457954583,-0.0861464669373293,0.827817891643822,1.2063378784354613,0.4062063074184222,0.4983702395590686
18,2022,0.4145024106913741,-0.0445006400990093,0.8057752896926246,1.0286819823247528,0.4653819399219877,0.4483890012453503
18,2023,0.3368572479514654,-0.10787218863732,0.768634901197467,0.8666617899730272,0.4425068500977202,0.4059761288799833
18,2024,0.3145657702941662,-0.1640947803515009,0.7941011508960418,0.8702245399810653,0.4428025630417549,0.3873954691594221
19,1990,2.6052751451219884,1.5382289957813382,2.903348908992026,0.7918666813371854,3.130656589608464,2.4693032444736653
19,1991,2.6396970634801065,1.547410986857187,3.006115888794405,0.8880853956505791,3.160848617364425,2.5096777415857288
19,1992,2.675946933342806,1.5357213575461148,3.040609475802388,0.9041703389158836,3.2202811078989955,2.585689627917426
19,1993,2.6572285912815143,1.5738663467685174,3.0733251782952964,0.9389581230042144,3.198749934258927,2.608225819514753
19,1994,2.8165677758388523,1.6284768910036385,3.3051551884247385,1.0131613679680231,3.336791368854691,2.7816853504787784
19,1995,2.849394466514209,1.6962146862927483,3.381306448811792,1.0700451345647504,3.4105134622694866,2.8749687007376017
19,1996,2.892977998591258,1.745490130688193,3.4704896902748588,1.1390485713553111,3.4106102315892173,2.947740196645867
19,1997,2.867153481876428,1.7734140916595678,3.518313032120001,1.1953717955812215,3.3871436715545364,2.984557906522225
19,1998,2.75770833336753,1.6543088035138993,3.5598656088774905,1.2400169520904156,3.3057445454411094,2.9223241876691888
19,1999,2.858772215568994,1.7739274591056116,3.6523024665836616,1.3487152060196042,3.4062556122013388,2.984151190300821
19,2000,2.9016697387958645,1.9121845803404696,3.716784138579652,1.4087090983495143,3.3350011364396743,3.052166485254776
19,2001,2.871176333194136,1.972715929014069,3.716784138579652,1.401243942662432,3.243392847094664,2.99454262359093
19,2002,2.9890891341654293,2.077625442515239,3.716784138579652,1.4511596613329207,3.286632604794307,3.0063231707704023
19,2003,3.0266314685061366,2.174661379582241,3.716784138579652,1.517947156411645,3.250553776754732,2.984916749587159
19,2004,3.015313340686486,2.2302332134582663,3.716784138579652,1.507063241215934,3.2150878210734506,3.1018760475647817
19,2005,3.050810218710016,2.32395313659513,3.716784138579652,1.49264894599597,3.171315832115289,3.096024953817342
19,2006,2.972175170221477,2.2973874145044184,3.716784138579652,1.6952493310782006,3.016275253686842,3.0881344227174625
19,2007,3.0852919128841103,2.4059351407844742,3.716784138579652,1.8907676079258764,2.9482948065760644,3.052990535521169
19,2008,2.899068342024045,2.3122754262116967,3.716784138579652,1.840457252787577,2.667986343756298,2.9240993594243645
19,2009,2.730474158071828,2.2165235833044865,3.716784138579652,1.8135780567079656,2.581539084796922,2.778229748293683
19,2010,2.90437338500252,2.430343778617101,3.716784138579652,1.9434671300570927,2.582571290874049,2.950521942302242
19,2011,3.078848717180378,2.353558205996107,3.716784138579652,2.3576115702795413,2.622504763482896,2.69210898484574
19,2012,3.2130403009821347,2.4730012055090302,3.716784138579652,2.4690070150289176,2.650729148404333,2.621131883874656
19,2013,3.227309872494176,2.637970091033224,3.716784138579652,2.459842543732372,2.595973841656744,2.63272929167173
19,2014,3.090928525260642,2.6067767953102834,3.716784138579652,2.483564648069493,2.425595326050989,2.530123792160997
19,2015,2.9806145634369434,2.573105045483579,3.716784138579652,2.3375589141500748,2.3666950667749367,2.490961136027816
19,2016,2.95881232373602,2.542567359918877,3.716784138579652,2.402323211139572,2.302069289414822,2.469070596885211
19,2017,2.9221929952816508,2.567434798616416,3.716784138579652,2.329164138892597,2.2686762938443703,2.490993575959562
19,2018,2.806379793855164,2.483373919529514,3.716784138579652,2.2094330289631703,2.164426108954409,2.447859462883861
19,2019,2.6974144689430526,2.4418410097000933,3.635343226194367,2.0910928539962543,2.085445022345972,2.379367127649448
19,2020,2.5302962986686177,2.260411808661338,3.571107106980917,2.077913949025407,1.8992245949457525,2.1822356364059416
19,2021,2.5628929359622243,2.396055068610184,3.6165122281117967,1.945805948268136,1.925518367425684,2.295748106670054
19,2022,2.4712993302682347,2.2680460121618378,3.542294745561829,1.8325455162263893,1.886749900657076,2.2342828701732413
19,2023,2.282350115655816,2.034875179552458,3.502111077005245,1.728338203614728,1.792589077700916,2.143851097230136
19,2024,2.224485564867763,2.041782704337914,3.5098144196732046,1.668281604359814,1.690627553255642,2.110356934011901
20,1990,0.1886420925278763,1.0870145875594814,-0.0670450760296712,-0.2588980857626572,-0.0749561522287708,-0.0254054308027699
20,1991,0.2187059536063857,1.0799671673159046,-0.0833525684782846,-0.2735691497977295,-0.0222007447556146,-0.0145729097608214
20,1992,0.231031167000091,1.093444820286818,-0.1043193444836448,-0.1417578087601702,-0.0530217730898248,0.0331198669955795
20,1993,0.1198439925930267,0.9816334074610296,-0.1649819902652349,-0.2653570965512294,-0.1224224309292993,-0.0734411925540953
20,1994,0.0496945280994982,0.9312249759020864,-0.220910909049792,-0.3339280800872646,-0.1953058940013355,-0.1149426638210047
20,1995,-0.0239713268643806,0.7322609445040018,-0.2496022867413374,-0.2836671307509629,-0.2148207450005903,-0.175451386075458
20,1996,-0.0908292669414686,0.6327645756069076,-0.2768442068602483,-0.3419306001145974,-0.232819169149362,-0.2327739615324605
20,1997,-0.1599099905082606,0.496136483349054,-0.3081586210654133,-0.3647188737991387,-0.2553019077667817,-0.2571290847456824
20,1998,-0.1548635935840277,0.4976579223425755,-0.3213570051255962,-0.3645371092436399,-0.2482377474264446,-0.2635720084410194
20,1999,-0.1884599560568366,0.4539811406700629,-0.3226619548435572,-0.3639893757844519,-0.2746235152730004,-0.2890128339480181
20,2000,-0.1966968319533885,0.468836700653977,-0.3090388052711521,-0.3135613016857108,-0.2773943434612878,-0.2801609978762714
20,2001,-0.1768884275413594,0.47846769654693,-0.3006967609331799,-0.3076252842380306,-0.2559954212248513,-0.2516488428644899
20,2002,-0.1606367628051508,0.5199197325213687,-0.2916540724513359,-0.2824185684270758,-0.2641998467160145,-0.2479266972776154
20,2003,-0.1171406343819645,0.6104884122300624,-0.2886369236067885,-0.2244484807188554,-0.2673303342093008,-0.2316653434763947
20,2004,-0.0622571531513552,0.6910529128964489,-0.282388053648633,-0.1724400320632523,-0.2424202984886374,-0.1712461428377967
20,2005,-0.0305019250393647,0.7132142506888773,-0.2690057505006838,-0.0699553198045612,-0.2445492235227116,-0.1561531009295718
20,2006,0.0289965064511214,0.7833296231733414,-0.2545593440592296,-0.0318000118541187,-0.2043367327086423,-0.1255654832842055
20,2007,0.0533210713739577,0.846584166988906,-0.2358433873660572,-0.0996042898049877,-0.1776122722430294,-0.0539081682028119
20,2008,0.1706456306383328,1.0159088444094229,-0.2303345727848661,0.0449436672494647,-0.2003369341597757,-0.0345739601807067
20,2009,0.0792233846056923,0.8938061885802854,-0.2351690173775807,0.0260657713008404,-0.2414961514852097,-0.0771081056555465
20,2010,0.1878136613447151,0.9837720339707912,-0.2138212661189904,0.1171304235539473,-0.2345287604646034,0.0020656409120123
20,2011,0.1802615722503131,1.0769529957249653,-0.17756731069953,0.1118940184903305,-0.2212874918814602,0.0243307245310812
20,2012,0.1771827647921839,1.0941624801894223,-0.1597621913933909,0.1163478600482258,-0.21525553761825,-0.0186942115300947
20,2013,0.2302053958794706,1.0872155323322104,-0.1686253398133677,0.1599524449745974,-0.2073043251803821,-0.0015922999816875
20,2014,0.0640162953301227,0.9163741524735294,-0.1525236615820165,-0.2244927853450471,-0.2130137150444901,-0.1142084077845529
20,2015,0.0570757293348759,0.8460892687200697,-0.1447289954814441,-0.2441951602357001,-0.1922228267003611,-0.1245490765054153
20,2016,0.0882634707778109,0.9005886487878201,-0.139364452287528,-0.2093082350645783,-0.1727786447224837,-0.0790840659745783
20,2017,0.1583085965462145,1.046364464760213,-0.1011372377334745,-0.1903244845355669,-0.1587390292515627,-0.0616925654484216
20,2018,0.1088125760616023,0.8924231144159858,-0.0724180050581843,-0.1577195951974577,-0.1787347963519048,-0.0373176176981372
20,2019,0.1027382335776036,0.8845013710155168,-0.1365519178071465,-0.0837146467968144,-0.1937148805848481,-0.0296353736789663
20,2020,0.0994198399526532,0.8686305069585414,-0.139231864141352,-0.133688053366407,-0.163597591000159,-0.069030756047363
20,2021,0.160707442908056,0.9075458878880356,-0.036703681379308,-0.036949060206658,-0.1384165527995899,-0.0482630126129959
20,2022,0.1266748523531095,0.8646347488592158,-0.0742787889125565,-0.0464802000595235,-0.1198367689608363,-0.0537800141518487
20,2023,0.1619027298985999,0.922510998120436,-0.094762558361235,0.0134560833169673,-0.1250971752472042,-0.0279567906778532
20,2024,0.1591245176112239,0.9013433937124732,-0.0786276692240356,0.0014581399974364,-0.1114030934772773,-0.0334127856562972
21,1990,-0.4518491167500193,-0.2099547416255071,-0.4265017959912398,-0.4023995821338441,-0.3078191336876409,-0.4315505227764112
21,1991,-0.5082831051783887,-0.2099547416255071,-0.4538663288353282,-0.5428003889187395,-0.3188309661699497,-0.4906522880416423
21,1992,-0.4613742942688168,-0.2099547416255071,-0.4324091019292579,-0.4429003478574086,-0.3225727131995346,-0.4509728610594181
21,1993,-0.4233906000914837,-0.2099547416255071,-0.4293437837998193,-0.3377767869675063,-0.3002697445602005,-0.4008071774539389
21,1994,-0.4089030812885403,-0.2099547416255071,-0.410076069843348,-0.3290344014536728,-0.2824492114518897,-0.3867263079132499
21,1995,-0.4164867270874557,-0.2099547416255071,-0.4063670349067273,-0.316230658180633,-0.26940138635171,-0.384497704778867
21,1996,-0.4203218840509229,-0.2099547416255071,-0.3962514850795799,-0.3156534472496428,-0.2728688520342724,-0.3949523209693991
21,1997,-0.4106937212872739,-0.2099547416255071,-0.3920914104753417,-0.31625391938011,-0.2604662976606327,-0.3842166571987144
21,1998,-0.4155211192591452,-0.2099547416255071,-0.3914433146422604,-0.3415194950461201,-0.2381576099545025,-0.3922043131349281
21,1999,-0.4084502130626605,-0.2099547416255071,-0.3869154018624897,-0.360409569829911,-0.2274646001242663,-0.3869478565753978
21,2000,-0.4074284135996565,-0.2099547416255071,-0.385084969036625,-0.3371559258178015,-0.249947338741686,-0.387134055655206
21,2001,-0.3952942961198927,-0.2099547416255071,-0.3781091807792024,-0.3393444198618618,-0.2407058687074095,-0.3773508202260534
21,2002,-0.3891637302413878,-0.2099547416255071,-0.371308553557748,-0.3580533601666164,-0.2208681581626274,-0.3773474939190916
21,2003,-0.3856204127836469,-0.2099547416255071,-0.3586969589680576,-0.3288093950210011,-0.1974822392277217,-0.3658590868952369
21,2004,-0.3766314424245545,-0.2099547416255071,-0.3536129098990887,-0.3072404077339171,-0.192417978161818,-0.3561732327295502
21,2005,-0.3503333941403901,-0.2099547416255071,-0.3455336071150684,-0.2749985473189161,-0.1794992739777769,-0.3358628800899527
21,2006,-0.3422379920193909,-0.2099547416255071,-0.3315382403412315,-0.2719085498754353,-0.1643226190000209,-0.3384142439972714
21,2007,-0.3416612657427487,-0.2099547416255071,-0.3293574854434309,-0.2796933184050731,-0.1717577283993254,-0.334466212560188
21,2008,-0.3288197396307276,-0.2099547416255071,-0.3202184583918047,-0.2643762998893428,-0.1276793032620169,-0.3181444976826848
21,2009,-0.3011018946298378,-0.2099547416255071,-0.31467461160342,-0.2459278074543803,-0.1079222338170103,-0.3088735636576518
21,2010,-0.3091294657463779,-0.2099547416255071,-0.3004252613274297,-0.2280709647470483,-0.1147928555178861,-0.3023048025994433
21,2011,-0.3044808031062551,-0.2099547416255071,-0.2996063834842796,-0.1705894489409626,-0.1351950537610969,-0.3049159009389123
21,2012,-0.3074088014391876,-0.2099547416255071,-0.2781005926555041,-0.1434247971164737,-0.1336467446454066,-0.2669145821952229
21,2013,-0.2881762130539018,-0.2099547416255071,-0.2787509273969472,-0.1358638795662591,-0.1109059545087052,-0.3184383263657055
21,2014,-0.2941053912572429,-0.2099547416255071,-0.2631557693397459,-0.1393966993832034,-0.1224860164364723,-0.3374837456819815
21,2015,-0.2808499671750842,-0.2099547416255071,-0.2518566159303639,-0.0800560615463775,-0.1044224100867521,-0.2899784330629542
21,2016,-0.2761678909120861,-0.2099547416255071,-0.2459173364252671,-0.0529145877524556,-0.0810203629318912,-0.254000380326951
21,2017,-0.2761467547978656,-0.2099547416255071,-0.2295419690971113,-0.0445704967483464,-0.1074665954750587,-0.2648360072762989
21,2018,-0.2694829358900481,-0.2099547416255071,-0.2318120561232556,-0.0142289384050251,-0.1004565936973308,-0.2589243075056799
21,2019,-0.2670258589202214,-0.2099547416255071,-0.226704360314431,0.0264057277448034,-0.1093635483215185,-0.2516313302979257
21,2020,-0.2701390535306918,-0.2099547416255071,-0.2270117679325547,0.0307607034133152,-0.1609752230765583,-0.2760597814095702
21,2021,-0.2440478651078457,-0.2099547416255071,-0.2051385335660606,0.0588539153282225,-0.0928764270877501,-0.2785855654756333
21,2022,-0.2600253380259542,-0.2099547416255071,-0.1947024388241406,0.0158424543742154,-0.06651020664378,-0.2482904319519466
21,2023,-0.2608371804151937,-0.2099547416255071,-0.1788892605920482,0.0723817815903392,-0.0725342295996515,-0.2361496755990144
21,2024,-0.2499584220183457,-0.2099547416255071,-0.1340935043616717,0.1196587657592323,-0.0696500004268403,-0.2325178592707969
22,1990,-0.398317729331349,-0.17915277860572,-0.4025222501672315,-0.4301730196968754,-0.1826622898043367,-0.4052600729316983
22,1991,-0.3779609499184985,-0.1748037595959365,-0.3918374269731883,-0.3402038663564213,-0.1679567518723191,-0.3751391476283214
22,1992,-0.3626317991425843,-0.1726364266900707,-0.3770450774856974,-0.3084513737559471,-0.1557124359200025,-0.357764735713549
22,1993,-0.3453508881431165,-0.178363352712855,-0.3652479817132579,-0.3161228753123084,-0.1337122616768526,-0.3244074164391341
22,1994,-0.3317527018188644,-0.174889878784249,-0.3363726849339462,-0.2656848665677451,-0.1254549220295686,-0.3153699461144513
22,1995,-0.2864201335349179,-0.1740430400991757,-0.3226094065327669,-0.1950224278455367,-0.0914604037949197,-0.2489106043341906
22,1996,-0.2647794729735503,-0.1728804310569563,-0.3022206619461008,-0.1557976013667739,-0.0777196856417107,-0.2583250272414026
22,1997,-0.2650355946034561,-0.1748468191900927,-0.2681562194762394,-0.1369495873138696,-0.0351044021137588,-0.2300472106723899
22,1998,-0.2556134789673926,-0.1759520154401037,-0.2417156610968818,-0.1338925270717208,-0.0601810961072915,-0.2492182164065614
22,1999,-0.2362720977999358,-0.1817937670473048,-0.2437037388551177,-0.0541509526987515,0.0041920521523199,-0.2342104059994997
22,2000,-0.2092899332205366,-0.1626466008458154,-0.2219706333173979,0.0227153259875676,-0.0258633337401325,-0.2002429536493121
22,2001,-0.1920853775760084,-0.1503028505210173,-0.2051245206831831,0.05494681752761,0.0017943852462735,-0.1744067252756867
22,2002,-0.1733043556491675,-0.1345860986539777,-0.1883835046705491,0.0509181097851722,0.0429470833103847,-0.1670609124950338
22,2003,-0.1544981464277821,-0.100540312874418,-0.1684808319586941,0.0731690189464789,0.0482772591752226,-0.1082087247620044
22,2004,-0.1059569532048392,-0.0194123056525065,-0.1514591641761805,0.0698057647215771,0.0883657066755321,-0.0736061683675116
22,2005,-0.0904693079373557,-0.0531084475275173,-0.1364172102124353,0.2189509023134375,0.0824887167988147,-0.0694807148741885
22,2006,-0.0594968475585125,-0.0500170557310579,-0.1097975058835415,0.3259217825902506,0.0736400282426333,-0.0712779768764543
22,2007,-0.0463411177243728,-0.028559024643182,-0.0987360864621673,0.2469273947289798,0.1218242594434943,-0.0577510621083328
22,2008,-0.0161321654755844,-0.0095123308280573,-0.0832825040638975,0.3361060872317428,0.0577307133418975,-0.037962030727945
22,2009,-0.0179843617352126,0.0745112905688829,-0.0678114055620309,0.2482143853736192,0.0327449878849849,-0.0503968459622127
22,2010,-0.0018688905141414,0.1264985739135562,-0.004346183204954,0.1895166329109405,0.036097931916112,-0.0380022588640401
22,2011,0.013408090393627,0.1263693951310874,-0.0197253221629375,0.2387772672438256,0.0817230533471153,-0.0218051530735349
22,2012,0.0171441628510392,0.1516453769008196,0.019738459240635,0.2574441211246558,0.0472409190830957,-0.0079746387376049
22,2013,0.0759887751274661,0.133086691819466,0.0491786503609433,0.3804438298618376,0.0775216520488098,0.0601857228796609
22,2014,0.0795259644796412,0.1396891629234278,0.0721991895130273,0.378907370414517,0.0824875309729874,0.0674403907029707
22,2015,0.134225754305081,0.1889206322420997,0.0891285036393269,0.5231601132852647,0.0565533532851748,0.0373214146723687
22,2016,0.1299606299760617,0.2196651824696784,0.1409104848973434,0.4686514848734793,0.0626143383443041,0.0332635182585278
22,2017,0.134735136686293,0.2650288237432632,0.1518405335417417,0.4499358351388239,0.0724654550928837,0.0463712982565715
22,2018,0.1378333318812785,0.2999751435218091,0.1796298318980523,0.444418853915712,0.0552018084529368,0.1007724529582179
22,2019,0.1686640532858475,0.2694824919200445,0.2052176362899036,0.5485352479247024,0.0928932165647234,0.1446750962143693
22,2020,0.1437220436240187,0.3544234549108901,0.1764106479355936,0.4738939436727113,0.0019268948868065,0.0913133571922377
22,2021,0.1519657198151404,0.3157196401206833,0.190726546268174,0.645674278878959,-0.0173942287728134,0.1299878689078873
22,2022,0.1967657312355402,0.3333677726708103,0.2293828090217789,0.7647401646923577,0.0156945724410644,0.1574265495369292
22,2023,0.2055125591106778,0.3896417914813789,0.261839779814923,0.7480617907685547,-0.041844138706696,0.145922813029799
22,2024,0.2087363200408864,0.3818217561936659,0.3017744807946185,0.778599221043685,-0.0196727709659811,0.1619549663353788
23,1990,0.2450357410361519,-0.1023631690270335,-0.0510222202645057,0.0846256754764631,0.7233746073290898,0.3289179588662652
23,1991,0.3014036286910956,-0.1037123696439301,-0.0407840577121807,0.1284541113822578,0.8104024822068492,0.3683532569776913
23,1992,0.3102125358784289,-0.1044262874820584,-0.0250721127858582,0.1346432554918117,0.8140474599167035,0.3783228121409765
23,1993,0.3332851408875358,-0.082067746981377,-0.0086069754048737,0.1336807572751097,0.8602386818681311,0.4001156663206984
23,1994,0.4076599074573915,-0.0647290837344511,0.0289563087584468,0.1608313802916237,0.9773456869621656,0.4233995701163905
23,1995,0.3513068417191565,-0.0512514307635377,0.0473963868199697,0.150728808705289,0.8608999388862905,0.3886926817924969
23,1996,0.3918640567396739,-0.0304249403899537,-0.0024500649906012,0.2062286028978987,0.8776087747597817,0.4086621101833508
23,1997,0.4468672250637963,-0.0306832979548914,0.0357656940316998,0.2547030140360253,0.92089691711929,0.4469687626746205
23,1998,0.5180213850939995,-0.0221718515100015,0.0769986018985483,0.3749164795197883,0.992409444400236,0.4933186095695269
23,1999,0.4876886798439592,-0.0235928181171585,0.1111112136533008,0.3361737914789251,0.9717330664177884,0.510262442691123
23,2000,0.560576827366206,-0.020506880535959,0.1598016026264836,0.4501249190723966,1.0363749719978588,0.524788734203461
23,2001,0.5592946186242866,0.0033481346266161,0.1727854144176057,0.4594748146134775,1.0149405676775212,0.55486353296359
23,2002,0.5735476739916938,0.0193663036527496,0.1888695765453601,0.5844727135648015,0.9570886426985508,0.5554793537284944
23,2003,0.6443456187445621,0.0698177948058492,0.2874939978470978,0.7180464838259042,0.948524557902389,0.6292445254120959
23,2004,0.6701011982674087,0.039805257678927,0.3282145596837402,0.7777524806182464,1.0014412475750962,0.6442852538962006
23,2005,0.7234345067188758,0.0993566763970523,0.3622001796874161,0.7714870929870905,1.039390949129464,0.7026264916786762
23,2006,0.7650252003580366,0.1203410519492092,0.3819889977258919,0.9100520691463384,1.034875047542034,0.7281354461693713
23,2007,0.7874277055288051,0.0952947213483106,0.4227314546920303,0.9554907682283652,1.0797114990172323,0.7258622258707188
23,2008,0.787701118374861,0.0623254254226577,0.4500084070181348,1.0335549851260932,1.0714377221802622,0.7180969734616326
23,2009,0.7632460714109593,0.0650668862506071,0.4353912185666117,1.0330627569506314,1.0225369592763769,0.6888575330344576
23,2010,0.8073472054909694,0.1285223748389011,0.4783888738708371,1.080454510082011,1.0416972845830443,0.6873315124031951
23,2011,0.8621634322243917,0.1650225574853683,0.5566157925341105,1.1477629009003196,1.0650186906381296,0.7428454677779216
23,2012,0.8679806302089899,0.1250776073063992,0.6184038479717945,1.2270549434699238,1.0570513499803067,0.7748163080776292
23,2013,0.8375206426054012,0.1285367280369531,0.589668680021257,1.1509968461125848,1.043890722496939,0.7796263990011995
23,2014,0.7875708604041403,0.1166522800498219,0.6346675501614158,1.126859977017949,0.9907321095249048,0.7562745315121127
23,2015,0.8121490139160001,0.140980950748116,0.6568735904962492,1.1919554758652848,0.9663139845128724,0.7460860603637858
23,2016,0.8240297295291261,0.0987107824847082,0.7109983506103364,1.215938028072198,1.0033927621896643,0.7443023876941871
23,2017,0.8272329024148208,0.101366124124345,0.7182193643181141,1.260147071637829,0.9728297853747356,0.7160238771500856
23,2018,0.7408050498476041,0.0585648875330098,0.8409284280654409,1.237424672355952,0.8661888499279491,0.7488119560412927
23,2019,0.7845055002534632,0.0488908320459006,0.7546003114886511,1.2279003316374455,0.9403889031411142,0.7405818496184823
23,2020,0.5874917501998775,-0.0211948257476187,0.8403109854136541,1.1206976706279996,0.7159270630721999,0.6568803689956716
23,2021,0.6144234785599295,-0.0442901297082736,0.8141722776685542,1.264768648943248,0.7146666426827083,0.7039190639205699
23,2022,0.6282779645278461,0.0121797078369642,0.8363443236253316,1.0684190127360256,0.7761885279842432,0.7324681243647175
23,2023,0.6609400796924788,0.0042961226924603,0.8830720830005067,1.231257783486265,0.721914411192486,0.7517056392544624
23,2024,0.6742150224292958,-0.0148893021873097,0.9057912989821544,1.240995537184579,0.7351937109851854,0.7463642708174232
24,1990,-0.089851277409411,-0.0301239769618904,-0.1654023767515579,0.4591917150530151,-0.0328737394648865,-0.0678143221607551
24,1991,-0.0696870921873847,-0.0455594778857285,-0.155628390944548,0.5786527795902986,-0.0382178574034512,-0.0506052006087189
24,1992,-0.0731986323952682,-0.0458254681688168,-0.1481840469159113,0.5488704763309694,-0.0318287275811152,-0.0554167840113508
24,1993,-0.0608439978459026,-0.0451078148420244,-0.142162886304514,0.5797863559520479,-0.0377104958601034,-0.0446790646381235
24,1994,-0.0642446095578329,-0.030183408528394,-0.1275281817493943,0.5413188777662231,-0.0238308884593571,-0.0422390977214277
24,1995,-0.0492178765108611,-0.0109476506332665,-0.1234732037667369,0.5706536654582951,-0.0119401647588147,-0.0275551091421125
24,1996,-0.0194089375673835,-0.0158855979184042,-0.1078313232548016,0.6934701350494697,-0.0022107838144562,-0.0026169463859535
24,1997,-0.0438530303027654,-0.0153105756858835,-0.0940111175169326,0.6141900939030851,-0.003212862376707,-0.0171195418960981
24,1998,-0.0421340373828197,-0.0104452887014432,-0.0796522915934623,0.5994664912608287,-0.003466494763721,-0.0137122425325525
24,1999,-0.0579212356232151,-0.0392669575452603,-0.0703687566871626,0.5727986839572197,-0.0014297747631303,-0.0214726556090832
24,2000,-0.0550885717273475,-0.028401139464609,-0.058037419755021,0.57598852179282,-0.0057780557605668,-0.016467038521885
24,2001,-0.0398138748512981,-0.0170616592724266,-0.0490691747134634,0.5990131057910949,-0.0004594042813112,-0.0026554268995303
24,2002,-0.0395976245793107,-0.0177228138448838,-0.0425531841754567,0.5871921210550314,0.0060412683102342,0.0025539469077405
24,2003,-0.0308742327720334,-0.0129858047566633,-0.0352139367684008,0.5950788705193473,0.0406399450916494,0.0224061804310862
24,2004,-0.0249462079306318,-0.0161717609931969,-0.0242576139686074,0.6228186410390646,0.0413682955048221,0.0271774278414529
24,2005,-0.0371960690275699,-0.0253869678736699,-0.0147332326378517,0.5888631420276951,0.0371075423570818,0.0185015433036848
24,2006,-0.0482786279864836,-0.0319607325815275,-0.0097455221386651,0.5433677832072964,0.0351578502313687,0.0134862117109298
24,2007,-0.0471581637016605,-0.0162587810677585,0.0003481325589862,0.5157733097763948,0.0423467946094985,0.011212624897837
24,2008,-0.0428851423963199,-0.0260472149840661,0.0038863854855382,0.5600417385526318,0.0226594152029179,0.0069794786923081
24,2009,-0.0575432386398567,-0.036941285729791,-0.0133407024019067,0.5869869289744589,0.0077890189938895,-0.001266941765099
24,2010,-0.0236372792860065,-0.0363236576341446,0.0019902672711854,0.7370434853011268,0.0263420684345874,0.0365251392022858
24,2011,-0.0629038338606337,-0.0386062632796456,0.0048716663128577,0.5752484722395229,0.0100710008353375,-0.0025471834341435
24,2012,-0.0685559620514661,-0.021526411328688,-0.0128862952633727,0.5298954268955446,0.0157668752511233,-0.0012589349577909
24,2013,-0.072126492947154,-0.0218551802666065,-0.0066826037154193,0.5256214443494448,-0.0070453145153196,-0.0118743139220726
24,2014,-0.0958422810697742,-0.0001574186996363,-0.0199430254355161,0.3962800843171275,-0.0201456708407148,-0.0423375724637281
24,2015,-0.068392271745389,0.0477977350946923,-0.0101534897075382,0.3781449946740259,-0.0109160389198857,-0.0313576217739471
24,2016,-0.0658101229658525,0.0268836332473536,-0.0052262316608899,0.4166228285784006,0.0029978248200457,-0.0208492362934752
24,2017,-0.0749458073808178,0.0023052743157453,-0.0012594297437388,0.4487048785281085,0.0125809389376312,-0.0122083168010641
24,2018,-0.0877727060548386,-0.0216202872689868,0.0081759391275638,0.4290571554255313,0.0088734159907908,-0.0228446445263288
24,2019,-0.1052942338430182,-0.0639949750668789,0.0067394128184096,0.474209016481774,-0.0041293807320959,-0.0360018982338994
24,2020,-0.1526121685245599,-0.1189831671937601,-0.0019505932965386,0.4464383989808942,-0.0163113639568075,-0.0520847912189687
24,2021,-0.140920057961045,-0.0832968404907046,0.0033128469474166,0.4115428113054535,-0.0141690847566106,-0.0370987276355756
24,2022,-0.1796477611701808,-0.0840724294469164,-0.01268875740506,0.2105773488648336,-0.0373448368572814,-0.0865786863018775
24,2023,-0.2090186011851721,-0.1244563152292474,-0.0232640042340275,0.1648355373701304,-0.0450884952325469,-0.1072740493721869
24,2024,-0.2178766582759208,-0.1170272789799166,-0.0056027505318509,0.1743374376333256,-0.0487160997908273,-0.1085863479195496
25,1990,-0.4847910209876329,-0.1786217102777927,-0.3636321211564539,-0.4550088918727706,-0.3171697595145736,-0.4344409756836082
25,1991,-0.4838048996251173,-0.1791809881608882,-0.360939020228447,-0.4458242922865223,-0.3189277354896803,-0.4332581125829294
25,1992,-0.4784670068969475,-0.1757223642712703,-0.3638204192701193,-0.4384719770114102,-0.3136699357843153,-0.4301743872182171
25,1993,-0.4795795047698505,-0.1768137041641652,-0.3588808780558239,-0.4417284903060695,-0.3137828333240011,-0.4255222914578698
25,1994,-0.4785655824514101,-0.1786217102777927,-0.3560345112213453,-0.4493961487865269,-0.3079444177002522,-0.4254717874136295
25,1995,-0.4784107991765281,-0.1790231029823152,-0.3532100395163626,-0.454740514676732,-0.3045897479495899,-0.4251333272184004
25,1996,-0.474998184459442,-0.1793967829726056,-0.3499870764545528,-0.4393832395815958,-0.3042510553305326,-0.4221498290097278
25,1997,-0.4679700341962994,-0.1768998233524777,-0.344154213956821,-0.4299247732657536,-0.3020737456365931,-0.4191508983716712
25,1998,-0.4692553066149118,-0.1798847917063767,-0.3453978573121933,-0.4461841617084831,-0.3024285664756055,-0.4209856760911046
25,1999,-0.4648885507227229,-0.1788375123959943,-0.3405546546676802,-0.4293508120351347,-0.3003964107612619,-0.4138078269263139
25,2000,-0.462255325916556,-0.1805019792226166,-0.3378440376360767,-0.4208280062163907,-0.2968482023711383,-0.4101838550799341
25,2001,-0.4556244587099285,-0.1741578656835924,-0.3346692438591581,-0.4130767848362576,-0.2978158955684448,-0.4102430877903621
25,2002,-0.4560102047587234,-0.1738985071302984,-0.3311309909326062,-0.4199594400183022,-0.2936548148200271,-0.410636635245403
25,2003,-0.4502968547385561,-0.1579105496360458,-0.3300931617944962,-0.4559055156868086,-0.2900904782099483,-0.4123981358946876
25,2004,-0.452040973046528,-0.1553551762353532,-0.3242646783226636,-0.4653816704996625,-0.2871067575182535,-0.4096457945238388
25,2005,-0.4480790362949358,-0.1490254158943811,-0.3217554964824232,-0.4729901640073569,-0.286429372280139,-0.4122887275152208
25,2006,-0.4477114752237432,-0.1499296600651785,-0.3179939132350121,-0.4722875037122739,-0.2851713711236406,-0.4122954027708437
25,2007,-0.4511015712528102,-0.1644684560100747,-0.3160934159947602,-0.4620117068448596,-0.2848165502846282,-0.4103182621379756
25,2008,-0.4481970021129967,-0.1525568067626158,-0.3181778323227784,-0.4695726243950743,-0.2834617798083992,-0.4087261310789102
25,2009,-0.4572607200619311,-0.1653875575263445,-0.3175866638263867,-0.4673304549118064,-0.2878809120760986,-0.4082557362986798
25,2010,-0.4573949548589527,-0.1711872578342299,-0.3120778492451956,-0.4578738184404826,-0.2869777317586126,-0.4041373013916056
25,2011,-0.459337235761628,-0.1686739430393374,-0.3131507105904991,-0.4671560097343813,-0.2873486808175801,-0.40381460609422
25,2012,-0.4544717417716096,-0.1609380661301963,-0.3146702325775207,-0.459547516226687,-0.2879615531758741,-0.3981216525067742
25,2013,-0.4550485672694491,-0.1672683306185887,-0.3170042533817934,-0.4506935085501044,-0.2866712955794656,-0.3961350833436752
25,2014,-0.4534644605875176,-0.1662774558055741,-0.3135798551286204,-0.4367385043042699,-0.2842681908061545,-0.3886662477426517
25,2015,-0.4544344670089785,-0.1694069571283503,-0.3113421728941303,-0.4472210736022686,-0.2819618553525742,-0.3878771518983191
25,2016,-0.4571401054258698,-0.1760094282323121,-0.3135973712322173,-0.4455882423436429,-0.2796232634590836,-0.389383447951323
25,2017,-0.4515316825483169,-0.1744287248840334,-0.314905285550712,-0.441720095589367,-0.2755355822396816,-0.3887002793573991
25,2018,-0.4533490699278426,-0.1742581940411356,-0.3147554484215192,-0.4552022545927756,-0.2743000154371408,-0.3863809580636447
25,2019,-0.4490414635246975,-0.1716625334958403,-0.3132169959055352,-0.4471731884010655,-0.2727044990216419,-0.385034017398161
25,2020,-0.4561962275211502,-0.1728382326546831,-0.3170597794301951,-0.4528331500151594,-0.2813094204707302,-0.3928556099393219
25,2021,-0.455344907712104,-0.1642780140355057,-0.3165059070973869,-0.4699191457112213,-0.2815065879596815,-0.3908452877136512
25,2022,-0.4630039702243726,-0.1787193832936962,-0.3188246932705561,-0.4760832880451714,-0.2824320090924855,-0.398755198349685
25,2023,-0.4638418860858078,-0.1827846203423971,-0.3190842586981067,-0.4717291127712643,-0.2818847017914357,-0.3823837113147507
25,2024,-0.4636146245673703,-0.176275641558751,-0.3168186311472039,-0.4913224650013797,-0.2829508523095439,-0.3819572868135299
26,1990,-0.4655499610323611,-0.2083328302456209,-0.4553070283561644,-0.4717416000976045,-0.2698011775064232,-0.3274883442289132
26,1991,-0.4506555082170403,-0.2082754174534125,-0.453463458452602,-0.4513998285342242,-0.2467378229706196,-0.3129957176982975
26,1992,-0.429899176378252,-0.2085624814144543,-0.4516811949116284,-0.4455138286665595,-0.2170296418133118,-0.3011113680720954
26,1993,-0.4406723195653759,-0.2095528520800486,-0.4459928402685701,-0.4345347615558894,-0.2387382258728864,-0.3007512839979459
26,1994,-0.4582856172784056,-0.2095959116742049,-0.447757587705947,-0.4371331407720813,-0.2686722021095657,-0.3206688280958731
26,1995,-0.4513082682948492,-0.2096676776644653,-0.4484538528239195,-0.4396516167776345,-0.2549793433676795,-0.3194187072271007
26,1996,-0.4400833100920232,-0.2098399160410904,-0.4501353987692115,-0.437968159820665,-0.2351255046029423,-0.3057221543225332
26,1997,-0.4248551738228938,-0.2098112096449862,-0.4510506151821439,-0.4212677788489903,-0.2274646001242663,-0.2919772616063897
26,1998,-0.4367599838275083,-0.2097825032488821,-0.4524606615216856,-0.4191469890521125,-0.2466249254309339,-0.2934565834954667
26,1999,-0.4311187347274893,-0.2097250904566737,-0.4522198150972297,-0.410546719815421,-0.2418832287641323,-0.2840748774489967
26,2000,-0.4170812467125832,-0.2090935497423817,-0.4517293641965195,-0.3872387702876413,-0.2282064982422013,-0.2790094728848896
26,2001,-0.4003833810150001,-0.2091222561384859,-0.450214221235397,-0.397526766118512,-0.1903051813476989,-0.2652560087732651
26,2002,-0.395689431452638,-0.2092227285248505,-0.4335345115853518,-0.3872729273853191,-0.1856925104405382,-0.2578363679360544
26,2003,-0.3854968368924925,-0.2091509625345901,-0.433429414963771,-0.3165854236896157,-0.1960952123115824,-0.2392604484171134
26,2004,-0.3860349964740443,-0.2091509625345901,-0.4195522818892125,-0.3088768986815797,-0.1993531127425141,-0.2414236777262267
26,2005,-0.3785274868463699,-0.2090217837521212,-0.414078499515215,-0.3086512178576382,-0.1859344337398648,-0.21570911625258
26,2006,-0.3951408656041552,-0.2088064857813399,-0.4229153737797966,-0.2964187072518333,-0.2199488496251863,-0.2252097802113707
26,2007,-0.4048171057655208,-0.2083328302456209,-0.4036345227456277,-0.2887632477348322,-0.2441411795578474,-0.2230045543333874
26,2008,-0.3882335563383065,-0.2064956208949532,-0.4086879186333023,-0.3077033583970837,-0.2109493028902364,-0.2081278371967545
26,2009,-0.4156486611301315,-0.2064956208949532,-0.4107285447023285,-0.3406027429423792,-0.2392059442515845,-0.2272394851494451
26,2010,-0.3754968691173956,-0.2064956208949532,-0.3983577965370941,-0.3144457254993807,-0.1881278716537594,-0.1335503376964998
26,2011,-0.345493670086316,-0.2057923141904008,-0.386083386941642,-0.242186385362333,-0.1771768103042414,-0.0728754097786174
26,2012,-0.3322423664146273,-0.2044144071774001,-0.3785514623950214,-0.2064519617097934,-0.1580487414374841,-0.0809905637790662
26,2013,-0.2958166774970752,-0.2030221469663472,-0.3860395966826501,-0.1972454039893237,-0.1019386642136655,-0.0721469354007721
26,2014,-0.26944347125702,-0.2030221469663472,-0.3819408284410007,-0.1468484362104843,-0.0725530474554598,-0.0613898743881351
26,2015,-0.2877167480369357,-0.202677670213097,-0.3801848390554224,-0.1383378293551965,-0.1039385634880988,-0.082864665051005
26,2016,-0.2769129623082278,-0.2023331934598468,-0.3776975523446778,-0.129773547060701,-0.0892941397688613,-0.0578021617620985
26,2017,-0.2831724713447486,-0.2033723219392241,-0.3751879282228216,-0.1601992459246178,-0.0884494242487125,-0.1194305746747869
26,2018,-0.2690776684999105,-0.2022435864444076,-0.3724232433584407,-0.1438377649666707,-0.0721113922802092,-0.135090871671003
26,2019,-0.2563972860039112,-0.2021549267400399,-0.3697730875374272,-0.1405820500941696,-0.0536301456747514,-0.084498298251728
26,2020,-0.2763496325858083,-0.2007359552274121,-0.3677477442687892,-0.1315889559357401,-0.0919618279905359,-0.0886371040813025
26,2021,-0.2487960237735802,-0.1912152062486972,-0.3648586162464048,-0.1232920493023835,-0.054145119737918,-0.0306893616439995
26,2022,-0.2431700240644915,-0.1902908602941426,-0.3478495206472477,-0.1445886727721715,-0.0371966830287736,-0.0595191835529558
26,2023,-0.2540474998170244,-0.1909790961407403,-0.3397000564869018,-0.1563617060348491,-0.0506908292508761,-0.0603919227153308
26,2024,-0.2520807371433059,-0.1908283875611934,-0.344055114115588,-0.1339528272636397,-0.0505767318359721,-0.0543809908121256
27,1990,-0.4666457091369516,-0.191625707712987,-0.061952268908904,-0.5120250168431547,-0.2542535734696997,-0.3873382024409061
27,1991,-0.4713599050581163,-0.19336244467729,-0.0522965168011723,-0.5130912067708178,-0.2604306817125058,-0.383637599897242
27,1992,-0.4623567093699413,-0.1933193850831338,-0.0499406008674037,-0.4787645428831399,-0.2622854270073432,-0.3815050663363888
27,1993,-0.4571397928103414,-0.1921711292389665,-0.0434114732516995,-0.4671987056290504,-0.2591404241160973,-0.3721603741195174
27,1994,-0.4521733019493293,-0.1898172047584236,-0.0390718585855943,-0.4623544989476079,-0.2562373445241779,-0.3749719255797287
27,1995,-0.4543474913031887,-0.1880948209921727,-0.0301298876994319,-0.4751951267817912,-0.2508343908392169,-0.3730013863810797
27,1996,-0.4513408226692662,-0.1882383529726936,-0.0337382050403711,-0.4862974036990368,-0.2419638698639079,-0.3765688924005439
27,1997,-0.4459253854359155,-0.1883675317551624,-0.030440798538275,-0.4618445821844413,-0.2445282568367699,-0.3680640343303162
27,1998,-0.4408042665116605,-0.1864298500181301,-0.0060890355128348,-0.4496529374251694,-0.2429638195011245,-0.3601560732792362
27,1999,-0.4361787299056815,-0.1876498718525578,-0.0071005904955495,-0.4371831577932957,-0.241981804444498,-0.3524094079101844
27,2000,-0.4529355681605631,-0.1874058674856723,-0.0040615465215061,-0.46920588071589,-0.2506785922344506,-0.3548843902600075
27,2001,-0.4493857822537273,-0.1898459111545277,0.0084931207314945,-0.4584157463944195,-0.2440199437284448,-0.3433013251473416
27,2002,-0.4505162736807568,-0.1925873719824771,-0.006049624279742,-0.4597109731019501,-0.2440822309139114,-0.3574884609281911
27,2003,-0.4426213314752469,-0.1930753807162482,-0.0319077722145063,-0.4484962216147146,-0.2342651285812172,-0.3424786193203789
27,2004,-0.4410548514750586,-0.1906209838493407,-0.0094302322739229,-0.4407965108572448,-0.2395673292761186,-0.3321517169472294
27,2005,-0.4461706336853256,-0.1934055042714463,0.0104899565415288,-0.4517103685201684,-0.241725285106112,-0.3279571566996164
27,2006,-0.4413985365483757,-0.195414951998739,-0.0027390806999483,-0.4399056185608849,-0.2355644341090206,-0.3263142839455764
27,2007,-0.4395692852539364,-0.1938791598071653,0.0135815488263626,-0.4354202303766372,-0.232718545185062,-0.3389772683692293
27,2008,-0.4363200832552893,-0.1936351554402798,0.0207850464305433,-0.4305536424124458,-0.2380866296584801,-0.3186865484497431
27,2009,-0.4366075440629186,-0.1982281788169489,0.0069079133559848,-0.4257234906972887,-0.2397800766255464,-0.3230397268176414
27,2010,-0.4286439143635538,-0.194625526105874,0.038239742947151,-0.4203555373481816,-0.231612391219441,-0.3101381862746111
27,2011,-0.4321477542223329,-0.1941379711031335,0.0135221517190659,-0.4291037169950411,-0.2360258463537163,-0.3387058484179896
27,2012,-0.4328867397090712,-0.1937069214305402,0.0300886635496168,-0.4306062982900532,-0.2367348106465029,-0.3264755113715289
27,2013,-0.4312387713993426,-0.1936490549073013,0.033799765386462,-0.4314150131530523,-0.2351528580639862,-0.3170556973915082
27,2014,-0.4309537672061773,-0.1933341920122164,0.0228339401004673,-0.422312972999411,-0.2375709782100754,-0.3348705776008637
27,2015,-0.4281783788363194,-0.1937356278266444,0.0359531426143407,-0.4158948127908324,-0.2337097210706231,-0.3548889739182528
27,2016,-0.4304720446336299,-0.1933050318850817,0.0512911362449754,-0.4219653755991756,-0.2379102030603912,-0.3363573513120765
27,2017,-0.4311333684345175,-0.1925443123883208,0.0571971941606122,-0.4185612553023352,-0.238923377837971,-0.3259198782824876
27,2018,-0.432286855853965,-0.1929482919293879,0.0692447833515635,-0.4206208303192447,-0.2360996329600109,-0.3259522809760709
27,2019,-0.4355866620513219,-0.1933399388627444,0.0625895835802212,-0.4194462860434901,-0.2420487365573117,-0.336017042326676
27,2020,-0.4400904442871251,-0.1935113447538824,0.0644110744352,-0.4282006292563634,-0.2473995960918176,-0.3382777196355573
27,2021,-0.4395057711687634,-0.1920192001838541,0.0888260311833917,-0.4383639651293572,-0.2438600324275899,-0.3316389646703727
27,2022,-0.4416208733466707,-0.1928110952805151,0.0586733068638953,-0.4459689173661126,-0.2457416473368724,-0.3610207688233939
27,2023,-0.4453641902338492,-0.1944621575519141,0.0678172865938135,-0.4459370927150666,-0.2463695189397248,-0.342494936879741
27,2024,-0.4491242882141923,-0.1938875128372024,0.0798363191738225,-0.4395135620842492,-0.2490870104115876,-0.3459307118306929
28,1990,-0.436527644338803,-0.1739282145147589,-0.3912156052955021,-0.5644537223654847,-0.2144168701805844,-0.3378453585192982
28,1991,-0.4252903563350727,-0.1694930763166628,-0.3919556606724666,-0.5644537223654847,-0.2008691654182942,-0.3360305651279395
28,1992,-0.4112530810797807,-0.1727943118686437,-0.3944517054350095,-0.5644537223654847,-0.1760800913472942,-0.3279219797253516
28,1993,-0.3955313962015211,-0.1678137521445682,-0.3927920546192134,-0.5644537223654847,-0.1535167116300989,-0.3287665824106509
28,1994,-0.3920916313844312,-0.1681295225017142,-0.3703977161707148,-0.5643018452704538,-0.1473073469473826,-0.3167607810958945
28,1995,-0.3819191890152321,-0.1647565209594728,-0.3623227924125936,-0.564287816462479,-0.1293082534774827,-0.3063528402250015
28,1996,-0.369026899284096,-0.1503028505210173,-0.3455423651668668,-0.5642060834073219,-0.1216634772187618,-0.3029588451763467
28,1997,-0.3567568379228638,-0.1383609897416776,-0.3317265384548971,-0.5643213636119839,-0.11013179995086,-0.2811101694527276
28,1998,-0.3420773543235483,-0.1281989255207972,-0.3403970097353091,-0.5642396305568267,-0.0934068358574137,-0.2748976336777656
28,1999,-0.3532141906422385,-0.1181086272901773,-0.3319805219570505,-0.5642890363588248,-0.1186313718672016,-0.271847681918911
28,2000,-0.3559096501950631,-0.0896318823548289,-0.3285517446779785,-0.564209133148186,-0.1442752415958224,-0.2581325235976841
28,2001,-0.3534949557186032,-0.0947272676633212,-0.3210490136373526,-0.5612313661685031,-0.1398238528882128,-0.2675813798835018
28,2002,-0.348497684075195,-0.0881535029554635,-0.3376790943272069,-0.5239732919802715,-0.1549359949861484,-0.271576909312865
28,2003,-0.3391567404046494,-0.0880530305690989,-0.3025578469403391,-0.5027599053812719,-0.1566778427413,-0.2729008163758437
28,2004,-0.3307565307427929,-0.0798142948871987,-0.2915314597261584,-0.5055071541368662,-0.1484529344107938,-0.2661044147358065
28,2005,-0.3319002676067313,-0.0571936547571034,-0.2873494899924244,-0.4898082402844629,-0.1769269841771369,-0.2701109614261647
28,2006,-0.3538764896616861,-0.072924759822195,-0.2855628474255516,-0.5000613554160103,-0.1875061787719719,-0.2794912318663364
28,2007,-0.3446931825194149,-0.0633390769754925,-0.2795443847320108,-0.4794127202809716,-0.188218891263076,-0.2774489289409516
28,2008,-0.3348077128978869,-0.037102177302569,-0.2743109403775622,-0.4720714292115748,-0.1945571800976475,-0.2611120672863872
28,2009,-0.3323143757212646,-0.044979083214774,-0.2670268686968363,-0.4714259637511673,-0.1836281789273842,-0.2554765234734495
28,2010,-0.3152154003718724,-0.0187615316528247,-0.247759154740365,-0.4768335027055686,-0.174570151266877,-0.2446691042508302
28,2011,-0.3136554732270341,0.0001574186996363,-0.2441193084129516,-0.4698527316874088,-0.1889013488263664,-0.2407322690232886
28,2012,-0.3059043904949775,0.0099003695373956,-0.2304891523991078,-0.4737632010985362,-0.181086823052618,-0.2290287892222849
28,2013,-0.2784980126423802,0.0620570206190836,-0.2201699778676477,-0.4809200979453164,-0.1691134906094656,-0.2181887374227473
28,2014,-0.2608135622714413,0.0794516613384126,-0.2123805665981543,-0.4766026350653499,-0.1535181631698949,-0.2027696570554661
28,2015,-0.2351554952480909,0.1059089113078318,-0.1928356603022637,-0.4818673692938428,-0.1188481996562781,-0.172285095978515
28,2016,-0.2034126373320163,0.1459241921572561,-0.1650454861407733,-0.4698313109785226,-0.0982362539125511,-0.1478748747685403
28,2017,-0.1670203589809795,0.210875283982578,-0.1491141520169009,-0.4711117933541686,-0.0829578459950982,-0.1255615832065468
28,2018,-0.1513164464184876,0.2346599684746979,-0.1279901689817596,-0.4602443537125329,-0.0814203427867779,-0.1125773958562495
28,2019,-0.1294016214422484,0.2654475782964329,-0.1082810492146492,-0.459523189846695,-0.0755920879416007,-0.109492928045963
28,2020,-0.1608656980538282,0.2672058450578142,-0.1252497745740415,-0.4692961348883373,-0.1200135603173543,-0.1329293924729606
28,2021,-0.1363130611611583,0.30438349865234,-0.1016341258022565,-0.4828432015875507,-0.0950906220207269,-0.1197405878772913
28,2022,-0.1194658905376588,0.3087870598147215,-0.0898269582702489,-0.4888529004695327,-0.0783156604454197,-0.0992555243232947
28,2023,-0.0731149426556772,0.4039965418608435,-0.0686738084780742,-0.4911095956180658,-0.0720689752720436,-0.0738669612571495
28,2024,-0.0349332012031788,0.4629370185376447,-0.0358542225937888,-0.4835427062208803,-0.0511831891594268,-0.0516762778483233
29,1990,0.514378665861927,2.4277050152297623,-0.0116066081458243,-0.2870793935776335,-0.1762736299867555,0.1785272064393617
29,1991,0.5229480756474121,2.421696813411176,-0.0394659709165221,-0.31060947289681,-0.1812895063927939,0.1639410795244581
29,1992,0.5001567874403436,2.2927083421411933,-0.0586855155881022,-0.3196010074668623,-0.1765639379459474,0.1470034014051338
29,1993,0.5028306863267905,2.3142372116261143,-0.0547838035119168,-0.3137382250281952,-0.165241927537462,0.1633344425262658
29,1994,0.4818485158816594,2.240516267180592,-0.0518586142112525,-0.2968673471244505,-0.1582906647368107,0.1325785536067477
29,1995,0.4854054366138559,2.207833112467381,-0.0351876626130056,-0.2900075319788419,-0.1509200682173266,0.1534733739304742
29,1996,0.5342594889283452,2.248116593059052,-0.0199355154060989,-0.2647745400862128,-0.1186475000871568,0.1842437379991742
29,1997,0.4999533627623688,2.152814933298439,-0.0131129930551484,-0.2609138961054528,-0.0984549687033623,0.1719965348234999
29,1998,0.4182393908328465,1.970686811917006,-0.013945007975996,-0.266432307938686,-0.0895844477280532,0.1249513061211592
29,1999,0.3908940776467957,1.889536370679384,-0.0211047153211848,-0.2760164034260357,-0.0795688231359315,0.1077604666337709
29,2000,0.3497100362959506,1.8180516707485763,-0.013257500909822,-0.2555137509966515,-0.0843266480226882,0.0811699554949504
29,2001,0.3461562299157734,1.8083938013114536,-0.0118518335961794,-0.2484480323287057,-0.0908747053244618,0.0852480064612251
29,2002,0.3271225530239398,1.7499524090886214,-0.0183415499787909,-0.253913971194646,-0.0918262703018132,0.0794719299983502
29,2003,0.3585209125331889,1.8092242182573943,-0.0016793564323424,-0.2220383985503329,-0.0762947944850448,0.0946658808293009
29,2004,0.3696636574786247,1.7937086468522303,0.0129290739673821,-0.2038893653754084,-0.058005393055953,0.096604302336841
29,2005,0.3730042348848366,1.7598913719231646,0.0166994152665916,-0.1875533006484518,-0.0488123076815417,0.1045761769499659
29,2006,0.408686465636609,1.8029094939588388,0.0413095408200844,-0.188503250699651,-0.0294584437354129,0.1364232335875305
29,2007,0.4035977219941611,1.7611102195269486,0.056469728483108,-0.1877133258879918,-0.0133786084401708,0.1335789733360435
29,2008,0.3893299501931641,1.7222746862976577,0.0678946070541156,-0.1845714795034498,-0.0079756547552098,0.1434195938244184
29,2009,0.3587229970895566,1.6205073135676693,0.0457936633408632,-0.1915418086831062,-0.005749960401405,0.118130477685863
29,2010,0.4092087443953269,1.7062111285945398,0.0769767067690523,-0.1602065889240466,0.0113782091909189,0.1619598812212006
29,2011,0.3948721367522485,1.7574758775602657,0.0899561395342753,-0.1646719889973007,0.0060236401658233,0.165519098359388
29,2012,0.3757159353356532,1.7309686017689077,0.0938534725845614,-0.1389866453096046,-0.0146366095966692,0.1436525984020142
29,2013,0.3621695233700896,1.7547397141408034,0.0991214407412967,-0.1394133626040627,-0.0379580156517545,0.1441871573721559
29,2014,0.3200512066870581,1.662778774221057,0.1071219210591314,-0.1513228955415125,-0.0388611959692405,0.1200741473860411
29,2015,0.3301205941412081,1.6430144205033277,0.1185905898891311,-0.1356128839776702,-0.011749658224705,0.1265194109481949
29,2016,0.3641831519084635,1.6297377123051429,0.1397675591376527,-0.118867913845846,0.0242646569350497,0.155504621535076
29,2017,0.4037642269703128,1.651405357497372,0.1514265579493351,-0.0994635024623833,0.0736836679307528,0.1870594580046161
29,2018,0.3994301330858302,1.6088892328321438,0.1732054330657531,-0.097034263672108,0.0819354458757041,0.2214826528847814
29,2019,0.3458999871794308,1.4086590053614982,0.1758477372933292,-0.0834240684569953,0.091490061428629,0.1940232178011713
29,2020,0.2997573391347755,1.2702248358395516,0.159379376949283,-0.0710801146401488,0.0758610098811322,0.1723306991254494
29,2021,0.388392050397055,1.4473867038732628,0.1991108657221771,-0.0353226390515125,0.098244205124989,0.2152613489892494
29,2022,0.3377414546147748,1.4116795784787686,0.1811263333459219,-0.1090400725549337,0.1109791766273014,0.1798473136919684
29,2023,0.2550044094460918,1.0741418214140772,0.1564906123860483,-0.0958712270498775,0.0991633685084505,0.1376382021492153
29,2024,0.2366547448186887,0.9877878983812098,0.161171041954945,-0.0629872850796441,0.1110370540881828,0.1266309180720867
30,1990,-0.4336120455466379,-0.1468150233943591,-0.3848966709229594,-0.5644537223654847,-0.2076430177994393,-0.4124841947942935
30,1991,-0.4283891358991779,-0.1436573198228991,-0.3791776630986068,-0.5644537223654847,-0.2067559657019084,-0.4114631501776423
30,1992,-0.4154293263682429,-0.1423081192060026,-0.3757664019231316,-0.5644537223654847,-0.1848860994427828,-0.4038081071429532
30,1993,-0.4185265732257155,-0.1384471089299901,-0.374273154091505,-0.5644537223654847,-0.1961597251914029,-0.4054661607350762
30,1994,-0.4165638490325931,-0.134801396624759,-0.3696532817678511,-0.5644537223654847,-0.1941598259169696,-0.4026194137882429
30,1995,-0.4040099389431089,-0.1285434022740474,-0.3615082935953428,-0.5644537223654847,-0.1764671686262167,-0.3891107223956031
30,1996,-0.4100997001371132,-0.1319020506182367,-0.3553820363623648,-0.5644537223654847,-0.1862408699190118,-0.3903437007083654
30,1997,-0.4023624100627939,-0.1315288674688823,-0.3477231200646674,-0.5621399432724278,-0.1717899848392356,-0.3829271668120318
30,1998,-0.3883892511708035,-0.1384040493358339,-0.3390833019655498,-0.5457738219320605,-0.1456622685119616,-0.3711960163097058
30,1999,-0.367323279918011,-0.122644237874638,-0.3288845506463175,-0.5123449350288878,-0.141662469963095,-0.3593945205889652
30,2000,-0.369203835201927,-0.1223715271116483,-0.3192594517198803,-0.5115693646433347,-0.1476460395664398,-0.3583234701413507
30,2001,-0.3689374856532548,-0.1359352992708742,-0.3122442522293651,-0.5055229691981258,-0.1414528031036786,-0.356882545055686
30,2002,-0.356344979153123,-0.1282993979071618,-0.305342907412229,-0.4923027864284166,-0.1335983599855413,-0.3492549115270782
30,2003,-0.3713062476164123,-0.1329641872740914,-0.2979598697461811,-0.4945121227272124,-0.1516297098953514,-0.3544542891146557
30,2004,-0.367588693874711,-0.1321029953909659,-0.2905374208470405,-0.4773031277728797,-0.1517909920949024,-0.3493799924274178
30,2005,-0.3576237174431772,-0.1316006334591428,-0.2838375112212675,-0.4657872331566178,-0.1418237521626461,-0.3448660352838498
30,2006,-0.3732865941720238,-0.1315862802610907,-0.2771945289321841,-0.4685381685112155,-0.1729673448959584,-0.3543489085205421
30,2007,-0.3812465403343963,-0.1421358808293775,-0.2722418506401912,-0.4637850139552747,-0.1709997020614354,-0.3541055325025466
30,2008,-0.3868570208633472,-0.1504607356995903,-0.274383194304899,-0.4550469532428374,-0.1821765584903248,-0.3584426958708637
30,2009,-0.3860426897383247,-0.1429109535241904,-0.276196111027167,-0.4544678270507519,-0.1953694424136026,-0.3607527551191042
30,2010,-0.4032927440044756,-0.1713733452614867,-0.2681387033726427,-0.4453057377355365,-0.2017562175158251,-0.3666040547390284
30,2011,-0.4052833217116046,-0.1565464916736768,-0.2747028631955405,-0.4444876367096679,-0.2176102577316957,-0.3710567814632421
30,2012,-0.4089450272433312,-0.1401264331020848,-0.2834784310975333,-0.4603664741078926,-0.2366738137186326,-0.3806268451314232
30,2013,-0.4133333688386714,-0.1462552486703276,-0.287143675775162,-0.465626815333014,-0.235980300260563,-0.3800453177903038
30,2014,-0.4163979941263577,-0.1449491076475873,-0.2877304652456546,-0.4699088419286162,-0.2384963025735598,-0.3821502117347218
30,2015,-0.4034398212687414,-0.1308255607643298,-0.284621356857224,-0.4547771885644235,-0.2369318652379143,-0.3768177098358602
30,2016,-0.4049933956154009,-0.1409015057968977,-0.2823866436022935,-0.4474223045096956,-0.2383027639340985,-0.3779959199756976
30,2017,-0.3914867841046618,-0.1316751839698253,-0.2810673919857456,-0.4188433380618697,-0.2364860651101352,-0.3713553450361535
30,2018,-0.4027511836636381,-0.1446141327114476,-0.2756530899205369,-0.431667313916351,-0.2454380497244375,-0.3764404860112808
30,2019,-0.4179680428024187,-0.179581508631536,-0.2760319063139989,-0.4239736388081676,-0.2380039241465503,-0.3781681035253208
30,2020,-0.4364360247378904,-0.1962152145561334,-0.2831750478042109,-0.4259163749882368,-0.2535616567054056,-0.3892405731913307
30,2021,-0.4415074247530541,-0.2052401466613369,-0.2790708495704466,-0.4310105395040694,-0.2505700493141527,-0.3895190435538562
30,2022,-0.4398435919267875,-0.2098211994708305,-0.2731429140414174,-0.4357075068384616,-0.2457283254271896,-0.3882322908583809
30,2023,-0.4459283462607431,-0.2098558911505224,-0.269814762398483,-0.4619479915139927,-0.2506248691337801,-0.3929501642997607
30,2024,-0.4516359697093057,-0.2098304724569549,-0.2655670097752294,-0.4875012058476861,-0.253045062494117,-0.3945768211822161
31,1990,-0.5211704857355233,-0.2099547416255071,-0.4707912639357285,-0.4392411216573299,-0.3746991200944417,-0.4914867853706959
31,1991,-0.5152293627423734,-0.2099547416255071,-0.4716407949601729,-0.4162991410332393,-0.3743926839152947,-0.4850448717901986
31,1992,-0.5118080208253675,-0.2099547416255071,-0.4696614752537354,-0.402719864861859,-0.3628932630873031,-0.4775773796642972
31,1993,-0.5117301996774183,-0.2099547416255071,-0.4683127352767824,-0.3989265971751224,-0.3632158274864052,-0.4766057789814881
31,1994,-0.510703782637708,-0.2099547416255071,-0.4673537286048581,-0.395366939638574,-0.3622320060691437,-0.4765091006853295
31,1995,-0.5093840531495645,-0.2099547416255071,-0.4673143173717653,-0.3917218893578316,-0.3598934141756531,-0.473309597734372
31,1996,-0.5065936028494599,-0.2099547416255071,-0.4643584748898066,-0.383514426744433,-0.3573290272027911,-0.4715985154992544
31,1997,-0.5011605675026847,-0.2099547416255071,-0.463127968612132,-0.3647646199120998,-0.3536195366131163,-0.4593475762039541
31,1998,-0.4844561774545175,-0.2099547416255071,-0.4565112604784438,-0.3031231327241584,-0.340958883948357,-0.4406784630953239
31,1999,-0.4756700004621695,-0.2099547416255071,-0.4547946823259582,-0.2657170285951677,-0.3438780917602315,-0.4412719447724816
31,2000,-0.469819683045886,-0.2099547416255071,-0.4525482420396696,-0.2374664323297541,-0.3409266275084468,-0.4324740969811995
31,2001,-0.4670766694268373,-0.2099547416255071,-0.4492376984598759,-0.2326026304049287,-0.3255564338912294,-0.4165244989474339
31,2002,-0.4608166781844059,-0.2099547416255071,-0.4452133736585129,-0.2251409757844828,-0.3065735190040681,-0.4178778928524685
31,2003,-0.4667228113380335,-0.2099547416255071,-0.4452484058657066,-0.2481908763017124,-0.3119442162491189,-0.415378411487399
31,2004,-0.4533456509446816,-0.2099547416255071,-0.441035782950678,-0.2000556113630951,-0.3355559302633961,-0.4084918064929353
31,2005,-0.4466595345248539,-0.2099547416255071,-0.436678652180976,-0.1797024069997634,-0.3297497710795574,-0.4069295936126377
31,2006,-0.4327080146980037,-0.2099547416255071,-0.426484279887643,-0.1246606061265654,-0.329394950240545,-0.3762971262168084
31,2007,-0.4179925655958108,-0.2099547416255071,-0.4174109382245047,-0.0807764101097415,-0.3148472958410382,-0.3718811996449386
31,2008,-0.4076239622470838,-0.2099547416255071,-0.4100016264030616,-0.0362678804462593,-0.2971707667702405,-0.364289802137444
31,2009,-0.3961260483211807,-0.2099547416255071,-0.3972411449327986,0.0109543031607422,-0.2912194536068058,-0.3520443632976785
31,2010,-0.3749146011196825,-0.2099547416255071,-0.3819714816222951,0.0863042504747416,-0.2875260912370862,-0.3237321018094478
31,2011,-0.355493821682282,-0.2099547416255071,-0.3682169612729141,0.2498612447009627,-0.2823005479716314,-0.2908756502378607
31,2012,-0.3345794652123138,-0.2099547416255071,-0.3575978234673589,0.4586410154612394,-0.2590275265764115,-0.2374450993208085
31,2013,-0.3298690802144869,-0.2099547416255071,-0.3581145485234643,0.5585151491743136,-0.2581404744788806,-0.2310697941387279
31,2014,-0.3117329181898726,-0.2099547416255071,-0.3418333302302461,0.6599861272038171,-0.2467378229706196,-0.2278650869423946
31,2015,-0.3022301453443405,-0.2099547416255071,-0.3304741370477264,0.7038694584451649,-0.2479796959071629,-0.2245808878831217
31,2016,-0.2960727087152013,-0.2099547416255071,-0.3271635934679327,0.6710951132752966,-0.2421896649432794,-0.23454236263435
31,2017,-0.2898370051229519,-0.2099547416255071,-0.3144819344638553,0.6267045845104298,-0.2377721777540154,-0.2011173447348691
31,2018,-0.2937004750241568,-0.2099547416255071,-0.3064332848611293,0.6894109450324128,-0.2456310561326403,-0.2014173434228009
31,2019,-0.2832707174364731,-0.2099547416255071,-0.2985847523629709,0.7307085132255756,-0.2438695158209236,-0.2024897569106722
31,2020,-0.291612567611249,-0.2099547416255071,-0.3010846156360977,0.7099534987253723,-0.2512596274865534,-0.2028319415481814
31,2021,-0.2863120043132321,-0.2099547416255071,-0.2909486507902082,0.7447450864505084,-0.2468934441649665,-0.1914512387707118
31,2022,-0.2705119990601516,-0.2099547416255071,-0.2787078064282736,0.7164223028522654,-0.2340165604552691,-0.1816506274824202
31,2023,-0.2566613911533341,-0.2099547416255071,-0.2594678139891573,0.772795954707623,-0.2232758029803119,-0.1633957235267888
31,2024,-0.2488572050398945,-0.2099547416255071,-0.2469284364650319,0.7491075453438981,-0.1967741567341339,-0.1574338692961958
32,1990,-0.0346636898858898,0.4639709665143182,-0.2375336913631477,0.2622371033933011,-0.1093899018329251,-0.1032762209368743
32,1991,-0.1230530032583965,0.3593074463184711,-0.2747860646876253,0.1177452590118658,-0.1528715828318946,-0.178369382965915
32,1992,-0.1826937955291322,0.4194836541915508,-0.2851161867838334,0.0493044266016835,-0.1926921579010548,-0.212496480471938
32,1993,-0.1985383010700351,0.4354411667505179,-0.3028424836237869,0.0138921630627356,-0.2049657332868915,-0.215103181753144
32,1994,-0.2070289317734963,0.4193615726467468,-0.3104576096624923,-0.008522141220709,-0.2069011196815044,-0.232678156463867
32,1995,-0.1897370359237321,0.4360951394277175,-0.3010032927461238,-0.0090478321037622,-0.205046374386667,-0.2088696012641876
32,1996,-0.1811152080985507,0.4407505635929397,-0.287695433038461,-0.0040175123714478,-0.1774832464833885,-0.2004669652315857
32,1997,-0.2115701955538375,0.3326108405749183,-0.2851030497061358,-0.0807689751290592,-0.1721770621181582,-0.2206481462541392
32,1998,-0.2542595552760822,0.2401897387541785,-0.2969702098929623,-0.1307666443084984,-0.1989337790236813,-0.2467289416481181
32,1999,-0.2932537386524571,0.1913032631187468,-0.3190098472436261,-0.1673591761397352,-0.2303354232762754,-0.2795327118587955
32,2000,-0.2856058920893626,0.2494439997997403,-0.3089205715718738,-0.1676458362655368,-0.2272388050448948,-0.278777466068194
32,2001,-0.2738220434975928,0.2841230031256614,-0.304545924698575,-0.1805791852067318,-0.2039496554297197,-0.2754045533139921
32,2002,-0.2708502934094391,0.2897163906025966,-0.307974701977647,-0.1683411843806253,-0.2130943561442656,-0.265897460728482
32,2003,-0.2519433282673046,0.3348146517956051,-0.2950872287563073,-0.1372826232928687,-0.2208359017227172,-0.2549629229284766
32,2004,-0.2573522718209538,0.309665512595445,-0.2908001624009924,-0.1627430642695875,-0.2136427156227393,-0.2607974207122817
32,2005,-0.2691371104977518,0.3130896248796561,-0.286057677352161,-0.1622570944150494,-0.2159651792962748,-0.2632473310329446
32,2006,-0.2570723078161276,0.384640725560786,-0.2817749900227452,-0.1482148753579946,-0.2217229538202481,-0.2539633088646159
32,2007,-0.2655673660699355,0.3700081040185562,-0.282541319555105,-0.1955267631380891,-0.2211262096819091,-0.2554889636744045
32,2008,-0.2687418906138243,0.3710787557283149,-0.2800452747925621,-0.1933912699705222,-0.2244486229926612,-0.256503035627833
32,2009,-0.3102375780459908,0.2945888763015932,-0.3029432012194685,-0.2572060312929525,-0.2433831532199573,-0.2889655232323342
32,2010,-0.3176989826980365,0.2644193614581591,-0.2884617625708207,-0.2497712473758293,-0.2511085705784538,-0.2880428180472338
32,2011,-0.2942417660786685,0.3566521046788343,-0.2828653674716456,-0.2425094622444871,-0.2433670250000022,-0.2828414136851467
32,2012,-0.3039996905969236,0.3033299739153168,-0.2845688085464336,-0.2508405596450008,-0.240931663786781,-0.2886476090267735
32,2013,-0.3331755656546326,0.1816722672257938,-0.2929283689880027,-0.273076438158541,-0.2513827503176906,-0.3093825491376173
32,2014,-0.3357709199712759,0.1813708500666999,-0.2891799228182891,-0.2871345665148406,-0.2484957989457263,-0.3116956602211725
32,2015,-0.3322615105228227,0.1978339682324482,-0.2848446871780831,-0.3024549652894936,-0.245592719353807,-0.3100643730074546
32,2016,-0.3371103368809208,0.1529658711216119,-0.2833383022687589,-0.3031887246251568,-0.2390285338320783,-0.3104138822639684
32,2017,-0.3279964895477241,0.1785100998097396,-0.2758120310445742,-0.2911140171224832,-0.2322583748133029,-0.2998926637954967
32,2018,-0.3262111738952508,0.1656522056412617,-0.2717968189961075,-0.2916375244390758,-0.2299210570491888,-0.2982168101760879
32,2019,-0.3309179381549898,0.128179628957162,-0.2724910916572958,-0.309790801580231,-0.2237288205360648,-0.3008279904954761
32,2020,-0.3476250705184903,0.0373569317610645,-0.279306809001999,-0.3012379504534472,-0.2273690726774722,-0.3067588522741399
32,2021,-0.331466752610593,0.0732723380612226,-0.2724732033364976,-0.2853605881055898,-0.2206046391767809,-0.2931412095328914
32,2022,-0.3421346765960734,0.0760570550569857,-0.2909347211088229,-0.3325615331379885,-0.2151201895963867,-0.311172256372921
32,2023,-0.3557601628952275,0.0114350196591646,-0.2988509796215384,-0.3424201139708708,-0.209095976878755,-0.318217119634357
32,2024,-0.3619586335667323,-0.0571946463193755,-0.2920315522011515,-0.3342077023057963,-0.201537288797382,-0.319132705492425
33,1990,3.66857840692225,3.822677641028645,3.527583429948603,3.621502293173357,3.0631599890963392,3.73726390722949
33,1991,3.66857840692225,3.822677641028645,3.4448285985055587,3.621502293173357,3.182186252365032,3.73726390722949
33,1992,3.66857840692225,3.822677641028645,3.181263787684628,3.621502293173357,2.7840450145532505,3.73726390722949
33,1993,3.66857840692225,3.822677641028645,2.9327409308274435,3.621502293173357,2.414644264701471,3.73726390722949
33,1994,3.66857840692225,3.504078786333541,2.605356196551601,3.621502293173357,1.7927723596724403,3.73726390722949
33,1995,3.66857840692225,3.5661563679088344,2.5623541622214767,3.621502293173357,1.671391376290302,3.73726390722949
33,1996,3.66857840692225,3.576734674873225,2.4923685703004934,3.621502293173357,1.5492201101303635,3.73726390722949
33,1997,3.66857840692225,3.143770455631904,2.435090911538984,3.621502293173357,1.4692080109330758,3.639033215442829
33,1998,3.66857840692225,3.014132370825417,2.3553532289404866,3.621502293173357,1.4300970775419404,3.538583489687891
33,1999,3.66857840692225,3.099419073650942,2.440551556835284,3.621502293173357,1.4890941061377232,3.65472216433758
33,2000,3.66857840692225,3.119700142498546,2.54431695454268,3.621502293173357,1.533398326354403,3.725756236083847
33,2001,3.66857840692225,3.03948011858541,2.575933521534889,3.621502293173357,1.5488007764115308,3.73726390722949
33,2002,3.66857840692225,2.946571867594226,2.572526639385313,3.621502293173357,1.5008354502650414,3.73726390722949
33,2003,3.66857840692225,2.9839619485199225,2.66847985488854,3.621502293173357,1.5192216210138638,3.73726390722949
33,2004,3.66857840692225,2.8769732102396364,2.746557886671241,3.621502293173357,1.506786763428476,3.73726390722949
33,2005,3.66857840692225,2.8540655061485,2.8376722785558544,3.621502293173357,1.5086898933831787,3.73726390722949
33,2006,3.66857840692225,2.9400124560844207,3.0038694485081163,3.621502293173357,1.5662998950628224,3.73726390722949
33,2007,3.66857840692225,2.8070444293298498,3.104083456211263,3.621502293173357,1.598072488374384,3.73726390722949
33,2008,3.66857840692225,3.055372421009237,3.2033647313978806,3.621502293173357,1.6615531621176869,3.73726390722949
33,2009,3.66857840692225,2.710002457299664,3.048202706711597,3.621502293173357,1.567799819518647,3.73726390722949
33,2010,3.66857840692225,2.838520992658085,3.235292209228933,3.621502293173357,1.6631659841131974,3.73726390722949
33,2011,3.66857840692225,2.961269542399567,3.25971841569466,3.621502293173357,1.6577952868681465,3.73726390722949
33,2012,3.66857840692225,3.116729030501764,3.340730394829824,3.621502293173357,1.879542183030918,3.73726390722949
33,2013,3.66857840692225,2.7648984714395515,3.3275976961581284,3.621502293173357,1.869639455978482,3.73726390722949
33,2014,3.66857840692225,2.648140173695152,3.3511873860643826,3.621502293173357,1.7706928265538984,3.73726390722949
33,2015,3.66857840692225,2.975350029688668,3.349828250279945,3.621502293173357,1.755645197335783,3.73726390722949
33,2016,3.66857840692225,2.8772746273987297,3.4447250389220683,3.621502293173357,1.6496666640107724,3.73726390722949
33,2017,3.66857840692225,2.8653342737051863,3.472709256479205,3.621502293173357,1.759363235882034,3.73726390722949
33,2018,3.66857840692225,3.2214110089103056,3.565977481010389,3.621502293173357,1.7404255929082866,3.73726390722949
33,2019,3.66857840692225,3.163658556942259,3.588123371045471,3.621502293173357,1.823574388963544,3.73726390722949
33,2020,3.66857840692225,3.014761992451102,3.506474725334824,3.621502293173357,1.790981546641505,3.73726390722949
33,2021,3.66857840692225,3.1569974592020724,3.716784138579652,3.621502293173357,1.9336889236549408,3.73726390722949
33,2022,3.66857840692225,3.1435515698584484,3.716784138579652,3.621502293173357,1.9988285461028263,3.73726390722949
33,2023,3.66857840692225,3.133240241561805,3.716784138579652,3.621502293173357,2.055228984835199,3.73726390722949
33,2024,3.66857840692225,3.0730627318644337,3.716784138579652,3.621502293173357,1.9403109735407,3.73726390722949
34,1990,-0.0119909619682676,-0.2099547416255071,-0.2052734075637559,0.2333486797099182,0.2047394382327014,-0.0920459511910549
34,1991,0.0515856763621135,-0.2099547416255071,-0.1871748935223705,0.2726199793347517,0.3510707778853908,0.0029479363123056
34,1992,0.0947239929442197,-0.2099547416255071,-0.1666679152364261,0.3459264053011073,0.3963265630794221,0.0818207854188113
34,1993,0.1542519966502203,-0.2099547416255071,-0.1330807865895774,0.388529815197139,0.418535121957605,0.1331024287171672
34,1994,0.208624969876125,-0.2099547416255071,-0.0966648072118466,0.4535059654854991,0.4658230628659799,0.1360641835955502
34,1995,0.1974989756787287,-0.2099547416255071,-0.0846837923516408,0.4573140915097257,0.4436467604277073,0.1485564234312122
34,1996,0.1332792853695653,-0.2099547416255071,-0.0588869507794653,0.4949193359989603,0.3326523506966581,0.1434228963085468
34,1997,0.1323142901101611,-0.2099547416255071,-0.064785498665685,0.5265743835753408,0.3644572004481299,0.0844114404251396
34,1998,0.1508121750232087,-0.2099547416255071,-0.02730103696855,0.5475190767085855,0.4045358270365717,0.1182079349357609
34,1999,0.1705012832159448,-0.2099547416255071,-0.0054015284466607,0.5351426671298497,0.4416952458131392,0.1338941219823916
34,2000,0.250999801860782,-0.2099547416255071,0.010139634469593,0.621063510551455,0.4732097876054191,0.2449694625669107
34,2001,0.28120137258819,-0.2099547416255071,0.0485962399163499,0.713410566638942,0.5564152743538181,0.2965329687361315
34,2002,0.3170890057198532,-0.2099547416255071,0.0734910021532906,0.7998074258135759,0.6425399689140916,0.3608357739605963
34,2003,0.3593612440118212,-0.2099547416255071,0.1329012465277102,0.8650215839784505,0.7030530501856546,0.3747914875378256
34,2004,0.4354275455078641,-0.2099547416255071,0.1424913132469538,0.9987818397939096,0.7174394223856103,0.4892560800915689
34,2005,0.4847005578650584,-0.2099547416255071,0.181460264723917,1.1311143655233338,0.7811458912082845,0.5098798237423599
34,2006,0.5403376503996699,-0.2099547416255071,0.2246681132713039,1.183976133868519,0.8220631852343918,0.5855935575940415
34,2007,0.5721205976284593,-0.2099547416255071,0.2536966759570876,1.2068010044434294,0.870302691120118,0.531734045322787
34,2008,0.6675879362998154,-0.2099547416255071,0.3032584910842108,1.35008148992671,0.964878572936868,0.6426136893636918
34,2009,0.7219625570999412,-0.2099547416255071,0.357444557560887,1.302717794411279,0.9201066343414898,0.7170581313702379
34,2010,0.8435929660135552,-0.2099547416255071,0.439730833232717,1.521923408550226,0.978732713878305,0.8475488769976978
34,2011,0.9132866587685494,-0.2099547416255071,0.4721312458608832,1.6314066657778274,1.0501162153996104,0.8155305876953651
34,2012,1.0082922926857123,-0.2099547416255071,0.5658949484145114,1.7996785577458572,1.1678683492918494,0.9727778591225248
34,2013,1.0310689975452163,-0.2099547416255071,0.6375533282289874,1.8163392920862989,1.213140262705836,0.9143919699579852
34,2014,1.1527830121085003,-0.2099547416255071,0.7329416493912179,1.872270917386298,1.3858951102397756,1.0288611463243835
34,2015,1.231219596266296,-0.2099547416255071,0.8297794281260827,1.9215385478247264,1.654896561895615,1.182412832428026
34,2016,1.195413467109051,-0.2079949559634746,0.8512366550321532,2.07410159667029,1.825257809854932,1.2673351360608842
34,2017,1.0945217204764617,-0.20699898755064,0.9578587978654092,2.198817662968883,1.6220793102310391,1.2166054999327602
34,2018,1.0258903282847345,-0.2073556645222345,0.8790171077561474,2.300303889702707,1.5510340510287146,1.2434666340720402
34,2019,1.1546349398188354,-0.2071908898085965,0.8309967141245678,2.32734194312424,1.6899923426724868,1.3214030368884258
34,2020,1.1022407625847668,-0.2076216292821398,0.8269595981885532,2.348762442188341,1.5763745489399796,1.2278303691666943
34,2021,1.1954488384894055,-0.2071057753441476,0.8885234037099393,2.4344455217127017,1.715985259337376,1.3250048762789408
34,2022,1.2812789197202017,-0.2071870862111127,0.9784079461707628,2.582656104753369,1.7283149931850963,1.3976655970787404
34,2023,1.409370302887503,-0.2071870862111127,1.0574564235103805,2.598959301559579,1.7868913587177817,1.4702038089139404
34,2024,1.3982549969156388,-0.2071870862111127,1.100887255563656,2.6466832049377587,1.8198181436666137,1.4496637465550497
35,1990,-0.4582453516487291,-0.2094667328917361,-0.4282139951178262,-0.5644537223654847,-0.19722418770844,-0.4161918188150432
35,1991,-0.4541285232124209,-0.2096676776644653,-0.424539992388399,-0.5644537223654847,-0.1919502597831198,-0.414500015094086
35,1992,-0.4516166400993212,-0.2095528520800486,-0.4208134413481815,-0.5530958774394966,-0.1954178270734679,-0.4074495820700873
35,1993,-0.4368339353629308,-0.2095097924858923,-0.4143937893799573,-0.5306461249908676,-0.1781445035015479,-0.4001593851976521
35,1994,-0.4364715857960234,-0.2094236732975798,-0.407400485018938,-0.5241782345663374,-0.1795637868575974,-0.3767202539823913
35,1995,-0.4371819670895874,-0.2096963840605695,-0.4015763805730046,-0.5225100263136884,-0.1756607576284614,-0.4175469533436778
35,1996,-0.4334086225801105,-0.2099403884274551,-0.3844631473589388,-0.5270443810303951,-0.1629517203038367,-0.4006613550800211
35,1997,-0.4337953983188757,-0.2099547416255071,-0.3712384891433608,-0.5275732060962257,-0.137453004554812,-0.3688950339680379
35,1998,-0.4298037605858306,-0.2099547416255071,-0.3755649667317684,-0.5240672239988851,-0.1442752415958224,-0.3953824710461453
35,1999,-0.4300449500862389,-0.2099547416255071,-0.3706079094138763,-0.5315592174055718,-0.1425817785005361,-0.3952692099491057
35,2000,-0.4198766227591322,-0.2099547416255071,-0.3622045587133152,-0.5308675361775995,-0.1324371281487736,-0.3998695758484266
35,2001,-0.420769699803708,-0.2099547416255071,-0.360163932644289,-0.5137731286862862,-0.135356335960648,-0.3929083240311297
35,2002,-0.4166278555613982,-0.2099547416255071,-0.3536435630803831,-0.4821887924015799,-0.1222763495770559,-0.386369292692394
35,2003,-0.4280460054339512,-0.2097767619696612,-0.3497068187970041,-0.4371996251229181,-0.1454962099515364,-0.3720588373007802
35,2004,-0.4239933792110122,-0.2098269981628435,-0.3445176731064545,-0.4144278200390429,-0.122820938797476,-0.3642790863925109
35,2005,-0.4306447096022938,-0.2099116820313509,-0.3321942184209314,-0.4221828169983657,-0.1260082056508959,-0.3716122568479988
35,2006,-0.4264258508781005,-0.2098542692391425,-0.3289441053985466,-0.4110434372094346,-0.1219687792630105,-0.3685928808131653
35,2007,-0.4361315575132761,-0.2097767619696612,-0.3229041149757828,-0.4025026623175196,-0.1488588817070638,-0.397523510107894
35,2008,-0.4360813187267313,-0.2098628811579738,-0.3214533436953785,-0.3967977560623635,-0.2002288750860765,-0.382968049830868
35,2009,-0.4312787949136857,-0.2098017584651796,-0.3197678566267772,-0.3962414223339389,-0.1941243438330683,-0.3863872507955211
35,2010,-0.4193088709877097,-0.2096611272954703,-0.3047526147210171,-0.38299395796857,-0.1598841328683755,-0.3802259515586523
35,2011,-0.4117953494095016,-0.209768699749609,-0.301444260654173,-0.3770369601335895,-0.139259365189784,-0.3955621951362672
35,2012,-0.4149240781288855,-0.209375290102266,-0.2962183311460701,-0.3633359383069153,-0.1560327139430957,-0.3586905201084224
35,2013,-0.418171815084027,-0.2037906120659645,-0.29294238187088,-0.3367029783046692,-0.171273881800672,-0.3442785523748533
35,2014,-0.4231675646035252,-0.2008810561703653,-0.2865748403108562,-0.323509860321498,-0.1821120456105043,-0.3473450994628584
35,2015,-0.4257465789283667,-0.2004795929723017,-0.2817101804394371,-0.3215838269762001,-0.1882891538533103,-0.3254162952154983
35,2016,-0.4172271277253375,-0.2000316859686919,-0.2768529649120467,-0.3158103015516024,-0.167030659657074,-0.3031170726358659
35,2017,-0.4034514473593378,-0.1890337148574826,-0.2724095673321304,-0.312587579385717,-0.0720067846455803,-0.280319955695432
35,2018,-0.4120494400195897,-0.1988350131201972,-0.2688047532119106,-0.3101997542787809,-0.1533125767501268,-0.3001402412521828
35,2019,-0.4121195078944546,-0.1992886965612421,-0.2632464556380586,-0.3045666389235652,-0.1678677469001329,-0.2842202514829529
35,2020,-0.4158532305607522,-0.1998668912288934,-0.2674095955604262,-0.3027677797722993,-0.1833935939681373,-0.2836877665172295
35,2021,-0.4101432855021943,-0.1991464964283217,-0.2555691474315846,-0.2921057027270411,-0.1714362284627403,-0.2917967387376023
35,2022,-0.4049829158005869,-0.1962781963891859,-0.2494323805364485,-0.2965161159750318,-0.167849082002568,-0.2578174777286759
35,2023,-0.4094243771061013,-0.202142295925754,-0.2457355867345541,-0.2915536996306435,-0.171329694040897,-0.2617699307855859
35,2024,-0.4055745771877842,-0.2021187566809486,-0.2343888099709548,-0.2816648371287559,-0.1890786247496886,-0.2662074401694918
36,1990,0.2651310317017887,1.714306755228063,0.1251591287379281,-0.5217573502684346,-0.1843084297819025,0.16123494393711
36,1991,0.2437629093957305,1.6737733239289585,0.1306066369565304,-0.5211474020956196,-0.181729032135035,0.1886076569453851
36,1992,0.2839711138656568,1.7257295086778524,0.1323363521867137,-0.5208424280092121,-0.1675773826826621,0.1419045811990555
36,1993,0.2523939912431149,1.7298347353020038,0.1638916128163346,-0.5157841278120573,-0.1909181045035361,0.1720137314106352
36,1994,0.3100732005912047,1.798357469816459,0.1684939690363917,-0.5157841278120573,-0.157440859937806,0.2148196373263062
36,1995,0.3512047745625223,1.9236184434886168,0.2075461220054397,-0.5157841278120573,-0.1329854876272472,0.2516263595959363
36,1996,0.3320625834596561,1.9098719071997208,0.2317008288654159,-0.5206509042829482,-0.134001565484419,0.2560803496423317
36,1997,0.3353891489828706,1.9220457169186345,0.2560175596836625,-0.5253438455245868,-0.1420979319018829,0.303325776877165
36,1998,0.435854198615594,2.061458396907335,0.2735774535394465,-0.5315268901524125,-0.1065513351208262,0.2967669848057515
36,1999,0.3670424909739548,1.9220286925902208,0.2691458793294581,-0.5213743028159068,-0.1086802601549004,0.2899132888205558
36,2000,0.3851761926940196,1.982192105233186,0.2923634746470061,-0.5247924523763621,-0.1099382613113987,0.2903143699420323
36,2001,0.6363532164561565,2.1863158280441937,0.3040905060050584,-0.5129265206224191,-0.1051159235448216,0.2680567680617404
36,2002,0.6743524133929327,2.282196890752984,0.3459934048344842,-0.513362023617809,-0.0977614552452927,0.2403415409197242
36,2003,0.7056473044448708,2.2972307010890223,0.3887764878696489,-0.5338233450230611,-0.0836008781247084,0.3300927079907332
36,2004,0.742388726228134,2.407494455153795,0.4220264315222594,-0.4855502167819633,-0.0753593577276485,0.419057814782636
36,2005,0.7492186203912042,2.360947033870864,0.4037264822895108,-0.486161384851124,-0.0725369192355047,0.3354465109655736
36,2006,0.7704594668818913,2.3904141494718063,0.4318923768731526,-0.488505415679252,-0.0671017091106335,0.4028877172770809
36,2007,0.8117420037449361,2.4633283955764287,0.469893563626393,-0.4665863181409721,-0.0052364058400353,0.4404747139139841
36,2008,0.943197365013174,2.6761432630947803,0.4449856643117545,-0.4637598183081474,0.0178985244980971,0.5069238129135358
36,2009,0.9284818458252172,2.6328396645716223,0.4093053612850891,-0.4771914870217065,0.0178592050622427,0.4663632637521934
36,2010,0.8986478320822507,2.565637991291732,0.445524284497356,-0.4545252029717282,-0.0148946611159509,0.4340101231225032
36,2011,0.8418692521274038,2.407939404293409,0.4580176453877679,-0.4553407036787819,0.0077171032611095,0.455431861237253
36,2012,0.9020598481377644,2.519277161583479,0.4256829181480898,-0.4497133218363907,0.0084912578189547,0.4216273420622892
36,2013,0.9336122790517732,2.5524761086779653,0.4248946934862341,-0.4480914696448757,0.038118797876487,0.4139442783732057
36,2014,0.9745552232767126,2.6553024195231445,0.4351459931162567,-0.4535932021636669,0.0285547634431083,0.4615735025972044
36,2015,0.8895824289192791,2.4551901322808924,0.4165964394072538,-0.4426318235500086,0.0447474962780361,0.4123088953515941
36,2016,0.9154930009723774,2.5378358466648323,0.4709313927645029,-0.4312392115781699,0.0197519326697971,0.3983726227768112
36,2017,0.924473563683888,2.495795329570258,0.4662589721300585,-0.451341273509634,0.0602829704866671,0.3901460326095807
36,2018,0.9249559170928264,2.5251808041806805,0.4697192959117084,-0.4436053496296752,0.0466937369646788,0.4106092506242254
36,2019,0.9605324599042108,2.612756842095513,0.447661533772848,-0.4424310286115179,0.0249752179216119,0.4402676677803852
36,2020,0.8934866441737791,2.5183419215516025,0.4020512246254101,-0.4458982027563631,-0.0232087423745888,0.3714998058298488
36,2021,0.8677895659960245,2.4448651879685173,0.4031174955367352,-0.4763532895331943,0.0089035435056671,0.3867053496927462
36,2022,0.8061753091721322,2.3013950553780145,0.3664688453759026,-0.4785110592678935,0.0326857650613097,0.3748680789069817
36,2023,0.7561060856405031,2.1794664145052645,0.3324009726157648,-0.4764930963638333,0.042686069187267,0.386983243755857
36,2024,0.8154099704944787,2.3392413864829926,0.3611415066764517,-0.476881098068101,0.0133047734765752,0.3799986564452288
37,1990,0.2201305696664066,0.4542112886798324,-0.0764643607388462,-0.4806895397928006,0.3951492030226992,0.0963485042791034
37,1991,0.2855434076968988,0.4544260898096777,-0.032717892005858,-0.4652047855295461,0.5457545209634921,0.1550291565324724
37,1992,0.3388464114701096,0.4088116190936484,0.0148864985443236,-0.4337820855106357,0.7339869760595504,0.2451654335095092
37,1993,0.410735992498439,0.4504651039882366,0.0695717739735085,-0.4012736777441145,0.834401273500049,0.3376233974463719
37,1994,0.4724667331624622,0.4613873908649419,0.1519281140597256,-0.3478226994639903,0.9247354334686054,0.3897051492770264
37,1995,0.5502877663103847,0.474577972568329,0.2251892173533085,-0.3030451842012955,1.0351814837211808,0.481318715521655
37,1996,0.6245669316517893,0.5729260856212562,0.3092665146179104,-0.2291835102142629,1.0797114990172323,0.5626683019055195
37,1997,0.6840852631376315,0.6157278336664961,0.3894596159099237,-0.166865715345927,1.176513075187787,0.64317970817933
37,1998,0.4995508040569753,0.6401569767511547,0.3574357995090886,-0.1983219625143422,0.8972206902251922,0.5560471651299493
37,1999,0.6105320325107979,0.6872196153346685,0.4482786917879515,-0.122374265776282,1.0142147977795413,0.6579739880027112
37,2000,0.7150213479513543,0.7950838986961317,0.662443711440029,-0.0710178495216049,1.0594544547536175,0.7616556357512394
37,2001,0.745872941842294,0.8565739928331614,0.7432367392802324,-0.0372889354612808,1.055761092383898,0.7613943049495207
37,2002,0.7870760477446782,0.92452203241176,0.8273753429074231,0.0253814094509422,1.0597447627128096,0.8230587383785439
37,2003,0.807953464058109,0.9681404003037076,0.903027394341968,0.0518537700992858,1.067615334050902,0.8467479689812186
37,2004,0.867301485938039,1.034481385847892,0.9900649131144278,0.1583696294661424,1.040761847825648,0.896151668013824
37,2005,0.854575310229871,1.0540606458202368,1.0762835540437377,0.2086885238788616,1.0303752741745589,0.9171295486735052
37,2006,0.8781372257409932,1.0984817918147458,1.1363944425620287,0.2801238240344361,1.0116826672465895,0.9304065015663988
37,2007,0.9571635172447484,1.195252054070299,1.2296764522667452,0.3342792924541616,1.0583738640166254,0.9983920208667242
37,2008,0.9950740165900084,1.3501379110913478,1.2970521447518055,0.3601325557070984,0.9769424814632882,1.0218503271046362
37,2009,1.0208208098823848,1.414325420086783,1.3261639089296742,0.3136850023472359,1.0140857720199006,1.0447384124915222
37,2010,1.1988758209622707,1.6028695265399853,1.517890799874261,0.5458904418933883,1.0565029905018328,1.181173067875642
37,2011,1.2930989950124696,1.751897284085553,1.6163531972177283,0.6318669064888726,1.0493259326218105,1.2646351430283296
37,2012,1.2999917637337592,1.706728266656559,1.6671936879074174,0.7242161095939279,1.1021297247548318,1.2847620411130272
37,2013,1.2983312399828264,1.70433128258186,1.6916899587875311,0.793250653741303,1.105210214766257,1.285971403586277
37,2014,1.249153266888663,1.756118614835676,1.6955610176824223,0.6619117335853941,1.115080685378783,1.3064031097469528
37,2015,1.2885555603082697,1.7910384551736052,1.7288372354904278,0.563284333937554,1.192415500063523,1.3545013199877651
37,2016,1.2935181885374345,1.7116662636274145,1.831731207043884,0.6064613451947826,1.2628151801675669,1.4133007927029002
37,2017,1.3673977494731586,1.87262531326206,1.8678251572360127,0.6551414320766786,1.2740723228753927,1.4791532927621864
37,2018,1.4278814213906297,1.915436999982565,1.8989139508897743,0.8543534885745712,1.226399804562188,1.5100054549859327
37,2019,1.353436540172254,1.7788916395582843,1.8672273983056435,0.815745355710579,1.257842188698389,1.448357207103343
37,2020,1.207329595950664,1.5401822684106885,1.8223362434445527,0.8302231959411353,1.1716181120467524,1.3878618971571246
37,2021,1.258477216064949,1.5496964144141518,1.928132874210421,0.9773078196074882,1.245103830269886,1.4992046760478348
37,2022,1.193783935337699,1.447212915855396,1.954141975925983,0.9572489316375408,1.1980159711850555,1.463601640347598
37,2023,1.1319235454960384,1.394965315053022,1.9470018527464048,0.895526591565957,1.1069129186886308,1.4332303285556476
37,2024,1.0896371624836347,1.2924003407197555,1.9541365004048896,0.9662488590699672,1.147832684941646,1.4778836025694722
38,1990,0.0765300625648008,0.4727264173260937,0.0758250229575632,-0.4313719606102449,0.319862672272258,0.0736196827614773
38,1991,0.1013226449649571,0.4749798694202718,0.0885855044278262,-0.4150918642493747,0.3616831466158515,0.0948491482506935
38,1992,0.1412925319230588,0.4678319767903308,0.0981186438103804,-0.4067528274860386,0.3876495807435743,0.104910817991684
38,1993,0.0956538681881575,0.4291501080399456,0.0974574108996014,-0.4090598835899803,0.3515223680441338,0.0797133818229651
38,1994,0.1251473710012718,0.4100460014326125,0.1232805266271721,-0.398768698694635,0.4082130611863362,0.1131015995380207
38,1995,0.1602277910777956,0.4129022878449787,0.14753595108283,-0.3577294415506056,0.4550171554960579,0.1624139686030444
38,1996,0.1292275684007787,0.3217738334122532,0.1737181469341349,-0.3330674460522406,0.4359374712891659,0.1516033075708431
38,1997,0.1818143187890079,0.3780527229745019,0.2259336517561721,-0.2617254627081497,0.4739839421632643,0.195410064318338
38,1998,0.2028350920254208,0.3572692921950742,0.2532281201858734,-0.2536595069439399,0.5365775638090361,0.2318654562766226
38,1999,0.268641084562522,0.412945347439135,0.3056844714323664,-0.2086941355130238,0.569930722676198,0.2686124840671187
38,2000,0.3146050327952495,0.4465031244849234,0.362861412598195,-0.1570534780034392,0.5967680806814968,0.3035553854174216
38,2001,0.3182443006197643,0.3873248889161526,0.4179845906172996,-0.1254154662092475,0.6320566259432717,0.3256884643205141
38,2002,0.3733826202383662,0.4489718745498832,0.4379923599507354,-0.0624871138339662,0.6412497113176829,0.3512396796915153
38,2003,0.3897656103577575,0.3998643066131788,0.4922922811007907,0.004563036479016,0.6693934551393453,0.3810458196050845
38,2004,0.4392170835464633,0.4312600281536028,0.5482211998853481,0.0960323852032893,0.693214836013039,0.4217471733573903
38,2005,0.4859989162719163,0.4201219464651805,0.5982778449390803,0.2151350304086263,0.705359385639235,0.4440740926378209
38,2006,0.4668380861819352,0.3471789939644543,0.6226733982235126,0.2738361402094326,0.6843926996975951,0.4430505684199514
38,2007,0.4941985521235678,0.3855450923576933,0.6384510285383229,0.2881308463874753,0.6910697827590097,0.455117593814942
38,2008,0.4117024297876657,0.1583626735891981,0.6529762574459628,0.3701500123479997,0.6379918108867513,0.4227622787943085
38,2009,0.3086346627159667,0.0589237174843122,0.5925500790629293,0.266159835506109,0.5671082841840542,0.3501039198110068
38,2010,0.2632230752121391,-0.0016754846916157,0.6057221889677172,0.264377079666673,0.5429965953511687,0.3488576627378504
38,2011,0.2705666978742974,0.1444831310728262,0.599880568418187,0.2062915804488971,0.4814190515625687,0.3347775539431652
38,2012,0.2609441655554112,0.1983793897584277,0.585289654122059,0.1865040801768309,0.4134708608917013,0.3299649207077309
38,2013,0.1806503443124755,0.0936153971762159,0.5400893487905373,0.122237082195606,0.3699246670129113,0.2723344185544871
38,2014,0.1777795572025412,0.1212883630206473,0.5318786752295409,0.0667645590482111,0.3484096215927981,0.2544372138080603
38,2015,0.2254272841882806,0.1640608932158782,0.5548203919154393,0.0892268714597101,0.3878592476029907,0.2820465353379794
38,2016,0.1989846872276753,0.0745974097571955,0.5604080289628159,0.102121201333959,0.4141159896899056,0.2852845689385719
38,2017,0.2477547757326036,0.1355123822902693,0.589839462031326,0.1570857443502747,0.4201802003930259,0.3280566565791983
38,2018,0.2333152023250522,0.089840506088516,0.5864544750112458,0.1530802893570705,0.4306474151438906,0.3241773568898676
38,2019,0.177228449254639,-0.0814218530690329,0.5706724656705362,0.2563478953605206,0.4225349205064716,0.3005834540180628
38,2020,0.0552225314046122,-0.1387198196929799,0.5050177303638602,0.1753936927898739,0.3090245084624258,0.2191178807680633
38,2021,0.1053991264763721,-0.1356735256448002,0.5394062207502623,0.2180473178267561,0.3681967056551409,0.2601804026818027
38,2022,0.1266043948207557,-0.1210446911531831,0.525489676442611,0.1916709760419242,0.3896375935199005,0.2584443797997497
38,2023,0.0723139321679357,-0.1489642290812066,0.5163999572226098,0.1067845832417791,0.3626916764660842,0.2298695490526875
38,2024,0.0758033417849866,-0.156501898357515,0.5246622567656022,0.0814966886715735,0.3831066310304279,0.2383551552451474
39,1990,-0.3966031292262156,-0.1399398415274076,0.0827263677746993,-0.550183654839475,-0.147517013806799,-0.2053622587218234
39,1991,-0.3954795744947513,-0.139537951981949,0.0897240511616178,-0.54965193466757,-0.1479202193056767,-0.1950540078633814
39,1992,-0.394747939869135,-0.1442601541410869,0.0797311140596479,-0.5476872762020999,-0.1285502271395927,-0.2078663822851848
39,1993,-0.3956885141470077,-0.143154957891076,0.0821176831747109,-0.5458067516538143,-0.1337112575252271,-0.2083764473446969
39,1994,-0.3894379643379381,-0.1425808299689923,0.0778043426640007,-0.5457564632171485,-0.1170830627515113,-0.1862067215756509
39,1995,-0.391055713012486,-0.1420067020469087,0.0899605185601745,-0.5459946575123242,-0.1188087822867078,-0.1820573718932225
39,1996,-0.3745250497317724,-0.1357056481020408,0.0895664062292466,-0.5455486027705797,-0.0976001730457416,-0.1741553102862785
39,1997,-0.3917311348669198,-0.146628431819682,0.0884322385213543,-0.5446321228783404,-0.1185829872073363,-0.1835540403237143
39,1998,-0.3898438505330372,-0.1459107719170774,0.0921237573543783,-0.5438466998141672,-0.1167604983524092,-0.1772405386262637
39,1999,-0.3956215813741859,-0.1498579013814024,0.0912610892522363,-0.5441589558264097,-0.121534451459121,-0.1833467957005546
39,2000,-0.4050881193149868,-0.1501593185404963,0.1031807977498532,-0.5457943379016881,-0.1446945753146552,-0.2012547554826464
39,2001,-0.4052159584004905,-0.144575924498233,0.1167645360891655,-0.5440301572560775,-0.1449364986139818,-0.1808205037453709
39,2002,-0.4015801181428082,-0.1380595725825837,0.1086414430461532,-0.5438580180951642,-0.1386948774913552,-0.1723969044134562
39,2003,-0.393488865108495,-0.1393083008131156,0.0997169882635876,-0.5429803418698477,-0.1435655999177977,-0.1804801549461388
39,2004,-0.3989931661960909,-0.1367964911539997,0.1032070719052484,-0.5438444787324298,-0.1521941975937801,-0.166958301213128
39,2005,-0.4066666830264291,-0.1444610989138162,0.1032245880088453,-0.5454479525868725,-0.1627272638667215,-0.1761571357118724
39,2006,-0.4084200997021177,-0.1396384243683137,0.1029574674289942,-0.545191260331611,-0.1667690119156914,-0.1854100655394851
39,2007,-0.4146470475519774,-0.1437780911183373,0.1042011107843664,-0.5431103566898775,-0.172521657665719,-0.1870729452202219
39,2008,-0.4172712443364945,-0.1414067264073329,0.0937571340147791,-0.5462365162534158,-0.1784698258262624,-0.1895922783424323
39,2009,-0.4244233173009042,-0.1595246356358342,0.0704957484382393,-0.5360254934855878,-0.1961137436363108,-0.2183993551857084
39,2010,-0.4117264173283869,-0.1433848192121875,0.10854948350227,-0.5284292387720816,-0.1834146090387386,-0.1811326736525242
39,2011,-0.421835751701459,-0.1499113194054332,0.0749492177777237,-0.5342490517550166,-0.1990735461778123,-0.1889100215643014
39,2012,-0.4289420096910987,-0.159278214969367,0.0887650444896934,-0.5374101474944345,-0.2066991621112265,-0.1856686578579429
39,2013,-0.4345987613571861,-0.1587755805211129,0.0766132476194189,-0.5395387057773006,-0.2123220885881552,-0.1905439997402387
39,2014,-0.4384881344825556,-0.1633314720868349,0.0656831989750206,-0.543132326542836,-0.2158528139878475,-0.1989830972857706
39,2015,-0.4387670940452118,-0.1643643349586997,0.0763242319100718,-0.542089000904392,-0.2201901439239346,-0.2244590797437897
39,2016,-0.4400450071514166,-0.164884803077624,0.0885066819616406,-0.5431028680589627,-0.2177076721802245,-0.2013575846974244
39,2017,-0.4413358567234892,-0.1651802363161913,0.0882702145630839,-0.5391329315079354,-0.2200900844473331,-0.1924809286685995
39,2018,-0.4483783042452574,-0.1636649330411299,0.0876396348335995,-0.5388775632123525,-0.2378190463612049,-0.1855844301468971
39,2019,-0.4509921229965744,-0.1657086574315786,0.0733421152727179,-0.5397943447622091,-0.2375900901507222,-0.1941226617864755
39,2020,-0.4544749806869379,-0.1748468191900928,0.0675004947231878,-0.5408623006913011,-0.2502758705821716,-0.225569866630245
39,2021,-0.446507608557407,-0.1740434938302062,0.0878454490508618,-0.5374359765771863,-0.2334167680833586,-0.2053783814525923
39,2022,-0.4552971747589741,-0.1760411271771498,0.0638746612786518,-0.5459874519924206,-0.250469731786032,-0.2204520311473895
39,2023,-0.4582770453443998,-0.1757441218336757,0.0574112190514356,-0.5462042998170075,-0.2492255202575952,-0.2244634132881313
39,2024,-0.4553903951385175,-0.1758923480892728,0.065548293992348,-0.5446908119326219,-0.2402674999798337,-0.2203032914438849
40,1990,-0.1756352410779679,0.0384852602990707,-0.1447071003519481,-0.5171522415636813,0.0671818502355905,-0.177784543938732
40,1991,-0.1471487729829461,0.0629703183466455,-0.1084575239583869,-0.4879601220127554,0.0867131246012255,-0.1496447554575098
40,1992,-0.1193868082841634,0.1048247407074787,-0.0824154569358562,-0.4838588304987473,0.0944224137397669,-0.1339153297882365
40,1993,-0.0874527835432747,0.1337459452479902,-0.0458068004185608,-0.4861528455767046,0.128082008786076,-0.1044179932464696
40,1994,-0.0602441707419777,0.150138787946286,-0.0139931772608872,-0.4616121907916657,0.1543064944330806,-0.0838045149778286
40,1995,-0.0329870008968379,0.1621514210340142,0.0174788818766488,-0.4541043387324859,0.199417125647516,-0.0587276549193151
40,1996,-0.0058895032391908,0.2153884335975757,0.0494851821738872,-0.4494120074390201,0.1984010477903442,-0.0359550118419553
40,1997,0.0359970750916159,0.2764889894104861,0.087232385424974,-0.4335002894547951,0.207078030126192,-0.0092542902002475
40,1998,0.0692303135474872,0.3168511906278064,0.1344295265665304,-0.4013700495554193,0.2261415861131289,0.0251380676628706
40,1999,0.0979126312376384,0.3532078412937529,0.1635106375631044,-0.4042050886626634,0.2571238966468902,0.0455092008050436
40,2000,0.1591231758318705,0.4472069207239276,0.2272692546554275,-0.3891863348034396,0.2761874526338272,0.0899107168255732
40,2001,0.17331144433963,0.4972565369445375,0.2394473256810972,-0.3704737348096483,0.3138791026689132,0.119957268046327
40,2002,0.2004722394933595,0.5406452463611676,0.2805269676414739,-0.3430888916947732,0.3150242062857258,0.1512962660595072
40,2003,0.23433757840507,0.6040863817514096,0.3214621017471769,-0.3388345031893885,0.341780923191249,0.1792845828889368
40,2004,0.2684417800009065,0.6288030856380462,0.3646874663981606,-0.2963119663215907,0.3655861758449874,0.2154851784142331
40,2005,0.2946308487779263,0.6600074496571965,0.4000524795600838,-0.2805210180755831,0.3549738071145267,0.2188632938899113
40,2006,0.3204702754918505,0.6985878450328605,0.4297203800271503,-0.2743434629813127,0.3608928638380512,0.2366274055745393
40,2007,0.3305554271380843,0.7373127660709176,0.4608640122222466,-0.2473062903249421,0.396294306639512,0.2720118985220295
40,2008,0.292950092734879,0.701558949723159,0.4488523441807465,-0.2202849763210648,0.3559253720918782,0.2449463128122868
40,2009,0.2511708630597541,0.6667955040409949,0.4101373762059367,-0.2323552407129008,0.3448130285428091,0.2287817379251581
40,2010,0.3065546061714511,0.7103144005349346,0.4833240360592332,-0.1482903536910189,0.3754727746774682,0.2802794732734737
40,2011,0.3214730220446549,0.7712016603537762,0.5039229738890607,-0.1105912869738421,0.3139274873287785,0.2746105799558682
40,2012,0.3076827008687448,0.7686037388128321,0.5016152272401835,-0.0913748697893055,0.3100889709794628,0.2678683967689831
40,2013,0.3114146871608886,0.7797987437590114,0.5196042656340888,-0.0810649158242135,0.3265881399935378,0.2805248554374143
40,2014,0.3253671540869307,0.7835013574025462,0.5437283193127708,-0.0564321588650797,0.347054851116569,0.2974132778088642
40,2015,0.3276328093224193,0.7389638879943282,0.5382457788869748,-0.0186287910103515,0.3672635107203186,0.2895240845941862
40,2016,0.3442250402096,0.7586139129685768,0.5617129786807771,0.007573972545608,0.3645862262077708,0.2947300597005815
40,2017,0.3685656888160946,0.7799834769688029,0.5848836264616596,0.0639010961701869,0.3551192352738619,0.2957975299604148
40,2018,0.3506759944002662,0.7571683787105095,0.6058382462911236,0.0724399686337511,0.3504673244075506,0.3033071439430752
40,2019,0.3237200856577952,0.7160138998858769,0.6018547865594519,0.0593164439072535,0.3034589984485374,0.2860902675804922
40,2020,0.3204377404548924,0.6997140339864785,0.6275997717069292,0.1152494501299162,0.293977846937508,0.2692321860332724
40,2021,0.3496870639030844,0.7295247943520252,0.6809790070407039,0.1721975534499635,0.3244230071056645,0.3036183913186841
40,2022,0.3189924978371651,0.6690262655145414,0.6666536543912067,0.1995251980649847,0.2497531549734265,0.2678940227374012
40,2023,0.2957552114546231,0.6237254720087434,0.6388001699205075,0.1892641208868533,0.2082746583820288,0.2247994938056135
40,2024,0.279428695596277,0.5853320308228842,0.6667003934715887,0.2471649040289921,0.2165660549150259,0.2197978942917904
41,1990,-0.3071740329045279,-0.0264778109256288,-0.3206651190335228,-0.451021050718906,-0.1000032778190526,-0.2252300580114457
41,1991,-0.2802622419725488,0.0063048934253468,-0.2983364659735122,-0.4183784543543656,-0.0846814688617006,-0.1952120895232663
41,1992,-0.2580256030474202,0.0208877426462712,-0.2727060273855062,-0.4083441969633862,-0.0559409809016992,-0.1744741806178447
41,1993,-0.2098182643222533,0.031279458035985,-0.2421623217386,-0.3575251450489585,0.0040559973313002,-0.1611717001334902
41,1994,-0.169456052222875,0.0571152145297487,-0.2146576600657372,-0.3317578844883889,0.048037653148878,-0.1379790840660931
41,1995,-0.1260929383366693,0.0903859276144955,-0.1783248821800913,-0.3227940861406996,0.1061315014271748,-0.0886899118912762
41,1996,-0.0771607197987307,0.1491048608455994,-0.1394741644024064,-0.2903619218957803,0.151064722222104,-0.0432783261419756
41,1997,-0.0634988639533129,0.1635872376801592,-0.1193656774732891,-0.2225350751305793,0.1489357971880298,-0.0281538683317653
41,1998,-0.112507161836677,0.1111980647900273,-0.1375561510585577,-0.2093321369818258,0.0941321057805749,-0.0672201230044194
41,1999,-0.0958740201000306,0.1184607830043853,-0.1331035575242532,-0.1809597877751634,0.1186631283322933,-0.0369701420247178
41,2000,-0.0911732981128794,0.1245321857804198,-0.1047178358404718,-0.1249824041632391,0.0965190823339308,-0.0207830317432391
41,2001,-0.0643427316554391,0.1735196507322061,-0.0856349167769466,-0.0014581399974363,0.0837455321294858,0.0031186012239456
41,2002,-0.040515049684446,0.17066336431984,-0.051075206477886,0.0374864408886285,0.123727389398197,0.0408235256580597
41,2003,-0.008811024027911,0.1745530809919567,-0.0213981100564311,0.045862249197724,0.1752086674948998,0.0827046315916333
41,2004,0.0526157006492648,0.2247605677781707,0.0140063143385848,0.0558245328086127,0.2608834540697716,0.1268751393049731
41,2005,0.0443816317739043,0.2148138015280717,0.0410905895251245,0.1055944737614974,0.2418666005693586,0.1402745640636494
41,2006,0.0521147899751639,0.2207560255216374,0.0714897873173572,0.1167540855313206,0.2376893916009858,0.1325884728322302
41,2007,0.0649823818105694,0.2527205975836439,0.0934155699946417,0.1519072285751671,0.2056587467701426,0.1527429687963208
41,2008,0.0714379619468588,0.2842115141099314,0.1033647168376195,0.1830999781329267,0.1894660139352147,0.1608511822111371
41,2009,0.0971446795316875,0.2610310992558046,0.1023093715959129,0.2939568386457077,0.2013202556022186,0.2058081621185455
41,2010,0.1412814755144213,0.2808241593696379,0.1641018060594961,0.3682198585304526,0.2198193238907269,0.2631808527149219
41,2011,0.1304602623763081,0.3194342621297626,0.1613868100019933,0.309613598293696,0.3101050991994181,0.2807377022379066
41,2012,0.1844935113553852,0.3098606790290179,0.2185287189606282,0.4342528477194046,0.3516191373638644,0.3408146156689111
41,2013,0.2150929681757274,0.3307732885909144,0.2297959525992648,0.5095820570102302,0.4166706997307945,0.4076588287419992
41,2014,0.2072495669967454,0.3085114784121213,0.2493526822650832,0.511082529515355,0.4140917973599729,0.4088771294202605
41,2015,0.2317825535087367,0.3057413111880678,0.2724082536243607,0.5058625930524042,0.4282878565644585,0.4043363598571913
41,2016,0.2206420428341484,0.2864075534119013,0.3201702891069135,0.485451287397323,0.4519237629086683,0.3895442992822706
41,2017,0.2208451174584295,0.3033012818724104,0.3219613063206596,0.4266857269962722,0.4547227348407774,0.3920359995205144
41,2018,0.202973729396748,0.2447115130705771,0.333692721083637,0.4979577159027261,0.5337160150902293,0.412113105571575
41,2019,0.2249486445041823,0.2436350232166703,0.3561483615156985,0.5841527190737911,0.5356131222794358,0.411468590212136
41,2020,0.1897016002548462,0.2591221239148764,0.3716063273188933,0.4084598069349432,0.5065220113195139,0.3647581560168508
41,2021,0.1616903366006573,0.2258370576320776,0.3825801662222836,0.3867169490455967,0.4940608953779356,0.351471882886686
41,2022,0.1815124070273508,0.2626386574376387,0.4606406819013875,0.3004574869731021,0.4807852808646708,0.3259550292651881
41,2023,0.240777984399345,0.197772405617828,0.5071483645008115,0.3535092952210388,0.4815335937481827,0.3404600845135875
41,2024,0.2262022127032564,0.1812958910354572,0.5375465121933348,0.3253720329991097,0.4762554866116765,0.3228819711454113
42,1990,-0.1450982841086394,0.5716055987069479,-0.2847483486083007,-0.4840723113837535,-0.0222975140753452,-0.1758629133223965
42,1991,-0.140306132343035,0.6207653020353595,-0.273962807818576,-0.466248405790559,-0.0323776515472873,-0.1819753364130129
42,1992,-0.1249697420877265,0.648768391434989,-0.2533726280405469,-0.4570461234188762,-0.0116851453448845,-0.1661232094070522
42,1993,-0.106161589673468,0.5774904099083054,-0.2303739840179589,-0.4450868649455889,0.0431508025024805,-0.1420528885616948
42,1994,-0.1132202925213204,0.6439600700875385,-0.2208977719720944,-0.4371367990844638,0.023248579077878,-0.1468571936962757
42,1995,-0.0726314799512912,0.6668677741786756,-0.1946542697582007,-0.4015353468700688,0.0721654702017187,-0.1108836765068071
42,1996,-0.0189809944600531,0.7442315116794457,-0.1650389176019245,-0.3740676227781892,0.0932773101229542,-0.0721245156577742
42,1997,0.0059218442084803,0.8329629820374719,-0.1311978054529222,-0.3373090242141064,0.0839551989889022,-0.0500025283464578
42,1998,0.0070566575295882,0.9132691251389206,-0.105716253745489,-0.3245542375986486,0.0785845017438514,-0.0425228661362005
42,1999,0.00459159464448,0.8794242841320901,-0.0903984211500943,-0.2740758077315546,0.0732138044988006,-0.0499024485169724
42,2000,0.0778733828886522,0.9462671274606776,-0.0593336114211835,-0.2205853861964166,0.0955191326967141,-0.0047604764712933
42,2001,0.0223107800513054,0.8350872553491813,-0.0647110552253987,-0.1948984465539888,0.0649077712219203,-0.0467695384891037
42,2002,0.0531419325151588,0.7434707921826849,-0.0389623829381144,-0.1567985213506841,0.0879549975377688,-0.0194825752013796
42,2003,0.0960576083338136,0.7151232260298052,-0.0003481325589862,-0.0735198531651398,0.0779716293855574,0.0107256467607652
42,2004,0.0985420349818579,0.7199459005753079,0.0407096142718943,-0.0442691856040641,0.080923093637342,0.0246807728970658
42,2005,0.1243413506334674,0.898958986680986,0.0806507094984795,0.0700448696415733,0.0736170099976784,0.0470400490931419
42,2006,0.2005599770409818,0.9980247596365174,0.1367328941895084,0.1583068022596555,0.0961642614949185,0.108900447072779
42,2007,0.2808595354217493,1.2100502012620045,0.1895658416633325,0.2838390261366473,0.1040993457128313,0.158593412303194
42,2008,0.2621175800260292,1.208068565620379,0.2194045241404679,0.2849052157797038,0.0968255185130779,0.1458216855114845
42,2009,0.2605041542042182,1.2322393511401009,0.1972685482200219,0.2494428291586995,0.1104861208150538,0.1458711580956857
42,2010,0.2782352992455813,1.1526804686477972,0.2636370647482671,0.3192550508088385,0.091132256868925,0.1869632605094615
42,2011,0.3406914854029568,1.2381537630479988,0.3251623786319992,0.4712797410342613,0.081229529816489,0.234158967837229
42,2012,0.3722658728416893,1.2127198960996934,0.3637985241406233,0.4844448617359351,0.1152923303616759,0.2738423838786589
42,2013,0.3304975285470184,1.0016704719417489,0.3774698429979195,0.4997168396841228,0.1335494753508574,0.2496560921330475
42,2014,0.406454341906397,1.1798510725604054,0.4183261546374371,0.5648192940974905,0.1339042961898697,0.2890718942469838
42,2015,0.4431915359086542,1.1192231639883734,0.4618449140236669,0.5493725656628367,0.2202870422694249,0.3553133724472297
42,2016,0.505512713497613,1.3234261126754707,0.5226739627894267,0.512142829096876,0.2719941154454993,0.4101934121719484
42,2017,0.6340302779145384,1.403585810097194,0.6007022751120679,0.6868847396300329,0.3102825096189242,0.4803048062629855
42,2018,0.6209332345293479,1.5450602453241378,0.6410310498805345,0.587736870517035,0.2766186728507668,0.4629072919368079
42,2019,0.592135480713204,1.5796036564801637,0.6368313538499609,0.4851686069423968,0.2822469055120608,0.4760661878285386
42,2020,0.5927196475754731,1.4151129352188188,0.660605085456707,0.5538430815883584,0.2864530001223732,0.4808140671360411
42,2021,0.7007828657437419,1.5929141852331086,0.7656550091052704,0.8159993487142904,0.3073527700794192,0.5663899317436658
42,2022,0.6680708098071981,1.6488332522373874,0.7651507774100553,0.6485609006167657,0.3176918138663004,0.545478605600557
42,2023,0.6336670734202876,1.3227105952062304,0.7804712812112482,0.5846433856092741,0.354865199681349,0.5444437975773956
42,2024,0.6573087366437809,1.4963270634644803,0.8475166801199878,0.6451643924941517,0.3771502290393275,0.6073156720207646
43,1990,-0.4020920730694517,-0.2099547416255071,-0.4224249228790864,-0.1838051960013452,-0.2960901760332483,-0.3962601202232481
43,1991,-0.381510610251384,-0.2099547416255071,-0.4218994397711826,-0.1082033398772715,-0.294396712937962,-0.3784401429995246
43,1992,-0.3881371467443835,-0.2099547416255071,-0.4159877548072653,-0.142843516507781,-0.2906710941283322,-0.3796424657822391
43,1993,-0.3777206753855187,-0.2099547416255071,-0.4041643848794307,-0.1230696066932916,-0.2790910322005651,-0.3589829516843714
43,1994,-0.3602284335001646,-0.2099547416255071,-0.3961507674838983,-0.0527773494135724,-0.2794942376994428,-0.3395557599397054
43,1995,-0.3531031483128634,-0.2099547416255071,-0.3982526999155134,-0.0080596090718131,-0.28659065447969,-0.3438397633215898
43,1996,-0.3221001685501237,-0.2099547416255071,-0.3937817144724321,0.108061104172361,-0.2849878207383606,-0.3311123867651483
43,1997,-0.3297538991533357,-0.2099547416255071,-0.3891092938379879,0.094628825510629,-0.2914250992210324,-0.3354397273964423
43,1998,-0.3131966133129515,-0.2099547416255071,-0.3657953599506577,0.1287194388374323,-0.2777969695549446,-0.3173270575851047
43,1999,-0.3115871893383374,-0.2099547416255071,-0.3519269849278975,0.1482646172331888,-0.2828669814338618,-0.323117705359848
43,2000,-0.3015178445805888,-0.2099547416255071,-0.3414654920547134,0.1803100739095797,-0.2791443461287277,-0.2419560435715369
43,2001,-0.2986855555520849,-0.2095241456839444,-0.3215960999396924,0.2034222314157718,-0.2824618301711825,-0.2640748486425912
43,2002,-0.2659835917001274,-0.2077587023235372,-0.3054046516774077,0.2976226258834347,-0.2664465077557609,-0.2967897374168835
43,2003,-0.2409800482543968,-0.2073711659761308,-0.2952650172078147,0.3309257970340562,-0.2370608909975552,-0.2460944575111877
43,2004,-0.2242210668671758,-0.2070266892228806,-0.2835922857709124,0.3912069729405334,-0.2352384021426281,-0.2281784594961783
43,2005,-0.2183922221067128,-0.2065673868852137,-0.2538586999153579,0.4054797625632027,-0.2290129092399566,-0.2213002461096327
43,2006,-0.2008179072414436,-0.2033953301157016,-0.2302688873963781,0.4592405945151167,-0.2225938776978239,-0.2035556763122846
43,2007,-0.165128697503681,-0.2067970380540471,-0.1953653242384352,0.5675356727020747,-0.2101267636725259,-0.1733237234333278
43,2008,-0.1054429894749333,-0.201503578612436,-0.1584824413740546,0.7722208606389872,-0.2032883984115603,-0.1194937182928782
43,2009,-0.0819661452272198,-0.2040782552790201,-0.1393915407381157,0.8193613151231675,-0.1744672693517834,-0.0795782651201772
43,2010,-0.0661545554512893,-0.1959918070284526,-0.1032793664319941,0.8609622203018419,-0.1747487521911555,-0.0353581702500741
43,2011,-0.0430250478016975,-0.2004964147051208,-0.1011571911554473,0.9278296185912044,-0.1521342075338185,0.0066580797648256
43,2012,0.0025088319916537,-0.1798943078766852,-0.1053404510414411,1.0797253591278344,-0.1603081580399297,0.0297123521469534
43,2013,0.0295186700129484,-0.1717802368964665,-0.0869233535823541,1.0918885985296014,-0.125947430789288,0.0443560590280906
43,2014,0.0354555852946727,-0.1677270014155414,-0.0637183448989483,1.114597822930946,-0.1234656047364856,0.0294288300718044
43,2015,0.0559336911173605,-0.1729139256799306,-0.0126920425502896,1.1987324276389288,-0.0942646366391279,0.0613046868759989
43,2016,0.0345350163810457,-0.1699978926453529,-0.005255943351616,1.1083536614962035,-0.0778963267265869,0.0725779752193422
43,2017,-0.0004726326099045,-0.1638166591978239,0.0115593089733793,0.922938383198584,-0.055692122467792,-0.0093176971183978
43,2018,-0.0101615440493117,-0.1683745746520575,0.0198982253731517,0.8933881020805808,-0.0594988662237958,0.0088496991945599
43,2019,0.0004726326099044,-0.1715580709204172,0.0354489122328336,0.9967097165418444,-0.0798432447984677,0.0202169336479768
43,2020,-0.0045550167585169,-0.1638451933555514,0.0279291499927455,1.0230793997346734,-0.1055921898800958,0.0499060886275211
43,2021,0.0051223679900073,-0.1516851496126219,0.0752424303454923,0.9807568136370944,-0.0857816876423782,0.0530128280314989
43,2022,-0.0031077886364738,-0.187668100414084,0.0996675490611856,1.01318512361951,-0.0882619336917344,0.069398741134049
43,2023,0.0119843774967556,-0.1912185918969373,0.1522207579856646,1.075844959489784,-0.0721743991329173,0.099574501475014
43,2024,0.010996967441981,-0.1942324974385234,0.1886502148855285,1.0792191695956217,-0.0721743991329173,0.1043693724232805
44,1990,1.2181224794254966,1.3212587797696054,0.7556906889375515,0.7767521656148297,0.8082735571727752,0.9208098908393096
44,1991,1.248940752296417,1.3128042419695034,0.783830309365798,0.8798059591527883,0.8214503128760978,0.9680887394610832
44,1992,1.1917238607314358,1.2261767890058102,0.7865058941902079,0.9027009737675724,0.8163215389303737,0.9586267657017774
44,1993,1.1269214866239303,1.0437122047581626,0.805305052375465,1.054233448080867,0.8117411244631231,0.9630479445458028
44,1994,1.1047695785347662,0.9687080827083292,0.787946593711044,1.1237431418548642,0.7983708301203392,0.9732852834409764
44,1995,1.077093496174883,0.8983099550240707,0.8405956220971019,1.2365707449140109,0.7746623467863313,0.9597480569547564
44,1996,1.135124211525878,0.825838697385615,0.910541802784992,1.5331177873658992,0.8046285794629207,1.0209051540215246
44,1997,1.064343664113969,0.7017297165118765,0.9161819881431588,1.5925590666512397,0.7725979346320776,0.973815828764562
44,1998,1.0728955226839934,0.7028135061001135,0.9349417350953232,1.6800366137000216,0.744002600651672,0.9935795284576496
44,1999,1.0602512300650493,0.6011897344048197,0.9642987247235466,1.8249157733442507,0.7527118394274301,0.9929041438699112
44,2000,1.0881627803169782,0.6527009518548545,1.000395035210636,1.9077998007035628,0.7179393972042185,1.0050198919165323
44,2001,1.1341063788893266,0.7065675891866339,1.0100639243960652,1.8962803195117783,0.7092785430883259,1.0133997126687635
44,2002,1.084155488717894,0.6370800748092327,1.0170878819383788,1.864186676502772,0.6987306872376857,0.9798982562684168
44,2003,1.126184597356002,0.7049594738719239,1.0280660998676685,1.870860729409713,0.7117622889614125,1.008707668112846
44,2004,1.1242662760072744,0.670370378086587,1.0329049234862822,1.9239323199263465,0.7256970710026253,1.0001290588549905
44,2005,1.1199507695750526,0.6870569248321426,1.074391814855284,1.8604842910937844,0.729858151751043,1.0076669221372414
44,2006,1.1258217308820253,0.7693431151487665,1.0598009005591564,1.7354253973251792,0.7145847274535562,0.9845216305373218
44,2007,1.0890842356774737,0.7060881085428211,1.0492299320384924,1.7608035109514937,0.674167408246057,0.9274940615030112
44,2008,1.0531995531251528,0.6388352280186894,1.0458142918371178,1.8243436419581505,0.6417013014764259,0.9049516054680388
44,2009,0.9063850424265968,0.489662817337711,0.9537058610733868,1.6634893297197235,0.5879136879261428,0.8190322074733147
44,2010,0.96035560374306,0.5182352602623583,0.983167947323191,1.84059449112646,0.5833977863387128,0.8700427207417127
44,2011,0.8365641402859795,0.5153764604193747,0.9325420289025628,1.4357718888291435,0.5419321328341316,0.7676925247718069
44,2012,0.9102891767682668,0.70576802657899,0.93091741029396,1.3118365195948631,0.5298359678678011,0.8064287354063178
44,2013,0.8666032197048537,0.6627780544893942,0.9261880623228264,1.297869316385573,0.5067081004521771,0.7850883546658958
44,2014,0.738199216474939,0.4921271536443201,0.8661341011412248,1.1450626603392675,0.5052404324362623,0.7048697881661995
44,2015,0.6867844456949143,0.3431003289859983,0.8648160143455662,1.1938304565485176,0.5386581041832449,0.7140370187629528
44,2016,0.6053314104218942,0.0646939401715356,0.8652845701167803,1.3846990984748255,0.5646245383109677,0.6829280561573677
44,2017,0.5683618193285275,0.011252507618134,0.8462619852720943,1.343622138776599,0.5704562768516552,0.6712737149285165
44,2018,0.5486365741910426,-0.0237349733466516,0.8583387519126121,1.359694273130274,0.5514417829098217,0.6659653502549727
44,2019,0.5054031889467301,-0.0830875729033263,0.8463414032858023,1.336131365266258,0.5297875832079357,0.6186123627610312
44,2020,0.3853175079989804,-0.0947634371112747,0.7810244003516019,1.2205949823716404,0.3814886007207234,0.5308740550571349
44,2021,0.4421759143359806,-0.0903028984139588,0.7903858556447521,1.3130405572880004,0.4150675546672568,0.5602438440185226
44,2022,0.4114710542163465,-0.1002581031202765,0.7369115647957837,1.165546549826914,0.4249218970598276,0.5185848297935122
44,2023,0.3582506182113699,-0.11608451008425,0.7224548712729107,0.9846823062519616,0.4171897906745085,0.4728770024764179
44,2024,0.3204372238090096,-0.1582848950470464,0.7344036759830094,0.9396307688100036,0.4029331732442909,0.464055763754348
45,1990,3.66857840692225,3.822677641028645,3.716784138579652,3.621502293173357,3.7943842562517074,3.73726390722949
45,1991,3.66857840692225,3.822677641028645,3.716784138579652,3.621502293173357,3.7943842562517074,3.73726390722949
45,1992,3.66857840692225,3.822677641028645,3.716784138579652,3.621502293173357,3.7943842562517074,3.73726390722949
45,1993,3.66857840692225,3.822677641028645,3.716784138579652,3.621502293173357,3.7943842562517074,3.73726390722949
45,1994,3.66857840692225,3.822677641028645,3.716784138579652,3.621502293173357,3.7943842562517074,3.73726390722949
45,1995,3.66857840692225,3.822677641028645,3.716784138579652,3.621502293173357,3.7943842562517074,3.73726390722949
45,1996,3.66857840692225,3.822677641028645,3.716784138579652,3.621502293173357,3.7943842562517074,3.73726390722949
45,1997,3.66857840692225,3.822677641028645,3.716784138579652,3.621502293173357,3.7943842562517074,3.73726390722949
45,1998,3.66857840692225,3.822677641028645,3.716784138579652,3.621502293173357,3.7943842562517074,3.73726390722949
45,1999,3.66857840692225,3.822677641028645,3.716784138579652,3.621502293173357,3.7943842562517074,3.73726390722949
45,2000,3.66857840692225,3.822677641028645,3.716784138579652,3.621502293173357,3.7943842562517074,3.73726390722949
45,2001,3.66857840692225,3.822677641028645,3.716784138579652,3.621502293173357,3.7943842562517074,3.73726390722949
45,2002,3.66857840692225,3.822677641028645,3.716784138579652,3.621502293173357,3.7943842562517074,3.73726390722949
45,2003,3.66857840692225,3.822677641028645,3.716784138579652,3.621502293173357,3.7943842562517074,3.73726390722949
45,2004,3.66857840692225,3.822677641028645,3.716784138579652,3.621502293173357,3.7943842562517074,3.73726390722949
45,2005,3.66857840692225,3.822677641028645,3.716784138579652,3.621502293173357,3.7943842562517074,3.73726390722949
45,2006,3.66857840692225,3.822677641028645,3.716784138579652,3.621502293173357,3.7943842562517074,3.73726390722949
45,2007,3.66857840692225,3.822677641028645,3.716784138579652,3.621502293173357,3.7943842562517074,3.73726390722949
45,2008,3.66857840692225,3.822677641028645,3.716784138579652,3.621502293173357,3.7943842562517074,3.73726390722949
45,2009,3.66857840692225,3.822677641028645,3.716784138579652,3.621502293173357,3.7943842562517074,3.73726390722949
45,2010,3.66857840692225,3.822677641028645,3.716784138579652,3.621502293173357,3.7943842562517074,3.73726390722949
45,2011,3.66857840692225,3.822677641028645,3.716784138579652,3.621502293173357,3.7943842562517074,3.73726390722949
45,2012,3.66857840692225,3.822677641028645,3.716784138579652,3.621502293173357,3.7943842562517074,3.73726390722949
45,2013,3.66857840692225,3.822677641028645,3.716784138579652,3.621502293173357,3.7943842562517074,3.73726390722949
45,2014,3.66857840692225,3.822677641028645,3.716784138579652,3.621502293173357,3.7943842562517074,3.73726390722949
45,2015,3.66857840692225,3.822677641028645,3.716784138579652,3.621502293173357,3.7943842562517074,3.73726390722949
45,2016,3.66857840692225,3.822677641028645,3.716784138579652,3.621502293173357,3.7943842562517074,3.73726390722949
45,2017,3.66857840692225,3.822677641028645,3.716784138579652,3.621502293173357,3.7943842562517074,3.73726390722949
45,2018,3.66857840692225,3.822677641028645,3.716784138579652,3.621502293173357,3.7943842562517074,3.73726390722949
45,2019,3.66857840692225,3.822677641028645,3.716784138579652,3.621502293173357,3.7943842562517074,3.73726390722949
45,2020,3.66857840692225,3.822677641028645,3.716784138579652,3.621502293173357,3.7943842562517074,3.73726390722949
45,2021,3.66857840692225,3.822677641028645,3.716784138579652,3.621502293173357,3.7943842562517074,3.73726390722949
45,2022,3.66857840692225,3.822677641028645,3.716784138579652,3.621502293173357,3.7943842562517074,3.73726390722949
45,2023,3.66857840692225,3.822677641028645,3.716784138579652,3.621502293173357,3.7943842562517074,3.73726390722949
45,2024,3.66857840692225,3.822677641028645,3.716784138579652,3.621502293173357,3.7943842562517074,3.73726390722949
46,1990,-0.2082158058873094,-0.0816371510398142,-0.2900031796873384,0.3647996218937402,-0.2073849662801576,-0.1970072698459023
46,1991,-0.2061688441139767,-0.0766135317215824,-0.2901870987751047,0.3898551965722809,-0.2162716154754218,-0.1928357859855535
46,1992,-0.237571963237973,-0.1136160762998728,-0.3035475067935578,0.3883719362120873,-0.2436608811675843,-0.215916764531191
46,1993,-0.2276082706340068,-0.135418584140999,-0.3076856862682999,0.4466878611185839,-0.254753933752765,-0.2020171134790568
46,1994,-0.2460514924530444,-0.1347726902286549,-0.3126821548192849,0.4045806989564732,-0.2672934312292215,-0.2210514715276958
46,1995,-0.2744958884853683,-0.1664932579237758,-0.3180683566752985,0.4062031610961611,-0.2821076222045285,-0.236053441375648
46,1996,-0.2730013513325779,-0.1611969278425543,-0.3155416587314612,0.4430409809933228,-0.2857122277541911,-0.2262694854390716
46,1997,-0.2660772378460903,-0.1698806126640693,-0.3133302506523662,0.4585489132871443,-0.2758008753297232,-0.2218110930640369
46,1998,-0.217596488628023,-0.1680434033134016,-0.3140133786926411,0.605482988325587,-0.2758573240995661,-0.1866080827179047
46,1999,-0.2142591929932328,-0.1683591736705476,-0.3157606100264211,0.6374454924774388,-0.2795748787992183,-0.176873436668472
46,2000,-0.2160819304028401,-0.1739712741089152,-0.3095861835085519,0.6179857059719488,-0.2823166761915865,-0.179824276338169
46,2001,-0.2121218102595002,-0.1720048859757787,-0.3101029085646573,0.6362884207936086,-0.2844456012256607,-0.1764773734190591
46,2002,-0.2000037130486701,-0.1716460560244765,-0.3055312055258945,0.7009282883558514,-0.2869938599785677,-0.1618273102868675
46,2003,-0.2070993565732891,-0.1831716740603055,-0.3051721254021603,0.6381377836535839,-0.277429825545189,-0.1650337151382228
46,2004,-0.2125132912443577,-0.1626466008458154,-0.3029300641417709,0.6030450254788455,-0.292533903533147,-0.1676324680884157
46,2005,-0.227061952190967,-0.1642398058295975,-0.305894664675528,0.5679516573559344,-0.3108313690722164,-0.1926475396496802
46,2006,-0.2186366323599268,-0.1609672766737208,-0.2994750127073036,0.5931400771005029,-0.3105894457728897,-0.1839333052263227
46,2007,-0.2173669429189255,-0.1581684030535631,-0.3068273971920571,0.6079118019497362,-0.3186374275304884,-0.185062718251976
46,2008,-0.2196692950643631,-0.1594601908782512,-0.3051414722208659,0.6511467582833822,-0.3214243839387309,-0.1717592655136657
46,2009,-0.25086245987829,-0.1551685846606761,-0.3024396132410607,0.5034740360076608,-0.3195325437379968,-0.2250081088324676
46,2010,-0.257424591516219,-0.1566613172580935,-0.2958710743922637,0.4919191778218532,-0.3265483194184686,-0.2294613037889681
46,2011,-0.230807763169114,-0.1539055032320921,-0.2932392798268457,0.6150976013736699,-0.3310884133358313,-0.2020538402269728
46,2012,-0.2251224668464309,-0.1533457285080605,-0.2928539255477162,0.6536914620603661,-0.3368623160797597,-0.1946957541085072
46,2013,-0.2402334629574926,-0.127893288521476,-0.2946249459396937,0.5305862323136853,-0.3267257298379747,-0.2068536727407931
46,2014,-0.2405727898398202,-0.1343920521717642,-0.2663411132410219,0.4829350727746205,-0.3309276472393188,-0.2298614233274113
46,2015,-0.2501107515348794,-0.1491599627729214,-0.2619358131864286,0.4523051431951504,-0.3275164964623737,-0.2320692711485613
46,2016,-0.2327579201275804,-0.1381212590969248,-0.2579193706316842,0.5151171372864684,-0.3265726891588207,-0.2326970914055776
46,2017,-0.2393096190332324,-0.1421230232345624,-0.2474403616549033,0.5012581000293364,-0.3263317012962515,-0.225986498737908
46,2018,-0.2509141264539802,-0.1130314131304189,-0.2326773236151713,0.4250029652216333,-0.322800807661484,-0.2463852172216347
46,2019,-0.2372876409997601,-0.1281693564974901,-0.2294727454556968,0.4614233302092629,-0.3201148047348162,-0.2289087853390008
46,2020,-0.2471477052476818,-0.0950664911460843,-0.2410234421988402,0.3999871698006079,-0.3163320017085135,-0.2328026479178448
46,2021,-0.1885443206199149,-0.1118031525603093,-0.2157781039064614,0.677465071031148,-0.3139961612893472,-0.1827516499403842
46,2022,-0.206582378892794,-0.0928332052951692,-0.2105368828399185,0.5454349899330586,-0.3077148486174112,-0.1945221621692696
46,2023,-0.1988631814312868,-0.0553684108233392,-0.2194810188331306,0.5213875021311836,-0.3025741722976535,-0.1874466455674189
46,2024,-0.1817130937324512,-0.0322934813307534,-0.2118046768847939,0.5696206511932738,-0.3051270591139245,-0.1689787186427191
47,1990,-0.50145357500177,-0.1569770876152395,-0.4626243806337242,-0.5643799186365742,-0.3408782428485815,-0.3927965491227935
47,1991,-0.4979331866368029,-0.1478628068521618,-0.4610917215690049,-0.5643927275482032,-0.3424910648440922,-0.3916174248163216
47,1992,-0.4961483436998823,-0.1522405322580495,-0.4592306355618458,-0.5644537223654847,-0.3356043149232613,-0.388858907007677
47,1993,-0.4864613098496864,-0.1533600817061126,-0.4554734313403339,-0.5644537223654847,-0.319024504809411,-0.3791846837105936
47,1994,-0.4814210378535527,-0.1494990714301002,-0.4493427950814566,-0.5644537223654847,-0.3139602437435073,-0.3791022957742446
47,1995,-0.4756895805215979,-0.140944565391054,-0.4407380091895326,-0.5591673015516971,-0.3127828836867844,-0.3735207877607748
47,1996,-0.4615001998392195,-0.1285577554720995,-0.4312048698069785,-0.5566903020218954,-0.3009125137998254,-0.3622750706473763
47,1997,-0.4387047474143007,-0.0934928926308413,-0.4227708659251231,-0.5503059744970408,-0.2939773792191292,-0.3426343643966272
47,1998,-0.4296083993782699,-0.0926604071438201,-0.4121561071454671,-0.5409341208217382,-0.2812522136745494,-0.3347721943195177
47,1999,-0.4293483982873665,-0.1016024495302727,-0.4041643848794307,-0.5376910263868809,-0.2726397442185221,-0.327768553558326
47,2000,-0.4171372686431587,-0.0978849712347812,-0.3904054855041505,-0.532685791680761,-0.2602371430730445,-0.3146373579728542
47,2001,-0.403269947723948,-0.0811778487021473,-0.3770319404079998,-0.5326339460860717,-0.2486893375851877,-0.3023474940347934
47,2002,-0.3774449758835568,-0.0685613876143594,-0.3581057904716659,-0.4987976811473323,-0.2312708600336717,-0.2871981839913937
47,2003,-0.3677474101009275,-0.0606814818837615,-0.337230974010189,-0.4876045222280042,-0.221706825600293,-0.2702510042791621
47,2004,-0.327435468666535,-0.0217269023703867,-0.3163824317041073,-0.461027860442109,-0.1989660354635916,-0.2458273257315625
47,2005,-0.3111709048806459,-0.0007712332143339,-0.2834828101234325,-0.4313276540632281,-0.1995950360418407,-0.2374074951300131
47,2006,-0.3050600735798391,0.0131944284903505,-0.2539988287441322,-0.4191280806587553,-0.2054011952256794,-0.2270830550781208
47,2007,-0.2795120946169509,0.0290834187340151,-0.2211692715778447,-0.4095897111322743,-0.1758381680479676,-0.203262842331976
47,2008,-0.2455361363719352,0.0862665597735454,-0.1927187403107552,-0.3840304428986344,-0.1800798898961608,-0.179319162796524
47,2009,-0.2059249155279292,0.1130783337348512,-0.1529703222237348,-0.36296405290595,-0.1509039399973715,-0.1630156034654094
47,2010,-0.154338972863476,0.1814856756511166,-0.1146275714503569,-0.3339390591543753,-0.1261148659263715,-0.1369425211526818
47,2011,-0.1421748732108491,0.2349513383951553,-0.0802347020380557,-0.3499355599346215,-0.1442429851559122,-0.1159183590347324
47,2012,-0.1659166192100649,0.1936284812031855,-0.0332389960878625,-0.3302720507394115,-0.1585164598161822,-0.1161593960501209
47,2013,-0.1517830780969426,0.2271001390606616,0.0150529015284931,-0.3226104917406822,-0.159242229714162,-0.1040212204517689
47,2014,-0.122632485065769,0.2602990861551479,0.0734866231273915,-0.3108756988438945,-0.1383239284323878,-0.0514473384255871
47,2015,-0.0560918514793224,0.3373901128929283,0.1394172370657168,-0.2983516330114841,-0.0839556989637207,-0.0491258826523103
47,2016,-0.0386674833925717,0.3458872061397661,0.2099545862499985,-0.2952848135985702,-0.0537281891238585,-0.0005928943529626
47,2017,-0.0497394680467652,0.3373039937046158,0.2750356691638795,-0.3445527673095291,-0.0630954592737849,-0.0026139441121989
47,2018,0.1948205516653665,0.8134257164174952,0.3540683285926053,-0.3302174603779446,-0.0369790327004795,0.086210635329688
47,2019,0.3790615985923919,1.168990827777134,0.4168981056358652,-0.3225563893377535,-0.0264327896718347,0.1828190080673088
47,2020,0.4025299063536137,1.253544235966461,0.4549698433619261,-0.3565431309305191,-0.0443804018636379,0.1648379732883359
47,2021,0.3467661601613793,1.2155055668281,0.4890629991046085,-0.3882769283055439,-0.0787257043095583,0.179835577135881
47,2022,0.3478690938562241,1.1567931670230662,0.497469082553798,-0.3720905982350579,0.0367386211312475,0.1961109537727707
47,2023,0.5100146028782877,1.483913506786985,0.5399966319096059,-0.3866659140587125,0.0511880299216057,0.2643155621964974
47,2024,0.6551312779337887,1.6668652042757826,0.6351165565511909,-0.4139914767585172,0.1690200615363545,0.3331793771176763
