country,year,co2-emissions,coal-lignite,electricity,natural-gas,oil-products,renewables,renewables-wind-solar,total-energy
Algeria,1990,-0.3962702706070942,-0.19466858570003034,-0.4347956710443209,-0.22598799173688505,-0.25389296951936946,-0.5122824762156195,-0.07425381783133841,-0.3825976971902437
Algeria,1991,-0.3866067738568754,-0.19499870925522844,-0.4334250359378719,-0.19812860894355983,-0.24725192253643222,-0.4825941881316572,-0.07425381783133841,-0.3689280396561484
Algeria,1992,-0.3782425747397512,-0.19596037352471854,-0.42863438160414924,-0.18817730450408324,-0.23750972175583399,-0.5035616237466416,-0.07425381783133841,-0.36205467797971325
Algeria,1993,-0.36989533445467837,-0.19877360034292835,-0.4288839860804035,-0.125718611607827,-0.2483387827158586,-0.4780958616060608,-0.07425381783133841,-0.3493631014801949
Algeria,1994,-0.37279484947508507,-0.197295220943563,-0.42736884311928097,-0.12127025958348711,-0.2596061390220445,-0.5124090123577189,-0.07425381783133841,-0.34253263085941094
Algeria,1995,-0.3746283566313083,-0.19888842592734507,-0.4246450890099798,-0.1201973607475055,-0.2643397107874789,-0.5073737049349025,-0.07425381783133841,-0.35020571475016815
Algeria,1996,-0.3799647431737329,-0.20161553355724235,-0.42214466522153776,-0.12852071351373898,-0.2664511067565347,-0.5195701006287067,-0.07425381783133841,-0.35294163836945835
Algeria,1997,-0.37848064960067596,-0.202189661479326,-0.421089319979831,-0.10951533839699641,-0.2703800119727832,-0.529352927344571,-0.07425381783133841,-0.3429830948271608
Algeria,1998,-0.3666670138510205,-0.1981851192227926,-0.4167497053137258,-0.0907240550889119,-0.2627359916417757,-0.5267556883325247,-0.07425381783133841,-0.3294054257020839
Algeria,1999,-0.3551943027577189,-0.19769711048902153,-0.41107010872246597,-0.06277500991418289,-0.25631243510577817,-0.5273783083296993,-0.07425381783133841,-0.34677638963920565
Algeria,2000,-0.31653007073830897,-0.1988597195312409,-0.4040943204650435,0.03787802761557588,-0.22948241435688643,-0.5341158327811778,-0.07425381783133841,-0.3120374962886848
Algeria,2001,-0.3535291146378065,-0.19809900003448006,-0.40165082401329105,-0.062234595833068694,-0.2500529307422115,-0.532487701919633,-0.07425381783133841,-0.33380454695300266
Algeria,2002,-0.34478090497420333,-0.19524271362211398,-0.3969521292234516,-0.04889381037317608,-0.23687897672901537,-0.5343365858985138,-0.07425381783133841,-0.3244732111048091
Algeria,2003,-0.3399891614693282,-0.19416622376820716,-0.3883648594351243,-0.03888333948120222,-0.23164748647980135,-0.5102642712158575,-0.07425381783133841,-0.31587447302264876
Algeria,2004,-0.32918060669647237,-0.1990032515117618,-0.3842135428826845,-0.01348509755969564,-0.22405109488094577,-0.5135071005450127,-0.07425381783133841,-0.3088549228195567
Algeria,2005,-0.3174726047034748,-0.19652014824875008,-0.3770056662526046,-0.015895613247967705,-0.2078510036447798,-0.4826302871012094,-0.07425381783133841,-0.31477963279411536
Algeria,2006,-0.30319388627260224,-0.19466858570003034,-0.3718690688728453,0.0467637525971447,-0.21467492169986618,-0.5199384176692607,-0.07425381783133841,-0.28952915505656784
Algeria,2007,-0.29049547219136324,-0.19278831675520644,-0.36480132107153973,0.06973867042256768,-0.19609521231158247,-0.5203315716011583,-0.07425381783133841,-0.27498877379393627
Algeria,2008,-0.28047112793296325,-0.1928026699532585,-0.3560345112213453,0.07105066894229282,-0.1749188595105265,-0.5169907136224929,-0.07425381783133841,-0.2720213422022861
Algeria,2009,-0.2611910010423997,-0.20068257568385642,-0.3650771997031892,0.10112965313649137,-0.15822615185699032,-0.5138007033152168,-0.07425381783133841,-0.24870216014286384
Algeria,2010,-0.25786556866077376,-0.2026489638169929,-0.34058530784897467,0.0962805651626122,-0.15646817588188364,-0.5282558517857724,-0.07425381783133841,-0.2539459022133292
Algeria,2011,-0.23544245637537745,-0.20365368768063927,-0.3293312112880358,0.1508227407239026,-0.1449042421740716,-0.5073384788445328,-0.07425381783133841,-0.24209625466157614
Algeria,2012,-0.20641313956201987,-0.20372545367089973,-0.3079265326927558,0.2501698792156643,-0.12171186187862719,-0.5037215498420748,-0.07425381783133841,-0.213917446148542
Algeria,2013,-0.19569170210262046,-0.20562007581377573,-0.29750007202676537,0.2694448514247909,-0.10714807925916524,-0.5223056362674554,-0.07425381783133841,-0.20302326253242686
Algeria,2014,-0.1714628873454396,-0.20671091886573462,-0.2861540159219433,0.3469735338267876,-0.09777758346524786,-0.5203224030952519,-0.0065367805926262,-0.17448935913745867
Algeria,2015,-0.1495611629478951,-0.20688315724235973,-0.266509705738141,0.41490224193684844,-0.09031021762603311,-0.5249966586671245,-0.016566124029255388,-0.1581089098871523
Algeria,2016,-0.1599539429911791,-0.20995474162550717,-0.2572480659613372,0.4050951634025228,-0.09613250502982688,-0.5204025554085898,0.03636930524246639,-0.16166885674375725
Algeria,2017,-0.15232336764600418,-0.20472730689493565,-0.23870727030413277,0.4385588988350267,-0.1034224604495354,-0.512381633634182,0.0928594713441643,-0.14767410360251085
Algeria,2018,-0.131480025742229,-0.2012897159614599,-0.23155632101074242,0.5230519694742243,-0.0968711775037708,-0.5059546113675271,0.11595106689095458,-0.1248238822275955
Algeria,2019,-0.11713688157271337,-0.20276320813153353,-0.21259951789311424,0.5577060529230745,-0.0888377111441318,-0.5055802713761167,0.11088721790623769,-0.10843680165594638
Algeria,2020,-0.1453682758044126,-0.2067071941761951,-0.22784728607412172,0.513983808994167,-0.12618178191096532,-0.509679930436357,0.11226099920067883,-0.13600906403925947
Algeria,2021,-0.11503365851613626,-0.20333935264329847,-0.20767749278241562,0.6206830187817715,-0.12289252822044079,-0.5144819791024865,0.0935011981218717,-0.10362725903611576
Algeria,2022,-0.08649956656972792,-0.20575096262681275,-0.18186306504222885,0.6916892771229504,-0.09695146378270729,-0.5154872355781215,0.08554838395325746,-0.07509136965659799
Algeria,2023,-0.08697598632659868,-0.2062156315894902,-0.16417266311097806,0.7180895888455052,-0.08405471146491804,-0.5167815524171249,0.07453411645194918,-0.0884607201208886
Algeria,2024,-0.08614103551603142,-0.2062156315894902,-0.14486282146137247,0.7400760456091223,-0.09377064321710112,-0.5181297051246684,0.06642887024463,-0.1148643227103337
Argentina,1990,-0.2336492615785941,-0.19330759110143955,-0.31065904485385537,-0.0558680259847827,-0.06848072997838708,0.7085284918431805,-0.07425381783133841,-0.21689943003474269
Argentina,1991,-0.24502119652294152,-0.1935622933527816,-0.30645080096472616,-0.0628829417034543,-0.08004116063682484,0.525563631698664,-0.07425381783133841,-0.19930090585346347
Argentina,1992,-0.21670275608316228,-0.1897023791740069,-0.29393992397071744,-0.012806041904491623,-0.04837788923858502,0.6781714271662331,-0.07425381783133841,-0.1874192589035001
Argentina,1993,-0.20451875558114652,-0.19218548193287122,-0.27712884354369616,0.013534319789853552,-0.039494767285025024,0.8268543205108166,-0.07425381783133841,-0.19599942060159697
Argentina,1994,-0.19047842771126866,-0.18531030006591964,-0.259897376630352,0.02422471475868,-0.032536903203946074,0.9343526516841552,-0.07425381783133841,-0.1857848468377239
Argentina,1995,-0.19138586257493734,-0.18739151479176766,-0.24544221213709932,0.044164770424768525,-0.037062873639094114,0.8680019663312705,-0.07425381783133841,-0.1647110442162847
Argentina,1996,-0.16069414634745366,-0.18785081662528716,-0.2309520154366531,0.17222882816948137,-0.03825759895024266,0.6237843609574166,-0.07111558738741736,-0.14498449880494116
Argentina,1997,-0.17311468169684124,-0.19000379683724822,-0.2137555807305025,0.14505345436918596,-0.04442997678613596,0.8270627760453546,-0.06974717020090021,-0.12755626211490873
Argentina,1998,-0.15669865131244032,-0.1897310855701111,-0.19235090213522255,0.16926520840421966,-0.024621193816665325,0.7278519161484894,-0.06453107783966269,-0.11869705323626958
Argentina,1999,-0.13459791302959442,-0.18875506860671631,-0.17942839670668922,0.23397923370057275,-0.018636516204609592,0.41430919581228853,-0.0647955963434982,-0.10100473249738881
Argentina,2000,-0.13455497856093304,-0.19274525665690276,-0.16348436340770922,0.2776905222446461,-0.01881381856504206,0.6142121455346412,-0.06564630610803811,-0.10563996332055937
Argentina,2001,-0.18078163072369308,-0.1957004584826884,-0.15741503351142078,0.22296578073081347,-0.0710531229996349,0.915365756894086,-0.06235325913148272,-0.12895341000339353
Argentina,2002,-0.20426688590368608,-0.19832864486362317,-0.1650170224724285,0.20649343145412943,-0.10376115306859267,0.9691520113244401,-0.05542611026818392,-0.15449911366296246
Argentina,2003,-0.1781513135042762,-0.19669238662537517,-0.14134838748726328,0.2951742323530086,-0.09160047522244168,0.7753284942547851,-0.0557774822804786,-0.12497346342552419
Argentina,2004,-0.1294586739821995,-0.1939365720952263,-0.1164755203798185,0.36816256642350165,-0.04460284227325878,0.5640747037989481,-0.05850023905281263,-0.06578276124555792
Argentina,2005,-0.10770439958332327,-0.19103722708969229,-0.09445339913275168,0.3886520986103806,-0.01471725069644476,0.6194882515487138,-0.05888512770885438,-0.05546051107410064
Argentina,2006,-0.08888431721353457,-0.18908519116092604,-0.05764768644999233,0.4268918097329986,0.01374905752431979,0.666426895719711,-0.060923782401276945,-0.022175771477053435
Argentina,2007,-0.07330775114571687,-0.18965932008399802,-0.06230697000673899,0.48493344139860295,0.0019109440772709374,0.5077731082455907,-0.06183031080424798,-0.024375239124620265
Argentina,2008,-0.04099858554494616,-0.18858283072693213,-0.021017134803200867,0.5019290372859201,0.039086491073793465,0.3843716087210562,-0.06669726304968986,-0.0005881866578020401
Argentina,2009,-0.06999503607091473,-0.19244383950511532,-0.023929187026167576,0.4830316229957658,0.015571546379246917,0.4764015436787381,-0.06778471874254663,-0.014419590984399282
Argentina,2010,-0.05040189938838202,-0.1883675312583215,0.00399148210711901,0.4831792304535871,0.039796132751818196,0.462343598123874,-0.06987147962985267,-0.006128780453545795
Argentina,2011,-0.02547594004009517,-0.1844204022981439,0.01814887283922616,0.5344051177992821,0.05673076370468097,0.3732028838573414,-0.06952502747800866,0.0022410912823980374
Argentina,2012,-0.007461540576311811,-0.18315732135909435,0.03505191281013051,0.5739078012634728,0.07618139697054047,0.29626822805505143,-0.013086898697642057,0.004197130248555786
Argentina,2013,-0.004889075812281234,-0.18475052584603552,0.03974622857407079,0.5150594849241792,0.09029358943125944,0.36040424949798966,-0.00012807868710181867,0.016137932103884124
Argentina,2014,-0.018543658612061784,-0.1791814854986652,0.06304702538370344,0.5316965026498176,0.0703913660066569,0.5687264571496088,0.026286092491768703,0.022730806144682546
Argentina,2015,0.004089530562619093,-0.18047327382750078,0.07565424094749462,0.5434403050910663,0.09866413558796014,0.5209938211447885,0.018405463331995896,0.03353651478750262
Argentina,2016,0.0013654295507408171,-0.18693221194995335,0.07416099311586806,0.5504850631492585,0.09589008175568173,0.43072880345244524,0.009834500070881711,0.03377171571734591
Argentina,2017,-0.00902011525288913,-0.18611407966098414,0.07512437881369162,0.5754596490932461,0.07240739350104532,0.5271594242539779,0.020352254948353216,0.02644306499438457
Argentina,2018,-0.0437370239892336,-0.18396110045001143,0.07399896915759771,0.5253405932202823,0.035247974724477917,0.4923332674792552,0.14493607141790663,0.013480336732927206
Argentina,2019,-0.06897658537922788,-0.19505612254427776,0.0603145132226039,0.48233652971771507,0.020022935086856552,0.5870726742097618,0.7966690643590055,0.014119274585654856
Argentina,2020,-0.09588691717984442,-0.19098968880090283,0.05551026639249015,0.4401976892873008,0.01190634949418946,0.3560146789963164,1.5539963109046717,-0.028627634887685143
Argentina,2021,-0.016788561190983847,-0.1827410786228902,0.07540025744534104,0.663884549955547,0.043962439043501327,0.30918816152126793,2.08464345317329,0.025331688998079718
Argentina,2022,-0.043743002684981803,-0.18163588137189082,0.05503340798817107,0.46281001122243015,0.05606303927031956,0.48489444515424474,2.4883322780028014,0.022114265392751138
Argentina,2023,-0.06780035017952661,-0.18554764673182234,0.05450354585436814,0.42628051066181233,0.04721511393116761,0.8283745885702566,2.4706203585910025,0.01770183006707504
Argentina,2024,-0.08907963726226491,-0.19242397532873015,0.0519377716753572,0.4216214195399017,0.024864567947715417,0.749498736271294,2.795886028813563,0.008989956933192234
Australia,1990,0.29740518842114827,1.140681195076249,0.09849961906361061,-0.1385324028223246,0.11729222963610919,-0.18976111293765668,-0.07425381783133841,0.09054766848944136
Australia,1991,0.2995280307683154,1.1962567779339452,0.1099288766605175,-0.16643753172861095,0.10809914426169798,-0.16616480492973715,-0.07425381783133841,0.08097309124552092
Australia,1992,0.31542506365556017,1.235699366181091,0.11700976153952065,-0.1521067994083224,0.1054541161890604,-0.18207117992648802,-0.07425381783133841,0.09589693316837523
Australia,1993,0.32443314586549066,1.2099640820736923,0.13506886434781326,-0.13694531767665993,0.11719546031637855,-0.16559031673221752,-0.07277929633460721,0.12315113997185347
Australia,1994,0.3283149723488183,1.2172555066841542,0.1517485739978585,-0.11809120970677543,0.1301625491602849,-0.18035856437313708,-0.07202689849014288,0.12388821892899805
Australia,1995,0.3586753339297912,1.249851619460453,0.17197967365215336,-0.08464836133950175,0.1486132327889278,-0.19931119194566696,-0.07134003486695752,0.13752247213135585
Australia,1996,0.4131142980183709,1.3579312007926978,0.18961838997412295,-0.08385420881849659,0.16799935317496686,-0.21375822275358702,-0.07104230464044385,0.1847549815709639
Australia,1997,0.43851717951789576,1.4403472640078037,0.2123849456240535,-0.07996090963141843,0.16996699600948995,-0.20116701955639824,-0.07065641239306164,0.1919364424649496
Australia,1998,0.4936609900354244,1.5853432707300268,0.2548965290534679,-0.06040170157375974,0.1769182588101412,-0.24155477302230902,-0.07021158541899314,0.21142954569185657
Australia,1999,0.5140064955111253,1.6220300449511709,0.27855640598683473,-0.040543008963248875,0.1841598295699844,-0.23780886057054218,-0.06758630851043072,0.22898547031561253
Australia,2000,0.5305472293529601,1.625403046493412,0.29780222481381,-0.01402917183915372,0.20159443534145552,-0.24363334331739953,-0.06423622511540998,0.23852444120099464
Australia,2001,0.5165860421818914,1.6282162733116214,0.3336357937469474,0.015325193925741073,0.19775591899213998,-0.2537051012428687,-0.049449303636886405,0.21307560896567593
Australia,2002,0.5413990969293019,1.656161949919043,0.37614299815046254,0.07244745025803896,0.18933698817557393,-0.2647731353320918,-0.03434320546102665,0.23926358963986474
Australia,2003,0.5095732146134083,1.660117339934418,0.3588414668227312,0.03310396326695285,0.22767376700886413,-0.2439209772608552,0.0014515024928079127,0.23226151637093098
Australia,2004,0.5483013883576155,1.7371869913008828,0.3784376077216423,0.05247530728738445,0.2478662983926586,-0.2528102752404965,7.455902850429897e-05,0.2433248280873246
Australia,2005,0.5493929359847991,1.7645785456337104,0.38016294392592637,0.04578417583160387,0.2518822251614804,-0.2301647641792908,0.018233090303058464,0.24613197580763263
Australia,2006,0.563239948700394,1.8029711507001418,0.39704408876733466,0.047220603778583246,0.25755935858567813,-0.21569037832334112,0.09581030406283635,0.27440099964836545
Australia,2007,0.5940581431205989,1.8147993591153777,0.43921410817661166,0.13231264352348548,0.26573636610291756,-0.23747781127372003,0.17122622938093143,0.2984423360439042
Australia,2008,0.6066719252081826,1.8027442450684754,0.4429975865535187,0.1557993078658999,0.2843967165909769,-0.25644936678421953,0.21625819003205576,0.33111830748061827
Australia,2009,0.625036333268323,1.8641543718525617,0.4760066837816734,0.17644300377482383,0.271494140626891,-0.2790662501823745,0.27800954609888856,0.3308250061571405
Australia,2010,0.6512378600257797,1.7013435696961667,0.4859602096505504,0.19504703299385412,0.3053311460927063,-0.24094743641345695,0.39823850856643506,0.3599978412083968
Australia,2011,0.6479895792940326,1.6313883300811336,0.49861559449923276,0.20492575360076595,0.3409261275336283,-0.1788423299999232,0.5719621495466002,0.3620360586226248
Australia,2012,0.6517348679481596,1.612571287434843,0.48887226187351723,0.23991055094891595,0.35987678598087947,-0.17416758060558948,0.7384199297040761,0.3531496363903226
Australia,2013,0.6268618660765528,1.4561357818651044,0.48793077130518964,0.26507335287022626,0.3829562687366381,-0.081822152468433,0.9317650266275859,0.3666340563494242
Australia,2014,0.5988289959986256,1.3833076549487942,0.4877468522174233,0.28345414105800604,0.3769726991332933,-0.031210005636549853,1.190179997588586,0.3593765288370017
Australia,2015,0.6118468040791453,1.4545856364754777,0.5053899475652921,0.2914902082348435,0.3541996525566817,-0.07604368739208871,1.3646449459021885,0.35945734773411736
Australia,2016,0.6252250778921834,1.4888467202258195,0.5238387836786134,0.29855035833517785,0.3568285524093641,-0.03229549832385343,1.4996819809041937,0.35142932785776654
Australia,2017,0.667609164203658,1.504419940112338,0.5254486274538319,0.329387237901145,0.36628841467005274,0.005485072373405597,1.6829930501665293,0.3782287249438153
Australia,2018,0.6576188525694887,1.3745378509389674,0.5417201199305282,0.3588587387230952,0.3866140683813567,0.055095379011156465,2.0348990052268796,0.3795494136650003
Australia,2019,0.6513046373415785,1.3208568902241469,0.5565916027950434,0.37852850110697295,0.3849844891653126,0.14590722216161012,2.631031285903116,0.3950024816074232
Australia,2020,0.6016496637608529,1.2381681162460507,0.5615613724251208,0.41264054435288,0.3456531959049306,0.24695247374646145,3.3529655654496024,0.3936535326775979
Australia,2021,0.5777958795716208,1.2116290530477352,0.557551997618178,0.3756650298756015,0.3418986914533612,0.38861708614439355,3.9260152644607227,0.36928841359326814
Australia,2022,0.5572162944896427,1.1530249454010475,0.577710098910733,0.37499483895160163,0.3382020873114306,0.5377124966597148,3.9260152644607227,0.3494658708774818
Australia,2023,0.5687363441151828,1.1012019812040108,0.5918624708321735,0.3834556527874726,0.38565401900529084,0.6420215122875118,3.9260152644607227,0.35872857044776335
Australia,2024,0.5737678621311062,1.1163986811076154,0.6145657286185059,0.34769924223023485,0.39905121732990484,0.6838491721875396,3.9260152644607227,0.3640869209521553
Azerbaijan,1990,-0.38844956036479134,-0.207084102015089,-0.4134435407598313,-0.15086482196809675,-0.2598178093542118,-0.29167985737400043,-0.07425381783133841,-0.3697565037848447
Azerbaijan,1991,-0.3934341498407158,-0.20780176191769353,-0.4121123168864751,-0.15058631672017003,-0.26283378648581684,-0.27997707555467904,-0.07425381783133841,-0.37128065508637254
Azerbaijan,1992,-0.44028485862841554,-0.20995474162550717,-0.42710172253942996,-0.4926170763121979,-0.21836924047302914,-0.23312352679355175,-0.07425381783133841,-0.3827124010265178
Azerbaijan,1993,-0.41652115850363436,-0.20986862243719462,-0.4236072598718699,-0.39305828580446933,-0.2243528294302379,-0.10313948447617485,-0.07425381783133841,-0.400696125233268
Azerbaijan,1994,-0.4442514838257548,-0.20983991604109048,-0.42691780345166364,-0.40533898231592663,-0.2665923278308411,-0.17861569162665022,-0.07425381783133841,-0.416433230603885
Azerbaijan,1995,-0.4568959123125387,-0.20995474162550717,-0.43038161293792926,-0.4207596920210354,-0.2786075146175989,-0.22303984001573723,-0.07425381783133841,-0.43908353459812816
Azerbaijan,1996,-0.4650235856157643,-0.20995474162550717,-0.4294970497062912,-0.41891825848730696,-0.2918493686551265,-0.2275163404837467,-0.07425381783133841,-0.444299832364967
Azerbaijan,1997,-0.4723970418825252,-0.20995474162550717,-0.43222518284149164,-0.4273135851379326,-0.3005423292184838,-0.18675891466502212,-0.07425381783133841,-0.447993865470323
Azerbaijan,1998,-0.46849943099377417,-0.20995474162550717,-0.42361163889776915,-0.4330409984806655,-0.29107521087163735,-0.16333449446288067,-0.07425381783133841,-0.44371946132197065
Azerbaijan,1999,-0.4701743249529165,-0.20995474162550717,-0.4236028808459707,-0.4195343061418501,-0.2964619347288575,-0.2524711604275405,-0.07425381783133841,-0.44956342117002557
Azerbaijan,2000,-0.46512962860965684,-0.20995474162550717,-0.42232420528340486,-0.4228664530099385,-0.2868487059989718,-0.25531626277107067,-0.07425381783133841,-0.4474228455616459
Azerbaijan,2001,-0.47068947712159376,-0.20995474162550717,-0.4195479028633134,-0.35894754418796315,-0.3257015878708254,-0.30224444540932704,-0.07425381783133841,-0.44796201828438764
Azerbaijan,2002,-0.4728239070302168,-0.20995474162550717,-0.4225081243711712,-0.3583723630609986,-0.3292014116010838,-0.16467881743616078,-0.07425381783133841,-0.4473205875614338
Azerbaijan,2003,-0.46388158507399285,-0.20995474162550717,-0.4134785729670249,-0.35301396836281884,-0.3168310668955164,-0.1368513038673187,-0.07425381783133841,-0.4421496963412131
Azerbaijan,2004,-0.4587328152998398,-0.20995474162550717,-0.4109956652821796,-0.33354442268656403,-0.31200872912893923,-0.0994657352856493,-0.07425381783133841,-0.43740534813536325
Azerbaijan,2005,-0.4549464535624003,-0.20995474162550717,-0.4064020671139209,-0.3346874655624193,-0.30508972276819823,-0.08254203097980262,-0.07425381783133841,-0.43312901374311574
Azerbaijan,2006,-0.4514973229479185,-0.20995474162550717,-0.3995094803485832,-0.31067258610234705,-0.3121054984486699,-0.18358899992220531,-0.07425381783133841,-0.43108595142085704
Azerbaijan,2007,-0.46897389110432136,-0.20983991604109048,-0.4159264484446766,-0.3469498026338748,-0.3256532032109601,-0.16401083315918022,-0.07425381783133841,-0.4433275701731624
Azerbaijan,2008,-0.46231362767900935,-0.20986862243719462,-0.4169161082978953,-0.30809433517585805,-0.3265563835284461,-0.18144175482421776,-0.07222685008367413,-0.43458503611724014
Azerbaijan,2009,-0.4760157932669634,-0.20986862243719462,-0.4309377492271274,-0.3320818889577882,-0.3358946228824533,-0.11455310975612876,-0.0730911073607234,-0.44427011736108035
Azerbaijan,2010,-0.47837581359107295,-0.20982556284303835,-0.43101219266741375,-0.34241313011411145,-0.33574463043687086,0.10108053502033194,-0.07425381783133841,-0.4473274666123027
Azerbaijan,2011,-0.46979846749287507,-0.20983991604109048,-0.42598507093513444,-0.329162555013061,-0.3282385568697639,-0.08148352356498917,-0.07425381783133841,-0.4411361438331643
Azerbaijan,2012,-0.4649075268227533,-0.20986862243719462,-0.4108511574275061,-0.31938020621745405,-0.3237678142982081,-0.26515912309395284,-0.07425381783133841,-0.4359513980603665
Azerbaijan,2013,-0.4629341453738666,-0.20988297563524672,-0.40805733890381773,-0.3181198093131492,-0.319558348889925,-0.3060685011011889,-0.07237517961526446,-0.4340231158097251
Azerbaijan,2014,-0.4590604046224844,-0.2099116820313509,-0.40257041945212263,-0.30243596796628786,-0.32011315965638076,-0.34596579655505116,-0.06981818647233298,-0.4313322058395934
Azerbaijan,2015,-0.45677558156090503,-0.20988297563524672,-0.3996837655793713,-0.2935898896159519,-0.31710685945674877,-0.2959770750455296,-0.06607917167205846,-0.4284245363320471
Azerbaijan,2016,-0.45493966455651264,-0.20992603522940298,-0.3993023524235511,-0.2982617876456284,-0.31492954976280924,-0.24726247496738457,-0.023176328806313075,-0.4293968278698459
Azerbaijan,2017,-0.4557991758747322,-0.20992603522940298,-0.4022503126588913,-0.30580221093723653,-0.30949272681594253,-0.27028548332107516,-0.020766664558578292,-0.4283624026369354
Azerbaijan,2018,-0.454165644568657,-0.2099403884274551,-0.3986722105966566,-0.300915794135181,-0.3087088953261243,-0.2689533141900972,0.03182551606707585,-0.4280806936481295
Azerbaijan,2019,-0.4486016660085541,-0.20993608246803946,-0.394973247419604,-0.26587219778317156,-0.3064767496843374,-0.29901588911931637,0.05161708478968201,-0.4188199011142138
Azerbaijan,2020,-0.4522223284386331,-0.20993608246803946,-0.3934475947963234,-0.2634302092784896,-0.3140537874192469,-0.36425842807590847,0.04723763853389144,-0.42174902194048
Azerbaijan,2021,-0.4462573711003376,-0.20995187098589677,-0.38722105787025374,-0.2520658989018694,-0.3052509404548695,-0.35119168678515056,0.04184662850714761,-0.41558896611266866
Azerbaijan,2022,-0.4386835538955194,-0.20969781938037477,-0.388197142743185,-0.23245112456566727,-0.3002706106456121,-0.32005217579211404,0.03542820449536612,-0.4090421620493896
Azerbaijan,2023,-0.43553651475806976,-0.20969781938037477,-0.3882546507253964,-0.2234597530346103,-0.29671844774840045,-0.3019713372054003,0.028612367845377806,-0.40826769146882597
Azerbaijan,2024,-0.439623724261154,-0.20969781938037477,-0.38445587498897954,-0.25216339395151727,-0.292596056669224,-0.07863127410357146,0.40788834532609275,-0.4107998984244443
Belgium,1990,-0.23289049420874444,0.028597512460471902,-0.23093887835895552,-0.34085973670324515,-0.10028229602427598,-0.483187695829662,-0.07208868086387121,-0.19947293134304805
Belgium,1991,-0.22082280707729307,0.020026959640432378,-0.2192249840786008,-0.32599897059543803,-0.07462068525370465,-0.47915932168649006,-0.07181422058388545,-0.18460772888402688
Belgium,1992,-0.22522189874640428,-0.0056270684029969915,-0.21008157800107533,-0.3186909731269783,-0.06730976314805444,-0.4723563067496801,-0.07152025291556309,-0.1805384223754448
Belgium,1993,-0.231650709424874,-0.015991700999496133,-0.20669659098099524,-0.3072715397876732,-0.0749432496528068,-0.4788292977432164,-0.07177626654815841,-0.18903877499648777
Belgium,1994,-0.22260890336156758,-0.0022232645802356867,-0.19278004667334395,-0.3014655610249867,-0.03640809371406873,-0.47202220545113244,-0.07151851080239838,-0.1678740813479934
Belgium,1995,-0.21894831238664642,-0.011928703995888341,-0.18399134169365358,-0.26526884126852207,-0.038066074725453744,-0.46838404406505574,-0.07160045090786428,-0.16205049814492076
Belgium,1996,-0.20510888201119745,-0.021562543616205427,-0.17708999687651747,-0.23002470397581848,-0.015167228033192297,-0.4717515728445703,-0.07194767888611216,-0.14261028481955423
Belgium,1997,-0.21739480201443373,-0.03498096887078836,-0.16869978325365406,-0.24732320705819985,-0.014907563691915043,-0.47248979922311324,-0.07202765787811119,-0.14117439761464337
Belgium,1998,-0.20899865989841043,-0.03564950448091494,-0.15903965212002322,-0.21425107098689222,-0.014383396543374071,-0.4632240202981625,-0.0713529192950982,-0.1343180693577125
Belgium,1999,-0.220716393828855,-0.058600268166208336,-0.15674942157474267,-0.19183673102484036,-0.020166976219275566,-0.45904938365945946,-0.07087947559409666,-0.13420065385426597
Belgium,2000,-0.21612317273128337,-0.043256699448523124,-0.14310437687284167,-0.18978752455041334,-0.020010532485711045,-0.4467210425428669,-0.07007596543899498,-0.12951659376613414
Belgium,2001,-0.20481873769671444,-0.052442746201861325,-0.1402580100383629,-0.18982328889050462,-0.010680357241681393,-0.44196166458714986,-0.06408526866988229,-0.13192453094659912
Belgium,2002,-0.22378006218350843,-0.07318311738713272,-0.13753425592906177,-0.17936217833344636,-0.029995513459918025,-0.44511409996321316,-0.05901784649504156,-0.14514015496068497
Belgium,2003,-0.20930171387410587,-0.07784790675406227,-0.1304095807910666,-0.1564937781588949,-0.014915627801892579,-0.44832031555892016,-0.05144342502121719,-0.12924594981327403
Belgium,2004,-0.2153347923636923,-0.08756904623229424,-0.1272798909809098,-0.15399241636571312,-0.009846528270002337,-0.4260405440168363,-0.03578869594953318,-0.12694504105394425
Belgium,2005,-0.22300469569078488,-0.09677977498477021,-0.12511971750483541,-0.15161901869810113,-0.010864218949169648,-0.40217177782191627,-0.014355888595373878,-0.12945957068947397
Belgium,2006,-0.23182622541198739,-0.09952168296793808,-0.11373074694620117,-0.14989047019343743,-0.02930200000184842,-0.3674150668131938,0.022900984483009586,-0.13434954947129993
Belgium,2007,-0.24494027747919728,-0.10915223170567259,-0.1127726160794567,-0.14505501398925416,-0.04402061353287938,-0.3522642388569976,0.05120271033864581,-0.1416558208678185
Belgium,2008,-0.23841960452930375,-0.11090332186802769,-0.11213897103184267,-0.1427092348367241,-0.016888109102402255,-0.3032788279049789,0.10459597375121485,-0.12973870739463836
Belgium,2009,-0.2604291712568577,-0.14529358440083756,-0.13597357109858754,-0.13538504516281707,-0.04424208624930288,-0.2787241024203406,0.20770446669701645,-0.14606665112633832
Belgium,2010,-0.24315049041755477,-0.12798513811873366,-0.10910912301218761,-0.08604044798329918,-0.03539151588207832,-0.24598332320457006,0.3641156086823708,-0.11667632804031405
Belgium,2011,-0.2745061434617455,-0.13284111568980753,-0.11951062323055264,-0.15095382170147686,-0.05815570806593459,-0.17157998178567427,0.7822105561964758,-0.14503507677730815
Belgium,2012,-0.2779943938196209,-0.1367032862168759,-0.12177414171784808,-0.14531852197049167,-0.05790880114664182,-0.04459210903621985,1.2260284586183177,-0.16090329480623256
Belgium,2013,-0.27771650048776514,-0.13204852783038368,-0.12329016048415047,-0.14226020963130528,-0.04749269672481484,0.003834151083062376,1.5861632476569634,-0.14531123446924835
Belgium,2014,-0.2992697030580946,-0.1356584104175631,-0.13056065718458898,-0.19353109760299875,-0.048347702049295005,0.10220912959535765,2.1965830888202915,-0.16659667177070941
Belgium,2015,-0.2825969917598876,-0.13765345291509226,-0.12818065660837488,-0.16537304899059266,-0.041265091025329347,0.23690966452013776,2.6451865027266592,-0.1677513989233553
Belgium,2016,-0.2881142374202185,-0.14213069241788315,-0.127011018790699,-0.16044710732133316,-0.04691688701597765,0.08531168637742226,2.110642523482808,-0.1470464279502417
Belgium,2017,-0.28967716701509855,-0.14407378136988372,-0.12663617417372766,-0.15144903047645697,-0.057836820900982217,0.14048853107898052,2.4176673393038572,-0.1487660279509127
Belgium,2018,-0.2872509519570221,-0.14408715241806166,-0.12436521134240348,-0.13901740161796866,-0.055502583626879536,0.30454328068392594,3.2838178459249527,-0.1626469942670185
Belgium,2019,-0.28873464972579344,-0.14411129605868406,-0.1284228167406004,-0.13536173428562084,-0.07299262209033634,0.2167657752240347,3.209727634066708,-0.15140231930433437
Belgium,2020,-0.308939304714897,-0.15854098003279454,-0.14066832476511784,-0.1382781479803316,-0.09981935159868462,0.4143427278549448,3.9260152644607227,-0.1809283453731052
Belgium,2021,-0.2988457282551754,-0.15320686625595042,-0.13268842586900917,-0.1366104579663069,-0.07986342120163159,0.28043187068292375,3.7748525254628156,-0.14490011567036293
Belgium,2022,-0.31704137656998893,-0.15133537973782155,-0.1491842164312882,-0.20341880821024932,-0.09780916251991997,0.3967192690989207,3.9260152644607227,-0.17879094746064686
Belgium,2023,-0.32554392535832766,-0.15893203065906183,-0.15872523806046082,-0.22574389358251123,-0.09932153796155022,0.6561314168361256,3.9260152644607227,-0.20089163405762334
Belgium,2024,-0.32769285863108455,-0.15477511618935968,-0.14970613428269888,-0.23847207331261905,-0.09067697549375071,0.7203859447562566,3.9260152644607227,-0.1981596150964662
Brazil,1990,0.04546757793097682,0.008004922549134543,0.45020546318359866,-0.4747492545377553,0.531975766547769,2.755470813171642,-0.07425381783133841,0.4782735661197141
Brazil,1991,0.0808662169878353,0.04156833096895424,0.4835517454059916,-0.4749907940141901,0.5465282045773145,2.7598313406817545,-0.07425381783133841,0.5019451027341197
Brazil,1992,0.08936680418033674,0.03165479787247434,0.505543213471764,-0.467767177803542,0.5745716340965002,2.752640928005617,-0.07425381783133841,0.5126909225632219
Brazil,1993,0.11308716078099165,0.03360169897004093,0.5528892414938931,-0.4588668140658254,0.6099126880039831,2.766425691869369,-0.07425381783133841,0.5408002900003573
Brazil,1994,0.14475391960909573,0.04453899950539124,0.5921296925766064,-0.45567983486286706,0.668801155938426,2.764836619676925,-0.07425381783133841,0.6021527194118248
Brazil,1995,0.19017359019597097,0.05859895060972846,0.6568473163408538,-0.44807988062959214,0.7242436022715588,2.743488458721563,-0.07425381783133841,0.632465409268192
Brazil,1996,0.25756303358872457,0.06485639334775944,0.7163057300001647,-0.43275676263213364,0.8189010122401816,2.7226799978235405,-0.07425381783133841,0.6921196850991863
Brazil,1997,0.3029954857644032,0.0720013599820606,0.7934203760850416,-0.41861206450455385,0.9086146824921592,2.702307610052145,-0.07425381783133841,0.7633324074762777
Brazil,1998,0.3301022692717492,0.06049097914355054,0.8471991931530924,-0.4110334584573274,0.9710335661644716,2.700430688733644,-0.07425381783133841,0.7939810962949613
Brazil,1999,0.36325684180731804,0.07877557484755887,0.8849026061451875,-0.3919457403372548,1.006053177455063,2.603542740175506,-0.07425381783133841,0.8256689826772262
Brazil,2000,0.3919451360816623,0.09976983161199775,0.9539948767827339,-0.34118341360289905,1.0258455983615171,2.5807296743716455,-0.07425381783133841,0.8272052707370181
Brazil,2001,0.4189463880925748,0.09498270913575162,0.8564564539039973,-0.277171792658656,1.0364844633381314,2.4037688548967275,-0.07425381783133841,0.8548254835555341
Brazil,2002,0.41141591434264435,0.07360025333746578,0.9142858699288061,-0.20818665431327923,0.9998220183539004,2.4539290341299145,-0.07425381783133841,0.8905459246323394
Brazil,2003,0.39444801558892856,0.08583745713709982,0.9939622461647141,-0.1994046205210889,0.9543595981316243,2.5038100016357476,-0.07425381783133841,0.9190976856983282
Brazil,2004,0.4450742376065394,0.101847787642902,1.0695398541589727,-0.11856696928157108,0.9974092465029587,2.464811608526196,-0.07425381783133841,0.9987546476459509
Brazil,2005,0.45842471459676426,0.09514456806800412,1.136617772882888,-0.08995186070212814,1.0200686464808368,2.504986132585675,-0.07425381783133841,1.043933785428756
Brazil,2006,0.47212889332783003,0.09607321980112428,1.2013529127507323,-0.06819439942964435,1.0454296998406913,2.490676159954098,-0.07425381783133841,1.0975251353908084
Brazil,2007,0.5296968825539453,0.11104017961145436,1.293518270851153,-0.060731683535252635,1.1232410340576306,2.545391871568218,-0.04246441222338211,1.185499994261771
Brazil,2008,0.5935886589695613,0.10848531091464404,1.3606531169117577,0.03998600850082442,1.1904514280168979,2.40208217894203,-0.034607180843312796,1.2893417275920676
Brazil,2009,0.5150555568204301,0.049348643860759545,1.3543867308500053,-0.07987124725001458,1.1848658303050552,2.5677973616592435,-0.01599496405218523,1.2327426298010458
Brazil,2010,0.6751110317455853,0.1261956662316544,1.5202642319116262,0.08837929653196681,1.3460559651381594,2.4140719452955293,0.018333863477400583,1.4185075160407044
Brazil,2011,0.7395864198787488,0.15008921436998637,1.5904600170757706,0.06558309352117882,1.4313749538909668,2.5016448418209802,0.03733658704156147,1.4390643814418462
Brazil,2012,0.8435148218621277,0.15571484072650044,1.6658843591635573,0.17753603090050812,1.5463059525802603,2.3366184706637014,0.1262557499280773,1.5193277216136623
Brazil,2013,0.9342114368971681,0.19149233987191214,1.7370041187924323,0.31851762172044934,1.6047225281578936,2.135749644766814,0.1788410177362923,1.6131679662451017
Brazil,2014,1.0112030216070398,0.21471625444176995,1.8156645610197262,0.40420314103750027,1.6812563079181968,2.0101570555413986,0.37994244298857516,1.6740790313423377
Brazil,2015,0.939342993795709,0.21466833862493725,1.7704511186105067,0.39240308368622145,1.5528965297235646,2.0407466606258855,0.744187096007424,1.6331973963216169
Brazil,2016,0.8059005719226228,0.17394770700176693,1.7604056331977467,0.25863961954337317,1.398766299710361,2.2658286031316632,1.1979693042638633,1.5562704452487632
Brazil,2017,0.8205144377182337,0.18199151546949166,1.7886109390144806,0.294041621441729,1.4211222607442549,2.2232819162265365,1.5339935177575406,1.5868504393825904
Brazil,2018,0.7524940811779435,0.1697909666862446,1.8336535994136318,0.2644359570296342,1.3117599128347435,2.331776445079529,1.820192903484268,1.5530112224139394
Brazil,2019,0.7518692486763621,0.1558786873007278,1.8662028989223707,0.2546200610845224,1.3320342094063715,2.3296318699420695,2.1197157255075583,1.5895022475688678
Brazil,2020,0.680973170134763,0.12545835289151383,1.8473818456076176,0.18687616727082448,1.2437477794741392,2.395082188943478,2.3200214419872722,1.560730972054128
Brazil,2021,0.863764697704571,0.20113533154876506,1.973614374311035,0.47951509916415436,1.3639628348855604,2.1575274972155993,2.902719782409558,1.6857985187283933
Brazil,2022,0.7837191900856475,0.12552611000823602,2.051360598543302,0.2408592618971197,1.4059607025103038,2.5174210207837238,3.5450575594055205,1.6349800749918706
Brazil,2023,0.7869502422165076,0.1216188941019448,2.1826508496119823,0.16589855340484866,1.4551668370176614,2.563068320106385,3.9260152644607227,1.737152894246685
Brazil,2024,0.8060574388780057,0.1387951706842017,2.335226631936774,0.20726962195516027,1.4460009943205425,2.5210053868339988,3.9260152644607227,1.8077111477496028
Canada,1990,0.7412701276972665,0.4987057058003782,1.406278187755502,0.9868372247256738,0.8291109829329721,1.6361496520098813,-0.07307190196885081,0.9243488106728778
Canada,1991,0.7205118479979024,0.5290340132844463,1.4280025352414234,0.9974277548502605,0.7717011774719573,1.602544604905127,-0.07287487836821512,0.9207068521682578
Canada,1992,0.7626357981958338,0.5533770371807927,1.4478789337978832,1.072153725398172,0.80132256898052,1.6119918075871151,-0.07029604168969378,0.9549165928485465
Canada,1993,0.7566842453878204,0.5105470941933532,1.4885557053755336,1.1624382539382485,0.815235978451186,1.6135082781988963,-0.0703430053950688,1.0032462016098138
Canada,1994,0.8039410660525114,0.5417940063527552,1.5151670457649598,1.2574596399884062,0.8407787320100965,1.5673140331842312,-0.07050822069721378,1.0591299792379942
Canada,1995,0.8297348679385285,0.5536928075379387,1.555156310276436,1.3258397097463503,0.8509209644684188,1.588648104750437,-0.07049889954489848,1.0820130194817215
Canada,1996,0.876668353389837,0.5651466595835073,1.5880778269866067,1.416698199517046,0.8912337382501376,1.6623915704985988,-0.07043220530338269,1.1149137095448118
Canada,1997,0.920498829468455,0.6118232596489068,1.6138527734292865,1.4313381755609516,0.9395198605855679,1.63516954458576,-0.07039574339515754,1.1318824536804015
Canada,1998,0.9374534735884192,0.6468020033018524,1.6016747024036166,1.36794443211577,0.9448948510984722,1.5675714822562106,-0.07019710707499514,1.1216995268275822
Canada,1999,0.9676987899769628,0.6440036338291151,1.643275448445998,1.457276221609909,0.9843978516040229,1.5944272627302098,-0.06634372004926058,1.1672146942548778
Canada,2000,1.0264743940028356,0.7025349671907012,1.497988127162406,1.5566361690133,0.9798134385706125,1.5739392055856305,-0.06296363653302726,1.2033159740557933
Canada,2001,1.0089583445213155,0.695071304203614,1.518109751169221,1.4608358791464577,1.0030268900371444,1.484451731786286,-0.05983690359388623,1.1772059348086146
Canada,2002,1.0520260742159793,0.6862871469957345,1.5898819856570765,1.5560933151394947,1.058793197735458,1.548966475704888,-0.057411224205070915,1.1797116186570922
Canada,2003,1.1207540671139762,0.6907807062808793,1.6261228039988394,1.657701531507882,1.1632879348245988,1.5150026984586131,-0.04146251895853611,1.2753032317995268
Canada,2004,1.0815962294372312,0.6507060731720213,1.6324023271382893,1.5972477382556685,1.1792710008001104,1.4985549390298805,-0.037749755828932884,1.311342192624562
Canada,2005,1.1179517174422333,0.6436873593245487,1.7553697534136685,1.7405465221841343,1.2403001851102367,1.5470662262552897,-0.017288999414133747,1.3350139038399076
Canada,2006,1.093339710249954,0.6387785655907336,1.7150389248820552,1.725730881066458,1.2340746922075654,1.5367505033840059,0.01613372281838226,1.3703721732899579
Canada,2007,1.1825453021492898,0.7050903405913937,1.778744993663588,1.7281255375929296,1.2869591254403623,1.5614556247240745,0.03259287222386249,1.3734923083243193
Canada,2008,1.1268682843657725,0.6299657019867498,1.7422239176642762,1.6857073018626827,1.2384293115954441,1.5994227803735264,0.05891982434430051,1.334060988913722
Canada,2009,1.0474527009971308,0.5015906986088485,1.6878320369703377,1.6376183779697755,1.2030117405740284,1.6563964735544678,0.238545875792607,1.2670772424595875
Canada,2010,1.0893858167900727,0.5204220944531919,1.7023090965930863,1.7128298672632474,1.2827174035921691,1.5963915139226115,0.36252915930155577,1.2800046607314908
Canada,2011,1.1241635834185668,0.48732361974507005,1.7391761156384344,1.964254773734801,1.2852979187849864,1.638233310499748,0.38667207713112833,1.3103685884962895
Canada,2012,1.119395296914953,0.42737031148148624,1.72167314911934,1.955397106369181,1.3145383815635958,1.6787107760452151,0.4446247764708252,1.3140800654711127
Canada,2013,1.1433492785670447,0.4056395696306208,1.768760814613416,2.0755660456363287,1.2789111436827638,1.6932420033862667,0.6576743182094242,1.3395058563458346
Canada,2014,1.1579211296623517,0.39458760713051083,1.8003029381653397,2.184979158824057,1.2403969544299673,1.6615055727077268,0.8214530541550227,1.384465584890645
Canada,2015,1.143828320541371,0.34834160300667366,1.7958757429812502,2.186553435058092,1.2720889066417533,1.6922557958342859,0.9246994228476573,1.3761883031194218
Canada,2016,1.1383185906245472,0.3477100622923817,1.7723559948766578,2.2088153234694947,1.2784111688641555,1.721383572008203,1.0517164181036553,1.4600170109821875
Canada,2017,1.1694886588082865,0.3499577731073391,1.8570157025858534,2.3407623619536992,1.2707872302656165,1.7794385719971402,1.0853563570528144,1.5424410055555264
Canada,2018,1.2085362423104793,0.2378305899244047,1.8995316650411667,2.6695439454425154,1.2998976512067282,1.7577619552515518,1.164840775397905,1.5728188444289672
Canada,2019,1.1949810712068842,0.22028604440461977,1.9264845694507304,2.6628656228983636,1.302151715099434,1.7549961559948049,1.163551046498903,1.5903415218820833
Canada,2020,1.036775452919982,0.14551342350319926,1.8736997912617976,2.479063840502291,1.095438368218757,1.795964329167091,1.2775576932429877,1.4516365814266512
Canada,2021,1.0583902396833178,0.12095175734092553,1.9082196524251758,2.6498712870247125,1.1265656391934749,1.813300692855143,1.3390592923400142,1.4933903652386644
Canada,2022,1.1027392962533404,0.0654452564254541,1.9579172173551738,2.7600389061022135,1.193549991311605,1.8656322415327131,1.3744705127434944,1.541595615429651
Canada,2023,1.0859891684437732,0.03740127328475374,1.9410738362913464,2.7200563340350787,1.2150915636073103,1.7952571713509786,1.5471628938727626,1.5395211675168883
Canada,2024,1.0698648737620255,-0.019525130556517625,1.9792980104848017,2.8546932985148916,1.1814028934392602,1.7567934406568648,1.822581703637945,1.5361471676802205
Chile,1990,-0.4658056019459602,-0.15627968753459673,-0.42053756271653214,-0.5320465659956509,-0.2838649853072769,1.336777624366617,-0.07425381783133841,-0.4331364895120234
Chile,1991,-0.46852674433504576,-0.16725639885141008,-0.41413980587780375,-0.5372030678486289,-0.2786071856019119,1.9346290214367572,-0.07425381783133841,-0.4303675496244149
Chile,1992,-0.4656804681630232,-0.17194830101993794,-0.4038885062477812,-0.5320447361511325,-0.26981730572637835,2.3435657316065868,-0.07425381783133841,-0.4222846138883049
Chile,1993,-0.4599528904713287,-0.17162093030839115,-0.3993562144421113,-0.534083792892853,-0.26052745103223646,2.3076361953222113,-0.07425381783133841,-0.4196921806351996
Chile,1994,-0.4505808124319219,-0.16443224856086225,-0.393624069540061,-0.5318160055863268,-0.2498828258618656,2.0494731838496767,-0.07425381783133841,-0.4114447079136102
Chile,1995,-0.44075240390716425,-0.1595032503332921,-0.38257140817048524,-0.5319953303491344,-0.2387382258728864,1.9845818329792262,-0.07425381783133841,-0.4027319315671849
Chile,1996,-0.42319310333012566,-0.1412298001100256,-0.3704809176627995,-0.5311773898493896,-0.22357769911508546,1.5675853108851758,-0.07425381783133841,-0.389534918587643
Chile,1997,-0.40433376894099793,-0.12057152550297215,-0.3599230862198331,-0.5083067731615183,-0.2151748965184745,1.6262606400702075,-0.07425381783133841,-0.3736309302100587
Chile,1998,-0.4016540044338735,-0.125433126654354,-0.3529210238070155,-0.4845511216748924,-0.21241697090615114,1.1390825575999013,-0.07425381783133841,-0.36766206976153276
Chile,1999,-0.3939440425794661,-0.12172833816034877,-0.33624569318286945,-0.4524605284067495,-0.2085945827767907,0.7853075089988029,-0.07425381783133841,-0.35746911752199567
Chile,2000,-0.40457007392752425,-0.14386897392250883,-0.32713294028663836,-0.4166413219581886,-0.226513035146915,1.1522336367675996,-0.07425381783133841,-0.3555429209273997
Chile,2001,-0.4107011958452828,-0.15837989172501474,-0.31490669997607745,-0.3967844591921962,-0.23293206668904776,1.3515786089038055,-0.07064332174275177,-0.35876440336984666
Chile,2002,-0.4083245535334125,-0.15747911096691594,-0.30866220904382113,-0.3969515849915475,-0.22827101112202172,1.3930746382373234,-0.07073757114260505,-0.35279206451903905
Chile,2003,-0.40431107486310097,-0.1579271589759287,-0.2932524169045433,-0.38165286492100164,-0.22385187885432228,1.20837357256542,-0.0709746957244457,-0.3509562403232087
Chile,2004,-0.3849941165816562,-0.14356893718627142,-0.2815779338572814,-0.3654666702590099,-0.21322338190390652,1.0947737079119009,-0.07125510651389426,-0.33709802743576767
Chile,2005,-0.38155115673824924,-0.14379516565764425,-0.2756093215566745,-0.3715704216243696,-0.2077075306792598,1.3383729720808055,-0.07132801169720858,-0.33155089354004563
Chile,2006,-0.37908358758855815,-0.12734188123891743,-0.2648237807669498,-0.3867233640816128,-0.20715917120078614,1.3862328171038445,-0.07147800421702767,-0.3230789223966046
Chile,2007,-0.35366068223256747,-0.128271629864723,-0.2549052871052663,-0.4586905390438819,-0.15016204187943663,0.9989950617941401,-0.07087943566719505,-0.314861906263342
Chile,2008,-0.3427516598687464,-0.10544390269042454,-0.2526369516894817,-0.4988989325440196,-0.13879164681108594,1.0545874655414578,-0.06029159384189569,-0.3165049771281978
Chile,2009,-0.35116390029240385,-0.11426063468741451,-0.2509729218477864,-0.48709460555553097,-0.15066201669804494,1.1619888707724526,-0.01067081517923336,-0.3195376236928799
Chile,2010,-0.3331096186883195,-0.08967677665747473,-0.24765799924209353,-0.43812613639742415,-0.16206466820630588,0.8610783753886587,0.08691316021742923,-0.3116616159021624
Chile,2011,-0.31351449962603706,-0.0724448735562729,-0.23363635831286148,-0.42841210179717243,-0.1544682766074503,0.8399321452491852,0.03858014433436547,-0.29115334304745544
Chile,2012,-0.30760394582303296,-0.05110839562395289,-0.2141277979319343,-0.4480286449830757,-0.1529844803715804,0.7299958533264931,0.05437767283805435,-0.26595719299452486
Chile,2013,-0.29223929046006036,-0.03023834881527665,-0.2004739951782349,-0.445996907619429,-0.1483556812444646,0.7028356910863731,0.09447969956266287,-0.2575299575542032
Chile,2014,-0.3133836431952252,-0.0540790107797997,-0.1927187403107552,-0.4672084652772434,-0.1516297098953514,0.954989938961602,0.5219693641908263,-0.28485648909308403
Chile,2015,-0.2985785604396921,-0.036481485820515885,-0.19354637620570359,-0.45968475456557034,-0.15203291539422908,0.9792175684588262,0.9077764964889828,-0.2781094413823501
Chile,2016,-0.284289122334987,-0.027453828393171023,-0.17960793676855633,-0.4501756625513845,-0.13695302973620369,0.9676907884365454,1.3326250602049305,-0.2625656800163645
Chile,2017,-0.2796322820447047,-0.022860733754659072,-0.18170860804071245,-0.44355853732730793,-0.1351143158920017,0.9901148458080242,1.996596408373897,-0.25899048054264234
Chile,2018,-0.282684751464679,-0.032870496183702254,-0.16696984469315002,-0.4380396500161562,-0.13166094143521412,1.0717911408800245,2.3288063261791674,-0.25368475420554254
Chile,2019,-0.2655495158492031,-0.007502108028069803,-0.16203398186060997,-0.41409854866717133,-0.13456329525723548,1.0836237340210821,2.9136821578292182,-0.23806496744633568
Chile,2020,-0.2874938075357942,-0.024858034218203925,-0.16083524541583397,-0.42355372187282847,-0.14985086400362277,1.1573253212693972,3.527207075997892,-0.26491197118897186
Chile,2021,-0.2741626415657029,-0.030277662728888762,-0.15276091720523508,-0.4110893248303719,-0.13125210718757208,1.1624958319152052,3.9260152644607227,-0.24744955828005943
Chile,2022,-0.2724381088612491,-0.05840423772883638,-0.13945879840052627,-0.4054067981836247,-0.1011379787339942,1.3885613195172721,3.9260152644607227,-0.2396334357041958
Chile,2023,-0.30427632438857305,-0.10936568754625663,-0.13038110821244472,-0.4018473216634906,-0.10720525778631979,1.6580956915852383,3.9260152644607227,-0.2516163650762347
Chile,2024,-0.305707224267427,-0.11750924876282057,-0.1220190861894207,-0.40661103354586187,-0.1047153838938039,1.8608537474581823,3.9260152644607227,-0.23974164505544526
China,1990,3.66857840692225,3.8226776410286445,1.8784028650775362,-0.1904548509813744,1.267233206039377,0.17016978175447284,-0.07425381783133841,3.7372639072294906
China,1991,3.66857840692225,3.8226776410286445,2.076641367534231,-0.18713185333587828,1.4182252819203374,0.1025864419502346,-0.07425381783133841,3.7372639072294906
China,1992,3.66857840692225,3.8226776410286445,2.336711715687601,-0.18974365141187208,1.5561851061103067,0.07106858149501187,-0.07425381783133841,3.7372639072294906
China,1993,3.66857840692225,3.8226776410286445,2.6491333184658834,-0.1416998636837529,1.8552441939036872,0.08936710467267871,-0.07425381783133841,3.7372639072294906
China,1994,3.66857840692225,3.8226776410286445,3.003615465005963,-0.10368728360574919,1.7883765939698113,0.09325358210487099,-0.07425381783133841,3.7372639072294906
China,1995,3.66857840692225,3.8226776410286445,3.225233586738476,-0.09251547287246956,2.032402429337006,0.12005123269040581,-0.07425381783133841,3.7372639072294906
China,1996,3.66857840692225,3.8226776410286445,3.5271980756694736,-0.07105261656745525,2.221875491304341,0.06722198813255838,-0.07425381783133841,3.7372639072294906
China,1997,3.66857840692225,3.8226776410286445,3.6808975057054245,-0.04096204335797274,2.533893929621694,0.06391055576923334,-0.07425381783133841,3.7372639072294906
China,1998,3.66857840692225,3.8226776410286445,3.716784138579652,0.00645959723387502,2.567781713175216,0.08519577503129544,-0.07425381783133841,3.7372639072294906
China,1999,3.66857840692225,3.8226776410286445,3.716784138579652,0.06702074136450378,2.7328540444157396,0.03650320464113554,-0.07425381783133841,3.7372639072294906
China,2000,3.66857840692225,3.8226776410286445,3.716784138579652,0.1584714908110026,2.923763784024346,0.03483254677657264,-0.07414863275003418,3.7372639072294906
China,2001,3.66857840692225,3.8226776410286445,3.716784138579652,0.26245179562346715,2.9988083914754604,0.11983893875381985,-0.07415692776107505,3.7372639072294906
China,2002,3.66857840692225,3.8226776410286445,3.716784138579652,0.09880977625600688,3.199830524995919,0.07165535800478004,-0.03752231960501678,3.7372639072294906
China,2003,3.66857840692225,3.8226776410286445,3.716784138579652,0.20616220393980608,3.607253553391865,-0.01779924826248001,-0.037540862180348446,3.7372639072294906
China,2004,3.66857840692225,3.8226776410286445,3.716784138579652,0.3371627614463275,3.7943842562517074,0.02517507181833019,-0.03726122499726187,3.7372639072294906
China,2005,3.66857840692225,3.8226776410286445,3.716784138579652,0.49479252167435006,3.7943842562517074,0.01801515027251805,-0.049463422076740225,3.7372639072294906
China,2006,3.66857840692225,3.8226776410286445,3.716784138579652,0.7385213460805926,3.7943842562517074,-0.004630188216068814,-0.032148111908242086,3.7372639072294906
China,2007,3.66857840692225,3.8226776410286445,3.716784138579652,1.038294160439231,3.7943842562517074,-0.018396921984931095,0.0008477552398317483,3.7372639072294906
China,2008,3.66857840692225,3.8226776410286445,3.716784138579652,1.2830833187490953,3.7943842562517074,0.0626194074124665,0.07525119503491395,3.7372639072294906
China,2009,3.66857840692225,3.8226776410286445,3.716784138579652,1.4700391736442031,3.7943842562517074,0.06336246229635126,0.3537620383852468,3.7372639072294906
China,2010,3.66857840692225,3.8226776410286445,3.716784138579652,1.9054651575877624,3.7943842562517074,0.09946505454623053,0.33864014260595554,3.7372639072294906
China,2011,3.66857840692225,3.8226776410286445,3.716784138579652,2.483970377054775,3.7943842562517074,0.033189612790109686,0.36340801826048064,3.7372639072294906
China,2012,3.66857840692225,3.8226776410286445,3.716784138579652,2.875797798090274,3.7943842562517074,0.14161657108084794,0.47661525030055163,3.7372639072294906
China,2013,3.66857840692225,3.8226776410286445,3.716784138579652,3.4020834239966264,3.7943842562517074,0.15064419350089472,0.5425849773959258,3.7372639072294906
China,2014,3.66857840692225,3.8226776410286445,3.716784138579652,3.621502293173357,3.7943842562517074,0.22362712385880318,0.6403840633108568,3.7372639072294906
China,2015,3.66857840692225,3.8226776410286445,3.716784138579652,3.621502293173357,3.7943842562517074,0.28173000137693993,0.7909891173349337,3.7372639072294906
China,2016,3.66857840692225,3.8226776410286445,3.716784138579652,3.621502293173357,3.7943842562517074,0.31318780706258714,0.9943749763516164,3.7372639072294906
China,2017,3.66857840692225,3.8226776410286445,3.716784138579652,3.621502293173357,3.7943842562517074,0.316551066266283,1.2674070588003081,3.7372639072294906
China,2018,3.66857840692225,3.8226776410286445,3.716784138579652,3.621502293173357,3.7943842562517074,0.334156263801738,1.5900613401416008,3.7372639072294906
China,2019,3.66857840692225,3.8226776410286445,3.716784138579652,3.621502293173357,3.7943842562517074,0.36745404081725536,1.7691636137224462,3.7372639072294906
China,2020,3.66857840692225,3.8226776410286445,3.716784138579652,3.621502293173357,3.7943842562517074,0.4029663559836515,1.976923318145867,3.7372639072294906
China,2021,3.66857840692225,3.8226776410286445,3.716784138579652,3.621502293173357,3.7943842562517074,0.4163425328013223,2.4496821552901658,3.7372639072294906
China,2022,3.66857840692225,3.8226776410286445,3.716784138579652,3.621502293173357,3.7943842562517074,0.47218200434982055,2.875793891900072,3.7372639072294906
China,2023,3.66857840692225,3.8226776410286445,3.716784138579652,3.621502293173357,3.7943842562517074,0.48608167782180134,3.3359459861689604,3.7372639072294906
China,2024,3.66857840692225,3.8226776410286445,3.716784138579652,3.621502293173357,3.7943842562517074,0.5970182953983106,3.918934655740341,3.7372639072294906
Colombia,1990,-0.4180147050495601,-0.15333998945849833,-0.3723484926377921,-0.46513313843703846,-0.25268636887792084,2.1399858990297855,-0.07425381783133841,-0.34487662887971166
Colombia,1991,-0.4118266572523082,-0.14192312403258842,-0.3672607286548726,-0.4625923992058506,-0.25005829996444273,2.099687737331172,-0.07425381783133841,-0.3304163513681474
Colombia,1992,-0.39350333754318056,-0.13338648510622825,-0.3764739971444175,-0.463110774706283,-0.22822788160559346,1.7137286998292094,-0.07425381783133841,-0.3192216903135659
Colombia,1993,-0.39144010014574954,-0.13205957065412469,-0.36817096026067525,-0.45631959574724645,-0.22861127005988258,1.9121445584997674,-0.07425381783133841,-0.31401212330173806
Colombia,1994,-0.3921256398862293,-0.13870546907694536,-0.35732526096692635,-0.4581103678986998,-0.22397820537150395,2.0974030076675914,-0.07425381783133841,-0.3035929399463006
Colombia,1995,-0.3857200009206249,-0.13623835628020334,-0.35056259029243503,-0.451349951675605,-0.19174197060305065,1.9783014886583776,-0.07425381783133841,-0.3073222358990568
Colombia,1996,-0.3834013483493955,-0.14478508845264296,-0.3467850232238956,-0.44172963561575873,-0.18679605031730326,2.2601451657068803,-0.07425381783133841,-0.30298722298254377
Colombia,1997,-0.3666287022198288,-0.1418659569471261,-0.34394394834587755,-0.4116626998040058,-0.17748006678610512,1.8815159106934076,-0.07425381783133841,-0.294711394665353
Colombia,1998,-0.3760605666655184,-0.1461962808991399,-0.33979012329132335,-0.4095244866658327,-0.18992852317928058,1.835537219966016,-0.07425381783133841,-0.29536884537844876
Colombia,1999,-0.39740193576125843,-0.15668856049315355,-0.34462708867614916,-0.43482540395411967,-0.20833181762930672,2.1615639774688633,-0.07425381783133841,-0.3151867515460034
Colombia,2000,-0.38742221547423517,-0.14214683950181614,-0.3339546636209311,-0.4127969300688552,-0.20505939091168346,2.0443655885340224,-0.07425381783133841,-0.31395922778574253
Colombia,2001,-0.3868418607649712,-0.14238767670791747,-0.337076447631578,-0.4126387372368704,-0.2022301676139188,2.037654275556553,-0.07425381783133841,-0.31471045029655015
Colombia,2002,-0.38793679688693467,-0.1486631740314281,-0.333030821344582,-0.39902442971975394,-0.204376561961383,2.1157896711439133,-0.07425381783133841,-0.3143967335249019
Colombia,2003,-0.3821434633446105,-0.13949415049038671,-0.32593839988636875,-0.3906802343162953,-0.20625938931613136,2.1445854721531723,-0.07425381783133841,-0.3085284408312938
Colombia,2004,-0.37787328639703177,-0.14358424266231004,-0.3172303369992521,-0.3821601864855842,-0.19909840167778411,2.2768241618043246,-0.051543046163084597,-0.31319849996377735
Colombia,2005,-0.37196242469863433,-0.13331019969109265,-0.31316793570759666,-0.3755989949626852,-0.20491914465197447,2.2513754280610843,-0.052722345484179145,-0.3033235289206397
Colombia,2006,-0.3672392491284512,-0.14002425418345785,-0.3005217790106796,-0.3460063160767579,-0.199164468139129,2.2659707949342764,-0.04859047975117195,-0.3084526657494094
Colombia,2007,-0.37230392941465623,-0.15520924400211109,-0.2946934804323344,-0.33879477151542836,-0.20722800787707463,2.2984234728863435,-0.05482101485188003,-0.31659652735523314
Colombia,2008,-0.3542061240714821,-0.12731974549139602,-0.27662839010585716,-0.31880137070280146,-0.19639862132043875,2.3095098318840046,-0.07425381783133841,-0.29639344390806416
Colombia,2009,-0.34660020764332705,-0.12853434001692904,-0.27095862992895203,-0.28908734377706036,-0.20629141219938385,1.9452981191937488,-0.05244517913732141,-0.2828409542604207
Colombia,2010,-0.33836167012266055,-0.1303785645306347,-0.2620766395365633,-0.2781685791429208,-0.20897084163977114,2.147816627837203,-0.05930402190117898,-0.282108336694285
Colombia,2011,-0.3314065399001345,-0.14472900985395537,-0.25898864684578266,-0.2840018784555663,-0.17993629029697905,2.3373375260360714,-0.05968939777088903,-0.27961511107702
Colombia,2012,-0.3133966113428083,-0.12992620089461346,-0.24942380587033863,-0.27456662458239456,-0.17187422407563302,2.1892660231534156,-0.05521711459051182,-0.27278218273217775
Colombia,2013,-0.3216145502700797,-0.12241673874916964,-0.2173827239008215,-0.27670586892589,-0.18268451935282207,1.8805513594087337,-0.05468877603946518,-0.25490276794637895
Colombia,2014,-0.28832106708546007,-0.11045596126576519,-0.19639241841089788,-0.26133656221447593,-0.14580611140068192,1.712921778869813,-0.05297870035744883,-0.24916727306966696
Colombia,2015,-0.29033821316386016,-0.1250052844164133,-0.19024928211419004,-0.26949236105229407,-0.13599169763501176,1.6419952587227844,-0.0541503453823861,-0.2531399349557319
Colombia,2016,-0.28315507362258385,-0.1256116105131593,-0.18934124277987072,-0.2753834182981146,-0.10672513458912161,1.7695582774445775,-0.05916171061433846,-0.24387535150459075
Colombia,2017,-0.31539282148983,-0.1375587516865356,-0.18217357846169915,-0.29605572123885615,-0.14325264455366912,2.2678622758600144,-0.07187699924839452,-0.25798421338445804
Colombia,2018,-0.30351478741559423,-0.12552958548695106,-0.17826994913442643,-0.28164218469306057,-0.15011175133816126,2.1322558590824507,-0.05888310975558992,-0.24368919868758943
Colombia,2019,-0.30693271755571055,-0.110786915545408,-0.15945228502510486,-0.26645952131748946,-0.1532003408413703,1.903824190025711,-0.01961099207360898,-0.2198781249817239
Colombia,2020,-0.32852325251405023,-0.1091866323230592,-0.16943971458834053,-0.30343731038166694,-0.18619249384959374,1.7538168717614566,-0.016091729091785672,-0.2431572815659858
Colombia,2021,-0.3035957967808285,-0.11694079025430557,-0.13395163095113818,-0.30333467332104547,-0.1412132815428775,2.067206671541994,0.23285803589194728,-0.21788400206264727
Colombia,2022,-0.2878589861993466,-0.11133348830861066,-0.13940180099997967,-0.29018823686248857,-0.11832289708941429,2.070655809918227,0.07493141686612773,-0.2365212718496604
Colombia,2023,-0.2693925279851922,-0.09104595130910512,-0.12627793286304373,-0.26874154168817604,-0.10967171602692823,1.8003768241400486,0.2765003444368027,-0.21787039056034094
Colombia,2024,-0.26276245335587495,-0.07890560022542795,-0.11660023164420692,-0.2502595303958443,-0.11569525262554718,1.6217203863640468,0.7611575697062084,-0.20324480480314794
Czechia,1990,-0.07850095075196195,1.0070242148151785,-0.25752394459298666,-0.4120118160077945,-0.24302833238094496,-0.4607202610071369,-0.07425381783133841,-0.186375510533334
Czechia,1991,-0.11975036782770102,0.9268328972981463,-0.2721017218114169,-0.41734276069133486,-0.26639812309589556,-0.4655019712814512,-0.07425381783133841,-0.21752074730689144
Czechia,1992,-0.13235473763777364,0.846885584148,-0.2789330022141658,-0.3960885091657139,-0.25797919227932953,-0.4451481574179645,-0.07425381783133841,-0.22507339579986482
Czechia,1993,-0.14668883267299415,0.82162395557632,-0.280575136926365,-0.39458193556573995,-0.26473691644051955,-0.4374226970355529,-0.07425381783133841,-0.23457000532523764
Czechia,1994,-0.1682377883073013,0.7502024420691155,-0.2738358160674993,-0.39877715909520983,-0.2629950686853679,-0.4169042855751307,-0.07425381783133841,-0.2448939358283533
Czechia,1995,-0.16772609534859126,0.7345861625884406,-0.2613862454360793,-0.3774459874618564,-0.2583662695582521,-0.38792067185206575,-0.07425381783133841,-0.2410760139711459
Czechia,1996,-0.15804601312325267,0.7355334736598786,-0.25266760487077605,-0.3490892174493555,-0.254301958129565,-0.39520368700246916,-0.07425381783133841,-0.23244988791046586
Czechia,1997,-0.17313882411768589,0.7162714818739726,-0.25697218732968774,-0.34597700685677985,-0.25885011615690534,-0.4025111659523942,-0.07425381783133841,-0.23124773553984634
Czechia,1998,-0.18956172438723698,0.6380752588861811,-0.2612067053742122,-0.3460929650834741,-0.25322136739257284,-0.4091139711436623,-0.07425381783133841,-0.24022535715236637
Czechia,1999,-0.21087863205771543,0.5334117386903341,-0.2656645537395958,-0.3438560082136103,-0.2550761126874102,-0.3855288795310361,-0.07425381783133841,-0.25821436306065026
Czechia,2000,-0.17941594078245657,0.672869376509565,-0.26078631888788917,-0.3503821817428721,-0.2592371934358279,-0.40671831510384965,-0.07397462385401855,-0.24509787932655788
Czechia,2001,-0.17806283105479734,0.6443165709560126,-0.2542922234793785,-0.3351071094695246,-0.25272139257396453,-0.4017989587973664,-0.07423001411405175,-0.2377197257519106
Czechia,2002,-0.1887660348333517,0.6203059996976926,-0.25475640022469354,-0.3430571718195291,-0.2556728568257492,-0.38840155135371035,-0.07364123200596172,-0.23422738761384715
Czechia,2003,-0.17945354130982313,0.6418214435777769,-0.24977306875140617,-0.34060030502362637,-0.24754423396837505,-0.4455463774027804,-0.07291561532659836,-0.22165455288226013
Czechia,2004,-0.17793139212330308,0.6256597425711226,-0.24932202908378878,-0.34192144826493115,-0.2343352218251421,-0.40561021305300193,-0.07161051894048982,-0.21460790903248764
Czechia,2005,-0.1827871861411509,0.6070867042917168,-0.2446627455270421,-0.34442467610938315,-0.22914193499959754,-0.38181310575430316,-0.06849091301805589,-0.21877429603242718
Czechia,2006,-0.17986934470183355,0.6114931360937088,-0.23740669961207098,-0.34908601298179676,-0.23048057725587145,-0.36679082093124277,-0.061253969792099926,-0.21102711924010742
Czechia,2007,-0.17671981280922086,0.629822170006229,-0.2362725756944377,-0.3614370288505921,-0.23081926987492868,-0.38941703380918796,-0.04261030703625598,-0.2113516968616608
Czechia,2008,-0.19322213529120064,0.5803466963206715,-0.23322321473537574,-0.36310805060987345,-0.22985157667762224,-0.3712431074152801,-0.006696999515866589,-0.21707021253479497
Czechia,2009,-0.2158614098015863,0.5354068332195747,-0.24745351624870457,-0.3732905131209907,-0.23888337985248237,-0.3204735810113743,0.026340694158107116,-0.2352698001247192
Czechia,2010,-0.20697242121799325,0.538273831007065,-0.2437924316456801,-0.34940780509116104,-0.24209289562354874,-0.2778001053303576,0.19035281029163975,-0.2179785278923283
Czechia,2011,-0.21700682896625864,0.5484405360200462,-0.2456548488767126,-0.3676572391550207,-0.2465604125511135,-0.22458778938648216,0.5935824540793987,-0.2293461289974989
Czechia,2012,-0.22824340096295775,0.5149507325205968,-0.244620220806535,-0.3700827555322661,-0.24783454192756696,-0.1904757332179432,0.5878410453919695,-0.23183145142255487
Czechia,2013,-0.24163532586694048,0.473094663217549,-0.24833003520976576,-0.36822851551507735,-0.2533826495921239,-0.13156626080572914,0.5789995993057272,-0.23170469104895927
Czechia,2014,-0.25160531452710444,0.45449956793337526,-0.24849315830353677,-0.3901085784885603,-0.24477018013609658,-0.1274756629388701,0.6077829157947702,-0.23987138139156228
Czechia,2015,-0.24781779820231573,0.4515326279779879,-0.2428057101188397,-0.38208897842088996,-0.24712490024954223,-0.09667521499994959,0.6881266532416787,-0.239416499212473
Czechia,2016,-0.24272868568557496,0.45222560069008033,-0.2373579216425798,-0.36764906406402764,-0.2587049621773093,-0.09822049310641504,0.6383871951109434,-0.2428886026162614
Czechia,2017,-0.23991953897445606,0.44882338105721337,-0.2307501948910109,-0.3621790476088828,-0.236577044398902,-0.10882206983538191,0.6503302260169881,-0.2303780554772353
Czechia,2018,-0.24343818160822256,0.442638754541275,-0.2276223223766023,-0.3728266173266728,-0.23557709476168537,-0.1261462956646308,0.6889763082062128,-0.23005379959765326
Czechia,2019,-0.25890950228099796,0.3877803467836337,-0.22678125600922097,-0.36316427690420944,-0.23454488868455847,-0.09166871714130181,0.7079932338728114,-0.2348631672257953
Czechia,2020,-0.2839797700258378,0.2938579488909672,-0.23320433675472432,-0.35997801584985617,-0.24912479952397557,-0.043171441316149174,0.7517731070817666,-0.25152967509413143
Czechia,2021,-0.26873542541175316,0.30200691305779703,-0.2211515233858753,-0.34521316313188344,-0.23591578738074262,-0.05498638880535868,0.6849569462769994,-0.2354604412405418
Czechia,2022,-0.2731713832716802,0.33477559636642756,-0.23023902243974567,-0.3877088137074548,-0.2343513500450972,-0.05813317396209667,0.7936088771217452,-0.24190192230203877
Czechia,2023,-0.30657151795351173,0.23148128568300605,-0.24060870903495304,-0.40762079017258135,-0.2367705830383633,0.01174515966736591,0.9719924574972258,-0.26657513050076326
Czechia,2024,-0.3293069291500527,0.15510734380554425,-0.24071086809638728,-0.4080428085074493,-0.2330812029012408,0.13357479144404164,1.5473603782644079,-0.2784062617043259
Denmark,1990,-0.39339703732727915,-0.06590604597472262,-0.363369379602502,-0.5167550279722317,-0.26481755754029507,-0.4307488482809381,0.44077518894063417,-0.4089889149234707
Denmark,1991,-0.36144201269289644,-0.015253610048893737,-0.3591042083766831,-0.5104246042888536,-0.2596403989347056,-0.44062058511251007,0.3699458059840138,-0.3960077573017043
Denmark,1992,-0.3797840949056593,-0.05011752811742261,-0.35692345347888244,-0.5076675470815112,-0.2631724791048741,-0.3880735549358135,0.578756315584111,-0.40169943002957054
Denmark,1993,-0.3723278073436653,-0.03860626327964566,-0.35529445584438085,-0.5004812355778596,-0.261349990249947,-0.3765037014292112,0.5933953149280268,-0.3980858480604845
Denmark,1994,-0.3601588534769415,-0.0208370040911571,-0.3525444275796844,-0.49311342527390867,-0.25578575436543494,-0.3916682410448143,0.5404193562192235,-0.39354022578313286
Denmark,1995,-0.37497262672034043,-0.05173943949730887,-0.3519532590832927,-0.48184610062678074,-0.248737722245053,-0.36571341988736394,0.6418677550368043,-0.3930759942940794
Denmark,1996,-0.3375877379082322,0.0061613614448259415,-0.34780632155675223,-0.4671501088312687,-0.23370622124689291,-0.406164081391411,0.4420092061317279,-0.3741944488843264
Denmark,1997,-0.3689096497555245,-0.05095001360444388,-0.34750854779560675,-0.4625404799611845,-0.23954463687064179,-0.31096277784695897,0.9024314469943122,-0.3847224656026072
Denmark,1998,-0.3792527325038249,-0.07523562470858174,-0.34693051637691263,-0.4545650213609743,-0.2455120782540315,-0.20845357112490645,1.4507028004529092,-0.3866671381763029
Denmark,1999,-0.3896538821250087,-0.09682283457892649,-0.3463568639841177,-0.44942335835994757,-0.24609269417241536,-0.14898862675391752,1.6549928862239214,-0.3932167048925447
Denmark,2000,-0.4021422297970509,-0.11449162138105042,-0.34530589776831017,-0.4509110045302573,-0.2511730834582742,-0.002326259038195589,2.5305693874660236,-0.3969539835688073
Denmark,2001,-0.3963248914742346,-0.1092957636861935,-0.34441695551077295,-0.44604165749174535,-0.2516085453970621,-0.0009416114236270933,2.439277923679115,-0.3933768734924668
Denmark,2002,-0.3956349983321335,-0.11001342358879804,-0.34459649557264005,-0.4461574519903509,-0.2547212918483978,0.061362808560142985,2.65675579538767,-0.3953595345056586
Denmark,2003,-0.37357334293378125,-0.0711593164617879,-0.3446753180388256,-0.4445198014899125,-0.2633176330844701,0.06867625581430749,2.577015914617055,-0.3898106309672877
Denmark,2004,-0.3908035213232176,-0.10338224608873203,-0.34219241035398035,-0.44463410528111785,-0.26481755754029507,0.2799002018847312,3.504660808195033,-0.39438655311170606
Denmark,2005,-0.4012158857811224,-0.11938606191681343,-0.3398802846792038,-0.4489833389165621,-0.26634973843603027,0.40292333764304006,3.9260152644607227,-0.3979213133885572
Denmark,2006,-0.37650858350721617,-0.0755801014618319,-0.3380586099051374,-0.4463893163333106,-0.2645917624609236,0.162268853439115,2.8643839038582732,-0.3882660516925459
Denmark,2007,-0.39130244104386747,-0.09571763832891549,-0.33899134242166656,-0.45873989854357816,-0.26497883973984615,0.37292371449580225,3.9260152644607227,-0.39133081160364996
Denmark,2008,-0.40058065788895,-0.10900869972515168,-0.34037073557991393,-0.458035332819964,-0.27025102581741106,0.4204399178624341,3.9260152644607227,-0.3930492791801633
Denmark,2009,-0.40595410448440516,-0.11177886694920523,-0.34783057698120784,-0.4622174936016266,-0.2754501994432393,0.42343600653477886,3.9260152644607227,-0.39902825928366575
Denmark,2010,-0.40495280204549566,-0.1138887870628626,-0.3450539943034588,-0.44991154952079154,-0.27682616240048935,0.574303022586577,3.9260152644607227,-0.394011798048274
Denmark,2011,-0.42120691529732296,-0.12982083690068352,-0.34682758299412614,-0.4676882892797605,-0.28153673160277753,0.8628464458814937,3.9260152644607227,-0.4033746620507585
Denmark,2012,-0.43647787463278476,-0.146786316998255,-0.3485312517782609,-0.4738442336604583,-0.2897129327090192,1.144563197239262,3.9260152644607227,-0.40908445010924743
Denmark,2013,-0.4313103552560664,-0.13050979040718388,-0.3483428135357665,-0.4785272786835615,-0.29248390605128627,1.0619425614853761,3.9260152644607227,-0.40923176575811754
Denmark,2014,-0.44396705749692544,-0.14754703649501583,-0.351049524476268,-0.4899468514456158,-0.2955776857159548,1.4079855317652623,3.9260152644607227,-0.41611143753964486
Denmark,2015,-0.45080888473407266,-0.16447224151885315,-0.34945731941737146,-0.4890070855148193,-0.2925332745325689,1.7413720438368867,3.9260152644607227,-0.4165136971306827
Denmark,2016,-0.4484406281028972,-0.15791614559779762,-0.34857970132080957,-0.4946224054914618,-0.2918657597650669,1.5594354035864921,3.9260152644607227,-0.41372782406647096
Denmark,2017,-0.4533043787386165,-0.17128745572434304,-0.34711027101104885,-0.4886267332672843,-0.29209507079638863,1.9099042481271256,3.9260152644607227,-0.4123215830182551
Denmark,2018,-0.4533377298267273,-0.1700950637961656,-0.34881049350180093,-0.4903930630443933,-0.2919729640431085,1.8433169623381462,3.9260152644607227,-0.41246889032901196
Denmark,2019,-0.4641919586651827,-0.18714344796568597,-0.347069384046228,-0.49332573474914043,-0.29441021225806446,2.1856842652892783,3.9260152644607227,-0.41617481157152864
Denmark,2020,-0.4721023338594488,-0.19002637391363672,-0.348422857750178,-0.5022239620511395,-0.2994350882108378,2.3058957218838327,3.9260152644607227,-0.41996377470683993
Denmark,2021,-0.46587610969098414,-0.18325538191134533,-0.3380479557351247,-0.4940425698531043,-0.29782060500867163,2.213397711657283,3.9260152644607227,-0.4136572046521568
Denmark,2022,-0.46844541703005216,-0.18350387882922115,-0.3436341608410324,-0.5082296982389369,-0.29613804459007503,2.2906500720230105,3.9260152644607227,-0.41934057871500546
Denmark,2023,-0.47561807999917327,-0.19292378223842205,-0.3409266660548949,-0.5094488441207169,-0.30001478482068417,2.4798386578104332,3.9260152644607227,-0.42204475470082947
Denmark,2024,-0.4824643188555053,-0.19829705183227422,-0.33142217916967504,-0.5091404635909765,-0.3075879571674953,2.5831208296980455,3.9260152644607227,-0.4227963693221896
Egypt,1990,-0.3489206093610774,-0.1950417688493847,-0.36403499153918006,-0.40673271389080884,-0.1027289469914658,0.35694939698635253,-0.07425381783133841,-0.32149598616313635
Egypt,1991,-0.33636887555508277,-0.19479776448249914,-0.35777298450332695,-0.3828904497636433,-0.09634217188924325,0.14996415559125148,-0.07425381783133841,-0.31886022319824087
Egypt,1992,-0.3331393413426261,-0.19430975574872808,-0.3554214475954576,-0.37564426547060104,-0.09722922398677415,0.1341518604252756,-0.07425381783133841,-0.31342298284121883
Egypt,1993,-0.31796105158427823,-0.1890564852616628,-0.34220554743167797,-0.35999909483789627,-0.0813106708910832,0.22711080191361305,-0.07425381783133841,-0.28103144625301574
Egypt,1994,-0.32072568210602925,-0.18601360727461952,-0.3364383703224341,-0.34678395772568643,-0.09168111632221726,0.2308777482712641,-0.07425381783133841,-0.29573387491420733
Egypt,1995,-0.3031937939622083,-0.19135299694999736,-0.2959367597807517,-0.29137443586265327,-0.07784310360073511,0.23072190498458847,-0.07425381783133841,-0.26708614358108435
Egypt,1996,-0.314530624015671,-0.19033391988829887,-0.2755786683753801,-0.26251351816956586,-0.09122952616347421,0.2142646185420371,-0.07425381783133841,-0.2698232238893371
Egypt,1997,-0.26102568840536144,-0.18993203034284034,-0.27878849435949227,-0.2549574802047336,-0.008394988474042674,0.20317708701260864,-0.07425381783133841,-0.2403062599934146
Egypt,1998,-0.22699690778167025,-0.18723362910904723,-0.2725527614790343,-0.24594122631418222,0.043570136221313296,0.18395638461530223,-0.07425381783133841,-0.20969519429764394
Egypt,1999,-0.21937420097822752,-0.19198453766428933,-0.24673840380326195,-0.18468169152568034,0.04036062045024696,0.28508956528201207,-0.07425381783133841,-0.19767137933279444
Egypt,2000,-0.19258957283547232,-0.1874202206837244,-0.22666057005543902,-0.05959352024477985,0.03368353738883247,0.18179405792214304,-0.0489913594612505,-0.15446516140797778
Egypt,2001,-0.2023788909472705,-0.19010426871946545,-0.21223167971758156,-0.026823444712121017,0.0029915348142631353,0.0982239596189486,-0.023130267388827036,-0.18975405200969261
Egypt,2002,-0.16777936577980815,-0.18864024251815215,-0.1728467207801946,0.09234212950577148,0.013039415846295057,0.09103993843519025,-0.019887694339171987,-0.1808153275005556
Egypt,2003,-0.16037760047313226,-0.18786516982333926,-0.12788288284722935,0.1573333265446127,0.0004594042813112747,-0.05692003806971379,0.008009680780421302,-0.1276224467988741
Egypt,2004,-0.13862124762517478,-0.18864024251815215,-0.10403470780019695,0.1500291981510703,0.044166880359652314,-0.09271337853771248,0.03579977471034458,-0.12270287978418756
Egypt,2005,-0.09706325514468965,-0.18945837480712135,-0.07339466358350842,0.2863910415101103,0.06743990175487224,-0.12169114130514289,0.03416363998853573,-0.08124145875331856
Egypt,2006,-0.07446474448464581,-0.19019038790777798,-0.0455528169164074,0.35101383052351426,0.08363263458980008,-0.13518685175291983,0.03987038770248942,-0.05595495574719634
Egypt,2007,-0.04967874714858379,-0.19024780069998634,-0.020228910141345254,0.44147280424101565,0.09043874341085541,-0.0896256505354887,0.06802099404731425,-0.028731168995293085
Egypt,2008,-0.026647312929522236,-0.190664043443497,0.003378418481231285,0.46854352404689104,0.12074366870650216,-0.13034050116986742,0.07751717347485809,-0.007401903820243256
Egypt,2009,-0.015289945555040419,-0.19169747370324752,0.03649699135686591,0.4496546490311561,0.15485485391155426,-0.1936343778173587,0.09993120300282873,0.0005881866578019429
Egypt,2010,-0.007895460106614188,-0.18205212461224243,0.06607293228004928,0.45164978950443413,0.16459629876443924,-0.19410574595213925,0.17414408494541098,-0.0009198817142599213
Egypt,2011,0.017616656968635163,-0.1981994724208447,0.10506377888650842,0.5847105933521994,0.15795147214293487,-0.21303858342948465,0.198524283284254,0.05151917551737992
Egypt,2012,0.03833350578608882,-0.2000940945637207,0.12441469433506451,0.5876755514202533,0.19548183997846985,-0.22679489766823865,0.12522304575382784,0.034271732842329164
Egypt,2013,0.04125326208290514,-0.20152941436892982,0.11274021128780261,0.5564266866305949,0.1945625314410287,-0.2293861532654623,0.11450367885057051,0.031534894789552945
Egypt,2014,0.03998361937726394,-0.2009122268526899,0.1523879117791415,0.44857443081710074,0.23636687756466704,-0.22484142109147226,0.13948746799321934,0.04028824473494702
Egypt,2015,0.05602170441829836,-0.2018595379241279,0.1854933475770785,0.47895167966780633,0.2505113264652963,-0.24620925859507722,0.12008969493169437,0.030006563534609496
Egypt,2016,0.07779906261373457,-0.20023762654424163,0.22083208658360648,0.6112640771075275,0.22857694732635023,-0.2520864309602821,0.18018265000781705,0.07969145390992946
Egypt,2017,0.09666476151096438,-0.16989496586212138,0.17411225926506277,0.7797049247194273,0.17626950116244702,-0.2578782691558049,0.23824665097978456,0.10951580230451588
Egypt,2018,0.04883697972560592,-0.13013660725782952,0.2354361379574319,0.7089234890051104,0.12063731922411818,-0.2708844064104167,0.2254288587995136,0.08289503086988242
Egypt,2019,0.07370622329640919,-0.14758665132163962,0.19484039587502036,0.9067702637407457,0.07306447331023641,-0.20893751063209567,0.5083361309174237,0.08583732343096716
Egypt,2020,0.04439600805279992,-0.1771561052246937,0.19963891056023186,0.7834744843306346,0.1050437981451825,-0.11793002122917803,0.8894492028207687,0.12203796119909541
Egypt,2021,0.1285805035331398,-0.1569196748230312,0.20231414506257,0.8563651531537988,0.20364917056373624,-0.11143466691390767,1.0193892178742832,0.1612743218679775
Egypt,2022,0.09136672561207852,-0.16245270349332977,0.2649726676475224,0.6687840897925407,0.2189495773732078,-0.1267462603261288,1.005627880267886,0.11704217587709252
Egypt,2023,0.08294515640781498,-0.15600695964291164,0.29284388982131043,0.6861456410462757,0.20493668233023807,-0.10465817666806727,0.9957593628995535,0.10920317114107969
Egypt,2024,0.10758144962133755,-0.14068509090953646,0.3368594161216284,0.7009474511774859,0.23504036494093147,-0.1226514663326604,1.0187402745278968,0.1437623094918973
France,1990,0.5075811270272468,0.23799401523488262,0.9257545387588061,0.08915324848321428,0.912332832323128,-0.049557962287308084,-0.04803165812620631,1.001419244853523
France,1991,0.589930385307888,0.2709372628431416,1.0288630825813223,0.17794482869352388,1.0017799401941534,-0.05408875230265739,-0.04932040890972302,1.0896906066424783
France,1992,0.5532483868423815,0.21574250900457453,1.0686071216424438,0.18776477447482337,0.9914578794228848,0.020723726698545025,-0.04979111553391519,1.061488414811169
France,1993,0.5014489687045993,0.12406045155875596,1.0699821357747916,0.19594896971292303,0.9467504537073272,-0.02544411811253926,-0.05118495170097342,1.0885480537691443
France,1994,0.4789709463529062,0.12070645169099292,1.1008586473900368,0.1950194005103294,0.9358961616775399,0.06740697519879656,-0.05094477955378118,1.0270758238528297
France,1995,0.49990399816537834,0.14672151258275679,1.1212123597695094,0.21187805013036565,0.9721685283565763,0.012756371365823438,-0.05149087534444578,1.0920684342235212
France,1996,0.5471737884324029,0.1548663505133888,1.1925642077710419,0.2980938959703997,0.9908127506246805,-0.047401196222544906,-0.052920623575572506,1.1841581405118318
France,1997,0.5171581483875837,0.1226198495084307,1.1813407643913976,0.2888555545948068,0.9932964964977671,-0.0560009979984035,-0.051552189827921896,1.1315439528043907
France,1998,0.5831231760507573,0.1791385027299115,1.232527198127123,0.297233612366485,1.0515193705357047,-0.0722038915785782,-0.050941763523506885,1.1799242479232814
France,1999,0.5720209505794059,0.14039320217754678,1.2663770683279236,0.3429189964574,1.036681408177006,-0.010874146319431852,-0.05112555871998929,1.1770211765255802
France,2000,0.5656350488839079,0.12804856238692652,1.3073472346408201,0.3728844054627398,1.0089892545140866,-0.062269971330774235,-0.0514745518677682,1.194009937242645
France,2001,0.5786875952232479,0.08340982620596075,1.3556566483607728,0.4180220854187779,1.0582609664769398,-0.021038379560778503,-0.04941070833694482,1.2524409867756283
France,2002,0.5597432678639167,0.0922087903429231,1.3469905561062603,0.4148148247974708,1.0061506878019877,-0.1069351772314003,-0.044152909586648366,1.2566280533368386
France,2003,0.5781326652095219,0.09350278549869792,1.4238555977148832,0.46526444448207366,1.0138438487205739,-0.1205841609194631,-0.03996974399006487,1.302156455776584
France,2004,0.5808524471706136,0.08319909745288488,1.4751821602793824,0.4927411318740447,1.0147202561929343,-0.12044889663986823,-0.03323218849169457,1.328658953781682
France,2005,0.5881362319273991,0.10839219671604725,1.4856480321784664,0.5312558069012971,0.9958200468177026,-0.1710188315147072,-0.018885723729330284,1.3363003689785968
France,2006,0.5575116580754611,0.08542361604252882,1.4653118359025905,0.4796561948722757,0.9876988751979479,-0.13019123022082435,0.02721068797850425,1.306236901263118
France,2007,0.5289991089231612,0.09945135181165275,1.4739210008204138,0.4673696415176128,0.9546013324888544,-0.10332650766369886,0.11274629100577369,1.2865790957763312
France,2008,0.5171388755671193,0.07777634254064401,1.5285449698870104,0.4975810828257505,0.9158320270528081,-0.06399336634790477,0.17202716782585234,1.2949523198668385
France,2009,0.47966398869376453,0.028999666283778987,1.4704790864636443,0.48545846731566233,0.8649462834779474,-0.05569120672379593,0.28491982949892847,1.21588457665502
France,2010,0.4870559354103904,0.04350443652960747,1.5762106667997802,0.5583440468772246,0.8311821291816692,-0.03281906859450781,0.35641531484499295,1.2697548906160474
France,2011,0.4531330094546614,0.018949719502869927,1.435779133481136,0.4409786883217756,0.8495571069458431,-0.10843370388473059,0.539642528582137,1.2360194770352468
France,2012,0.46782611318346423,0.04768196878456171,1.497962198950057,0.4676530153217634,0.8220154134468849,0.007731912019575352,0.726259788227672,1.2353709175161331
France,2013,0.46719859995455787,0.05952775812654851,1.5201809997663602,0.4787535687351083,0.802762544414115,0.08506726775496347,0.774097565446526,1.2426733465772577
France,2014,0.36246142030792844,-0.004274185654669551,1.4086760284832294,0.3060770091867318,0.7750878576134068,0.06672669798827767,0.8798903260998571,1.1742168114876876
France,2015,0.38228752353630174,-0.012126363707763634,1.4502575681180168,0.3631576898214371,0.7754831280280666,0.04122084311869969,1.0748675764070175,1.2000825695550392
France,2016,0.38941089513866556,-0.022752957883179856,1.486545574842869,0.4503121225720842,0.7557314292803051,0.10073895955340009,1.1408864718325586,1.16812327832229
France,2017,0.4063997734409302,0.0034496519705706523,1.4698615387152352,0.44800712408110377,0.7649623514587311,0.0654034286323624,1.3160251543433406,1.1659203803201046
France,2018,0.385855612310773,-0.020385890066009618,1.4625646846579101,0.40063012855883867,0.7204816240028623,0.17141996726708458,1.4591771114868632,1.156031913887134
France,2019,0.364336370557534,-0.057835763221677064,1.4394349720111332,0.4175300432940417,0.7098374504226502,0.17803382070259285,1.7732556833568929,1.1321547954354487
France,2020,0.259019188456795,-0.08790559499274112,1.351496074547582,0.34850438851431953,0.5855993367472447,0.3086316115026764,2.171291296133106,0.9637448297992667
France,2021,0.33727388245813944,-0.05313480950152458,1.4459832184539134,0.4026769148876641,0.669673747473945,0.25399294696065916,2.0460082286662113,1.0725588529567824
France,2022,0.31036069894931373,-0.07777800206858373,1.3718478207444262,0.3174419180625222,0.6389220866137618,0.33421859701723095,2.652288644451934,0.9114219920085328
France,2023,0.24111395965258917,-0.10664904389128538,1.297537437160007,0.21571489794784077,0.6000025951934934,0.4135630218162836,3.0348079218802364,0.9341404871434983
France,2024,0.22221196742019275,-0.11370682828463849,1.3062429904741413,0.1653741026025199,0.5911906849709019,0.42802922972592605,2.6917575909528426,0.9618549331970476
Germany,1990,2.3966814668959167,3.8226776410286445,1.616541495331394,1.0522823890702377,1.538898049359095,-0.4054172192610465,-0.07138216195225339,1.881178937464357
Germany,1991,2.3260700723635863,3.8226776410286445,1.6167779627299508,1.1396892710732307,1.6634562920723892,-0.4071369755397023,-0.06547312309193179,1.832565889507878
Germany,1992,2.176266376640966,3.8226776410286445,1.5941077456498025,1.1177666248919347,1.68082638496404,-0.38877088984125135,-0.06221338163492983,1.787935183257274
Germany,1993,2.1561440031108896,3.8226776410286445,1.5559489139641909,1.1735837489584875,1.7055832025951299,-0.38037732472138525,-0.04603430341297453,1.7650539228880417
Germany,1994,2.1122850695851136,3.8226776410286445,1.546792370808968,1.2456160171243065,1.6786490752701004,-0.3609551840984259,-0.014764453793136926,1.754550669480523
Germany,1995,2.1075775280566043,3.729782825702672,1.5796613392083483,1.3629349646157978,1.6778426642723452,-0.3441141445346592,-0.004068478841161359,1.7779194576278399
Germany,1996,2.1897519549389535,3.702870579355002,1.6106604635487711,1.5792492994124485,1.7115345157585644,-0.34532972823867547,0.008299919408950009,1.855819137382158
Germany,1997,2.0968042923846504,3.528694520992878,1.6247565479182895,1.4735155580320363,1.6895356237397978,-0.3732396677617272,0.047132831502444184,1.8342602649873387
Germany,1998,2.0690975106293146,3.3445716963806547,1.6449000670546003,1.4897559498850423,1.6915839076740966,-0.3601871252146505,0.10821393590104587,1.819521886398793
Germany,1999,1.9742751699582959,3.183804267954453,1.658803474284554,1.5035920999661772,1.6184101737377743,-0.337880319412593,0.14491759913807212,1.7666921926634929
Germany,2000,1.9529349362678765,3.2960161882145473,1.7059174139340256,1.4699403054444724,1.5320758123180847,-0.30126134617187034,0.28386294314382615,1.7779639716323445
Germany,2001,2.017447537290683,3.365914901884114,1.7550763586784222,1.5624141411831975,1.5999272336692212,-0.28917922195748447,0.32123406517780073,1.8466069306698816
Germany,2002,1.9723351038873413,3.418275368378142,1.8114475590787986,1.5491674342870227,1.5248664979981514,-0.24885409254816995,0.5256414545888978,1.7938023660524038
Germany,2003,1.981835862232419,3.443683546961203,1.8387770597156934,1.530610380029812,1.4933035715460063,-0.24807356440642434,0.6978223795700736,1.789225479362926
Germany,2004,1.9313524874078272,3.427325534494875,1.867919477074856,1.5378751511526683,1.4571602306266105,-0.18212172177857788,0.9378878563068397,1.805755359316105
Germany,2005,1.8720617590625792,3.2885571694887967,1.8725831396575021,1.5618287805415878,1.4192589137321083,-0.1485817431947309,1.051291911322704,1.792843255620647
Germany,2006,1.9128614874341454,3.3116846195093523,1.8951701552455655,1.6029154190999448,1.4164042188000543,-0.10947374950859022,1.1965893786428488,1.8618471506066356
Germany,2007,1.8090056824179201,3.432639951932152,1.8994834957562756,1.5286868037458672,1.2170110354950616,-0.017765128025537227,1.4890096920003077,1.7380009384621367
Germany,2008,1.832876746635154,3.240108949507437,1.887997310822679,1.599506054715258,1.3173608200557398,0.004247160094034581,1.5614460051130805,1.766674456297974
Germany,2009,1.6680436074199223,3.031718351553667,1.7605983103373113,1.4503153684958554,1.22951040596027,0.05267591562709895,1.6876605747129765,1.6148578854488211
Germany,2010,1.778779469198471,3.1256488587687548,1.905040479622358,1.626609613710533,1.249654552684199,0.07334024916570533,1.7408590623721214,1.7282592160853822
Germany,2011,1.693552153790843,3.1822192880593194,1.874422330535165,1.4242867311877991,1.1970281709706836,0.19751535236119863,2.486655788157334,1.611112513950226
Germany,2012,1.7527955820675558,3.3394066778620286,1.8670436718950167,1.4288008699819978,1.1931573981814578,0.28659395703723106,2.715506600171593,1.62694695530845
Germany,2013,1.8037392193604285,3.337646645854356,1.8593103121570331,1.466962594525665,1.2249138632730643,0.32220500269021424,2.8654935575056997,1.6732556035653774
Germany,2014,1.6886104985375445,3.2245624026472983,1.8084523053637471,1.2706940837041554,1.1800774117978658,0.3942113797402967,3.303738513729747,1.577252060641596
Germany,2015,1.6943102121559417,3.2248294918505334,1.823883992632521,1.3210499268818063,1.179029077500784,0.5062816379575852,3.9260152644607227,1.5874706749111458
Germany,2016,1.7185249925021797,3.1114057299840745,1.833522228636656,1.5034333568187062,1.180706412376115,0.5057988525684605,3.9260152644607227,1.5957239186277596
Germany,2017,1.6600809401832342,2.979899993471181,1.8368809415013405,1.638036831220349,1.2077211808009198,0.6450128018827419,3.9260152644607227,1.6022716041306544
Germany,2018,1.5984866671801,2.8861879633890797,1.7952407842258666,1.6314126573706311,1.1184514833494004,0.7018012306674791,3.9260152644607227,1.5491585852066292
Germany,2019,1.454565097603732,2.256935995705266,1.7327696007479079,1.6512779581616401,1.144804994756046,0.8741618207955996,3.9260152644607227,1.5032133158686134
Germany,2020,1.295159673506451,1.7951711659677483,1.6683059604858137,1.5895364236900846,1.0668089230531463,1.022859682012777,3.9260152644607227,1.3792135225130258
Germany,2021,1.3702533213044938,2.1287683807917097,1.7439755280239555,1.729431296872217,1.0253110131086551,0.8648032043706618,3.9260152644607227,1.4517844331050946
Germany,2022,1.3458206151909349,2.2436212515322445,1.6452416310747378,1.4561470889955093,1.0133438739019653,1.0145488577615285,3.9260152644607227,1.3341349980838633
Germany,2023,1.1477638553172302,1.7122151924075584,1.5391258656593874,1.2928877857442782,0.9220262150805467,1.3365707410152383,3.9260152644607227,1.1467663582644891
Germany,2024,1.1028356957390097,1.5216549730829332,1.5437520864094145,1.3042741924882544,0.9331217836556203,1.4567452667450127,3.9260152644607227,1.1255571020409876
India,1990,1.1378427246092124,3.3390094946588125,0.4576559378484942,-0.2664839329070534,0.4685783483027619,0.32318621752041227,-0.07182850724647906,1.4142394319597802
India,1991,1.2709687886224497,3.6148748841493767,0.5455937843458291,-0.23161964342292035,0.5122874799850772,0.2638820055224821,-0.07154325556237635,1.5035813372771958
India,1992,1.3557367470613186,3.755781871391104,0.6139880382550432,-0.17948256320942696,0.5650428698765984,0.19238753237968598,-0.07082528741818052,1.6021592472912154
India,1993,1.4442102314214307,3.8226776410286445,0.6937449885674963,-0.18324432315123548,0.5825710216680271,0.14959653759125194,-0.07074475772891094,1.6495130396519033
India,1994,1.5544431002272565,3.8226776410286445,0.7983669237407759,-0.15491700897211053,0.6416146386666199,0.20919821498321342,-0.06389864794015328,1.7552494488973294
India,1995,1.6548535879404633,3.8226776410286445,0.8925764111309422,-0.08027429917276621,0.6820529005318261,0.06895576706013985,-0.04812120585685141,1.8661426208350673
India,1996,1.8402003332657833,3.8226776410286445,0.9307571379460496,-0.07163461325530289,0.8183216989990614,0.016697558735857893,-0.027756890938848443,2.0187060982096328
India,1997,1.9833436978555326,3.8226776410286445,1.0035698289875545,0.006193962364821364,0.889660132928995,0.02585277811787047,-0.025418907271119718,2.11007279363191
India,1998,2.013491528888991,3.8226776410286445,1.0797999118407937,0.02568680745132963,0.9481136047629658,0.04955232529061905,-0.02450206611048636,2.1888951611237792
India,1999,2.1258400127756274,3.8226776410286445,1.0876734004075517,0.06182251274293161,1.0279305507406333,4.241828660452949e-05,-0.012547049285992592,2.362809106909188
India,2000,2.3731523936195758,3.8226776410286445,1.1398319778928994,0.08885270841197565,1.2999409418339587,-0.06115128631691648,-0.01237523158695587,2.4776898615157346
India,2001,2.3928462614082133,3.8226776410286445,1.2063800344830116,0.0954372652240242,1.24919517972164,-0.07521639014783256,0.0047252363653185305,2.50246295856375
India,2002,2.5423804226646216,3.8226776410286445,1.2479982966289895,0.14304337500660858,1.3156192623975675,-0.13332681197252857,0.018070025411800136,2.5675515988757063
India,2003,2.702415491609789,3.8226776410286445,1.3547852222068324,0.1684095982919575,1.4616456984036383,-0.08559534756812139,0.04357455545297018,2.665071348767562
India,2004,2.8716330828140197,3.8226776410286445,1.4832220518303103,0.19298723899017478,1.5189022476815373,-0.04748482358423582,0.06721883630684641,2.810531456042173
India,2005,3.026821432161999,3.8226776410286445,1.587858875691647,0.17856927157723634,1.413079874439711,0.027381864656169156,0.1141753891145405,2.9656980830610618
India,2006,3.29235882168047,3.8226776410286445,1.8121525822485698,0.17305251780379818,1.5462905086418577,0.061316937329038555,0.20407706699820935,3.156586187142983
India,2007,3.66857840692225,3.8226776410286445,2.0411230884658353,0.2131707935962212,1.9569581545433972,0.05995796576417784,0.233660029975638,3.3972968232978387
India,2008,3.66857840692225,3.8226776410286445,2.275904562051337,0.30101314973224147,1.948622968473585,0.02203323657785105,0.2729216220756374,3.5765175366948205
India,2009,3.66857840692225,3.8226776410286445,2.497351901773781,0.6420275115941099,2.0599717277581493,-0.014998592759432902,0.3693668863046726,3.7372639072294906
India,2010,3.66857840692225,3.8226776410286445,2.5509862109871584,0.6943881721383336,2.1170949750320416,-0.006534046850991287,0.35630694819691094,3.7372639072294906
India,2011,3.66857840692225,3.8226776410286445,2.8934742055893343,0.9170127440190641,2.2075967151162605,-0.029137263448511135,0.45225008385248544,3.7372639072294906
India,2012,3.66857840692225,3.8226776410286445,2.948330263028588,0.7360902006245793,2.36290454505168,-4.241828660446752e-05,0.5267899641495347,3.7372639072294906
India,2013,3.66857840692225,3.8226776410286445,3.4392322034063834,0.6936152269053488,2.185971411011927,0.062107581908545186,0.6061218502584393,3.7372639072294906
India,2014,3.66857840692225,3.8226776410286445,3.696254749533912,0.6420998995113218,2.294187402920814,-0.029722774552053695,0.46336030399079103,3.7372639072294906
India,2015,3.66857840692225,3.8226776410286445,3.716784138579652,0.6585926060610543,2.7439158045769734,-0.0505987858777083,0.5263939010000744,3.7372639072294906
India,2016,3.66857840692225,3.8226776410286445,3.716784138579652,0.7429984777006835,2.8446038917118375,0.006743760858015645,1.206939775920531,3.7372639072294906
India,2017,3.66857840692225,3.8226776410286445,3.716784138579652,0.8135771293070219,3.0115051005339053,0.03511646322330331,1.5170128799301041,3.7372639072294906
India,2018,3.66857840692225,3.8226776410286445,3.716784138579652,0.8604549198688625,3.1441970827113424,0.1434784557885179,1.4250752632550032,3.7372639072294906
India,2019,3.66857840692225,3.8226776410286445,3.716784138579652,0.8637018819921908,3.188781351787554,0.20330547681589867,1.6024047849932375,3.7372639072294906
India,2020,3.66857840692225,3.8226776410286445,3.716784138579652,0.8657767380548103,2.872514263871292,0.2624028394892686,1.767172173648112,3.7372639072294906
India,2021,3.66857840692225,3.8226776410286445,3.716784138579652,0.9830811638774788,3.118664217822074,0.2848079472626708,2.0063171756508953,3.7372639072294906
India,2022,3.66857840692225,3.8226776410286445,3.716784138579652,0.9272724398387647,3.323446506060959,0.25570972464435876,2.1649825088276238,3.7372639072294906
India,2023,3.66857840692225,3.8226776410286445,3.716784138579652,1.111658367584093,3.5102672265289616,0.22884340385145036,2.3343541767993234,3.7372639072294906
India,2024,3.66857840692225,3.8226776410286445,3.716784138579652,1.226375961079293,3.591929225827021,0.28431554274563037,2.555549805550558,3.7372639072294906
Indonesia,1990,-0.15963788830975864,-0.13767203623517726,-0.316089036968861,-0.19873864840584318,0.13596538340326592,0.26937561883132866,0.4304594724571155,0.17755569331940732
Indonesia,1991,-0.14035598394957371,-0.12870128745262044,-0.3046072310611638,-0.22422188373434013,0.16085706548090856,0.21968243761738232,0.3955902700739965,0.21661121583669135
Indonesia,1992,-0.0899362950373908,-0.10643947727382741,-0.2509816798995848,-0.17608685052764636,0.20716870099380932,0.33462123317210035,0.33501592935331376,0.281841881166003
Indonesia,1993,-0.05799071382014609,-0.11741967378367697,-0.2711208200099965,-0.1375861871744443,0.251784285515042,0.2438300074525682,0.33067358901163163,0.31883698499634644
Indonesia,1994,-0.023016586255035044,-0.047447833279733696,-0.28227419897525385,0.017202531678989948,0.2564275508321918,0.15563410270299188,0.47151719391680647,0.33568146686245265
Indonesia,1995,0.0020040127945956843,-0.10457356152705559,-0.26397862876840456,0.03504853132556427,0.29123020873627026,0.13186999079289466,0.6345351582137086,0.35222670941779005
Indonesia,1996,0.10229766673576414,-0.06287752118573144,-0.2408617510465382,0.31650601618073115,0.3264679270188265,0.06319269642295397,0.546359584789156,0.4311670443710982
Indonesia,1997,0.16003791007196586,0.00395096894480394,-0.22071385288432813,0.3172635903080629,0.3572649691108387,-0.03294573011114705,0.5619714218631591,0.48802185972582046
Indonesia,1998,0.19728620696849633,0.02438992297098144,-0.19397114171792584,0.522242141285178,0.3741312825517011,0.06700169524063004,0.6740297760819898,0.47524279984471646
Indonesia,1999,0.2282315244594811,0.07982197384815659,-0.17539531385352783,0.3727352203393832,0.384580115510033,0.06592179363378718,0.5494824225707461,0.527574869220493
Indonesia,2000,0.2824859507628291,0.11293480175433034,-0.1430124173289585,0.3163612463394718,0.4866093246712693,0.03436579019777227,0.5097091413556751,0.5418973726447354
Indonesia,2001,0.29808546519214935,0.18128473087838734,-0.11948391117256753,0.3215993788360895,0.4923539846921315,0.06925249923458107,1.2273211751001425,0.5841763365591836
Indonesia,2002,0.31468054967064707,0.2120292811059661,-0.10823857266342703,0.2641798294440985,0.50715969061092,-0.016263616696906704,1.1903906843725076,0.5897902816158136
Indonesia,2003,0.35320699613958295,0.23100420893083035,-0.09373085985938398,0.32788941989595755,0.5361421018702481,-0.0625781599999166,1.1522943928398781,0.6187301552967432
Indonesia,2004,0.42829177185001543,0.3103773941588932,-0.05144260675082873,0.3053577017768467,0.6205894615551903,-0.06425103107765248,1.1399775865041024,0.663390946737239
Indonesia,2005,0.44910655610642536,0.38156925649726425,-0.02107844116578968,0.2765552655729977,0.6273633139363355,-0.06283208359133553,1.0631580578828383,0.6924784990094751
Indonesia,2006,0.4848098862167583,0.5303975670993951,0.003352144325836096,0.28210865488312065,0.5609795606011135,-0.11180507287058897,1.0230175975162759,0.7026693933248953
Indonesia,2007,0.5789007389183664,0.6514380862726779,0.04116941199131016,0.24213633829777104,0.6384480027985466,-0.09049709361383455,1.0085851481907135,0.7597126700052599
Indonesia,2008,0.6943740401607561,0.8681857300573028,0.07519882225397796,0.28983336297508316,0.6088201255370275,-0.07541355588241916,1.1437184015799242,0.8577119319657736
Indonesia,2009,0.7530758944085195,0.9702656746037736,0.0995637223571157,0.35402387400866825,0.5855496410915856,-0.07920821888104178,1.2208011531451355,0.9129216744910235
Indonesia,2010,0.8173621300841066,1.0607769415202593,0.15525179471721698,0.2999688418996875,0.6077748199226919,0.015995763387721854,1.1368266824165483,0.8478513226066114
Indonesia,2011,0.9158797168680126,0.9146900917460776,0.2102873922183376,0.4234629793101555,0.76388377091137,-0.11463560007514441,1.0535659611969255,0.955994489536974
Indonesia,2012,0.9865509880057766,0.9724186543115874,0.2721367540186105,0.42496178943813223,0.8146284913240107,-0.13833558623950812,0.9796341865406354,0.9754626530472711
Indonesia,2013,0.9692726084655365,0.9170870758207769,0.37274925307858414,0.60223965674288,0.7930553982954971,-0.06604697870877221,1.281071006531183,0.782654442605568
Indonesia,2014,0.8939300295581418,0.8435987017940711,0.3788273410266709,0.6365277730446915,0.7265201459099023,-0.006607518377563098,1.3993513008934328,0.8045921805392234
Indonesia,2015,0.9609922658441609,0.9387761933972915,0.4419378622859128,0.8106941028546131,0.7280353504761597,-0.1814366765321571,0.6639518158606535,0.8782699391034414
Indonesia,2016,0.9181144074447363,1.0204875145880397,0.4551362463460957,0.5030812313362016,0.6890377824068625,-0.015251400134958891,0.9299627892999185,0.9773796275962575
Indonesia,2017,1.0140205237122146,1.1247778516345326,0.5814974176933536,0.46947611587033367,0.7681574837492379,-0.11119842651324613,1.092671626105534,0.9395541940909229
Indonesia,2018,1.2743676318880572,1.5913285543177482,0.6128468641057122,0.5127814844258661,0.7734400611555273,-0.11535283833306875,0.9776698193576613,1.1536666189876592
Indonesia,2019,1.3797098751979795,1.8272413345078233,0.6404172111670628,0.5731524627212512,0.7422309448791892,-0.11121910367751923,0.9466752902252107,1.3157460568475454
Indonesia,2020,1.3522022111156922,1.8556913198302907,0.6058739465420728,0.4952966101700426,0.6643758052083816,-0.0794469395034289,1.0601207253961797,1.1732136245237368
Indonesia,2021,1.3046943619769045,1.8000276138998095,0.642251191003906,0.42975318646440075,0.6385719821417315,-0.0943691004247115,1.2156414313027242,1.1598022465383615
Indonesia,2022,1.827571195962406,2.6585613572269216,0.7983421734863936,0.4073163113879837,0.8070105465901625,-0.10149551949559904,1.0484486029986468,1.5095281992055858
Indonesia,2023,1.950369538243366,2.884200551068605,0.8624416963397882,0.43933182137080873,0.8448040815136665,-0.13516961984040157,1.0071779546088646,1.561057645491701
Indonesia,2024,2.167961046991235,3.2356108014371943,0.94581319488962,0.5276475460608774,0.8676060386273791,-0.1374462822880418,0.941541140910837,1.687964649349133
Iran,1990,-0.025593153731170853,-0.1947288772470736,-0.2619905510101686,-0.06832187859776255,0.35189312121379007,-0.18244355946023683,-0.07425381783133841,-0.06361541754378636
Iran,1991,0.03643503288722377,-0.18850363276286586,-0.24276662731268936,0.05074976390649093,0.39761701656514187,-0.15763915452060548,-0.07425381783133841,-0.027757644439662978
Iran,1992,0.08240706894412814,-0.19079078029835797,-0.22196187526559955,0.08831403207747547,0.46519497643784957,-0.05557124266569672,-0.07425381783133841,-0.007497694955140891
Iran,1993,0.08807292819853169,-0.18629788264050526,-0.20822925004571458,0.189739263994018,0.46537147270723683,-0.09180229726239868,-0.07425381783133841,0.03432684061278186
Iran,1994,0.1792762115775272,-0.18598765974504788,-0.19160646773235887,0.347548714953752,0.5353517537960107,-0.22429513571438944,-0.07425381783133841,0.09238902623265083
Iran,1995,0.19925524335681638,-0.18742592498348354,-0.1809829509009045,0.44880255143373365,0.5203685721612789,-0.24228195237994393,-0.07425381783133841,0.11245593340085842
Iran,1996,0.21946377499550432,-0.1861999850358457,-0.15039107596910717,0.4421291084749645,0.5704143733855401,-0.2576624509594073,-0.07425381783133841,0.12681646796973028
Iran,1997,0.2579103030306209,-0.18548608328718047,-0.13476671156076864,0.5576417033908426,0.588881054641264,-0.2942072594220935,-0.07425381783133841,0.11620570862665129
Iran,1998,0.26467162567009,-0.18189317140335076,-0.114496200673381,0.655390777669829,0.5750276319606344,-0.30407781417555285,-0.07425381783133841,0.2118496160030029
Iran,1999,0.33583935188073877,-0.1869982148881372,-0.07719565806401228,0.8534690069988096,0.5966067984819456,-0.3884506958983475,-0.07425381783133841,0.3804614453478635
Iran,2000,0.3755104317159074,-0.18503005353671448,-0.05310663659252396,0.9296112772039973,0.6280729556143602,-0.4355558721332057,-0.0675670185051018,0.3602780393039392
Iran,2001,0.4129792022503722,-0.1854871131472558,-0.021428763237725516,1.023252350539075,0.661393858041612,-0.40510949755499215,-0.06852525472970714,0.4188967637839302
Iran,2002,0.4795270260819802,-0.18708213381928737,0.015674723206179287,1.2235599438383253,0.6737476174521648,-0.3417156827007387,-0.06958908088254362,0.44739477704902636
Iran,2003,0.5217699691194796,-0.18436134878022165,0.06303826733190507,1.4062979769570898,0.6707482909120115,-0.28929564016341475,-0.07040472095570494,0.4810532473300267
Iran,2004,0.6046886976816785,-0.18387482596909593,0.07868014784384034,1.6582059604430976,0.7186314088442357,-0.31806368151546793,-0.07332889773506468,0.57396307598364
Iran,2005,0.7189452045261373,-0.1789210674759142,0.11124696345617605,1.7941496018372327,0.8441878577198043,-0.22472929110481069,-0.06550190456576904,0.6591488489972636
Iran,2006,0.8259184953139707,-0.17945015809868542,0.16131718349019625,2.033387992491812,0.9521034718990122,-0.20852558550153255,-0.06001343529587971,0.7558904938397626
Iran,2007,0.9089808317615196,-0.1771938448477782,0.19636208985888787,2.368172265094229,0.9813760372003135,-0.2314430552924969,-0.05886789451180004,0.7859924260635511
Iran,2008,0.9418799073140964,-0.18579139152421933,0.23873660977765737,2.4965394075955425,1.0109115684412007,-0.45697814899712186,-0.054203588979160125,0.8271313173643056
Iran,2009,1.0015444950233319,-0.1842305805077376,0.2732818692912508,2.672524785951041,1.0378688637944804,-0.42396056941748456,-0.05195045337784872,0.8672661237723016
Iran,2010,0.9937201911876213,-0.18643520451626844,0.33409953258967245,2.8728845893670876,0.8721571881646926,-0.39627605998747584,-0.05889663558979412,0.8817354732073902
Iran,2011,1.0321323771093143,-0.18254575672862117,0.3496770414208897,3.0717591723980395,0.8695017656056507,-0.3628085998631441,-0.054418966146580997,0.9098924023017778
Iran,2012,1.054733884786625,-0.1865786861653997,0.39388068045775404,3.0481012431479724,0.9226022954454662,-0.36759575384307813,-0.05639034916411071,0.9654266591244561
Iran,2013,1.091225513172796,-0.18286393294623018,0.42179872217550113,3.0744962635878994,0.9632058966370443,-0.34239713508429764,-0.0428181104016838,0.9909396118911861
Iran,2014,1.1955387754082356,-0.17770790134209052,0.49172300773389505,3.5611495859438578,1.0001561901378728,-0.36234211949065487,-0.0593796957913867,1.1192368664448114
Iran,2015,1.1748416308410745,-0.17906429427327686,0.5417271044768373,3.621502293173357,0.8083949973869018,-0.3634238825728559,-0.05691121684226729,1.1195704059856706
Iran,2016,1.1827513948710695,-0.17780668237707217,0.5763783364171912,3.621502293173357,0.8039579211570257,-0.34004407304774387,-0.05498139338325656,1.1588339158111192
Iran,2017,1.2543354129606323,-0.17355425899635915,0.6266232795845892,3.621502293173357,0.8868257187389984,-0.36632995835791327,-0.04640471980283792,1.2863987952468274
Iran,2018,1.2184862714566895,-0.17236003551635876,0.6579003713520153,3.621502293173357,0.8048069898320644,-0.3539898620800108,-0.013482857924154122,1.2011043033319317
Iran,2019,1.3946509408278454,-0.1694411135220795,0.7262718105362945,3.621502293173357,0.9052180777567919,-0.19555715202125826,0.01226269285534656,1.384085795402289
Iran,2020,1.4561370580529527,-0.16960304053492695,0.7848165273046597,3.621502293173357,0.8367719444230304,-0.30273691427842936,0.011470970020411246,1.4371926589745743
Iran,2021,1.5860343286667689,-0.1615502590401059,0.8552135943942613,3.621502293173357,0.9004453020101367,-0.4077354838081914,0.009499761365334496,1.5045145018414214
Iran,2022,1.6137682191141303,-0.16236941181366726,0.9051172888313861,3.621502293173357,0.8923261625460962,-0.40687172856701403,0.01812681196237356,1.4867594494205798
Iran,2023,1.6787251580743827,-0.17056509466552386,0.9718088676659808,3.621502293173357,0.9257032618504906,-0.33847820361146963,0.022447086800147693,1.5079007253998762
Iran,2024,1.7395014491988707,-0.17056509466552386,1.0433032679234038,3.621502293173357,0.9476435874617813,-0.355852251642604,0.017346493022661617,1.6124630286306227
Italy,1990,0.6465097588187226,0.11278085077940612,0.46826018696599203,0.5343348737226341,1.035649202099879,0.07631659405312763,0.2526722166732151,0.4743692708529222
Italy,1991,0.646211291480718,0.09396984070507067,0.4897568251051552,0.6000965742570372,1.018085570568767,0.22769319324976595,0.2412264831957315,0.49963513507077084
Italy,1992,0.640636346979464,0.05528114184142255,0.5089457165954409,0.5889546156840758,1.0555030408646162,0.21949756929796335,0.29253366664599817,0.49259078187314154
Italy,1993,0.6266741822185224,0.02111179053213917,0.5128649447752232,0.6195685409391561,1.041374720183942,0.21448650490032886,0.32302818072391615,0.48766691050283273
Italy,1994,0.6154157803299983,0.031236437828274243,0.5461061303760353,0.5828807529962805,1.0244723456709894,0.2307463125382229,0.2795741113235192,0.47502286355798107
Italy,1995,0.6858715178512345,0.047686531178428665,0.5763651993394936,0.6960810268832686,1.077389035343697,0.11701989900388171,0.2733908255466027,0.5611669027734874
Italy,1996,0.6781183886832267,0.02753308673091809,0.5872645948025974,0.7377801408551908,1.0660992813751218,0.1900889186450508,0.29855063163968387,0.5602063385134851
Italy,1997,0.6856103819472378,0.030335858630673215,0.6210706747444062,0.7794084808065767,1.0708732344818337,0.16817823143501429,0.33792425365937834,0.5758660432894329
Italy,1998,0.7172644184243168,0.04068348569141552,0.6523150245351841,0.882437269531154,1.0684701297085226,0.16511789181240358,0.3638078512753478,0.6067814966580884
Italy,1999,0.7365437885417682,0.040422898926197534,0.6806692172324911,1.0081463843441831,1.0324074298889023,0.21656647372485377,0.3782449279709386,0.6242022002686798
Italy,2000,0.7425641557611907,0.05674346670704219,0.7333707939293393,1.0752766438879082,1.0018605812939292,0.18463109305883676,0.407238409829224,0.6461757840723454
Italy,2001,0.7423657119123687,0.07503114893691173,0.7603981417791894,1.0797738182293095,0.9828776664067677,0.22702999672470922,0.4388476298623311,0.6501377584679342
Italy,2002,0.7664016460395674,0.08623516387031832,0.7843470344219033,1.068601462224575,1.0150050805573416,0.1440488800266496,0.45295256739897727,0.6583601123896491
Italy,2003,0.8161499575564414,0.11111239933274532,0.8230050750600235,1.2360394588826413,1.000199374638553,0.1051419728379375,0.5013308545615576,0.7151696858616754
Italy,2004,0.8405223799776961,0.15196874889668005,0.8435952548380526,1.303902330362137,0.9714105020186863,0.16512228040978458,0.5232792112956309,0.7238801184635746
Italy,2005,0.8514989102421365,0.14808578378390105,0.867044938528258,1.4349990951950171,0.9245580230490994,0.09374546010578515,0.5624577391335667,0.7478322305789329
Italy,2006,0.8335828125445203,0.15198985365406975,0.9008553974959658,1.3936958487069127,0.9187679920852159,0.09227300394137927,0.5933810800489102,0.7361579264331599
Italy,2007,0.8102393454415392,0.1543007185404564,0.9069334854440527,1.4032915145953235,0.8727864369932047,0.05179751961715891,0.6709868067816578,0.7320707371628546
Italy,2008,0.7738672381774054,0.14426783310204483,0.9072925655677869,1.402967667334121,0.8166924879893411,0.1555971671991616,0.715600417421601,0.7154362089158415
Italy,2009,0.6355995315003106,0.0725305492376944,0.8235612113492218,1.2439889499269912,0.7084237474307052,0.3354565756357833,0.9125538343128914,0.6329583792497567
Italy,2010,0.6508862427667057,0.10007433629965691,0.8672113415124274,1.3615704556076822,0.6891989092442171,0.3854176965162876,1.1737481333390385,0.661122267322695
Italy,2011,0.6335458180450997,0.13699076168963475,0.8843245747264933,1.2415088622641235,0.6529104143452256,0.43734619548071135,1.8915179613179967,0.6216946631495395
Italy,2012,0.5771082878201348,0.14815754977416154,0.8555587535946615,1.171928438593267,0.5615117918596321,0.5566365905003121,2.755958833516882,0.5763154433554167
Italy,2013,0.4908803374564524,0.10053363863732381,0.8120618893379276,1.0596076885929848,0.4751774304399422,0.8297615574944944,3.1729365016575324,0.5356363833675972
Italy,2014,0.4364901821623038,0.09565355129961291,0.784894412659303,0.8705444974192993,0.4811287436033768,0.984416250675179,3.3799652023905473,0.47661101998225747
Italy,2015,0.4671322246308001,0.07673603626695703,0.8115845755149151,1.0005970257609058,0.4893057511206162,0.8187501244793014,3.3804100126979275,0.5161745684559654
Italy,2016,0.455190836102765,0.04362320836078328,0.8042672232373552,1.0792163174782048,0.4558074382738582,0.7810454522202969,3.4700562574944933,0.5054210079502994
Italy,2017,0.4443918625565246,0.011854049680162316,0.8321682524394839,1.1776108975242516,0.44760988340439595,0.7053159284599727,3.5579206278313413,0.5222729501906862
Italy,2018,0.431259407144453,-0.006013423032503052,0.8390102833508153,1.1204688730121735,0.4515735386123432,0.8569943165911008,3.4904279537008582,0.5027275738647778
Italy,2019,0.4072242352779042,-0.05720226667593467,0.8318312863965408,1.1616241125695366,0.43598990413224004,0.8556802059881906,3.704331376731031,0.49188717825042355
Italy,2020,0.3022579980393871,-0.09784294507088469,0.7530567968187278,1.0874487800422006,0.3151279752529171,0.9366634712973579,3.8536642072864975,0.41452443796861915
Italy,2021,0.4004860457954583,-0.08614646693732934,0.827817891643822,1.2063378784354613,0.40620630741842223,0.8878229808263469,3.906740380350348,0.4983702395590686
Italy,2022,0.41450241069137417,-0.04450064009900939,0.8057752896926246,1.0286819823247528,0.46538193992198773,0.7160939470661505,3.9260152644607227,0.4483890012453503
Italy,2023,0.3368572479514654,-0.10787218863732,0.768634901197467,0.8666617899730272,0.4425068500977202,1.0153711338822957,3.9260152644607227,0.4059761288799833
Italy,2024,0.31456577029416627,-0.16409478035150096,0.7941011508960418,0.8702245399810653,0.4428025630417549,1.1989956904314898,3.9260152644607227,0.38739546915942213
Japan,1990,2.6052751451219884,1.5382289957813382,2.903348908992026,0.7918666813371854,3.130656589608464,-0.11302820875517779,0.46321271886232457,2.4693032444736653
Japan,1991,2.6396970634801065,1.547410986857187,3.006115888794405,0.8880853956505791,3.1608486173644246,-0.08661373059175569,0.46413856224471733,2.5096777415857288
Japan,1992,2.675946933342806,1.5357213575461148,3.040609475802388,0.9041703389158836,3.2202811078989955,-0.15065786445151086,0.4566777128397049,2.585689627917426
Japan,1993,2.6572285912815143,1.5738663467685174,3.0733251782952964,0.9389581230042144,3.198749934258927,-0.09314976367273044,0.45589446765190644,2.608225819514753
Japan,1994,2.8165677758388523,1.6284768910036385,3.3051551884247385,1.0131613679680231,3.336791368854691,-0.22662229447551632,0.4610289966251653,2.7816853504787784
Japan,1995,2.849394466514209,1.6962146862927485,3.381306448811792,1.0700451345647504,3.4105134622694866,-0.1720599137832219,0.5072886063194054,2.8749687007376017
Japan,1996,2.892977998591258,1.745490130688193,3.4704896902748588,1.1390485713553113,3.4106102315892173,-0.18866664856911625,0.5185292857469062,2.947740196645867
Japan,1997,2.867153481876428,1.7734140916595678,3.518313032120001,1.1953717955812215,3.3871436715545364,-0.15729266001144282,0.49705806630206784,2.984557906522225
Japan,1998,2.75770833336753,1.6543088035138993,3.5598656088774905,1.2400169520904156,3.3057445454411094,-0.15131169767941438,0.4206553022954759,2.9223241876691888
Japan,1999,2.858772215568994,1.7739274591056116,3.6523024665836616,1.3487152060196042,3.4062556122013388,-0.1791836743681061,0.42656371379856356,2.9841511903008215
Japan,2000,2.9016697387958645,1.9121845803404698,3.716784138579652,1.4087090983495145,3.3350011364396743,-0.1829409226744377,0.41499549193972024,3.0521664852547756
Japan,2001,2.8711763331941356,1.972715929014069,3.716784138579652,1.4012439426624321,3.2433928470946642,-0.18671499443785736,0.43478259580739964,2.99454262359093
Japan,2002,2.9890891341654293,2.077625442515239,3.716784138579652,1.4511596613329207,3.286632604794307,-0.19775984338225708,0.43155906460320487,3.0063231707704023
Japan,2003,3.0266314685061366,2.174661379582241,3.716784138579652,1.517947156411645,3.250553776754732,-0.1500409333403366,0.46973522449119415,2.984916749587159
Japan,2004,3.015313340686486,2.2302332134582663,3.716784138579652,1.507063241215934,3.2150878210734506,-0.16056536086382084,0.45293536993071876,3.1018760475647817
Japan,2005,3.050810218710016,2.32395313659513,3.716784138579652,1.49264894599597,3.1713158321152894,-0.20734290564362054,0.462002657536735,3.096024953817342
Japan,2006,2.972175170221477,2.2973874145044184,3.716784138579652,1.6952493310782006,3.016275253686842,-0.17216177487037743,0.4823707233368225,3.0881344227174625
Japan,2007,3.0852919128841103,2.4059351407844742,3.716784138579652,1.8907676079258764,2.9482948065760644,-0.21800818892042662,0.482941114965765,3.052990535521169
Japan,2008,2.899068342024045,2.3122754262116967,3.716784138579652,1.840457252787577,2.667986343756298,-0.21143439504942863,0.4647614498951725,2.9240993594243645
Japan,2009,2.7304741580718277,2.2165235833044865,3.716784138579652,1.8135780567079656,2.581539084796922,-0.20431008512164808,0.5030991633879071,2.778229748293683
Japan,2010,2.9043733850025193,2.430343778617101,3.716784138579652,1.9434671300570927,2.5825712908740495,-0.20385524467135657,0.5073879206567389,2.950521942302242
Japan,2011,3.078848717180378,2.353558205996107,3.716784138579652,2.3576115702795413,2.6225047634828953,-0.17530192573764755,0.5810954082627039,2.69210898484574
Japan,2012,3.2130403009821347,2.4730012055090302,3.716784138579652,2.4690070150289176,2.650729148404333,-0.18998898565466954,0.6232798981842299,2.6211318838746562
Japan,2013,3.227309872494176,2.6379700910332233,3.716784138579652,2.459842543732372,2.5959738416567433,-0.16268193667237552,0.7716210586290284,2.6327292916717306
Japan,2014,3.090928525260642,2.6067767953102834,3.716784138579652,2.483564648069493,2.425595326050989,-0.11029511707773564,0.9873613019592292,2.530123792160997
Japan,2015,2.9806145634369434,2.573105045483579,3.716784138579652,2.3375589141500748,2.3666950667749367,-0.04685249364689046,1.2496452057021326,2.490961136027816
Japan,2016,2.9588123237360198,2.542567359918877,3.716784138579652,2.402323211139572,2.302069289414822,-0.02853778822486511,1.4645241894433874,2.469070596885211
Japan,2017,2.9221929952816508,2.5674347986164157,3.716784138579652,2.3291641388925974,2.2686762938443703,0.023574139490072244,1.6443721926940165,2.490993575959562
Japan,2018,2.806379793855164,2.483373919529514,3.716784138579652,2.2094330289631703,2.164426108954409,0.053707316399699515,1.8100325286078909,2.447859462883861
Japan,2019,2.6974144689430526,2.4418410097000933,3.6353432261943666,2.0910928539962543,2.0854450223459713,0.10662939546135278,2.008769869910122,2.3793671276494477
Japan,2020,2.5302962986686177,2.260411808661338,3.5711071069809175,2.077913949025407,1.8992245949457525,0.16639885661179535,2.2538342525148205,2.1822356364059416
Japan,2021,2.5628929359622243,2.3960550686101834,3.6165122281117967,1.9458059482681356,1.925518367425684,0.19455951793765902,2.357598903432089,2.295748106670054
Japan,2022,2.4712993302682347,2.2680460121618378,3.542294745561829,1.8325455162263895,1.8867499006570756,0.23812878780101007,2.5324801457910735,2.2342828701732413
Japan,2023,2.2823501156558157,2.034875179552458,3.502111077005245,1.728338203614728,1.7925890777009161,0.27617652492126227,2.7070492334359266,2.1438510972301357
Japan,2024,2.224485564867763,2.041782704337914,3.5098144196732046,1.668281604359814,1.690627553255642,0.3067863672668502,2.753297755520737,2.1103569340119015
Kazakhstan,1990,0.18864209252787636,1.0870145875594814,-0.06704507602967127,-0.25889808576265727,-0.07495615222877085,-0.24742112919259382,-0.07425381783133841,-0.025405430802769944
Kazakhstan,1991,0.21870595360638573,1.0799671673159046,-0.08335256847828465,-0.27356914979772956,-0.022200744755614624,-0.24938508248414681,-0.07425381783133841,-0.014572909760821413
Kazakhstan,1992,0.231031167000091,1.0934448202868179,-0.10431934448364481,-0.14175780876017027,-0.05302177308982481,-0.25187800301818014,-0.07425381783133841,0.033119866995579575
Kazakhstan,1993,0.11984399259302679,0.9816334074610297,-0.16498199026523494,-0.2653570965512294,-0.12242243092929934,-0.19784290241473393,-0.07425381783133841,-0.07344119255409534
Kazakhstan,1994,0.0496945280994982,0.9312249759020863,-0.22091090904979202,-0.33392808008726466,-0.19530589400133555,-0.059215687067853864,-0.07425381783133841,-0.11494266382100474
Kazakhstan,1995,-0.023971326864380672,0.7322609445040018,-0.24960228674133747,-0.28366713075096295,-0.2148207450005903,-0.10549473212388008,-0.07425381783133841,-0.17545138607545807
Kazakhstan,1996,-0.09082926694146869,0.6327645756069076,-0.2768442068602483,-0.34193060011459747,-0.23281916914936202,-0.10548967999893473,-0.07425381783133841,-0.2327739615324605
Kazakhstan,1997,-0.15990999050826066,0.496136483349054,-0.30815862106541336,-0.3647188737991387,-0.2553019077667817,-0.1054898595794943,-0.07425381783133841,-0.2571290847456824
Kazakhstan,1998,-0.15486359358402774,0.49765792234257555,-0.32135700512559623,-0.3645371092436399,-0.24823774742644467,-0.1353288870940903,-0.07425381783133841,-0.26357200844101947
Kazakhstan,1999,-0.18845995605683669,0.4539811406700629,-0.3226619548435572,-0.36398937578445195,-0.2746235152730004,-0.09111786042085744,-0.07425381783133841,-0.2890128339480181
Kazakhstan,2000,-0.19669683195338858,0.46883670065397703,-0.30903880527115213,-0.3135613016857108,-0.2773943434612878,-0.03267776793186929,-0.07425381783133841,-0.2801609978762714
Kazakhstan,2001,-0.1768884275413594,0.47846769654693005,-0.30069676093317993,-0.30762528423803065,-0.2559954212248513,-0.032163124774468345,-0.07425381783133841,-0.25164884286448996
Kazakhstan,2002,-0.16063676280515085,0.5199197325213687,-0.29165407245133596,-0.28241856842707586,-0.2641998467160145,-0.009806883742668472,-0.07425381783133841,-0.2479266972776154
Kazakhstan,2003,-0.11714063438196454,0.6104884122300624,-0.28863692360678855,-0.22444848071885548,-0.2673303342093008,-0.07036542144275107,-0.07425381783133841,-0.23166534347639475
Kazakhstan,2004,-0.06225715315135529,0.6910529128964489,-0.28238805364863306,-0.17244003206325234,-0.24242029848863741,-0.12161830174639428,-0.07425381783133841,-0.17124614283779674
Kazakhstan,2005,-0.030501925039364722,0.7132142506888773,-0.26900575050068387,-0.0699553198045612,-0.2445492235227116,-0.13796575067583117,-0.07425381783133841,-0.15615310092957185
Kazakhstan,2006,0.0289965064511214,0.7833296231733414,-0.2545593440592296,-0.03180001185411874,-0.20433673270864236,-0.16329807768161705,-0.07425381783133841,-0.12556548328420558
Kazakhstan,2007,0.05332107137395772,0.846584166988906,-0.23584338736605728,-0.09960428980498771,-0.17761227224302942,-0.1694719169143132,-0.07425381783133841,-0.05390816820281192
Kazakhstan,2008,0.17064563063833285,1.0159088444094229,-0.23033457278486616,0.044943667249464796,-0.20033693415977571,-0.21751829305017406,-0.07425381783133841,-0.034573960180706756
Kazakhstan,2009,0.07922338460569238,0.8938061885802854,-0.23516901737758078,0.02606577130084042,-0.24149615148520978,-0.23661495445712774,-0.07425381783133841,-0.07710810565554657
Kazakhstan,2010,0.18781366134471514,0.9837720339707912,-0.21382126611899044,0.11713042355394734,-0.2345287604646034,-0.20273289156043262,-0.07319214289127336,0.002065640912012345
Kazakhstan,2011,0.18026157225031314,1.0769529957249653,-0.17756731069953002,0.11189401849033052,-0.2212874918814602,-0.2237126662644247,-0.07298712392267026,0.02433072453108124
Kazakhstan,2012,0.17718276479218392,1.0941624801894225,-0.15976219139339093,0.1163478600482258,-0.21525553761825006,-0.25407728487391545,-0.07165424397795785,-0.018694211530094706
Kazakhstan,2013,0.2302053958794706,1.0872155323322104,-0.16862533981336772,0.15995244497459749,-0.2073043251803821,-0.278989116156233,-0.06829664635507367,-0.0015922999816875216
Kazakhstan,2014,0.06401629533012271,0.9163741524735294,-0.15252366158201658,-0.22449278534504713,-0.21301371504449013,-0.2349677875214908,-0.048757254602177995,-0.11420840778455295
Kazakhstan,2015,0.05707572933487594,0.8460892687200697,-0.1447289954814441,-0.24419516023570018,-0.19222282670036117,-0.17996252270055343,-0.014547981108194668,-0.1245490765054153
Kazakhstan,2016,0.0882634707778109,0.9005886487878201,-0.13936445228752803,-0.20930823506457832,-0.17277864472248372,-0.0980730682323634,0.021042460631288593,-0.07908406597457832
Kazakhstan,2017,0.1583085965462145,1.046364464760213,-0.10113723773347459,-0.1903244845355669,-0.15873902925156272,-0.1455788357773731,0.03191044951518023,-0.061692565448421686
Kazakhstan,2018,0.10881257606160233,0.8924231144159858,-0.07241800505818435,-0.1577195951974577,-0.17873479635190487,-0.1770404814210313,0.09802715250330163,-0.03731761769813725
Kazakhstan,2019,0.10273823357760363,0.8845013710155168,-0.13655191780714654,-0.08371464679681444,-0.1937148805848481,-0.16500050089899954,0.24141781243977184,-0.029635373678966324
Kazakhstan,2020,0.09941983995265322,0.8686305069585414,-0.13923186414135208,-0.133688053366407,-0.16359759100015903,-0.15809395931599401,0.42407266908676466,-0.069030756047363
Kazakhstan,2021,0.16070744290805608,0.9075458878880355,-0.03670368137930801,-0.03694906020665805,-0.13841655279958998,-0.1599087552035737,0.5694021121726174,-0.04826301261299594
Kazakhstan,2022,0.12667485235310952,0.8646347488592158,-0.07427878891255654,-0.046480200059523503,-0.11983676896083638,-0.13159667790828655,0.724233692471138,-0.05378001415184874
Kazakhstan,2023,0.1619027298985999,0.9225109981204359,-0.09476255836123505,0.013456083316967326,-0.12509717524720423,-0.09485730959390207,1.0195721664372428,-0.027956790677853238
Kazakhstan,2024,0.1591245176112239,0.9013433937124731,-0.07862766922403562,0.0014581399974364368,-0.11140309347727735,-0.016782315122738395,1.1098936955185028,-0.033412785656297225
Kuwait,1990,-0.4518491167500193,-0.20995474162550717,-0.42650179599123983,-0.4023995821338441,-0.30781913368764097,-0.5415295799690442,-0.07425381783133841,-0.43155052277641126
Kuwait,1991,-0.5082831051783887,-0.20995474162550717,-0.4538663288353282,-0.5428003889187395,-0.3188309661699497,-0.5415295799690442,-0.07425381783133841,-0.4906522880416423
Kuwait,1992,-0.4613742942688168,-0.20995474162550717,-0.43240910192925797,-0.4429003478574086,-0.3225727131995346,-0.5415295799690442,-0.07425381783133841,-0.4509728610594181
Kuwait,1993,-0.42339060009148377,-0.20995474162550717,-0.4293437837998193,-0.33777678696750635,-0.30026974456020056,-0.5415295799690442,-0.07425381783133841,-0.4008071774539389
Kuwait,1994,-0.40890308128854036,-0.20995474162550717,-0.41007606984334805,-0.32903440145367285,-0.2824492114518897,-0.5415295799690442,-0.07425381783133841,-0.3867263079132499
Kuwait,1995,-0.41648672708745577,-0.20995474162550717,-0.4063670349067273,-0.31623065818063306,-0.26940138635171007,-0.5415295799690442,-0.07425381783133841,-0.384497704778867
Kuwait,1996,-0.4203218840509229,-0.20995474162550717,-0.3962514850795799,-0.31565344724964284,-0.2728688520342724,-0.5415295799690442,-0.07425381783133841,-0.39495232096939914
Kuwait,1997,-0.41069372128727394,-0.20995474162550717,-0.39209141047534174,-0.31625391938011,-0.2604662976606327,-0.5415295799690442,-0.07425381783133841,-0.38421665719871445
Kuwait,1998,-0.41552111925914526,-0.20995474162550717,-0.39144331464226045,-0.3415194950461201,-0.23815760995450255,-0.5415295799690442,-0.07425381783133841,-0.39220431313492815
Kuwait,1999,-0.40845021306266055,-0.20995474162550717,-0.3869154018624897,-0.36040956982991107,-0.22746460012426634,-0.5415295799690442,-0.07425381783133841,-0.3869478565753978
Kuwait,2000,-0.40742841359965654,-0.20995474162550717,-0.385084969036625,-0.33715592581780157,-0.24994733874168604,-0.5415295799690442,-0.07425381783133841,-0.387134055655206
Kuwait,2001,-0.3952942961198927,-0.20995474162550717,-0.37810918077920247,-0.33934441986186187,-0.2407058687074095,-0.5415295799690442,-0.07425381783133841,-0.37735082022605343
Kuwait,2002,-0.38916373024138784,-0.20995474162550717,-0.371308553557748,-0.35805336016661643,-0.22086815816262745,-0.5415295799690442,-0.07425381783133841,-0.37734749391909167
Kuwait,2003,-0.3856204127836469,-0.20995474162550717,-0.35869695896805764,-0.32880939502100115,-0.1974822392277217,-0.5415295799690442,-0.07425381783133841,-0.3658590868952369
Kuwait,2004,-0.3766314424245545,-0.20995474162550717,-0.3536129098990887,-0.3072404077339171,-0.192417978161818,-0.5415295799690442,-0.07425381783133841,-0.3561732327295502
Kuwait,2005,-0.3503333941403901,-0.20995474162550717,-0.3455336071150684,-0.2749985473189161,-0.17949927397777696,-0.5415295799690442,-0.07425381783133841,-0.33586288008995274
Kuwait,2006,-0.3422379920193909,-0.20995474162550717,-0.3315382403412315,-0.2719085498754353,-0.16432261900002093,-0.5415295799690442,-0.07425381783133841,-0.33841424399727144
Kuwait,2007,-0.3416612657427487,-0.20995474162550717,-0.32935748544343096,-0.27969331840507317,-0.17175772839932543,-0.5415295799690442,-0.07425381783133841,-0.33446621256018805
Kuwait,2008,-0.32881973963072764,-0.20995474162550717,-0.3202184583918047,-0.26437629988934286,-0.12767930326201693,-0.5415295799690442,-0.07425381783133841,-0.3181444976826848
Kuwait,2009,-0.30110189462983783,-0.20995474162550717,-0.31467461160342,-0.24592780745438034,-0.10792223381701035,-0.5415295799690442,-0.07425381783133841,-0.3088735636576518
Kuwait,2010,-0.3091294657463779,-0.20995474162550717,-0.3004252613274297,-0.22807096474704835,-0.11479285551788614,-0.5415295799690442,-0.07425381783133841,-0.3023048025994433
Kuwait,2011,-0.30448080310625514,-0.20995474162550717,-0.2996063834842796,-0.17058944894096262,-0.13519505376109697,-0.5415295799690442,-0.07425381783133841,-0.30491590093891235
Kuwait,2012,-0.30740880143918764,-0.20995474162550717,-0.27810059265550413,-0.1434247971164737,-0.13364674464540666,-0.5415295799690442,-0.07425381783133841,-0.2669145821952229
Kuwait,2013,-0.28817621305390184,-0.20995474162550717,-0.2787509273969472,-0.1358638795662591,-0.11090595450870526,-0.5415295799690442,-0.07425381783133841,-0.31843832636570557
Kuwait,2014,-0.2941053912572429,-0.20995474162550717,-0.26315576933974594,-0.13939669938320345,-0.12248601643647238,-0.5415295799690442,-0.07425381783133841,-0.3374837456819815
Kuwait,2015,-0.2808499671750842,-0.20995474162550717,-0.25185661593036396,-0.08005606154637752,-0.10442241008675214,-0.5415295799690442,-0.07425381783133841,-0.28997843306295423
Kuwait,2016,-0.27616789091208616,-0.20995474162550717,-0.24591733642526714,-0.05291458775245561,-0.08102036293189124,-0.5407830344087224,-0.0695597658908495,-0.25400038032695105
Kuwait,2017,-0.27614675479786566,-0.20995474162550717,-0.22954196909711133,-0.0445704967483464,-0.10746659547505873,-0.5397556991323773,-0.06310019342298588,-0.26483600727629897
Kuwait,2018,-0.2694829358900481,-0.20995474162550717,-0.2318120561232556,-0.01422893840502511,-0.10045659369733087,-0.5387965837767,-0.05706956711462005,-0.25892430750567996
Kuwait,2019,-0.2670258589202214,-0.20995474162550717,-0.226704360314431,0.02640572774480348,-0.10936354832151851,-0.5354260555034829,-0.03587670813552584,-0.2516313302979257
Kuwait,2020,-0.2701390535306918,-0.20995474162550717,-0.2270117679325547,0.030760703413315292,-0.16097522307655834,-0.5316103114181756,-0.011884467232873017,-0.2760597814095702
Kuwait,2021,-0.24404786510784574,-0.20995474162550717,-0.20513853356606065,0.05885391532822252,-0.09287642708775014,-0.5334198666766857,-0.023262401580202742,-0.2785855654756333
Kuwait,2022,-0.2600253380259542,-0.20995474162550717,-0.19470243882414062,0.01584245437421549,-0.06651020664378003,-0.5347209493667032,-0.03144321471527903,-0.2482904319519466
Kuwait,2023,-0.26083718041519377,-0.20995474162550717,-0.17888926059204827,0.07238178159033924,-0.07253422959965157,-0.5347817565841775,-0.031825552046516985,-0.23614967559901442
Kuwait,2024,-0.24995842201834578,-0.20995474162550717,-0.13409350436167172,0.1196587657592323,-0.06965000042684039,-0.5356312212896744,-0.03716672834056133,-0.23251785927079693
Malaysia,1990,-0.398317729331349,-0.17915277860572004,-0.4025222501672315,-0.43017301969687544,-0.18266228980433677,0.00839001226770469,-0.07425381783133841,-0.4052600729316983
Malaysia,1991,-0.37796094991849855,-0.1748037595959365,-0.3918374269731883,-0.34020386635642136,-0.16795675187231915,0.005654801265485292,-0.07425381783133841,-0.37513914762832146
Malaysia,1992,-0.36263179914258437,-0.17263642669007076,-0.3770450774856974,-0.30845137375594717,-0.15571243592000253,-0.06481684123810307,-0.07425381783133841,-0.35776473571354905
Malaysia,1993,-0.3453508881431165,-0.17836335271285503,-0.36524798171325795,-0.3161228753123084,-0.13371226167685266,-0.05858715714734825,-0.07425381783133841,-0.3244074164391341
Malaysia,1994,-0.33175270181886446,-0.17488987878424905,-0.33637268493394623,-0.26568486656774515,-0.1254549220295686,0.026417403391977293,-0.07425381783133841,-0.31536994611445135
Malaysia,1995,-0.28642013353491796,-0.1740430400991757,-0.3226094065327669,-0.1950224278455367,-0.09146040379491971,-0.08044682730189419,-0.07425381783133841,-0.24891060433419065
Malaysia,1996,-0.2647794729735503,-0.1728804310569563,-0.30222066194610087,-0.15579760136677392,-0.07771968564171079,-0.20324234738969632,-0.07425381783133841,-0.2583250272414026
Malaysia,1997,-0.26503559460345616,-0.17484681919009276,-0.26815621947623947,-0.13694958731386966,-0.035104402113758836,-0.22044198978913682,-0.07425381783133841,-0.2300472106723899
Malaysia,1998,-0.2556134789673926,-0.17595201544010378,-0.24171566109688183,-0.13389252707172086,-0.06018109610729155,-0.262517826703963,-0.07425381783133841,-0.24921821640656144
Malaysia,1999,-0.23627209779993585,-0.1817937670473048,-0.24370373885511773,-0.05415095269875156,0.004192052152319995,-0.13890563300774986,-0.07425381783133841,-0.23421040599949972
Malaysia,2000,-0.20928993322053668,-0.16264660084581548,-0.22197063331739797,0.02271532598756764,-0.025863333740132517,-0.16779215276381762,-0.07425381783133841,-0.20024295364931216
Malaysia,2001,-0.1920853775760084,-0.1503028505210173,-0.20512452068318318,0.05494681752761007,0.0017943852462735648,-0.22702242470149284,-0.07425381783133841,-0.1744067252756867
Malaysia,2002,-0.17330435564916755,-0.1345860986539777,-0.18838350467054918,0.050918109785172264,0.04294708331038474,-0.29226522936632143,-0.07425381783133841,-0.16706091249503388
Malaysia,2003,-0.15449814642778215,-0.10054031287441803,-0.16848083195869418,0.07316901894647891,0.048277259175222666,-0.285738673364259,-0.07425381783133841,-0.10820872476200441
Malaysia,2004,-0.10595695320483925,-0.019412305652506564,-0.15145916417618055,0.06980576472157715,0.08836570667553213,-0.32351059322596026,-0.07425381783133841,-0.07360616836751167
Malaysia,2005,-0.09046930793735579,-0.05310844752751732,-0.13641721021243536,0.21895090231343756,0.08248871679881475,-0.31328266388772047,-0.07425381783133841,-0.06948071487418853
Malaysia,2006,-0.059496847558512596,-0.05001705573105795,-0.1097975058835415,0.3259217825902506,0.07364002824263338,-0.3198710877407481,-0.07425381783133841,-0.07127797687645437
Malaysia,2007,-0.046341117724372806,-0.028559024643182024,-0.09873608646216732,0.24692739472897984,0.12182425944349436,-0.30846944468122894,-0.07425381783133841,-0.05775106210833285
Malaysia,2008,-0.016132165475584423,-0.00951233082805736,-0.08328250406389759,0.33610608723174284,0.05773071334189759,-0.3069248014002858,-0.07425381783133841,-0.037962030727945045
Malaysia,2009,-0.017984361735212694,0.07451129056888292,-0.06781140556203093,0.24821438537361928,0.03274498788498492,-0.28770155383656787,-0.07425381783133841,-0.05039684596221279
Malaysia,2010,-0.0018688905141414436,0.12649857391355626,-0.004346183204954063,0.18951663291094054,0.036097931916112096,-0.3247466641663226,-0.07412592449641454,-0.038002258864040135
Malaysia,2011,0.013408090393627017,0.12636939513108744,-0.019725322162937504,0.2387772672438256,0.08172305334711534,-0.299010329448119,-0.07413420408879991,-0.02180515307353495
Malaysia,2012,0.017144162851039202,0.1516453769008196,0.019738459240635036,0.2574441211246558,0.04724091908309578,-0.2840393430809426,-0.0664623757550568,-0.007974638737604995
Malaysia,2013,0.07598877512746613,0.133086691819466,0.04917865036094331,0.38044382986183767,0.07752165204880987,-0.24223125587868266,-0.051893703024659336,0.060185722879660924
Malaysia,2014,0.0795259644796412,0.13968916292342784,0.07219918951302731,0.37890737041451705,0.08248753097298743,-0.20282008278235855,-0.04048443563574026,0.06744039070297078
Malaysia,2015,0.13422575430508102,0.18892063224209973,0.08912850363932691,0.5231601132852647,0.0565533532851748,-0.1941384592550754,-0.034361447197900685,0.03732141467236879
Malaysia,2016,0.12996062997606173,0.21966518246967848,0.14091048489734342,0.46865148487347935,0.06261433834430412,-0.07188765126363712,-0.03084638082102867,0.033263518258527844
Malaysia,2017,0.13473513668629308,0.2650288237432632,0.15184053354174173,0.44993583513882396,0.07246545509288374,0.04696492464489544,-0.030233152024507208,0.04637129825657159
Malaysia,2018,0.13783333188127853,0.29997514352180915,0.17962983189805237,0.44441885391571206,0.0552018084529368,0.03747816031735426,0.007023337134891114,0.1007724529582179
Malaysia,2019,0.16866405328584752,0.26948249192004453,0.20521763628990367,0.5485352479247024,0.09289321656472342,0.020383292477587713,0.1089516534844752,0.14467509621436936
Malaysia,2020,0.1437220436240187,0.3544234549108901,0.1764106479355936,0.47389394367271137,0.0019268948868065479,0.07237456058562802,0.19467503116390802,0.09131335719223779
Malaysia,2021,0.15196571981514045,0.3157196401206833,0.190726546268174,0.645674278878959,-0.017394228772813474,0.1258602771794189,0.18401277875798677,0.12998786890788736
Malaysia,2022,0.19676573123554028,0.33336777267081036,0.22938280902177896,0.7647401646923577,0.015694572441064484,0.10301114832145178,0.19401769545512024,0.15742654953692925
Malaysia,2023,0.20551255911067784,0.3896417914813789,0.261839779814923,0.7480617907685547,-0.041844138706696024,0.0877569197036977,0.233059114523702,0.14592281302979906
Malaysia,2024,0.20873632004088644,0.38182175619366593,0.3017744807946185,0.778599221043685,-0.0196727709659811,0.10342489488775261,0.2960845772002375,0.1619549663353788
Mexico,1990,0.24503574103615192,-0.10236316902703357,-0.0510222202645057,0.08462567547646312,0.7233746073290898,0.31998439572967646,0.8964924584886034,0.3289179588662652
Mexico,1991,0.30140362869109566,-0.10371236964393012,-0.040784057712180764,0.12845411138225785,0.8104024822068492,0.23957547618181665,0.8535881067715351,0.36835325697769133
Mexico,1992,0.3102125358784289,-0.10442628748205846,-0.02507211278585824,0.13464325549181172,0.8140474599167035,0.3535554971108704,0.884691222754204,0.3783228121409765
Mexico,1993,0.3332851408875358,-0.08206774698137703,-0.008606975404873731,0.13368075727510978,0.8602386818681311,0.3445123811825668,0.87680203998555,0.4001156663206984
Mexico,1994,0.4076599074573915,-0.06472908373445113,0.028956308758446885,0.16083138029162372,0.9773456869621657,0.12211418762830005,0.7618847402056356,0.42339957011639057
Mexico,1995,0.35130684171915655,-0.051251430763537775,0.04739638681996973,0.150728808705289,0.8608999388862905,0.28359248626681316,0.7443007303356136,0.3886926817924969
Mexico,1996,0.39186405673967395,-0.03042494038995378,-0.0024500649906012907,0.20622860289789874,0.8776087747597817,0.31898565115095084,0.724393564430604,0.4086621101833508
Mexico,1997,0.4468672250637963,-0.030683297954891477,0.03576569403169983,0.25470301403602535,0.9208969171192899,0.15474990457400836,0.6439954924971525,0.44696876267462055
Mexico,1998,0.5180213850939995,-0.022171851510001554,0.07699860189854836,0.3749164795197883,0.992409444400236,0.07203986691066519,0.6091070471657211,0.4933186095695269
Mexico,1999,0.48768867984395925,-0.02359281811715856,0.11111121365330089,0.3361737914789251,0.9717330664177884,0.18790352837496913,0.5725919848006537,0.510262442691123
Mexico,2000,0.560576827366206,-0.02050688053595901,0.15980160262648366,0.4501249190723966,1.0363749719978588,0.14940525362695495,0.5579074075378124,0.524788734203461
Mexico,2001,0.5592946186242866,0.0033481346266161236,0.17278541441760578,0.4594748146134775,1.0149405676775212,0.05526103671378563,0.49910940489985006,0.55486353296359
Mexico,2002,0.5735476739916938,0.01936630365274962,0.18886957654536013,0.5844727135648015,0.9570886426985509,-0.016253300761864167,0.4713001426181664,0.5554793537284944
Mexico,2003,0.6443456187445621,0.06981779480584922,0.28749399784709784,0.7180464838259042,0.948524557902389,-0.11848102830298587,0.5116466040492006,0.6292445254120959
Mexico,2004,0.6701011982674087,0.03980525767892707,0.32821455968374025,0.7777524806182464,1.0014412475750962,-0.03744507575983254,0.5357009639280349,0.6442852538962006
Mexico,2005,0.7234345067188758,0.09935667639705235,0.3622001796874161,0.7714870929870905,1.039390949129464,-0.011317410255479145,0.5667026114440729,0.7026264916786762
Mexico,2006,0.7650252003580366,0.12034105194920929,0.3819889977258919,0.9100520691463385,1.0348750475420339,-0.0065399503777290756,0.5004567816411387,0.7281354461693713
Mexico,2007,0.7874277055288051,0.09529472134831064,0.4227314546920303,0.9554907682283651,1.0797114990172325,-0.04993452329725981,0.5604358161926907,0.7258622258707188
Mexico,2008,0.787701118374861,0.062325425422657725,0.4500084070181348,1.0335549851260932,1.0714377221802622,0.07052106770287606,0.5239463880620243,0.7180969734616326
Mexico,2009,0.7632460714109593,0.06506688625060718,0.4353912185666117,1.0330627569506314,1.0225369592763769,-0.08981599474930908,0.5289905361678693,0.6888575330344576
Mexico,2010,0.8073472054909694,0.1285223748389011,0.4783888738708371,1.0804545100820113,1.0416972845830443,0.037719766824043606,0.5537487351705451,0.6873315124031951
Mexico,2011,0.8621634322243917,0.16502255748536834,0.5566157925341105,1.1477629009003196,1.0650186906381296,-0.022092428525676038,0.5196153745042839,0.7428454677779216
Mexico,2012,0.8679806302089899,0.12507760730639927,0.6184038479717945,1.2270549434699238,1.0570513499803067,-0.06048173961403542,0.6093540655375543,0.7748163080776292
Mexico,2013,0.8375206426054012,0.12853672803695318,0.589668680021257,1.1509968461125848,1.043890722496939,-0.07753959916346426,0.6901858557629581,0.7796263990011995
Mexico,2014,0.7875708604041403,0.1166522800498219,0.6346675501614158,1.126859977017949,0.9907321095249049,0.0705497525927156,0.8459423002124644,0.7562745315121127
Mexico,2015,0.8121490139160001,0.14098095074811604,0.6568735904962492,1.1919554758652848,0.9663139845128723,-0.008497664746892756,1.0070143248471748,0.7460860603637858
Mexico,2016,0.8240297295291261,0.09871078248470823,0.7109983506103364,1.2159380280721979,1.0033927621896643,-0.006618687294470203,1.0884034437229928,0.7443023876941871
Mexico,2017,0.8272329024148208,0.10136612412434509,0.7182193643181141,1.260147071637829,0.9728297853747356,0.025990311338466365,1.184029452660218,0.7160238771500856
Mexico,2018,0.7408050498476041,0.058564887533009896,0.8409284280654409,1.2374246723559519,0.8661888499279491,-0.010647903503475123,1.8683917013848805,0.7488119560412927
Mexico,2019,0.7845055002534632,0.04889083204590062,0.7546003114886511,1.2279003316374455,0.9403889031411142,0.016016968811983424,2.630455947248228,0.7405818496184823
Mexico,2020,0.5874917501998775,-0.0211948257476187,0.8403109854136541,1.1206976706279996,0.7159270630721999,0.15037677811694564,2.283019340305267,0.6568803689956716
Mexico,2021,0.6144234785599295,-0.04429012970827368,0.8141722776685542,1.264768648943248,0.7146666426827083,0.13986759036075874,2.248431090330162,0.7039190639205699
Mexico,2022,0.6282779645278461,0.012179707836964272,0.8363443236253316,1.0684190127360256,0.7761885279842432,0.3009786221353312,3.791673711917277,0.7324681243647175
Mexico,2023,0.6609400796924788,0.004296122692460338,0.8830720830005067,1.231257783486265,0.721914411192486,0.15482093659077317,2.892595478121412,0.7517056392544624
Mexico,2024,0.6742150224292958,-0.014889302187309703,0.9057912989821544,1.240995537184579,0.7351937109851854,0.16779980283005944,2.7955811407374562,0.7463642708174232
Netherlands,1990,-0.08985127740941103,-0.030123976961890443,-0.16540237675155797,0.4591917150530151,-0.03287373946488654,-0.5024318063195928,-0.0040186610970257605,-0.06781432216075518
Netherlands,1991,-0.0696870921873847,-0.045559477885728596,-0.155628390944548,0.5786527795902986,-0.038217857403451204,-0.49765679176344946,-0.012431181491329933,-0.05060520060871892
Netherlands,1992,-0.07319863239526828,-0.04582546816881689,-0.14818404691591133,0.5488704763309694,-0.03182872758111526,-0.49659580553037896,0.02649153324837196,-0.055416784011350896
Netherlands,1993,-0.06084399784590265,-0.04510781484202441,-0.14216288630451407,0.5797863559520479,-0.037710495860103485,-0.4914728913602319,0.03634682707975742,-0.044679064638123586
Netherlands,1994,-0.06424460955783291,-0.030183408528394042,-0.1275281817493943,0.5413188777662231,-0.023830888459357158,-0.4865884060521037,0.05106657163149781,-0.04223909772142779
Netherlands,1995,-0.04921787651086113,-0.0109476506332665,-0.12347320376673698,0.5706536654582951,-0.011940164758814755,-0.4811464708133116,0.08915199813069559,-0.027555109142112507
Netherlands,1996,-0.019408937567383575,-0.01588559791840423,-0.10783132325480166,0.6934701350494697,-0.002210783814456293,-0.4673624418681768,0.09908221124280923,-0.002616946385953513
Netherlands,1997,-0.04385303030276543,-0.015310575685883586,-0.09401111751693268,0.6141900939030851,-0.003212862376707055,-0.46026239237907096,0.10666205296859024,-0.017119541896098198
Netherlands,1998,-0.042134037382819754,-0.010445288701443213,-0.07965229159346233,0.5994664912608287,-0.003466494763721029,-0.4524012041573849,0.13176139894902034,-0.013712242532552588
Netherlands,1999,-0.057921235623215134,-0.03926695754526034,-0.07036875668716264,0.5727986839572197,-0.0014297747631303044,-0.44065487983940244,0.13532054488356857,-0.021472655609083235
Netherlands,2000,-0.05508857172734752,-0.028401139464609083,-0.05803741975502101,0.57598852179282,-0.005778055760566895,-0.4258828264804126,0.19098408751153384,-0.016467038521885042
Netherlands,2001,-0.03981387485129819,-0.017061659272426626,-0.0490691747134634,0.5990131057910949,-0.0004594042813112174,-0.418526600112281,0.17847321281117115,-0.0026554268995303363
Netherlands,2002,-0.0395976245793107,-0.017722813844883868,-0.04255318417545675,0.5871921210550314,0.006041268310234252,-0.39702770755746314,0.19789691590413974,0.002553946907740579
Netherlands,2003,-0.030874232772033456,-0.012985804756663302,-0.03521393676840086,0.5950788705193473,0.04063994509164947,-0.39876305777800886,0.2806031928544317,0.022406180431086227
Netherlands,2004,-0.024946207930631816,-0.01617176099319697,-0.024257613968607438,0.6228186410390646,0.04136829550482211,-0.35860529433465155,0.38244841912531263,0.027177427841452946
Netherlands,2005,-0.03719606902756992,-0.025386967873669924,-0.014733232637851762,0.5888631420276951,0.037107542357081844,-0.2815154428166706,0.4447533128741828,0.0185015433036848
Netherlands,2006,-0.04827862798648362,-0.031960732581527575,-0.009745522138665176,0.5433677832072964,0.03515785023136878,-0.25735953265925393,0.5733909978487657,0.013486211710929813
Netherlands,2007,-0.04715816370166059,-0.016258781067758563,0.0003481325589862245,0.5157733097763948,0.04234679460949856,-0.28997046705785334,0.6872450678271017,0.011212624897837052
Netherlands,2008,-0.042885142396319915,-0.0260472149840661,0.0038863854855382537,0.5600417385526318,0.022659415202917962,-0.23236285895447512,0.8328448483614065,0.0069794786923081395
Netherlands,2009,-0.05754323863985676,-0.036941285729791065,-0.01334070240190674,0.5869869289744589,0.007789018993889595,-0.20902926314441791,0.8433439886505676,-0.0012669417650990054
Netherlands,2010,-0.023637279286006525,-0.03632365763414468,0.0019902672711854816,0.7370434853011268,0.026342068434587456,-0.21400555911648295,0.6987935993660972,0.03652513920228581
Netherlands,2011,-0.06290383386063375,-0.03860626327964566,0.004871666312857783,0.5752484722395229,0.010071000835337584,-0.1643544695638799,0.9560983137535815,-0.002547183434143568
Netherlands,2012,-0.0685559620514661,-0.02152641132868805,-0.012886295263372798,0.5298954268955446,0.01576687525112335,-0.11973912070380283,1.0561042589020622,-0.0012589349577909591
Netherlands,2013,-0.07212649294715406,-0.021855180266606558,-0.00668260371541935,0.5256214443494448,-0.007045314515319612,-0.12594954655834914,1.2554118884279735,-0.011874313922072695
Netherlands,2014,-0.09584228106977424,-0.00015741869963632665,-0.0199430254355161,0.3962800843171275,-0.0201456708407148,-0.14836517618586345,1.3408743385129243,-0.042337572463728164
Netherlands,2015,-0.06839227174538902,0.047797735094692324,-0.010153489707538254,0.3781449946740259,-0.010916038919885731,-0.10826353726719784,1.919443464230546,-0.031357621773947186
Netherlands,2016,-0.06581012296585254,0.02688363324735363,-0.0052262316608899925,0.41662282857840066,0.0029978248200457328,-0.09371655228674004,2.0336774979399315,-0.020849236293475203
Netherlands,2017,-0.07494580738081782,0.002305274315745334,-0.0012594297437388427,0.44870487852810853,0.012580938937631209,-0.02226961976761855,2.6048196564844037,-0.012208316801064155
Netherlands,2018,-0.08777270605483863,-0.021620287268986838,0.00817593912756386,0.4290571554255313,0.008873415990790813,0.03441171145672898,2.769520644186734,-0.022844644526328815
Netherlands,2019,-0.10529423384301824,-0.06399497506687893,0.006739412818409656,0.474209016481774,-0.004129380732095917,0.11375684638959427,3.0789984216056925,-0.0360018982338994
Netherlands,2020,-0.15261216852455994,-0.11898316719376019,-0.0019505932965386624,0.4464383989808942,-0.016311363956807504,0.38473700338453576,3.9260152644607227,-0.05208479121896879
Netherlands,2021,-0.14092005796104504,-0.08329684049070467,0.003312846947416653,0.4115428113054535,-0.014169084756610616,0.613127321873657,3.9260152644607227,-0.03709872763557561
Netherlands,2022,-0.1796477611701808,-0.08407242944691647,-0.012688757405060066,0.21057734886483365,-0.03734483685728146,0.838611948417452,3.9260152644607227,-0.0865786863018775
Netherlands,2023,-0.20901860118517213,-0.12445631522924748,-0.02326400423402757,0.16483553737013043,-0.04508849523254695,1.0911596622790236,3.9260152644607227,-0.10727404937218694
Netherlands,2024,-0.2178766582759208,-0.11702727897991665,-0.005602750531850999,0.1743374376333256,-0.048716099790827354,1.2271296579649147,3.9260152644607227,-0.10858634791954962
New Zealand,1990,-0.48479102098763294,-0.1786217102777927,-0.3636321211564539,-0.4550088918727706,-0.3171697595145736,2.257255929725891,1.4041216189651051,-0.4344409756836082
New Zealand,1991,-0.48380489962511736,-0.17918098816088826,-0.36093902022844704,-0.4458242922865223,-0.31892773548968034,2.1595893332539378,1.4608958578085687,-0.4332581125829294
New Zealand,1992,-0.4784670068969475,-0.17572236427127033,-0.3638204192701193,-0.4384719770114102,-0.31366993578431535,1.9996868312841534,1.4627529752268806,-0.43017438721821716
New Zealand,1993,-0.4795795047698505,-0.1768137041641652,-0.35888087805582397,-0.44172849030606953,-0.3137828333240011,2.1537025000815007,1.4784055263919333,-0.4255222914578698
New Zealand,1994,-0.4785655824514101,-0.1786217102777927,-0.3560345112213453,-0.44939614878652695,-0.3079444177002522,2.3272713723923886,1.3562076153460576,-0.42547178741362957
New Zealand,1995,-0.4784107991765281,-0.17902310298231527,-0.3532100395163626,-0.454740514676732,-0.3045897479495899,2.389276849304293,1.2686716025921059,-0.42513332721840047
New Zealand,1996,-0.474998184459442,-0.1793967829726056,-0.34998707645455285,-0.4393832395815958,-0.30425105533053265,2.223466299463421,1.2585039120942598,-0.4221498290097278
New Zealand,1997,-0.46797003419629946,-0.17689982335247775,-0.34415421395682105,-0.4299247732657536,-0.3020737456365931,1.913238255541033,1.2961041105515032,-0.4191508983716712
New Zealand,1998,-0.4692553066149118,-0.1798847917063767,-0.3453978573121933,-0.44618416170848313,-0.3024285664756055,2.1069964977171147,1.446001772070901,-0.4209856760911046
New Zealand,1999,-0.4648885507227229,-0.17883751239599438,-0.34055465466768026,-0.42935081203513475,-0.30039641076126194,1.8980674920817664,1.6011051917298529,-0.4138078269263139
New Zealand,2000,-0.462255325916556,-0.1805019792226166,-0.3378440376360767,-0.4208280062163907,-0.29684820237113835,1.9677564820999254,1.6572809876485977,-0.41018385507993416
New Zealand,2001,-0.45562445870992857,-0.1741578656835924,-0.33466924385915814,-0.41307678483625765,-0.2978158955684448,1.68839558708912,1.5986201687167974,-0.41024308779036217
New Zealand,2002,-0.4560102047587234,-0.17389850713029847,-0.3311309909326062,-0.4199594400183022,-0.2936548148200271,1.8928995778637925,1.5786449222015557,-0.41063663524540306
New Zealand,2003,-0.45029685473855613,-0.1579105496360458,-0.3300931617944962,-0.45590551568680865,-0.2900904782099483,1.770282738022774,1.5296379966165452,-0.4123981358946876
New Zealand,2004,-0.45204097304652807,-0.15535517623535328,-0.32426467832266365,-0.4653816704996625,-0.2871067575182535,1.9891747061456573,1.5875516854437484,-0.4096457945238388
New Zealand,2005,-0.44807903629493584,-0.14902541589438117,-0.3217554964824232,-0.4729901640073569,-0.286429372280139,1.713295449864196,1.8927242767855066,-0.41228872751522083
New Zealand,2006,-0.4477114752237432,-0.14992966006517855,-0.31799391323501214,-0.47228750371227396,-0.2851713711236406,1.7262498915726807,1.9744224294475876,-0.4122954027708437
New Zealand,2007,-0.4511015712528102,-0.16446845601007473,-0.3160934159947602,-0.4620117068448596,-0.2848165502846282,1.7527926500030095,2.197144328908552,-0.4103182621379756
New Zealand,2008,-0.4481970021129967,-0.15255680676261588,-0.31817783232277846,-0.46957262439507436,-0.2834617798083992,1.7093212399196889,2.5848955195413184,-0.40872613107891026
New Zealand,2009,-0.4572607200619311,-0.16538755752634454,-0.3175866638263867,-0.46733045491180647,-0.2878809120760986,1.9677668626768732,3.150391842324827,-0.40825573629867984
New Zealand,2010,-0.45739495485895276,-0.17118725783422992,-0.3120778492451956,-0.45787381844048264,-0.2869777317586126,2.0192277571997415,3.6279597311262672,-0.4041373013916056
New Zealand,2011,-0.45933723576162805,-0.1686739430393374,-0.3131507105904991,-0.4671560097343813,-0.2873486808175801,2.1211345395531866,3.9260152644607227,-0.40381460609422
New Zealand,2012,-0.4544717417716096,-0.16093806613019632,-0.31467023257752075,-0.459547516226687,-0.28796155317587413,1.977525476836539,3.9260152644607227,-0.3981216525067742
New Zealand,2013,-0.45504856726944914,-0.16726833061858876,-0.3170042533817934,-0.4506935085501044,-0.2866712955794656,2.064430810309576,3.9260152644607227,-0.39613508334367525
New Zealand,2014,-0.4534644605875176,-0.16627745580557415,-0.31357985512862047,-0.43673850430426997,-0.28426819080615456,2.2324230306357262,3.9260152644607227,-0.3886662477426517
New Zealand,2015,-0.4544344670089785,-0.16940695712835033,-0.3113421728941303,-0.44722107360226865,-0.2819618553525742,2.265651269056454,3.9260152644607227,-0.3878771518983191
New Zealand,2016,-0.4571401054258698,-0.17600942823231214,-0.3135973712322173,-0.4455882423436429,-0.2796232634590836,2.4087975956406993,3.9260152644607227,-0.38938344795132307
New Zealand,2017,-0.4515316825483169,-0.17442872488403344,-0.31490528555071207,-0.44172009558936703,-0.2755355822396816,2.30238595507432,3.9260152644607227,-0.38870027935739915
New Zealand,2018,-0.45334906992784263,-0.1742581940411356,-0.3147554484215192,-0.4552022545927756,-0.27430001543714083,2.3769666540117744,3.9260152644607227,-0.38638095806364475
New Zealand,2019,-0.4490414635246975,-0.1716625334958403,-0.3132169959055352,-0.4471731884010655,-0.2727044990216419,2.3201472349135366,3.9260152644607227,-0.38503401739816107
New Zealand,2020,-0.4561962275211502,-0.17283823265468315,-0.31705977943019514,-0.4528331500151594,-0.28130942047073026,2.264601977508817,3.9260152644607227,-0.3928556099393219
New Zealand,2021,-0.45534490771210406,-0.16427801403550576,-0.31650590709738696,-0.46991914571122134,-0.2815065879596815,2.299750878067349,3.9260152644607227,-0.3908452877136512
New Zealand,2022,-0.4630039702243726,-0.17871938329369624,-0.3188246932705561,-0.47608328804517147,-0.2824320090924855,2.4786597129235934,3.9260152644607227,-0.398755198349685
New Zealand,2023,-0.46384188608580784,-0.18278462034239717,-0.31908425869810675,-0.47172911277126434,-0.28188470179143577,2.515342899978423,3.9260152644607227,-0.3823837113147507
New Zealand,2024,-0.46361462456737035,-0.17627564155875108,-0.3168186311472039,-0.49132246500137977,-0.2829508523095439,2.4183354586904855,3.9260152644607227,-0.3819572868135299
Nigeria,1990,-0.4655499610323611,-0.2083328302456209,-0.4553070283561644,-0.4717416000976045,-0.26980117750642324,0.5953347693745228,-0.07425381783133841,-0.3274883442289132
Nigeria,1991,-0.4506555082170403,-0.20827541745341252,-0.453463458452602,-0.4513998285342242,-0.24673782297061966,0.9190757774529218,-0.07425381783133841,-0.3129957176982975
Nigeria,1992,-0.429899176378252,-0.20856248141445435,-0.4516811949116284,-0.4455138286665595,-0.21702964181331186,0.8835054393023858,-0.07425381783133841,-0.3011113680720954
Nigeria,1993,-0.44067231956537595,-0.20955285208004862,-0.44599284026857017,-0.43453476155588944,-0.2387382258728864,0.7986908495049225,-0.07425381783133841,-0.3007512839979459
Nigeria,1994,-0.45828561727840567,-0.2095959116742049,-0.447757587705947,-0.4371331407720813,-0.2686722021095657,0.707907596286203,-0.07425381783133841,-0.3206688280958731
Nigeria,1995,-0.45130826829484927,-0.20966767766446537,-0.4484538528239195,-0.4396516167776345,-0.2549793433676795,0.6685795078030735,-0.07425381783133841,-0.31941870722710075
Nigeria,1996,-0.4400833100920232,-0.20983991604109048,-0.4501353987692115,-0.43796815982066506,-0.23512550460294235,0.6398223750147931,-0.07425381783133841,-0.3057221543225332
Nigeria,1997,-0.4248551738228938,-0.20981120964498629,-0.4510506151821439,-0.4212677788489903,-0.22746460012426634,0.6691897396455946,-0.07425381783133841,-0.2919772616063897
Nigeria,1998,-0.43675998382750836,-0.2097825032488821,-0.4524606615216856,-0.41914698905211256,-0.24662492543093392,0.7918126736900515,-0.07425381783133841,-0.29345658349546677
Nigeria,1999,-0.43111873472748935,-0.20972509045667373,-0.45221981509722975,-0.410546719815421,-0.24188322876413235,0.7916469709203334,-0.07425381783133841,-0.28407487744899673
Nigeria,2000,-0.4170812467125832,-0.20909354974238173,-0.45172936419651954,-0.3872387702876413,-0.2282064982422013,0.7917544006161309,-0.07425381783133841,-0.27900947288488964
Nigeria,2001,-0.4003833810150001,-0.2091222561384859,-0.45021422123539706,-0.397526766118512,-0.19030518134769892,0.7917805545140616,-0.07425381783133841,-0.26525600877326516
Nigeria,2002,-0.395689431452638,-0.20922272852485055,-0.4335345115853518,-0.3872729273853191,-0.1856925104405382,0.7918298089863645,-0.07425381783133841,-0.25783636793605447
Nigeria,2003,-0.3854968368924925,-0.2091509625345901,-0.433429414963771,-0.3165854236896157,-0.19609521231158247,0.7458757108659,-0.07425381783133841,-0.2392604484171134
Nigeria,2004,-0.3860349964740443,-0.2091509625345901,-0.41955228188921256,-0.30887689868157975,-0.19935311274251416,0.6237693846772504,-0.07425381783133841,-0.24142367772622672
Nigeria,2005,-0.3785274868463699,-0.20902178375212127,-0.414078499515215,-0.3086512178576382,-0.18593443373986482,0.6098116763885334,-0.07425381783133841,-0.21570911625258
Nigeria,2006,-0.3951408656041552,-0.2088064857813399,-0.4229153737797966,-0.29641870725183334,-0.21994884962518632,0.4039786760199247,-0.07425381783133841,-0.22520978021137078
Nigeria,2007,-0.4048171057655208,-0.2083328302456209,-0.4036345227456277,-0.28876324773483225,-0.2441411795578474,0.4039442225179589,-0.07425381783133841,-0.22300455433338742
Nigeria,2008,-0.38823355633830653,-0.20649562089495327,-0.4086879186333023,-0.3077033583970837,-0.2109493028902364,0.4039813935745151,-0.07425381783133841,-0.20812783719675457
Nigeria,2009,-0.41564866113013155,-0.20649562089495327,-0.4107285447023285,-0.34060274294237924,-0.2392059442515845,0.2574299222622014,-0.07425381783133841,-0.22723948514944517
Nigeria,2010,-0.37549686911739566,-0.20649562089495327,-0.39835779653709413,-0.3144457254993807,-0.1881278716537594,0.3100164275925303,-0.07257431253339432,-0.13355033769649985
Nigeria,2011,-0.34549367008631604,-0.2057923141904008,-0.38608338694164207,-0.24218638536233308,-0.17717681030424148,0.21789891504274167,-0.07263102907197352,-0.07287540977861749
Nigeria,2012,-0.33224236641462734,-0.2044144071774001,-0.37855146239502147,-0.2064519617097934,-0.15804874143748412,0.14859085790516033,-0.05592856190449071,-0.08099056377906629
Nigeria,2013,-0.29581667749707524,-0.20302214696634727,-0.3860395966826501,-0.19724540398932375,-0.10193866421366554,0.103781878130431,-0.05529697506509467,-0.07214693540077212
Nigeria,2014,-0.26944347125702006,-0.20302214696634727,-0.38194082844100075,-0.14684843621048435,-0.07255304745545989,0.03900941169763597,-0.05726325270253757,-0.0613898743881351
Nigeria,2015,-0.28771674803693575,-0.20267767021309707,-0.3801848390554224,-0.13833782935519656,-0.10393856348809884,0.13718919753128533,-0.055722152826821275,-0.08286466505100508
Nigeria,2016,-0.2769129623082278,-0.20233319345984688,-0.37769755234467783,-0.12977354706070107,-0.08929413976886137,0.24012060467411045,-0.05622895536597398,-0.05780216176209852
Nigeria,2017,-0.28317247134474866,-0.2033723219392241,-0.3751879282228216,-0.16019924592461782,-0.08844942424871259,0.3006508400579973,-0.05318586520107039,-0.11943057467478693
Nigeria,2018,-0.26907766849991055,-0.20224358644440768,-0.3724232433584407,-0.14383776496667075,-0.07211139228020921,0.2659217905085695,-0.05375834506702837,-0.13509087167100306
Nigeria,2019,-0.2563972860039112,-0.20215492674003993,-0.36977308753742727,-0.14058205009416969,-0.05363014567475143,0.3517255753361972,-0.044906763588654794,-0.08449829825172801
Nigeria,2020,-0.2763496325858083,-0.20073595522741217,-0.3677477442687892,-0.13158895593574013,-0.0919618279905359,0.22817048484225527,-0.046104193825304715,-0.0886371040813025
Nigeria,2021,-0.24879602377358026,-0.19121520624869728,-0.36485861624640487,-0.12329204930238351,-0.054145119737918,0.23215594850531537,-0.0445840990901458,-0.03068936164399957
Nigeria,2022,-0.24317002406449156,-0.1902908602941426,-0.3478495206472477,-0.14458867277217158,-0.03719668302877368,0.3146636489635507,-0.015995761298165677,-0.059519183552955844
Nigeria,2023,-0.2540474998170244,-0.19097909614074035,-0.3397000564869018,-0.1563617060348491,-0.05069082925087611,0.2525838839778007,-0.018802116939598112,-0.06039192271533089
Nigeria,2024,-0.2520807371433059,-0.1908283875611934,-0.344055114115588,-0.13395282726363972,-0.050576731835972125,0.4093613270938269,-0.00437961577128904,-0.0543809908121256
Norway,1990,-0.46664570913695164,-0.19162570771298706,-0.061952268908904,-0.5120250168431547,-0.25425357346969973,2.940080821014829,-0.06255156749328358,-0.38733820244090617
Norway,1991,-0.4713599050581163,-0.19336244467729008,-0.05229651680117232,-0.5130912067708178,-0.26043068171250583,2.940410643836333,-0.06595405785816434,-0.38363759989724205
Norway,1992,-0.4623567093699413,-0.1933193850831338,-0.049940600867403796,-0.47876454288313997,-0.2622854270073432,2.940970923160047,-0.06622606608618156,-0.3815050663363888
Norway,1993,-0.45713979281034145,-0.1921711292389665,-0.04341147325169955,-0.4671987056290504,-0.2591404241160973,2.9404986766555887,-0.06274722718888534,-0.3721603741195174
Norway,1994,-0.4521733019493293,-0.1898172047584236,-0.03907185858559432,-0.46235449894760794,-0.25623734452417796,2.9349830102158,-0.061868421903975,-0.37497192557972875
Norway,1995,-0.45434749130318874,-0.1880948209921727,-0.030129887699431954,-0.4751951267817912,-0.25083439083921694,2.9356292432393434,-0.06446049796104457,-0.37300138638107977
Norway,1996,-0.4513408226692662,-0.18823835297269362,-0.033738205040371116,-0.4862974036990368,-0.2419638698639079,2.9299112311150104,-0.06234342261303342,-0.3765688924005439
Norway,1997,-0.4459253854359155,-0.18836753175516244,-0.030440798538275006,-0.4618445821844413,-0.24452825683676996,2.9327329648145937,-0.06325169460440731,-0.36806403433031626
Norway,1998,-0.4408042665116605,-0.18642985001813014,-0.0060890355128348575,-0.44965293742516943,-0.24296381950112456,2.933996627947712,-0.062067507500495125,-0.3601560732792362
Norway,1999,-0.4361787299056815,-0.18764987185255788,-0.007100590495549576,-0.4371831577932957,-0.241981804444498,2.9320579753607956,-0.05959551952852816,-0.3524094079101844
Norway,2000,-0.45293556816056313,-0.18740586748567234,-0.00406154652150614,-0.46920588071589,-0.2506785922344506,2.9374182639038864,-0.06642919808267114,-0.3548843902600075
Norway,2001,-0.44938578225372733,-0.18984591115452779,0.008493120731494537,-0.4584157463944195,-0.24401994372844485,2.930666358128611,-0.05733639479240869,-0.34330132514734163
Norway,2002,-0.4505162736807568,-0.19258737198247713,-0.006049624279742074,-0.45971097310195014,-0.24408223091391149,2.9328308555609306,-0.05579198064530359,-0.35748846092819114
Norway,2003,-0.4426213314752469,-0.19307538071624825,-0.03190777221450638,-0.4484962216147146,-0.2342651285812172,2.9264906082264415,-0.02210743519526209,-0.3424786193203789
Norway,2004,-0.4410548514750586,-0.1906209838493407,-0.009430232273922968,-0.44079651085724486,-0.2395673292761186,2.9247738666447036,-0.01654455245000179,-0.33215171694722945
Norway,2005,-0.44617063368532567,-0.19340550427144634,0.010489956541528846,-0.4517103685201684,-0.241725285106112,2.92899699834041,0.01301103655174129,-0.32795715669961645
Norway,2006,-0.44139853654837574,-0.19541495199873907,-0.002739080699948371,-0.43990561856088495,-0.2355644341090206,2.92353637257075,0.04861799381705757,-0.32631428394557643
Norway,2007,-0.4395692852539364,-0.19387915980716533,0.013581548826362661,-0.4354202303766372,-0.23271854518506208,2.917367858061272,0.07669080267093513,-0.3389772683692293
Norway,2008,-0.4363200832552893,-0.19363515544027982,0.020785046430543384,-0.43055364241244587,-0.23808662965848013,2.9266324542193662,0.07314018936530671,-0.3186865484497431
Norway,2009,-0.4366075440629186,-0.1982281788169489,0.006907913355984876,-0.4257234906972887,-0.2397800766255464,2.8283936279926682,0.08922424669639938,-0.3230397268176414
Norway,2010,-0.4286439143635538,-0.19462552610587408,0.03823974294715109,-0.42035553734818165,-0.23161239121944105,2.799142232841242,0.08171433398136693,-0.31013818627461115
Norway,2011,-0.4321477542223329,-0.1941379711031335,0.013522151719065928,-0.42910371699504113,-0.2360258463537163,2.8279468489258526,0.14642369563663526,-0.3387058484179896
Norway,2012,-0.43288673970907127,-0.19370692143054025,0.030088663549616815,-0.4306062982900532,-0.2367348106465029,2.8769396771884277,0.15571751472456719,-0.32647551137152897
Norway,2013,-0.4312387713993426,-0.19364905490730136,0.033799765386462066,-0.4314150131530523,-0.23515285806398623,2.8667600576663754,0.23351537143079024,-0.31705569739150824
Norway,2014,-0.43095376720617734,-0.19333419201221644,0.022833940100467354,-0.422312972999411,-0.23757097821007545,2.865862622359062,0.2683116198079435,-0.3348705776008637
Norway,2015,-0.42817837883631943,-0.19373562782664444,0.03595314261434077,-0.4158948127908324,-0.23370972107062316,2.86699819795707,0.3074322820917299,-0.35488897391825286
Norway,2016,-0.4304720446336299,-0.1933050318850817,0.05129113624497543,-0.42196537559917563,-0.2379102030603912,2.87063857732504,0.23719122771481632,-0.33635735131207656
Norway,2017,-0.43113336843451755,-0.19254431238832087,0.05719719416061228,-0.4185612553023352,-0.23892337783797102,2.8713534192248167,0.34458344477050706,-0.32591987828248764
Norway,2018,-0.432286855853965,-0.1929482919293879,0.06924478335156359,-0.4206208303192447,-0.23609963296001094,2.8690640621855477,0.5042539790517396,-0.3259522809760709
Norway,2019,-0.4355866620513219,-0.1933399388627444,0.06258958358022124,-0.41944628604349016,-0.2420487365573117,2.8675044477480833,0.8261620967856672,-0.336017042326676
Norway,2020,-0.4400904442871251,-0.19351134475388249,0.06441107443520006,-0.4282006292563634,-0.24739959609181766,2.891347888331391,1.338519035645107,-0.33827771963555736
Norway,2021,-0.43950577116876344,-0.1920192001838541,0.08882603118339172,-0.4383639651293572,-0.24386003242758997,2.9150779680333185,1.5757436275997951,-0.3316389646703727
Norway,2022,-0.4416208733466707,-0.1928110952805151,0.05867330686389535,-0.44596891736611266,-0.24574164733687248,2.896353267109869,2.1657230305882584,-0.36102076882339396
Norway,2023,-0.44536419023384927,-0.19446215755191412,0.0678172865938135,-0.4459370927150666,-0.2463695189397248,2.8944301621839568,1.954185872209332,-0.342494936879741
Norway,2024,-0.44912428821419237,-0.1938875128372024,0.07983631917382257,-0.43951356208424924,-0.24908701041158762,2.8995778401445045,2.0211444890549854,-0.34593071183069296
Philippines,1990,-0.43652764433880303,-0.17392821451475896,-0.39121560529550214,-0.5644537223654847,-0.21441687018058447,1.0664956639300562,3.9260152644607227,-0.3378453585192982
Philippines,1991,-0.42529035633507273,-0.16949307631666286,-0.3919556606724666,-0.5644537223654847,-0.20086916541829428,0.9426236634272042,3.9260152644607227,-0.33603056512793955
Philippines,1992,-0.41125308107978076,-0.17279431186864375,-0.3944517054350095,-0.5644537223654847,-0.1760800913472942,0.8116794678113209,3.9260152644607227,-0.32792197972535164
Philippines,1993,-0.3955313962015211,-0.1678137521445682,-0.3927920546192134,-0.5644537223654847,-0.15351671163009897,0.8610269772389283,3.9260152644607227,-0.3287665824106509
Philippines,1994,-0.3920916313844312,-0.16812952250171423,-0.3703977161707148,-0.5643018452704538,-0.14730734694738262,0.8543097711439895,3.9260152644607227,-0.31676078109589456
Philippines,1995,-0.3819191890152321,-0.16475652095947282,-0.36232279241259363,-0.564287816462479,-0.12930825347748276,0.7448439696222638,3.9260152644607227,-0.30635284022500153
Philippines,1996,-0.36902689928409604,-0.1503028505210173,-0.34554236516686687,-0.5642060834073219,-0.12166347721876186,0.7479308409359522,3.826773128972194,-0.3029588451763467
Philippines,1997,-0.35675683792286383,-0.13836098974167763,-0.3317265384548971,-0.5643213636119839,-0.11013179995086007,0.6237316872491999,3.917023449770171,-0.28111016945272765
Philippines,1998,-0.34207735432354835,-0.12819892552079726,-0.3403970097353091,-0.5642396305568267,-0.09340683585741373,0.6338913043139804,3.9260152644607227,-0.27489763367776565
Philippines,1999,-0.3532141906422385,-0.11810862729017732,-0.3319805219570505,-0.5642890363588248,-0.11863137186720168,1.0115321238922634,3.9260152644607227,-0.27184768191891107
Philippines,2000,-0.35590965019506315,-0.08963188235482894,-0.32855174467797854,-0.564209133148186,-0.14427524159582245,0.9555968990015731,3.9260152644607227,-0.2581325235976841
Philippines,2001,-0.35349495571860323,-0.0947272676633212,-0.3210490136373526,-0.5612313661685031,-0.1398238528882128,0.760581681846146,3.9260152644607227,-0.26758137988350184
Philippines,2002,-0.34849768407519505,-0.08815350295546355,-0.3376790943272069,-0.5239732919802715,-0.1549359949861484,0.7027834343511224,3.9260152644607227,-0.271576909312865
Philippines,2003,-0.3391567404046494,-0.08805303056909891,-0.3025578469403391,-0.5027599053812719,-0.15667784274130003,0.6251113230909305,3.9260152644607227,-0.27290081637584374
Philippines,2004,-0.33075653074279293,-0.07981429488719873,-0.29153145972615846,-0.5055071541368662,-0.14845293441079388,0.6360071228258516,3.9260152644607227,-0.26610441473580654
Philippines,2005,-0.33190026760673136,-0.05719365475710341,-0.2873494899924244,-0.4898082402844629,-0.1769269841771369,0.5891445385543764,3.784645879669897,-0.2701109614261647
Philippines,2006,-0.3538764896616861,-0.07292475982219507,-0.2855628474255516,-0.5000613554160103,-0.1875061787719719,0.7161950388918159,3.9260152644607227,-0.27949123186633645
Philippines,2007,-0.34469318251941494,-0.06333907697549251,-0.2795443847320108,-0.47941272028097165,-0.18821889126307606,0.56163525122037,3.7054258296639473,-0.2774489289409516
Philippines,2008,-0.33480771289788697,-0.03710217730256902,-0.27431094037756226,-0.47207142921157486,-0.19455718009764755,0.6427932234478949,3.8147514960142828,-0.2611120672863872
Philippines,2009,-0.33231437572126465,-0.04497908321477405,-0.2670268686968363,-0.47142596375116735,-0.18362817892738423,0.5971668999157993,3.604604378370195,-0.25547652347344957
Philippines,2010,-0.31521540037187246,-0.018761531652824744,-0.247759154740365,-0.4768335027055686,-0.17457015126687708,0.37783333930276297,3.160660593126628,-0.24466910425083027
Philippines,2011,-0.31365547322703413,0.00015741869963630117,-0.2441193084129516,-0.4698527316874088,-0.18890134882636644,0.45908497030574447,3.1062108416371874,-0.2407322690232886
Philippines,2012,-0.3059043904949775,0.009900369537395634,-0.23048915239910786,-0.4737632010985362,-0.18108682305261806,0.4521406875190093,3.031514146857873,-0.2290287892222849
Philippines,2013,-0.2784980126423802,0.062057020619083636,-0.22016997786764772,-0.4809200979453164,-0.16911349060946562,0.3810533710405614,2.744005227212556,-0.21818873742274736
Philippines,2014,-0.2608135622714413,0.07945166133841264,-0.21238056659815435,-0.4766026350653499,-0.15351816316989494,0.3532169379876599,2.899733644608614,-0.20276965705546615
Philippines,2015,-0.2351554952480909,0.10590891130783184,-0.19283566030226373,-0.4818673692938428,-0.11884819965627814,0.346537721322249,3.1007977702629295,-0.17228509597851502
Philippines,2016,-0.20341263733201634,0.14592419215725613,-0.1650454861407733,-0.4698313109785226,-0.09823625391255118,0.30444101805239465,3.1004335016492046,-0.1478748747685403
Philippines,2017,-0.16702035898097953,0.21087528398257804,-0.14911415201690095,-0.47111179335416864,-0.08295784599509823,0.3168848018026187,2.8460080186065766,-0.1255615832065468
Philippines,2018,-0.15131644641848768,0.23465996847469792,-0.12799016898175966,-0.46024435371253297,-0.0814203427867779,0.2752516405769646,2.748001568626964,-0.11257739585624957
Philippines,2019,-0.12940162144224848,0.2654475782964329,-0.10828104921464929,-0.45952318984669505,-0.07559208794160079,0.18483798213941066,2.6102316588852923,-0.10949292804596301
Philippines,2020,-0.16086569805382825,0.2672058450578142,-0.12524977457404154,-0.4692961348883373,-0.12001356031735433,0.20032439302646926,2.7614441523987727,-0.13292939247296068
Philippines,2021,-0.13631306116115835,0.30438349865234005,-0.10163412580225656,-0.4828432015875507,-0.09509062202072692,0.22878083218839873,2.562288052505587,-0.11974058787729133
Philippines,2022,-0.11946589053765881,0.30878705981472154,-0.08982695827024897,-0.4888529004695327,-0.07831566044541974,0.23214082194381247,2.5371247536685244,-0.09925552432329478
Philippines,2023,-0.07311494265567729,0.4039965418608435,-0.06867380847807421,-0.4911095956180658,-0.07206897527204363,0.23679611518096602,2.636108988602737,-0.07386696125714955
Philippines,2024,-0.03493320120317889,0.4629370185376447,-0.035854222593788836,-0.4835427062208803,-0.0511831891594268,0.2299501796051329,2.5903861846631457,-0.051676277848323314
Poland,1990,0.514378665861927,2.4277050152297623,-0.011606608145824383,-0.2870793935776335,-0.1762736299867555,-0.45532625089392154,-0.07425381783133841,0.17852720643936176
Poland,1991,0.5229480756474121,2.421696813411176,-0.03946597091652215,-0.31060947289681,-0.1812895063927939,-0.4510411551741861,-0.07425381783133841,0.16394107952445813
Poland,1992,0.5001567874403436,2.2927083421411933,-0.058685515588102234,-0.3196010074668623,-0.1765639379459474,-0.44478778372665023,-0.07425381783133841,0.14700340140513382
Poland,1993,0.5028306863267905,2.3142372116261143,-0.05478380351191684,-0.3137382250281952,-0.16524192753746203,-0.44674173940535505,-0.07425381783133841,0.16333444252626583
Poland,1994,0.4818485158816594,2.240516267180592,-0.051858614211252534,-0.29686734712445056,-0.15829066473681075,-0.4426228088198336,-0.07425381783133841,0.1325785536067477
Poland,1995,0.48540543661385593,2.207833112467381,-0.03518766261300567,-0.29000753197884194,-0.15092006821732667,-0.44316820834084647,-0.07409600551784783,0.15347337393047428
Poland,1996,0.5342594889283452,2.248116593059052,-0.019935515406098957,-0.2647745400862128,-0.11864750008715681,-0.4430093367403293,-0.07425381783133841,0.18424373799917426
Poland,1997,0.4999533627623688,2.152814933298439,-0.013112993055148476,-0.2609138961054528,-0.09845496870336233,-0.44411335382416844,-0.07394655740064873,0.17199653482349994
Poland,1998,0.4182393908328465,1.970686811917006,-0.013945007975996088,-0.26643230793868605,-0.08958444772805325,-0.43033212011632405,-0.07363929277385328,0.12495130612115926
Poland,1999,0.39089407764679573,1.889536370679384,-0.02110471532118487,-0.27601640342603573,-0.07956882313593158,-0.4315823538761622,-0.07363643467111396,0.10776046663377098
Poland,2000,0.34971003629595065,1.8180516707485763,-0.013257500909822015,-0.2555137509966515,-0.08432664802268829,-0.43718926632954447,-0.07349833622194323,0.08116995549495049
Poland,2001,0.34615622991577344,1.8083938013114536,-0.01185183359617946,-0.24844803232870577,-0.09087470532446187,-0.42944768502346353,-0.07214472907314187,0.08524800646122514
Poland,2002,0.32712255302393983,1.7499524090886214,-0.018341549978790922,-0.25391397119464604,-0.09182627030181323,-0.43516410577834774,-0.06496924266051239,0.07947192999835027
Poland,2003,0.3585209125331889,1.8092242182573943,-0.001679356432342431,-0.22203839855033292,-0.0762947944850448,-0.4524394887062727,-0.05631444259326959,0.0946658808293009
Poland,2004,0.3696636574786247,1.7937086468522303,0.012929073967382151,-0.20388936537540844,-0.05800539305595301,-0.4325406718665775,-0.02326499332447769,0.096604302336841
Poland,2005,0.37300423488483664,1.7598913719231646,0.016699415266591664,-0.18755330064845183,-0.048812307681541794,-0.4209375509854106,-0.02065153362429574,0.10457617694996596
Poland,2006,0.40868646563660904,1.8029094939588388,0.041309540820084485,-0.188503250699651,-0.02945844373541294,-0.4278756342102695,-0.005343955095187692,0.13642323358753053
Poland,2007,0.40359772199416116,1.7611102195269486,0.056469728483108036,-0.18771332588799186,-0.013378608440170874,-0.40979797407917967,0.02177997870984402,0.13357897333604352
Poland,2008,0.38932995019316413,1.7222746862976577,0.06789460705411564,-0.18457147950344982,-0.007975654755209885,-0.37972549806191175,0.04507498002011552,0.14341959382441843
Poland,2009,0.35872299708955663,1.6205073135676693,0.04579366334086326,-0.19154180868310625,-0.005749960401405095,-0.3281814924693815,0.08266242294466918,0.118130477685863
Poland,2010,0.4092087443953269,1.7062111285945398,0.07697670676905238,-0.1602065889240466,0.01137820919091897,-0.2879957187711525,0.15829942056968854,0.16195988122120067
Poland,2011,0.3948721367522485,1.7574758775602655,0.08995613953427531,-0.1646719889973007,0.006023640165823306,-0.2521089642138271,0.35667242197792337,0.165519098359388
Poland,2012,0.37571593533565323,1.7309686017689077,0.09385347258456149,-0.13898664530960464,-0.01463660959666924,-0.1691182787222521,0.5691794539858506,0.14365259840201428
Poland,2013,0.3621695233700896,1.7547397141408034,0.09912144074129671,-0.13941336260406278,-0.03795801565175455,-0.16791909310973652,0.7272598031799772,0.1441871573721559
Poland,2014,0.32005120668705817,1.662778774221057,0.10712192105913149,-0.15132289554151257,-0.03886119596924052,-0.0942195557857895,0.9863970947102073,0.1200741473860411
Poland,2015,0.3301205941412081,1.6430144205033277,0.1185905898891311,-0.1356128839776702,-0.011749658224705042,-0.048971300273897594,1.378581427711039,0.12651941094819494
Poland,2016,0.36418315190846356,1.6297377123051429,0.13976755913765276,-0.118867913845846,0.024264656935049766,-0.05391682782298364,1.6004640421249152,0.15550462153507602
Poland,2017,0.40376422697031283,1.651405357497372,0.15142655794933513,-0.0994635024623833,0.07368366793075286,-0.03812265597985893,1.8666202721470526,0.1870594580046161
Poland,2018,0.3994301330858302,1.6088892328321438,0.1732054330657531,-0.09703426367210802,0.08193544587570417,-0.08942570256474808,1.623371167628517,0.22148265288478144
Poland,2019,0.3458999871794308,1.4086590053614982,0.17584773729332928,-0.0834240684569953,0.09149006142862907,0.01513699954834706,2.065771364279253,0.1940232178011713
Poland,2020,0.2997573391347755,1.2702248358395516,0.159379376949283,-0.07108011464014889,0.07586100988113227,0.0996547080705911,2.390949922808773,0.17233069912544946
Poland,2021,0.388392050397055,1.4473867038732628,0.19911086572217715,-0.0353226390515125,0.09824420512498903,0.06697152817720126,2.388690762326386,0.2152613489892494
Poland,2022,0.3377414546147748,1.4116795784787686,0.1811263333459219,-0.10904007255493377,0.11097917662730149,0.21037640632577614,3.3538152847283107,0.17984731369196846
Poland,2023,0.2550044094460918,1.0741418214140772,0.15649061238604836,-0.09587122704987758,0.09916336850845056,0.4419479121757258,3.9260152644607227,0.13763820214921535
Poland,2024,0.23665474481868873,0.9877878983812098,0.16117104195494508,-0.06298728507964417,0.1110370540881828,0.5342071953875979,3.9260152644607227,0.12663091807208676
Portugal,1990,-0.4336120455466379,-0.14681502339435917,-0.3848966709229594,-0.5644537223654847,-0.20764301779943936,0.682342122449149,-0.06963569388149161,-0.4124841947942935
Portugal,1991,-0.4283891358991779,-0.14365731982289917,-0.3791776630986068,-0.5644537223654847,-0.20675596570190846,0.6253539701464879,-0.06911328458469684,-0.41146315017764235
Portugal,1992,-0.4154293263682429,-0.14230811920600261,-0.3757664019231316,-0.5644537223654847,-0.18488609944278284,0.15025804321779887,-0.06696291832020541,-0.40380810714295323
Portugal,1993,-0.4185265732257155,-0.13844710892999018,-0.374273154091505,-0.5644537223654847,-0.19615972519140293,0.53779495503042,-0.0630063098141124,-0.40546616073507624
Portugal,1994,-0.41656384903259314,-0.13480139662475907,-0.3696532817678511,-0.5644537223654847,-0.1941598259169696,0.7577579245999209,-0.03860345085172173,-0.4026194137882429
Portugal,1995,-0.40400993894310894,-0.12854340227404745,-0.3615082935953428,-0.5644537223654847,-0.17646716862621678,0.45494138648725435,-0.035345816974680054,-0.3891107223956031
Portugal,1996,-0.4100997001371132,-0.13190205061823673,-0.3553820363623648,-0.5644537223654847,-0.18624086991901187,1.0641863742127409,-0.029135862097555747,-0.39034370070836544
Portugal,1997,-0.40236241006279394,-0.13152886746888232,-0.34772312006466743,-0.5621399432724278,-0.17178998483923563,0.9171233442506688,-0.016538745254640465,-0.3829271668120318
Portugal,1998,-0.3883892511708035,-0.13840404933583392,-0.3390833019655498,-0.5457738219320605,-0.14566226851196168,0.731440524425814,0.009027914429753535,-0.3711960163097058
Portugal,1999,-0.367323279918011,-0.12264423787463806,-0.32888455064631755,-0.5123449350288878,-0.14166246996309503,0.18345127611077072,0.02912870171531208,-0.35939452058896526
Portugal,2000,-0.36920383520192707,-0.12237152711164832,-0.3192594517198803,-0.5115693646433347,-0.14764603956643987,0.5155541144401454,0.05055830523385767,-0.35832347014135074
Portugal,2001,-0.3689374856532548,-0.13593529927087425,-0.31224425222936514,-0.5055229691981258,-0.14145280310367864,0.6648553827100593,0.09649039852621046,-0.356882545055686
Portugal,2002,-0.356344979153123,-0.12829939790716188,-0.305342907412229,-0.4923027864284166,-0.13359835998554134,0.22953397776696194,0.14460568043540595,-0.3492549115270782
Portugal,2003,-0.37130624761641234,-0.13296418727409143,-0.29795986974618116,-0.49451212272721246,-0.1516297098953514,0.8013800553227751,0.20152543655520527,-0.3544542891146557
Portugal,2004,-0.36758869387471105,-0.13210299539096598,-0.2905374208470405,-0.4773031277728797,-0.15179099209490246,0.43248410205837007,0.3651872490174523,-0.34937999242741785
Portugal,2005,-0.3576237174431772,-0.1316006334591428,-0.28383751122126755,-0.4657872331566178,-0.1418237521626461,0.10611239641579602,0.7957932506893106,-0.34486603528384985
Portugal,2006,-0.3732865941720238,-0.1315862802610907,-0.27719452893218416,-0.46853816851121555,-0.17296734489595847,0.6100760606953698,1.2746148947960387,-0.3543489085205421
Portugal,2007,-0.38124654033439637,-0.14213588082937756,-0.2722418506401912,-0.4637850139552747,-0.1709997020614354,0.6822521343238103,1.9042400224353102,-0.3541055325025466
Portugal,2008,-0.3868570208633472,-0.1504607356995903,-0.27438319430489905,-0.45504695324283745,-0.1821765584903248,0.6074445936443721,2.783791384118889,-0.35844269587086375
Portugal,2009,-0.38604268973832473,-0.14291095352419045,-0.276196111027167,-0.4544678270507519,-0.19536944241360263,0.7798767458836056,3.3866081330536306,-0.3607527551191042
Portugal,2010,-0.4032927440044756,-0.17137334526148676,-0.2681387033726427,-0.44530573773553656,-0.20175621751582518,1.3129523674979704,3.8151765380822322,-0.36660405473902846
Portugal,2011,-0.40528332171160464,-0.15654649167367685,-0.2747028631955405,-0.4444876367096679,-0.21761025773169573,1.1003906049514762,3.9260152644607227,-0.3710567814632421
Portugal,2012,-0.4089450272433312,-0.1401264331020848,-0.28347843109753335,-0.4603664741078926,-0.23667381371863266,0.9860062536260432,3.9260152644607227,-0.38062684513142325
Portugal,2013,-0.4133333688386714,-0.14625524867032766,-0.28714367577516203,-0.465626815333014,-0.23598030026056305,1.5252135382275867,3.9260152644607227,-0.38004531779030387
Portugal,2014,-0.4163979941263577,-0.14494910764758737,-0.2877304652456546,-0.4699088419286162,-0.2384963025735598,1.59947483285127,3.9260152644607227,-0.3821502117347218
Portugal,2015,-0.40343982126874145,-0.13082556076432988,-0.284621356857224,-0.45477718856442356,-0.23693186523791437,1.1563784142027445,3.9260152644607227,-0.37681770983586027
Portugal,2016,-0.40499339561540093,-0.14090150579689772,-0.2823866436022935,-0.4474223045096956,-0.23830276393409852,1.3955923881778804,3.9260152644607227,-0.37799591997569765
Portugal,2017,-0.39148678410466187,-0.13167518396982536,-0.28106739198574565,-0.4188433380618697,-0.23648606511013526,0.8854301539242182,3.9260152644607227,-0.37135534503615353
Portugal,2018,-0.4027511836636381,-0.14461413271144768,-0.27565308992053694,-0.431667313916351,-0.24543804972443756,1.2508071705018855,3.9260152644607227,-0.3764404860112808
Portugal,2019,-0.4179680428024187,-0.179581508631536,-0.2760319063139989,-0.4239736388081676,-0.2380039241465503,1.3507913160321379,3.9260152644607227,-0.3781681035253208
Portugal,2020,-0.4364360247378904,-0.1962152145561334,-0.28317504780421093,-0.42591637498823687,-0.25356165670540565,1.5388136614010581,3.9260152644607227,-0.3892405731913307
Portugal,2021,-0.4415074247530541,-0.2052401466613369,-0.27907084957044664,-0.4310105395040694,-0.2505700493141527,1.7229269942008314,3.9260152644607227,-0.3895190435538562
Portugal,2022,-0.4398435919267875,-0.20982119947083053,-0.2731429140414174,-0.4357075068384616,-0.2457283254271896,1.5964673286932214,3.9260152644607227,-0.3882322908583809
Portugal,2023,-0.4459283462607431,-0.20985589115052242,-0.26981476239848307,-0.46194799151399274,-0.2506248691337801,2.103483946286966,3.9260152644607227,-0.39295016429976076
Portugal,2024,-0.45163596970930575,-0.20983047245695494,-0.2655670097752294,-0.4875012058476861,-0.253045062494117,2.498138636783729,3.9260152644607227,-0.39457682118221615
Qatar,1990,-0.5211704857355233,-0.20995474162550717,-0.47079126393572857,-0.4392411216573299,-0.3746991200944417,-0.5415295799690442,-0.07425381783133841,-0.4914867853706959
Qatar,1991,-0.5152293627423734,-0.20995474162550717,-0.47164079496017297,-0.41629914103323934,-0.3743926839152947,-0.5415295799690442,-0.07425381783133841,-0.4850448717901986
Qatar,1992,-0.5118080208253675,-0.20995474162550717,-0.46966147525373547,-0.402719864861859,-0.3628932630873031,-0.5415295799690442,-0.07425381783133841,-0.4775773796642972
Qatar,1993,-0.5117301996774183,-0.20995474162550717,-0.46831273527678247,-0.39892659717512247,-0.36321582748640524,-0.5415295799690442,-0.07425381783133841,-0.4766057789814881
Qatar,1994,-0.510703782637708,-0.20995474162550717,-0.4673537286048581,-0.39536693963857406,-0.3622320060691437,-0.5415295799690442,-0.07425381783133841,-0.4765091006853295
Qatar,1995,-0.5093840531495645,-0.20995474162550717,-0.4673143173717653,-0.39172188935783164,-0.3598934141756531,-0.5415295799690442,-0.07425381783133841,-0.473309597734372
Qatar,1996,-0.5065936028494599,-0.20995474162550717,-0.46435847488980664,-0.38351442674443303,-0.3573290272027911,-0.5415295799690442,-0.07425381783133841,-0.4715985154992544
Qatar,1997,-0.5011605675026847,-0.20995474162550717,-0.46312796861213207,-0.36476461991209985,-0.35361953661311635,-0.5415295799690442,-0.07425381783133841,-0.4593475762039541
Qatar,1998,-0.4844561774545175,-0.20995474162550717,-0.4565112604784438,-0.3031231327241584,-0.34095888394835705,-0.5415295799690442,-0.07425381783133841,-0.4406784630953239
Qatar,1999,-0.4756700004621695,-0.20995474162550717,-0.4547946823259582,-0.26571702859516777,-0.3438780917602315,-0.5415295799690442,-0.07425381783133841,-0.4412719447724816
Qatar,2000,-0.469819683045886,-0.20995474162550717,-0.4525482420396696,-0.2374664323297541,-0.3409266275084468,-0.5415295799690442,-0.07425381783133841,-0.4324740969811995
Qatar,2001,-0.4670766694268373,-0.20995474162550717,-0.4492376984598759,-0.2326026304049287,-0.32555643389122946,-0.5415295799690442,-0.07425381783133841,-0.41652449894743393
Qatar,2002,-0.46081667818440597,-0.20995474162550717,-0.44521337365851293,-0.22514097578448283,-0.3065735190040681,-0.5415295799690442,-0.07425381783133841,-0.4178778928524685
Qatar,2003,-0.4667228113380335,-0.20995474162550717,-0.4452484058657066,-0.24819087630171247,-0.3119442162491189,-0.5415295799690442,-0.07425381783133841,-0.41537841148739907
Qatar,2004,-0.45334565094468166,-0.20995474162550717,-0.441035782950678,-0.2000556113630951,-0.3355559302633961,-0.5415295799690442,-0.07425381783133841,-0.40849180649293537
Qatar,2005,-0.44665953452485396,-0.20995474162550717,-0.436678652180976,-0.17970240699976345,-0.3297497710795574,-0.5415295799690442,-0.07425381783133841,-0.40692959361263775
Qatar,2006,-0.43270801469800374,-0.20995474162550717,-0.426484279887643,-0.1246606061265654,-0.32939495024054505,-0.5415295799690442,-0.07425381783133841,-0.3762971262168084
Qatar,2007,-0.4179925655958108,-0.20995474162550717,-0.41741093822450476,-0.08077641010974153,-0.3148472958410382,-0.5415295799690442,-0.07425381783133841,-0.37188119964493865
Qatar,2008,-0.40762396224708386,-0.20995474162550717,-0.41000162640306165,-0.036267880446259365,-0.2971707667702405,-0.5415295799690442,-0.07425381783133841,-0.364289802137444
Qatar,2009,-0.3961260483211807,-0.20995474162550717,-0.39724114493279866,0.010954303160742218,-0.29121945360680584,-0.5415295799690442,-0.07425381783133841,-0.3520443632976785
Qatar,2010,-0.37491460111968256,-0.20995474162550717,-0.38197148162229516,0.08630425047474168,-0.2875260912370862,-0.5415295799690442,-0.07425381783133841,-0.3237321018094478
Qatar,2011,-0.35549382168228205,-0.20995474162550717,-0.36821696127291415,0.24986124470096271,-0.28230054797163145,-0.5415295799690442,-0.07425381783133841,-0.2908756502378607
Qatar,2012,-0.33457946521231385,-0.20995474162550717,-0.35759782346735897,0.4586410154612394,-0.25902752657641154,-0.5415295799690442,-0.07425381783133841,-0.23744509932080857
Qatar,2013,-0.3298690802144869,-0.20995474162550717,-0.35811454852346436,0.5585151491743136,-0.25814047447888067,-0.5415295799690442,-0.07425381783133841,-0.23106979413872797
Qatar,2014,-0.31173291818987264,-0.20995474162550717,-0.3418333302302461,0.6599861272038171,-0.24673782297061966,-0.5415295799690442,-0.07425381783133841,-0.2278650869423946
Qatar,2015,-0.3022301453443405,-0.20995474162550717,-0.33047413704772644,0.7038694584451649,-0.24797969590716296,-0.5415295799690442,-0.07425381783133841,-0.22458088788312178
Qatar,2016,-0.2960727087152013,-0.20995474162550717,-0.3271635934679327,0.6710951132752966,-0.2421896649432794,-0.5415295799690442,-0.07425381783133841,-0.23454236263435005
Qatar,2017,-0.2898370051229519,-0.20995474162550717,-0.3144819344638553,0.6267045845104298,-0.23777217775401546,-0.5415295799690442,-0.07425381783133841,-0.20111734473486914
Qatar,2018,-0.2937004750241568,-0.20995474162550717,-0.3064332848611293,0.6894109450324128,-0.24563105613264036,-0.5415295799690442,-0.07425381783133841,-0.20141734342280096
Qatar,2019,-0.28327071743647314,-0.20995474162550717,-0.2985847523629709,0.7307085132255756,-0.24386951582092364,-0.5415295799690442,-0.07425381783133841,-0.20248975691067223
Qatar,2020,-0.29161256761124904,-0.20995474162550717,-0.30108461563609773,0.7099534987253723,-0.2512596274865534,-0.5415295799690442,-0.07425381783133841,-0.2028319415481814
Qatar,2021,-0.28631200431323217,-0.20995474162550717,-0.29094865079020826,0.7447450864505084,-0.24689344416496653,-0.5415295799690442,-0.07425381783133841,-0.19145123877071185
Qatar,2022,-0.2705119990601516,-0.20995474162550717,-0.2787078064282736,0.7164223028522654,-0.23401656045526914,-0.5415295799690442,-0.07425381783133841,-0.18165062748242025
Qatar,2023,-0.25666139115333414,-0.20995474162550717,-0.25946781398915736,0.772795954707623,-0.22327580298031197,-0.5415295799690442,-0.07425381783133841,-0.16339572352678886
Qatar,2024,-0.2488572050398945,-0.20995474162550717,-0.2469284364650319,0.7491075453438981,-0.1967741567341339,-0.5415295799690442,-0.07425381783133841,-0.15743386929619588
Romania,1990,-0.03466368988588981,0.46397096651431824,-0.23753369136314773,0.2622371033933011,-0.10938990183292516,0.07753336321464967,-0.07425381783133841,-0.1032762209368743
Romania,1991,-0.12305300325839652,0.35930744631847117,-0.2747860646876253,0.11774525901186589,-0.15287158283189467,0.35446903966999055,-0.07425381783133841,-0.17836938296591504
Romania,1992,-0.18269379552913223,0.4194836541915508,-0.2851161867838334,0.04930442660168356,-0.1926921579010548,0.2142941662468868,-0.07425381783133841,-0.21249648047193806
Romania,1993,-0.19853830107003512,0.4354411667505179,-0.30284248362378696,0.013892163062735625,-0.20496573328689155,0.26318832533679776,-0.07425381783133841,-0.215103181753144
Romania,1994,-0.2070289317734963,0.4193615726467468,-0.3104576096624923,-0.008522141220709021,-0.2069011196815044,0.2856206542249234,-0.07425381783133841,-0.232678156463867
Romania,1995,-0.18973703592373217,0.4360951394277175,-0.3010032927461238,-0.009047832103762204,-0.20504637438666706,0.44459359067100174,-0.07425381783133841,-0.20886960126418763
Romania,1996,-0.18111520809855075,0.44075056359293974,-0.287695433038461,-0.004017512371447864,-0.17748324648338853,0.3591537588997401,-0.07425381783133841,-0.20046696523158575
Romania,1997,-0.21157019555383752,0.3326108405749183,-0.2851030497061358,-0.08076897512905923,-0.17217706211815823,0.5359569086799848,-0.07425381783133841,-0.22064814625413925
Romania,1998,-0.25425955527608224,0.2401897387541785,-0.29697020989296236,-0.13076664430849844,-0.19893377902368137,0.7022559087965317,-0.07425381783133841,-0.2467289416481181
Romania,1999,-0.29325373865245713,0.19130326311874687,-0.3190098472436261,-0.16735917613973528,-0.23033542327627546,0.7229589462524827,-0.07425381783133841,-0.2795327118587955
Romania,2000,-0.28560589208936266,0.24944399979974038,-0.3089205715718738,-0.16764583626553686,-0.22723880504489485,0.45843729257264043,-0.07425381783133841,-0.27877746606819404
Romania,2001,-0.27382204349759287,0.28412300312566147,-0.304545924698575,-0.18057918520673188,-0.20394965542971977,0.4308873687654592,-0.07425381783133841,-0.27540455331399216
Romania,2002,-0.2708502934094391,0.28971639060259663,-0.30797470197764704,-0.16834118438062534,-0.21309435614426567,0.4874061771409856,-0.07425381783133841,-0.265897460728482
Romania,2003,-0.2519433282673046,0.3348146517956051,-0.2950872287563073,-0.13728262329286878,-0.22083590172271722,0.3021674443584425,-0.07425381783133841,-0.25496292292847667
Romania,2004,-0.2573522718209538,0.309665512595445,-0.2908001624009924,-0.1627430642695875,-0.21364271562273932,0.47840627525806567,-0.07425381783133841,-0.2607974207122817
Romania,2005,-0.2691371104977518,0.3130896248796561,-0.286057677352161,-0.16225709441504946,-0.2159651792962748,0.645431408753941,-0.07417000351186626,-0.2632473310329446
Romania,2006,-0.2570723078161276,0.384640725560786,-0.28177499002274525,-0.14821487535799463,-0.22172295382024812,0.4801864417401526,-0.07405928181173599,-0.2539633088646159
Romania,2007,-0.26556736606993553,0.37000810401855627,-0.282541319555105,-0.19552676313808914,-0.22112620968190916,0.36384237351395277,-0.07335604737907596,-0.2554889636744045
Romania,2008,-0.2687418906138243,0.3710787557283149,-0.2800452747925621,-0.19339126997052222,-0.22444862299266127,0.38357349400987895,-0.07256996819016659,-0.256503035627833
Romania,2009,-0.3102375780459908,0.2945888763015932,-0.3029432012194685,-0.25720603129295255,-0.24338315321995735,0.41025237100978396,-0.07081510858239147,-0.2889655232323342
Romania,2010,-0.3176989826980365,0.2644193614581591,-0.2884617625708207,-0.24977124737582937,-0.2511085705784538,0.6405079213607572,0.03596639422164344,-0.28804281804723386
Romania,2011,-0.29424176607866853,0.3566521046788343,-0.2828653674716456,-0.2425094622444871,-0.24336702500000224,0.38550382109068376,0.4153728988489256,-0.2828414136851467
Romania,2012,-0.30399969059692367,0.3033299739153168,-0.2845688085464336,-0.2508405596450008,-0.24093166378678102,0.3564079790563998,0.9095069892436554,-0.28864760902677356
Romania,2013,-0.33317556565463263,0.18167226722579385,-0.2929283689880027,-0.273076438158541,-0.2513827503176906,0.6730188650527043,1.7661799521967718,-0.3093825491376173
Romania,2014,-0.3357709199712759,0.1813708500666999,-0.28917992281828914,-0.2871345665148406,-0.24849579894572638,0.9247413246339593,2.536821214797054,-0.31169566022117257
Romania,2015,-0.3322615105228227,0.19783396823244828,-0.2848446871780831,-0.30245496528949367,-0.24559271935380705,0.8570173520232583,2.9187295753075655,-0.3100643730074546
Romania,2016,-0.3371103368809208,0.15296587112161195,-0.28333830226875895,-0.3031887246251568,-0.23902853383207834,0.9309306784477487,2.7594939269662078,-0.3104138822639684
Romania,2017,-0.32799648954772415,0.17851009980973964,-0.27581203104457425,-0.2911140171224832,-0.23225837481330294,0.7955380825206572,3.0859329927131314,-0.2998926637954967
Romania,2018,-0.32621117389525084,0.16565220564126176,-0.2717968189961075,-0.2916375244390758,-0.22992105704918883,0.8904243630755319,2.6623378665693935,-0.2982168101760879
Romania,2019,-0.3309179381549898,0.12817962895716203,-0.27249109165729585,-0.309790801580231,-0.22372882053606483,0.924883020403635,3.071680711209435,-0.30082799049547615
Romania,2020,-0.3476250705184903,0.03735693176106458,-0.279306809001999,-0.30123795045344726,-0.22736907267747225,1.0132391947182229,3.3294603564026453,-0.3067588522741399
Romania,2021,-0.33146675261059305,0.07327233806122263,-0.27247320333649766,-0.2853605881055898,-0.22060463917678094,1.0234735538314126,2.9795926795414016,-0.29314120953289147
Romania,2022,-0.34213467659607344,0.07605705505698572,-0.29093472110882296,-0.33256153313798853,-0.21512018959638676,0.9531468756862406,3.4453860988537834,-0.31117225637292106
Romania,2023,-0.3557601628952275,0.01143501965916469,-0.29885097962153845,-0.3424201139708708,-0.20909597687875509,1.1955291476612393,3.623987385576038,-0.318217119634357
Romania,2024,-0.3619586335667323,-0.057194646319375535,-0.2920315522011515,-0.3342077023057963,-0.20153728879738206,1.1422195678797162,3.9260152644607227,-0.319132705492425
Russia,1990,3.66857840692225,3.8226776410286445,3.527583429948603,3.621502293173357,3.0631599890963392,-0.00640415463798275,-0.07368621546441163,3.7372639072294906
Russia,1991,3.66857840692225,3.8226776410286445,3.4448285985055587,3.621502293173357,3.1821862523650317,0.006016142168746866,-0.07365824496930921,3.7372639072294906
Russia,1992,3.66857840692225,3.8226776410286445,3.181263787684628,3.621502293173357,2.7840450145532505,0.05319997865050673,-0.07362297952004525,3.7372639072294906
Russia,1993,3.66857840692225,3.8226776410286445,2.9327409308274435,3.621502293173357,2.414644264701471,0.09433610782012547,-0.07361170996600612,3.7372639072294906
Russia,1994,3.66857840692225,3.504078786333541,2.605356196551601,3.621502293173357,1.7927723596724405,0.15978309602243038,-0.07347743725981888,3.7372639072294906
Russia,1995,3.66857840692225,3.5661563679088344,2.5623541622214767,3.621502293173357,1.671391376290302,0.17435683316434827,-0.07348860260731316,3.7372639072294906
Russia,1996,3.66857840692225,3.576734674873225,2.4923685703004934,3.621502293173357,1.5492201101303635,0.09432608999538468,-0.07352878907536173,3.7372639072294906
Russia,1997,3.66857840692225,3.1437704556319033,2.4350909115389836,3.621502293173357,1.4692080109330758,0.11764664383705588,-0.0734911461018955,3.6390332154428293
Russia,1998,3.66857840692225,3.0141323708254175,2.3553532289404866,3.621502293173357,1.4300970775419404,0.13132376467310486,-0.07345819504406816,3.538583489687891
Russia,1999,3.66857840692225,3.099419073650942,2.4405515568352834,3.621502293173357,1.4890941061377232,0.12402462469733584,-0.07347612280250115,3.6547221643375796
Russia,2000,3.66857840692225,3.119700142498546,2.54431695454268,3.621502293173357,1.5333983263544033,0.11611197900581657,-0.07275431624783467,3.725756236083847
Russia,2001,3.66857840692225,3.03948011858541,2.5759335215348895,3.621502293173357,1.5488007764115308,0.14727809699458377,-0.0719402290154109,3.7372639072294906
Russia,2002,3.66857840692225,2.946571867594226,2.5725266393853135,3.621502293173357,1.5008354502650414,0.10187800228386792,-0.07026657349450595,3.7372639072294906
Russia,2003,3.66857840692225,2.9839619485199225,2.66847985488854,3.621502293173357,1.5192216210138638,0.06043362120697738,-0.06628144472561674,3.7372639072294906
Russia,2004,3.66857840692225,2.8769732102396364,2.746557886671241,3.621502293173357,1.506786763428476,0.1257730696459201,-0.06460208505445579,3.7372639072294906
Russia,2005,3.66857840692225,2.8540655061485,2.8376722785558544,3.621502293173357,1.5086898933831787,0.09930015441309219,-0.06465586972038774,3.7372639072294906
Russia,2006,3.66857840692225,2.9400124560844207,3.0038694485081163,3.621502293173357,1.5662998950628224,0.07438062809068148,-0.06394400500441087,3.7372639072294906
Russia,2007,3.66857840692225,2.8070444293298498,3.104083456211263,3.621502293173357,1.598072488374384,0.0752212971170287,-0.06362387242726328,3.7372639072294906
Russia,2008,3.66857840692225,3.055372421009237,3.2033647313978806,3.621502293173357,1.6615531621176867,0.019183312485094937,-0.06434365675438884,3.7372639072294906
Russia,2009,3.66857840692225,2.7100024572996633,3.0482027067115975,3.621502293173357,1.5677998195186473,0.0796502771806431,-0.06390436546921684,3.7372639072294906
Russia,2010,3.66857840692225,2.838520992658085,3.235292209228933,3.621502293173357,1.6631659841131974,0.026290289035081463,-0.0634970372463934,3.7372639072294906
Russia,2011,3.66857840692225,2.961269542399567,3.25971841569466,3.621502293173357,1.6577952868681465,0.014727655472651646,-0.0632933437895622,3.7372639072294906
Russia,2012,3.66857840692225,3.1167290305017636,3.3407303948298233,3.621502293173357,1.879542183030918,0.0053758830866090105,-0.06437875476949044,3.7372639072294906
Russia,2013,3.66857840692225,2.7648984714395515,3.3275976961581284,3.621502293173357,1.8696394559784821,0.061769108865186044,-0.06495372922369667,3.7372639072294906
Russia,2014,3.66857840692225,2.6481401736951513,3.3511873860643826,3.621502293173357,1.7706928265538984,0.04163835225697134,-0.05959773460945757,3.7372639072294906
Russia,2015,3.66857840692225,2.975350029688668,3.3498282502799452,3.621502293173357,1.755645197335783,0.016938655607852664,-0.05493784870767569,3.7372639072294906
Russia,2016,3.66857840692225,2.8772746273987297,3.4447250389220683,3.621502293173357,1.6496666640107724,0.058811289554342616,-0.053020182789731723,3.7372639072294906
Russia,2017,3.66857840692225,2.8653342737051863,3.472709256479205,3.621502293173357,1.7593632358820341,0.058968262516866064,-0.05154998546410932,3.7372639072294906
Russia,2018,3.66857840692225,3.2214110089103056,3.5659774810103895,3.621502293173357,1.7404255929082866,0.06694461138005958,-0.04714151686502792,3.7372639072294906
Russia,2019,3.66857840692225,3.163658556942259,3.588123371045471,3.621502293173357,1.8235743889635438,0.07615099290130072,-0.034294058121671224,3.7372639072294906
Russia,2020,3.66857840692225,3.014761992451102,3.5064747253348236,3.621502293173357,1.7909815466415053,0.15668859509575997,-7.455902850429897e-05,3.7372639072294906
Russia,2021,3.66857840692225,3.1569974592020724,3.716784138579652,3.621502293173357,1.9336889236549408,0.1277951726104141,0.03861703475041166,3.7372639072294906
Russia,2022,3.66857840692225,3.1435515698584484,3.716784138579652,3.621502293173357,1.9988285461028263,0.0888206287194117,0.0887124806353421,3.7372639072294906
Russia,2023,3.66857840692225,3.1332402415618055,3.716784138579652,3.621502293173357,2.055228984835199,0.09338875826503226,0.10130392881777543,3.7372639072294906
Russia,2024,3.66857840692225,3.0730627318644337,3.716784138579652,3.621502293173357,1.9403109735406994,0.11017282109028344,0.120505846996412,3.7372639072294906
Saudi Arabia,1990,-0.011990961968267665,-0.20995474162550717,-0.20527340756375595,0.23334867970991824,0.20473943823270147,-0.5415295799690442,-0.07425381783133841,-0.09204595119105491
Saudi Arabia,1991,0.051585676362113586,-0.20995474162550717,-0.1871748935223705,0.27261997933475174,0.3510707778853908,-0.5415295799690442,-0.07425381783133841,0.0029479363123056826
Saudi Arabia,1992,0.09472399294421972,-0.20995474162550717,-0.16666791523642618,0.3459264053011073,0.3963265630794221,-0.5415295799690442,-0.07425381783133841,0.08182078541881135
Saudi Arabia,1993,0.1542519966502203,-0.20995474162550717,-0.1330807865895774,0.388529815197139,0.418535121957605,-0.5415295799690442,-0.07425381783133841,0.13310242871716724
Saudi Arabia,1994,0.20862496987612503,-0.20995474162550717,-0.09666480721184666,0.45350596548549915,0.4658230628659799,-0.5415295799690442,-0.07425381783133841,0.13606418359555023
Saudi Arabia,1995,0.19749897567872873,-0.20995474162550717,-0.08468379235164086,0.45731409150972574,0.4436467604277073,-0.5415295799690442,-0.07425381783133841,0.14855642343121228
Saudi Arabia,1996,0.13327928536956535,-0.20995474162550717,-0.058886950779465375,0.4949193359989603,0.3326523506966581,-0.5415295799690442,-0.07425381783133841,0.14342289630854682
Saudi Arabia,1997,0.13231429011016113,-0.20995474162550717,-0.06478549866568507,0.5265743835753408,0.3644572004481299,-0.5415295799690442,-0.07425381783133841,0.0844114404251396
Saudi Arabia,1998,0.15081217502320873,-0.20995474162550717,-0.027301036968550033,0.5475190767085855,0.40453582703657176,-0.5415295799690442,-0.07425381783133841,0.11820793493576096
Saudi Arabia,1999,0.17050128321594485,-0.20995474162550717,-0.005401528446660784,0.5351426671298497,0.44169524581313924,-0.5415295799690442,-0.07425381783133841,0.13389412198239162
Saudi Arabia,2000,0.250999801860782,-0.20995474162550717,0.010139634469593012,0.621063510551455,0.4732097876054191,-0.5415127427766714,-0.07414795067502473,0.2449694625669107
Saudi Arabia,2001,0.28120137258819,-0.20995474162550717,0.048596239916349995,0.713410566638942,0.5564152743538181,-0.5415136853095238,-0.07415387703558497,0.2965329687361315
Saudi Arabia,2002,0.31708900571985327,-0.20995474162550717,0.07349100215329067,0.7998074258135759,0.6425399689140916,-0.5415145894001886,-0.07415956168333435,0.36083577396059635
Saudi Arabia,2003,0.35936124401182123,-0.20995474162550717,0.1329012465277102,0.8650215839784505,0.7030530501856546,-0.5415156930151918,-0.07416650087957723,0.3747914875378256
Saudi Arabia,2004,0.4354275455078641,-0.20995474162550717,0.14249131324695388,0.9987818397939097,0.7174394223856103,-0.5415162901845056,-0.07417025569900908,0.4892560800915689
Saudi Arabia,2005,0.4847005578650584,-0.20995474162550717,0.18146026472391705,1.1311143655233338,0.7811458912082845,-0.5415175162806781,-0.07417796501967666,0.5098798237423599
Saudi Arabia,2006,0.5403376503996699,-0.20995474162550717,0.22466811327130398,1.183976133868519,0.8220631852343918,-0.5415178693455404,-0.07418018498439088,0.5855935575940415
Saudi Arabia,2007,0.5721205976284593,-0.20995474162550717,0.2536966759570876,1.2068010044434294,0.870302691120118,-0.5415184287075676,-0.07418370208307702,0.531734045322787
Saudi Arabia,2008,0.6675879362998154,-0.20995474162550717,0.3032584910842108,1.35008148992671,0.9648785729368679,-0.5415191749442649,-0.07418839419298148,0.6426136893636918
Saudi Arabia,2009,0.7219625570999412,-0.20995474162550717,0.35744455756088706,1.302717794411279,0.9201066343414898,-0.5415197923936766,-0.07419227652751391,0.7170581313702379
Saudi Arabia,2010,0.8435929660135552,-0.20995474162550717,0.439730833232717,1.521923408550226,0.978732713878305,-0.5414701562118951,-0.07388017927880812,0.8475488769976978
Saudi Arabia,2011,0.9132866587685494,-0.20995474162550717,0.4721312458608832,1.6314066657778274,1.0501162153996104,-0.5414543571460086,-0.07378083954681565,0.8155305876953651
Saudi Arabia,2012,1.0082922926857125,-0.20995474162550717,0.5658949484145114,1.7996785577458572,1.1678683492918494,-0.5412003681711716,-0.07218383394720677,0.9727778591225248
Saudi Arabia,2013,1.0310689975452165,-0.20995474162550717,0.6375533282289874,1.8163392920862989,1.2131402627058359,-0.5410078819376901,-0.07097353892194218,0.9143919699579851
Saudi Arabia,2014,1.1527830121085005,-0.20995474162550717,0.7329416493912179,1.8722709173862981,1.3858951102397756,-0.541016279638261,-0.0710263411148099,1.0288611463243837
Saudi Arabia,2015,1.231219596266296,-0.20995474162550717,0.8297794281260827,1.9215385478247264,1.654896561895615,-0.5410552930590437,-0.07127164566588222,1.182412832428026
Saudi Arabia,2016,1.195413467109051,-0.20799495596347467,0.8512366550321532,2.07410159667029,1.8252578098549315,-0.5410646001850716,-0.07133016605005438,1.2673351360608842
Saudi Arabia,2017,1.0945217204764615,-0.20699898755064008,0.9578587978654092,2.198817662968883,1.6220793102310391,-0.5408876075583244,-0.07021729012232561,1.2166054999327602
Saudi Arabia,2018,1.0258903282847343,-0.20735566452223456,0.8790171077561474,2.300303889702707,1.5510340510287146,-0.5394045510165796,-0.06089228062842203,1.2434666340720402
Saudi Arabia,2019,1.1546349398188354,-0.20719088980859654,0.8309967141245678,2.3273419431242393,1.6899923426724868,-0.5370269869792377,-0.045942879444773224,1.3214030368884258
Saudi Arabia,2020,1.1022407625847668,-0.2076216292821398,0.8269595981885532,2.348762442188341,1.5763745489399796,-0.5326531263099319,-0.018441370825079868,1.2278303691666943
Saudi Arabia,2021,1.1954488384894055,-0.20710577534414765,0.8885234037099393,2.4344455217127017,1.715985259337376,-0.5289840808935227,0.004628473363954089,1.3250048762789408
Saudi Arabia,2022,1.2812789197202017,-0.20718708621111276,0.9784079461707628,2.582656104753369,1.7283149931850965,-0.5213770754764788,0.05245901504421651,1.3976655970787404
Saudi Arabia,2023,1.409370302887503,-0.20718708621111276,1.0574564235103805,2.598959301559579,1.7868913587177815,-0.522406570254683,0.04598586428397442,1.4702038089139404
Saudi Arabia,2024,1.3982549969156388,-0.20718708621111276,1.100887255563656,2.6466832049377587,1.8198181436666139,-0.522928647164987,0.04270320309871309,1.4496637465550495
Singapore,1990,-0.45824535164872915,-0.2094667328917361,-0.4282139951178262,-0.5644537223654847,-0.19722418770844,-0.5225417048667937,-0.07425381783133841,-0.4161918188150432
Singapore,1991,-0.4541285232124209,-0.20966767766446537,-0.42453999238839907,-0.5644537223654847,-0.19195025978311986,-0.4900281426646397,-0.07425381783133841,-0.414500015094086
Singapore,1992,-0.4516166400993212,-0.20955285208004862,-0.42081344134818155,-0.5530958774394966,-0.19541782707346797,-0.4928053392496005,-0.07425381783133841,-0.40744958207008736
Singapore,1993,-0.43683393536293086,-0.20950979248589235,-0.4143937893799573,-0.5306461249908676,-0.17814450350154795,-0.4964515631490252,-0.07425381783133841,-0.40015938519765215
Singapore,1994,-0.43647158579602346,-0.2094236732975798,-0.40740048501893805,-0.5241782345663374,-0.1795637868575974,-0.5001884426629308,-0.07425381783133841,-0.3767202539823913
Singapore,1995,-0.4371819670895874,-0.20969638406056954,-0.40157638057300465,-0.5225100263136884,-0.17566075762846142,-0.5027768323179039,-0.07425381783133841,-0.41754695334367786
Singapore,1996,-0.43340862258011054,-0.2099403884274551,-0.38446314735893883,-0.5270443810303951,-0.16295172030383678,-0.5050912921806052,-0.07425381783133841,-0.4006613550800211
Singapore,1997,-0.4337953983188757,-0.20995474162550717,-0.3712384891433608,-0.5275732060962257,-0.13745300455481202,-0.5088898459327986,-0.07425381783133841,-0.3688950339680379
Singapore,1998,-0.4298037605858306,-0.20995474162550717,-0.3755649667317684,-0.5240672239988851,-0.14427524159582245,-0.5120771178733512,-0.07425381783133841,-0.3953824710461453
Singapore,1999,-0.4300449500862389,-0.20995474162550717,-0.3706079094138763,-0.5315592174055718,-0.14258177850053616,-0.5132811462818371,-0.07425381783133841,-0.3952692099491057
Singapore,2000,-0.4198766227591322,-0.20995474162550717,-0.36220455871331525,-0.5308675361775995,-0.13243712814877362,-0.5145354427531528,-0.07425381783133841,-0.39986957584842664
Singapore,2001,-0.420769699803708,-0.20995474162550717,-0.36016393264428903,-0.5137731286862862,-0.13535633596064803,-0.49165716970542145,-0.07425381783133841,-0.3929083240311297
Singapore,2002,-0.4166278555613982,-0.20995474162550717,-0.35364356308038314,-0.4821887924015799,-0.12227634957705595,-0.49392318188420076,-0.07425381783133841,-0.386369292692394
Singapore,2003,-0.4280460054339512,-0.20977676196966125,-0.3497068187970041,-0.43719962512291816,-0.1454962099515364,-0.4926494751763063,-0.07425381783133841,-0.3720588373007802
Singapore,2004,-0.4239933792110122,-0.20982699816284356,-0.3445176731064545,-0.41442782003904294,-0.12282093879747606,-0.4961299247049095,-0.07425381783133841,-0.3642790863925109
Singapore,2005,-0.4306447096022938,-0.2099116820313509,-0.3321942184209314,-0.42218281699836574,-0.1260082056508959,-0.49788774215693377,-0.07425381783133841,-0.37161225684799887
Singapore,2006,-0.42642585087810053,-0.20985426923914255,-0.3289441053985466,-0.41104343720943465,-0.1219687792630105,-0.4993774335558146,-0.07425381783133841,-0.3685928808131653
Singapore,2007,-0.4361315575132761,-0.20977676196966125,-0.3229041149757828,-0.4025026623175196,-0.14885888170706388,-0.5002238957228224,-0.07425381783133841,-0.397523510107894
Singapore,2008,-0.4360813187267313,-0.2098628811579738,-0.32145334369537854,-0.39679775606236356,-0.20022887508607654,-0.4975749009038088,-0.07372739176713859,-0.382968049830868
Singapore,2009,-0.43127879491368576,-0.20980175846517965,-0.31976785662677726,-0.39624142233393894,-0.19412434383306834,-0.4968791058956866,-0.07267952643933613,-0.38638725079552116
Singapore,2010,-0.41930887098770975,-0.20966112729547035,-0.3047526147210171,-0.38299395796857,-0.1598841328683755,-0.4960071687888273,-0.07183632536927598,-0.3802259515586523
Singapore,2011,-0.4117953494095016,-0.20976869974960902,-0.301444260654173,-0.37703696013358956,-0.13925936518978405,-0.49519594438894066,-0.07043932564980299,-0.3955621951362672
Singapore,2012,-0.4149240781288855,-0.20937529010226602,-0.2962183311460701,-0.3633359383069153,-0.1560327139430957,-0.4941187900191606,-0.06817958494377394,-0.3586905201084224
Singapore,2013,-0.418171815084027,-0.2037906120659645,-0.29294238187088006,-0.3367029783046692,-0.171273881800672,-0.4875755603736404,-0.06648132383620602,-0.34427855237485333
Singapore,2014,-0.4231675646035252,-0.20088105617036536,-0.2865748403108562,-0.32350986032149803,-0.18211204561050431,-0.48334406284973097,-0.057361461514224145,-0.3473450994628584
Singapore,2015,-0.42574657892836676,-0.20047959297230175,-0.28171018043943713,-0.3215838269762001,-0.18828915385331035,-0.4775609520710922,-0.04418571693866333,-0.3254162952154983
Singapore,2016,-0.4172271277253375,-0.20003168596869195,-0.27685296491204675,-0.31581030155160245,-0.167030659657074,-0.47489870783339827,-0.012343507242498657,-0.30311707263586596
Singapore,2017,-0.40345144735933786,-0.1890337148574826,-0.27240956733213045,-0.312587579385717,-0.07200678464558034,-0.47355083063128345,-0.000992107950859648,-0.280319955695432
Singapore,2018,-0.4120494400195897,-0.19883501312019725,-0.26880475321191066,-0.3101997542787809,-0.15331257675012688,-0.47016581123925505,0.023579808789539886,-0.30014024125218286
Singapore,2019,-0.4121195078944546,-0.19928869656124212,-0.2632464556380586,-0.3045666389235652,-0.16786774690013298,-0.46113857470755326,0.09061845017221637,-0.28422025148295293
Singapore,2020,-0.4158532305607522,-0.19986689122889342,-0.2674095955604262,-0.3027677797722993,-0.1833935939681373,-0.4648271311478413,0.13126861398245873,-0.2836877665172295
Singapore,2021,-0.4101432855021943,-0.1991464964283217,-0.25556914743158465,-0.29210570272704117,-0.17143622846274037,-0.44209315268944366,0.21099830445453235,-0.29179673873760237
Singapore,2022,-0.40498291580058693,-0.19627819638918598,-0.24943238053644853,-0.29651611597503186,-0.167849082002568,-0.40246097751484,0.3904320729822889,-0.25781747772867597
Singapore,2023,-0.4094243771061013,-0.20214229592575408,-0.24573558673455415,-0.29155369963064354,-0.17132969404089707,-0.37317060079179987,0.5955525021234922,-0.26176993078558597
Singapore,2024,-0.4055745771877842,-0.20211875668094867,-0.23438880997095488,-0.28166483712875595,-0.18907862474968865,-0.3421677162311364,0.7540286069142007,-0.2662074401694918
South Africa,1990,0.2651310317017887,1.714306755228063,0.12515912873792812,-0.5217573502684346,-0.18430842978190254,-0.5284504627808002,-0.07425381783133841,0.16123494393711
South Africa,1991,0.24376290939573056,1.6737733239289585,0.13060663695653046,-0.5211474020956196,-0.18172903213503502,-0.5286782182673775,-0.07425381783133841,0.1886076569453851
South Africa,1992,0.2839711138656568,1.7257295086778524,0.13233635218671372,-0.5208424280092121,-0.16757738268266215,-0.5254932628282913,-0.07425381783133841,0.1419045811990555
South Africa,1993,0.2523939912431149,1.7298347353020038,0.1638916128163346,-0.5157841278120573,-0.19091810450353616,-0.5117331984936463,-0.07425381783133841,0.17201373141063522
South Africa,1994,0.3100732005912047,1.798357469816459,0.16849396903639177,-0.5157841278120573,-0.15744085993780607,-0.4919843733650226,-0.07425381783133841,0.21481963732630627
South Africa,1995,0.35120477456252236,1.9236184434886168,0.20754612200543973,-0.5157841278120573,-0.13298548762724724,-0.5080388056766697,-0.07425381783133841,0.2516263595959363
South Africa,1996,0.33206258345965617,1.9098719071997206,0.23170082886541596,-0.5206509042829482,-0.13400156548441902,-0.47883103213086525,-0.07425381783133841,0.25608034964233173
South Africa,1997,0.33538914898287064,1.9220457169186342,0.2560175596836625,-0.5253438455245868,-0.14209793190188294,-0.4610400394967518,-0.07425381783133841,0.30332577687716505
South Africa,1998,0.43585419861559405,2.061458396907335,0.27357745353944657,-0.5315268901524125,-0.10655133512082628,-0.4693827018007302,-0.07425381783133841,0.29676698480575153
South Africa,1999,0.36704249097395486,1.9220286925902215,0.26914587932945816,-0.5213743028159068,-0.10868026015490041,-0.4811570606425815,-0.07425381783133841,0.2899132888205558
South Africa,2000,0.3851761926940196,1.982192105233186,0.2923634746470061,-0.5247924523763621,-0.10993826131139879,-0.4712954128984709,-0.07425381783133841,0.2903143699420323
South Africa,2001,0.6363532164561565,2.1863158280441937,0.30409050600505844,-0.5129265206224191,-0.10511592354482169,-0.47147019311736177,-0.07425381783133841,0.2680567680617404
South Africa,2002,0.6743524133929327,2.2821968907529833,0.3459934048344842,-0.513362023617809,-0.09776145524529273,-0.46694667719515065,-0.07425381783133841,0.24034154091972423
South Africa,2003,0.7056473044448708,2.2972307010890223,0.3887764878696489,-0.5338233450230611,-0.08360087812470843,-0.4828148712723013,-0.07425381783133841,0.3300927079907332
South Africa,2004,0.742388726228134,2.407494455153795,0.4220264315222594,-0.48555021678196336,-0.07535935772764857,-0.47181069583631896,-0.07425381783133841,0.419057814782636
South Africa,2005,0.7492186203912042,2.3609470338708634,0.40372648228951086,-0.486161384851124,-0.07253691923550476,-0.47761924744546674,-0.07237267108205911,0.33544651096557365
South Africa,2006,0.7704594668818913,2.3904141494718063,0.43189237687315263,-0.48850541567925204,-0.06710170911063358,-0.4571699286637486,-0.07243846814922578,0.40288771727708095
South Africa,2007,0.8117420037449361,2.4633283955764287,0.469893563626393,-0.4665863181409721,-0.0052364058400353845,-0.48667666693427347,-0.0725051775832772,0.4404747139139841
South Africa,2008,0.9431973650131739,2.6761432630947803,0.44498566431175457,-0.4637598183081474,0.01789852449809715,-0.48377970515751195,-0.07246968412634705,0.5069238129135358
South Africa,2009,0.9284818458252171,2.6328396645716223,0.40930536128508915,-0.47719148702170655,0.017859205062242783,-0.47936645826885194,-0.07240722171060741,0.46636326375219345
South Africa,2010,0.8986478320822507,2.565637991291732,0.44552428449735604,-0.45452520297172827,-0.014894661115950987,-0.47024755747741476,-0.07138074266109912,0.43401012312250326
South Africa,2011,0.8418692521274038,2.4079394042934092,0.4580176453877679,-0.45534070367878193,0.007717103261109588,-0.4715100993110032,-0.07116221294893446,0.455431861237253
South Africa,2012,0.9020598481377645,2.519277161583479,0.4256829181480898,-0.44971332183639073,0.008491257818954772,-0.48110474466800174,-0.07110684625260023,0.42162734206228925
South Africa,2013,0.9336122790517732,2.5524761086779653,0.4248946934862341,-0.4480914696448757,0.03811879787648704,-0.4831896729438357,-0.07176949150633023,0.41394427837320574
South Africa,2014,0.9745552232767126,2.6553024195231445,0.43514599311625674,-0.45359320216366694,0.02855476344310836,-0.454369684974732,0.10509518603038355,0.4615735025972044
South Africa,2015,0.8895824289192791,2.4551901322808924,0.4165964394072538,-0.4426318235500086,0.04474749627803614,-0.4206903220024124,0.3316995419444714,0.41230889535159415
South Africa,2016,0.9154930009723774,2.5378358466648323,0.4709313927645029,-0.43123921157816997,0.019751932669797124,-0.39127383150964046,0.5043670251865366,0.39837262277681124
South Africa,2017,0.924473563683888,2.495795329570258,0.46625897213005857,-0.45134127350963404,0.060282970486667184,-0.3426896822083267,0.6974581894946585,0.39014603260958075
South Africa,2018,0.9249559170928263,2.5251808041806805,0.4697192959117084,-0.4436053496296752,0.046693736964678816,-0.3134421891223449,0.8419022658566434,0.41060925062422543
South Africa,2019,0.9605324599042107,2.612756842095513,0.447661533772848,-0.4424310286115179,0.024975217921611968,-0.2985026192106647,0.918465129929321,0.44026766778038523
South Africa,2020,0.8934866441737791,2.5183419215516025,0.4020512246254101,-0.44589820275636316,-0.023208742374588864,-0.26596388310982133,1.0527158334186901,0.3714998058298488
South Africa,2021,0.8677895659960245,2.4448651879685173,0.40311749553673526,-0.4763532895331943,0.008903543505667154,-0.2253067146952353,1.2730308894658904,0.3867053496927462
South Africa,2022,0.8061753091721322,2.3013950553780145,0.3664688453759026,-0.4785110592678935,0.032685765061309796,-0.19198169772418502,1.4119579666348618,0.37486807890698176
South Africa,2023,0.7561060856405031,2.1794664145052645,0.3324009726157648,-0.47649309636383336,0.04268606918726705,-0.1573801514691931,1.6855075074202355,0.386983243755857
South Africa,2024,0.8154099704944787,2.3392413864829926,0.36114150667645173,-0.476881098068101,0.01330477347657523,-0.18941013728502357,1.5730314067595428,0.3799986564452288
South Korea,1990,0.22013056966640668,0.4542112886798324,-0.0764643607388462,-0.4806895397928006,0.39514920302269924,-0.33823887444083944,-0.07405290141090061,0.09634850427910349
South Korea,1991,0.2855434076968988,0.4544260898096777,-0.03271789200585802,-0.46520478552954614,0.5457545209634921,-0.3945888042828177,-0.07407093600084863,0.1550291565324724
South Korea,1992,0.3388464114701096,0.40881161909364844,0.014886498544323678,-0.43378208551063574,0.7339869760595504,-0.4153163811456024,-0.07392757310607478,0.24516543350950923
South Korea,1993,0.410735992498439,0.45046510398823664,0.06957177397350853,-0.40127367774411454,0.834401273500049,-0.4021905877628046,-0.07381641328819805,0.33762339744637193
South Korea,1994,0.4724667331624622,0.4613873908649419,0.15192811405972562,-0.34782269946399036,0.9247354334686054,-0.4576129093217556,-0.0738678320521756,0.38970514927702643
South Korea,1995,0.5502877663103847,0.474577972568329,0.22518921735330855,-0.3030451842012955,1.0351814837211808,-0.4347815191485661,-0.07401954229443432,0.48131871552165506
South Korea,1996,0.6245669316517893,0.5729260856212562,0.30926651461791044,-0.2291835102142629,1.0797114990172325,-0.44761782090111096,-0.07393787955255449,0.5626683019055195
South Korea,1997,0.6840852631376315,0.6157278336664961,0.3894596159099237,-0.166865715345927,1.176513075187787,-0.4570915174396882,-0.0738666375840813,0.64317970817933
South Korea,1998,0.4995508040569753,0.6401569767511547,0.35743579950908866,-0.19832196251434225,0.8972206902251922,-0.443291725737594,-0.07365246477276823,0.5560471651299493
South Korea,1999,0.6105320325107979,0.6872196153346685,0.44827869178795154,-0.12237426577628208,1.0142147977795413,-0.45236626805968383,-0.07325333919233983,0.6579739880027112
South Korea,2000,0.7150213479513543,0.7950838986961317,0.662443711440029,-0.07101784952160495,1.0594544547536175,-0.4726128924695893,-0.07258454821239743,0.7616556357512394
South Korea,2001,0.745872941842294,0.8565739928331614,0.7432367392802324,-0.03728893546128086,1.055761092383898,-0.4731407415643245,-0.07290982095744176,0.7613943049495207
South Korea,2002,0.7870760477446782,0.92452203241176,0.8273753429074231,0.0253814094509422,1.0597447627128096,-0.48274549718184356,-0.07277857065542806,0.8230587383785439
South Korea,2003,0.807953464058109,0.9681404003037077,0.9030273943419681,0.05185377009928589,1.067615334050902,-0.4697035732790926,-0.07216180991078563,0.8467479689812186
South Korea,2004,0.867301485938039,1.034481385847892,0.9900649131144278,0.15836962946614241,1.040761847825648,-0.4833170207132066,-0.07087842457132618,0.896151668013824
South Korea,2005,0.854575310229871,1.0540606458202368,1.0762835540437377,0.20868852387886166,1.0303752741745589,-0.49136290320114506,-0.06603942095115656,0.9171295486735052
South Korea,2006,0.8781372257409932,1.0984817918147458,1.1363944425620287,0.2801238240344361,1.0116826672465895,-0.49192403543249336,-0.05927763872771445,0.9304065015663989
South Korea,2007,0.9571635172447485,1.195252054070299,1.2296764522667452,0.33427929245416166,1.0583738640166254,-0.49023806262806696,-0.04972005520425152,0.9983920208667242
South Korea,2008,0.9950740165900083,1.3501379110913478,1.2970521447518057,0.3601325557070984,0.9769424814632882,-0.484499553734465,-0.03325906257001666,1.0218503271046362
South Korea,2009,1.0208208098823848,1.414325420086783,1.3261639089296742,0.3136850023472359,1.0140857720199006,-0.4814468037402785,-0.006891444649914105,1.0447384124915222
South Korea,2010,1.1988758209622707,1.6028695265399853,1.517890799874261,0.5458904418933883,1.0565029905018328,-0.4756117940117708,0.008215574834441117,1.181173067875642
South Korea,2011,1.2930989950124696,1.7518972840855527,1.6163531972177285,0.6318669064888726,1.0493259326218103,-0.470473047653156,0.012291408921235833,1.2646351430283296
South Korea,2012,1.2999917637337592,1.706728266656559,1.6671936879074174,0.7242161095939279,1.1021297247548318,-0.47130386895067333,0.02449847290182443,1.2847620411130272
South Korea,2013,1.2983312399828264,1.70433128258186,1.6916899587875311,0.793250653741303,1.105210214766257,-0.4580205400545934,0.08125739090841123,1.285971403586277
South Korea,2014,1.2491532668886627,1.756118614835676,1.6955610176824223,0.6619117335853941,1.115080685378783,-0.4534566494236845,0.13463689316082234,1.3064031097469528
South Korea,2015,1.2885555603082695,1.7910384551736052,1.7288372354904278,0.563284333937554,1.192415500063523,-0.4508732414490899,0.20110407113716658,1.3545013199877651
South Korea,2016,1.2935181885374345,1.7116662636274145,1.831731207043884,0.6064613451947826,1.2628151801675667,-0.41864577392964586,0.25586826201834567,1.4133007927029002
South Korea,2017,1.3673977494731586,1.8726253132620598,1.8678251572360134,0.6551414320766786,1.2740723228753927,-0.401873428735709,0.35608758530217677,1.4791532927621864
South Korea,2018,1.4278814213906295,1.9154369999825653,1.8989139508897743,0.8543534885745712,1.226399804562188,-0.38196916012976645,0.4439753271669761,1.5100054549859327
South Korea,2019,1.353436540172254,1.7788916395582843,1.8672273983056435,0.815745355710579,1.257842188698389,-0.35208767032778454,0.6372654480407339,1.448357207103343
South Korea,2020,1.207329595950664,1.5401822684106883,1.8223362434445534,0.8302231959411353,1.1716181120467524,-0.316544634977457,0.8843286885667531,1.3878618971571246
South Korea,2021,1.2584772160649487,1.5496964144141518,1.928132874210421,0.9773078196074882,1.245103830269886,-0.30525298286017705,1.0635807575147096,1.4992046760478348
South Korea,2022,1.1937839353376993,1.447212915855396,1.954141975925983,0.9572489316375409,1.1980159711850555,-0.2623964383320675,1.2269070648390576,1.463601640347598
South Korea,2023,1.1319235454960384,1.394965315053022,1.9470018527464055,0.895526591565957,1.1069129186886308,-0.23888725965973895,1.4641701287013897,1.4332303285556476
South Korea,2024,1.0896371624836347,1.2924003407197557,1.9541365004048896,0.9662488590699672,1.147832684941646,-0.21175434521496633,1.686030160042681,1.4778836025694722
Spain,1990,0.07653006256480085,0.4727264173260937,0.07582502295756328,-0.4313719606102449,0.319862672272258,0.07275113649277735,-0.07093274238963947,0.0736196827614773
Spain,1991,0.10132264496495712,0.4749798694202718,0.08858550442782626,-0.4150918642493747,0.3616831466158515,0.10475529632875544,-0.07059300487329251,0.09484914825069357
Spain,1992,0.14129253192305888,0.4678319767903308,0.09811864381038043,-0.4067528274860386,0.38764958074357436,-0.06621431224646392,-0.058359746929723226,0.10491081799168404
Spain,1993,0.09565386818815758,0.42915010803994563,0.09745741089960148,-0.40905988358998036,0.3515223680441338,0.04780786091448234,-0.05620650504238464,0.07971338182296511
Spain,1994,0.12514737100127185,0.41004600143261255,0.12328052662717216,-0.39876869869463505,0.40821306118633627,0.10537849525064377,-0.04850203624354901,0.11310159953802071
Spain,1995,0.1602277910777956,0.41290228784497873,0.14753595108283005,-0.3577294415506056,0.4550171554960579,-0.001361609577214085,-0.036180390634987944,0.1624139686030444
Spain,1996,0.12922756840077873,0.32177383341225324,0.17371814693413495,-0.33306744605224065,0.4359374712891659,0.30517142770249694,-0.026220297476669468,0.15160330757084314
Spain,1997,0.18181431878900794,0.3780527229745019,0.22593365175617214,-0.2617254627081497,0.4739839421632643,0.15890924156585118,0.01342356622850909,0.19541006431833807
Spain,1998,0.20283509202542083,0.3572692921950742,0.25322812018587343,-0.25365950694393996,0.5365775638090361,0.15030698660622216,0.08016638872228882,0.2318654562766226
Spain,1999,0.26864108456252206,0.412945347439135,0.3056844714323664,-0.20869413551302385,0.569930722676198,-0.04187485790741111,0.2174342307146219,0.2686124840671187
Spain,2000,0.31460503279524954,0.4465031244849234,0.362861412598195,-0.15705347800343922,0.5967680806814968,0.04973293590646486,0.38907568083738314,0.3035553854174216
Spain,2001,0.31824430061976433,0.38732488891615263,0.41798459061729965,-0.12541546620924754,0.6320566259432717,0.23108948699672668,0.5554982235991373,0.3256884643205141
Spain,2002,0.37338262023836627,0.4489718745498832,0.43799235995073543,-0.062487113833966254,0.6412497113176829,0.002783625336455764,0.7639913621579302,0.3512396796915153
Spain,2003,0.3897656103577575,0.3998643066131788,0.49229228110079076,0.004563036479016079,0.6693934551393453,0.25038335828951036,0.9434684553109469,0.38104581960508455
Spain,2004,0.4392170835464633,0.43126002815360287,0.5482211998853481,0.09603238520328933,0.693214836013039,0.12505688130542186,1.3899102819897278,0.4217471733573903
Spain,2005,0.4859989162719163,0.4201219464651805,0.5982778449390803,0.2151350304086263,0.705359385639235,0.014888644291511538,1.8814474978732127,0.44407409263782094
Spain,2006,0.46683808618193523,0.34717899396445434,0.6226733982235126,0.27383614020943264,0.6843926996975951,0.11121189092570166,1.6656168784917214,0.44305056841995144
Spain,2007,0.4941985521235678,0.38554509235769335,0.6384510285383229,0.2881308463874753,0.6910697827590097,0.16186090614294749,1.9685132401296406,0.455117593814942
Spain,2008,0.4117024297876657,0.15836267358919817,0.6529762574459628,0.3701500123479997,0.6379918108867513,0.1803876558948305,2.430933082726815,0.42276227879430855
Spain,2009,0.30863466271596673,0.0589237174843122,0.5925500790629293,0.26615983550610905,0.5671082841840542,0.3682938565086242,3.240771678980531,0.35010391981100686
Spain,2010,0.2632230752121391,-0.001675484691615722,0.6057221889677172,0.26437707966667306,0.5429965953511687,0.6269079366152148,3.680953914938041,0.3488576627378504
Spain,2011,0.27056669787429743,0.1444831310728262,0.599880568418187,0.20629158044889714,0.48141905156256876,0.5251078967165899,3.8441861399569746,0.3347775539431652
Spain,2012,0.2609441655554112,0.19837938975842773,0.585289654122059,0.18650408017683098,0.4134708608917013,0.520498589810169,3.9260152644607227,0.3299649207077309
Spain,2013,0.1806503443124755,0.09361539717621595,0.5400893487905373,0.122237082195606,0.3699246670129113,0.8703757095467123,3.9260152644607227,0.27233441855448715
Spain,2014,0.17777955720254124,0.12128836302064731,0.5318786752295409,0.0667645590482111,0.3484096215927981,0.8861732148100472,3.9260152644607227,0.25443721380806034
Spain,2015,0.2254272841882806,0.16406089321587825,0.5548203919154393,0.08922687145971013,0.38785924760299073,0.7043772991484756,3.9260152644607227,0.2820465353379794
Spain,2016,0.19898468722767537,0.07459740975719553,0.5604080289628159,0.10212120133395902,0.4141159896899056,0.831069000484954,3.9260152644607227,0.2852845689385719
Spain,2017,0.24775477573260365,0.13551238229026938,0.589839462031326,0.15708574435027478,0.42018020039302595,0.6057739609645767,3.9260152644607227,0.3280566565791983
Spain,2018,0.23331520232505226,0.08984050608851606,0.5864544750112458,0.15308028935707055,0.43064741514389066,0.8104504841322206,3.9260152644607227,0.32417735688986765
Spain,2019,0.17722844925463907,-0.0814218530690329,0.5706724656705362,0.25634789536052066,0.4225349205064716,0.7762979856576481,3.9260152644607227,0.3005834540180628
Spain,2020,0.05522253140461226,-0.1387198196929799,0.5050177303638602,0.17539369278987396,0.30902450846242585,1.0119778934679753,3.9260152644607227,0.2191178807680633
Spain,2021,0.1053991264763721,-0.13567352564480023,0.5394062207502623,0.21804731782675618,0.3681967056551409,1.0987523688533671,3.9260152644607227,0.26018040268180276
Spain,2022,0.12660439482075578,-0.12104469115318313,0.525489676442611,0.1916709760419242,0.38963759351990057,0.9786632525173584,3.9260152644607227,0.25844437979974977
Spain,2023,0.07231393216793579,-0.14896422908120668,0.5163999572226098,0.10678458324177915,0.36269167646608425,1.287600213906681,3.9260152644607227,0.22986954905268753
Spain,2024,0.07580334178498667,-0.15650189835751502,0.5246622567656022,0.08149668867157359,0.3831066310304279,1.479234899107328,3.9260152644607227,0.2383551552451474
Sweden,1990,-0.3966031292262156,-0.13993984152740763,0.08272636777469934,-0.550183654839475,-0.14751701380679902,1.2439741184224204,-0.07335546579197999,-0.2053622587218234
Sweden,1991,-0.3954795744947513,-0.13953795198194907,0.08972405116161783,-0.54965193466757,-0.1479202193056767,1.0096799529253107,-0.07231903561310836,-0.19505400786338142
Sweden,1992,-0.394747939869135,-0.14426015414108698,0.0797311140596479,-0.5476872762020999,-0.12855022713959274,1.2903112053094632,-0.0695501334384684,-0.20786638228518484
Sweden,1993,-0.3956885141470077,-0.143154957891076,0.0821176831747109,-0.5458067516538143,-0.1337112575252271,1.3112817773147287,-0.06695625068370958,-0.20837644734469699
Sweden,1994,-0.38943796433793815,-0.14258082996899238,0.07780434266400078,-0.5457564632171485,-0.11708306275151138,0.9645802685777034,-0.06311184896841457,-0.18620672157565096
Sweden,1995,-0.39105571301248604,-0.1420067020469087,0.08996051856017452,-0.5459946575123242,-0.11880878228670785,1.1191375204279612,-0.05949476230744606,-0.18205737189322252
Sweden,1996,-0.3745250497317724,-0.1357056481020408,0.08956640622924669,-0.5455486027705797,-0.09760017304574162,0.7987793079244798,-0.05165429481819568,-0.17415531028627856
Sweden,1997,-0.3917311348669198,-0.14662843181968202,0.08843223852135434,-0.5446321228783404,-0.11858298720733637,1.143324531698012,-0.04426032202159834,-0.18355404032371436
Sweden,1998,-0.3898438505330372,-0.14591077191707746,0.09212375735437835,-0.5438466998141672,-0.11676049835240924,1.1748387283845332,-0.03030378312701721,-0.17724053862626377
Sweden,1999,-0.3956215813741859,-0.14985790138140245,0.09126108925223633,-0.5441589558264097,-0.12153445145912102,1.1429514547560167,-0.023354630524398814,-0.18334679570055468
Sweden,2000,-0.40508811931498684,-0.15015931854049636,0.10318079774985324,-0.5457943379016881,-0.14469457531465524,1.4560892517106083,-0.0050275581426174705,-0.20125475548264646
Sweden,2001,-0.4052159584004905,-0.144575924498233,0.11676453608916551,-0.5440301572560775,-0.14493649861398183,1.2576053419068407,-0.008623844323190369,-0.18082050374537095
Sweden,2002,-0.4015801181428082,-0.13805957258258372,0.10864144304615324,-0.5438580180951642,-0.13869487749135528,1.1508824075571338,0.01689210110093366,-0.17239690441345626
Sweden,2003,-0.39348886510849507,-0.13930830081311563,0.09971698826358763,-0.5429803418698477,-0.14356559991779771,0.9728713690832845,0.036019870443505186,-0.18048015494613884
Sweden,2004,-0.39899316619609093,-0.1367964911539997,0.10320707190524843,-0.5438444787324298,-0.15219419759378017,1.0275137202626499,0.05036151501584492,-0.16695830121312802
Sweden,2005,-0.4066666830264291,-0.14446109891381628,0.1032245880088453,-0.5454479525868725,-0.16272726386672157,1.2487859495126368,0.05550097901748744,-0.17615713571187241
Sweden,2006,-0.40842009970211773,-0.1396384243683137,0.1029574674289942,-0.545191260331611,-0.16676901191569146,1.1905667979112817,0.07662960186240582,-0.18541006553948516
Sweden,2007,-0.41464704755197745,-0.14377809111833736,0.1042011107843664,-0.5431103566898775,-0.17252165766571903,1.2747262708356895,0.13626472242148693,-0.1870729452202219
Sweden,2008,-0.4172712443364945,-0.14140672640733296,0.09375713401477917,-0.5462365162534158,-0.17846982582626242,1.3547687128550086,0.21845461253591672,-0.18959227834243236
Sweden,2009,-0.42442331730090427,-0.15952463563583427,0.0704957484382393,-0.5360254934855878,-0.19611374363631087,1.4980547087276193,0.3265096958785057,-0.21839935518570844
Sweden,2010,-0.4117264173283869,-0.14338481921218754,0.10854948350227,-0.5284292387720816,-0.18341460903873869,1.3887793326339444,0.44196485600128643,-0.18113267365252425
Sweden,2011,-0.42183575170145904,-0.14991131940543329,0.07494921777772373,-0.5342490517550166,-0.19907354617781234,1.4118442382825689,0.8180653447464161,-0.18891002156430145
Sweden,2012,-0.42894200969109875,-0.15927821496936703,0.08876504448969348,-0.5374101474944345,-0.20669916211122658,1.5203300011352645,0.8717806934880362,-0.18566865785794295
Sweden,2013,-0.4345987613571861,-0.1587755805211129,0.07661324761941896,-0.5395387057773006,-0.21232208858815524,1.3450380550112415,1.3403587247933502,-0.19054399974023875
Sweden,2014,-0.43848813448255564,-0.16333147208683496,0.06568319897502066,-0.543132326542836,-0.21585281398784753,1.4076584830397638,1.5363652740650533,-0.19898309728577065
Sweden,2015,-0.4387670940452118,-0.1643643349586997,0.07632423191007189,-0.542089000904392,-0.22019014392393466,1.6670434004733115,2.1475411091013945,-0.2244590797437897
Sweden,2016,-0.44004500715141665,-0.16488480307762401,0.08850668196164069,-0.5431028680589627,-0.21770767218022458,1.4542769011082477,2.1223899734439096,-0.20135758469742443
Sweden,2017,-0.44133585672348924,-0.16518023631619133,0.08827021456308398,-0.5391329315079354,-0.22009008444733316,1.478140151360728,2.3082826684605813,-0.1924809286685995
Sweden,2018,-0.44837830424525743,-0.16366493304112992,0.08763963483359957,-0.5388775632123525,-0.23781904636120496,1.4055885921677662,2.212066251863448,-0.18558443014689716
Sweden,2019,-0.45099212299657443,-0.16570865743157864,0.07334211527271797,-0.5397943447622091,-0.2375900901507222,1.5081121184113553,2.5989748081173585,-0.19412266178647555
Sweden,2020,-0.4544749806869379,-0.1748468191900928,0.06750049472318786,-0.5408623006913011,-0.2502758705821716,1.8476627249445603,3.752140155909333,-0.22556986663024506
Sweden,2021,-0.44650760855740707,-0.1740434938302062,0.08784544905086186,-0.5374359765771863,-0.2334167680833586,1.8096770548848065,3.5993827645533876,-0.20537838145259235
Sweden,2022,-0.4552971747589741,-0.1760411271771498,0.06387466127865189,-0.5459874519924206,-0.250469731786032,1.842655659452933,3.9260152644607227,-0.2204520311473895
Sweden,2023,-0.45827704534439984,-0.1757441218336757,0.057411219051435626,-0.5462042998170075,-0.2492255202575952,1.8803752332641992,3.9260152644607227,-0.2244634132881313
Sweden,2024,-0.45539039513851753,-0.17589234808927287,0.06554829399234802,-0.5446908119326219,-0.2402674999798337,1.8804509322229264,3.9260152644607227,-0.22030329144388494
Taiwan,1990,-0.17563524107796796,0.03848526029907072,-0.14470710035194814,-0.5171522415636813,0.06718185023559055,-0.2129350741914428,-0.07351662615480735,-0.17778454393873205
Taiwan,1991,-0.14714877298294615,0.06297031834664554,-0.10845752395838691,-0.4879601220127554,0.08671312460122557,-0.3370053746352488,-0.07380682925320411,-0.14964475545750983
Taiwan,1992,-0.1193868082841634,0.1048247407074787,-0.08241545693585628,-0.48385883049874734,0.09442241373976692,-0.2534283399741189,-0.07383322503556619,-0.13391532978823656
Taiwan,1993,-0.08745278354327479,0.13374594524799024,-0.045806800418560854,-0.4861528455767046,0.12808200878607603,-0.3272849157782824,-0.07406010120279888,-0.10441799324646961
Taiwan,1994,-0.06024417074197772,0.150138787946286,-0.013993177260887248,-0.46161219079166577,0.15430649443308062,-0.2813426626904335,-0.07425381783133841,-0.08380451497782866
Taiwan,1995,-0.03298700089683795,0.16215142103401423,0.017478881876648898,-0.4541043387324859,0.19941712564751607,-0.29519149604204237,-0.07425381783133841,-0.058727654919315184
Taiwan,1996,-0.005889503239190897,0.21538843359757576,0.049485182173887206,-0.44941200743902016,0.19840104779034426,-0.30438207311662424,-0.07425381783133841,-0.035955011841955375
Taiwan,1997,0.03599707509161599,0.27648898941048616,0.08723238542497408,-0.43350028945479513,0.20707803012619208,-0.3042787288828265,-0.07425381783133841,-0.009254290200247553
Taiwan,1998,0.06923031354748727,0.3168511906278064,0.1344295265665304,-0.40137004955541933,0.22614158611312896,-0.29879409769769893,-0.07425381783133841,0.025138067662870637
Taiwan,1999,0.09791263123763845,0.3532078412937529,0.1635106375631044,-0.40420508866266347,0.2571238966468902,-0.34206248267850387,-0.07425381783133841,0.04550920080504362
Taiwan,2000,0.15912317583187055,0.44720692072392765,0.22726925465542758,-0.38918633480343967,0.2761874526338272,-0.3549977327892672,-0.07401733115907592,0.08991071682557325
Taiwan,2001,0.17331144433963008,0.4972565369445375,0.23944732568109728,-0.3704737348096483,0.3138791026689132,-0.3479173849792814,-0.07286266491689133,0.11995726804632709
Taiwan,2002,0.2004722394933595,0.5406452463611676,0.2805269676414739,-0.3430888916947732,0.3150242062857258,-0.4019691004515457,-0.07249350901506516,0.15129626605950722
Taiwan,2003,0.23433757840507002,0.6040863817514096,0.3214621017471769,-0.3388345031893885,0.341780923191249,-0.3969445318825756,-0.07174362848754301,0.17928458288893687
Taiwan,2004,0.26844178000090657,0.6288030856380462,0.3646874663981606,-0.2963119663215907,0.3655861758449874,-0.4072491549715905,-0.07155024889900985,0.2154851784142331
Taiwan,2005,0.2946308487779263,0.6600074496571965,0.4000524795600838,-0.2805210180755831,0.35497380711452675,-0.3909162575307292,-0.06531521936935568,0.21886329388991135
Taiwan,2006,0.3204702754918505,0.6985878450328605,0.42972038002715035,-0.27434346298131274,0.36089286383805125,-0.3919418221340257,-0.04843154299182007,0.23662740557453932
Taiwan,2007,0.3305554271380843,0.7373127660709176,0.46086401222224666,-0.24730629032494217,0.396294306639512,-0.3886824527064109,-0.03437484023313861,0.27201189852202956
Taiwan,2008,0.292950092734879,0.701558949723159,0.4488523441807465,-0.2202849763210648,0.3559253720918782,-0.3927459967341733,-0.019510411912224305,0.2449463128122868
Taiwan,2009,0.2511708630597541,0.6667955040409949,0.41013737620593677,-0.23235524071290087,0.34481302854280915,-0.3962438440059561,0.0021258816614603093,0.2287817379251581
Taiwan,2010,0.3065546061714511,0.7103144005349346,0.48332403605923324,-0.14829035369101895,0.37547277467746826,-0.39840440021531526,0.018783987021127355,0.28027947327347374
Taiwan,2011,0.32147302204465494,0.7712016603537762,0.5039229738890607,-0.11059128697384217,0.31392748732877856,-0.3991612381788257,0.06093495947676265,0.2746105799558682
Taiwan,2012,0.3076827008687448,0.7686037388128321,0.5016152272401835,-0.09137486978930551,0.31008897097946286,-0.3741567571961603,0.06365818813941353,0.26786839676898316
Taiwan,2013,0.31141468716088866,0.7797987437590114,0.5196042656340888,-0.08106491582421356,0.3265881399935378,-0.36981193877671814,0.09630881651858741,0.2805248554374143
Taiwan,2014,0.32536715408693073,0.7835013574025462,0.5437283193127708,-0.05643215886507975,0.34705485111656903,-0.38880219269406335,0.09696373323677776,0.29741327780886423
Taiwan,2015,0.32763280932241934,0.7389638879943282,0.5382457788869748,-0.018628791010351583,0.3672635107203186,-0.38177990514626964,0.12765743165075225,0.2895240845941862
Taiwan,2016,0.34422504020960004,0.7586139129685768,0.5617129786807771,0.007573972545608096,0.3645862262077708,-0.35226985355416135,0.13896247571193357,0.2947300597005815
Taiwan,2017,0.36856568881609464,0.7799834769688029,0.5848836264616596,0.06390109617018697,0.35511923527386197,-0.36042836827346997,0.2009070737651578,0.29579752996041486
Taiwan,2018,0.3506759944002662,0.7571683787105095,0.6058382462911236,0.07243996863375111,0.35046732440755063,-0.36122519211642234,0.2775752438711266,0.3033071439430752
Taiwan,2019,0.32372008565779525,0.7160138998858769,0.6018547865594519,0.0593164439072535,0.3034589984485374,-0.3297233755005688,0.3985152785147096,0.2860902675804922
Taiwan,2020,0.32043774045489243,0.6997140339864785,0.6275997717069292,0.11524945012991623,0.29397784693750806,-0.335506939378585,0.5827739439981888,0.2692321860332724
Taiwan,2021,0.34968706390308446,0.7295247943520252,0.6809790070407039,0.17219755344996351,0.3244230071056645,-0.31595605409923533,0.6938154540566265,0.3036183913186841
Taiwan,2022,0.31899249783716516,0.6690262655145414,0.6666536543912067,0.19952519806498473,0.24975315497342657,-0.2375737872677008,1.0102076155106834,0.26789402273740126
Taiwan,2023,0.2957552114546231,0.6237254720087434,0.6388001699205075,0.18926412088685332,0.20827465838202888,-0.193368800425408,1.4106035821255178,0.22479949380561354
Taiwan,2024,0.27942869559627703,0.5853320308228842,0.6667003934715887,0.24716490402899216,0.21656605491502598,-0.12072167449741443,1.8525212103712747,0.2197978942917904
Thailand,1990,-0.3071740329045279,-0.026477810925628845,-0.32066511903352285,-0.451021050718906,-0.10000327781905263,-0.14845592074796318,-0.07375722794001766,-0.22523005801144577
Thailand,1991,-0.2802622419725488,0.006304893425346848,-0.2983364659735122,-0.41837845435436566,-0.08468146886170062,-0.22257878708427106,-0.07381670671570682,-0.1952120895232663
Thailand,1992,-0.2580256030474202,0.020887742646271207,-0.2727060273855062,-0.4083441969633862,-0.055940980901699265,-0.2824532003717251,-0.07386962121413493,-0.17447418061784475
Thailand,1993,-0.20981826432225337,0.031279458035985044,-0.2421623217386,-0.35752514504895855,0.004055997331300206,-0.3378823827231317,-0.07390783788576497,-0.1611717001334902
Thailand,1994,-0.16945605222287508,0.05711521452974872,-0.21465766006573725,-0.3317578844883889,0.04803765314887806,-0.32021963276014453,-0.0739456163273542,-0.13797908406609316
Thailand,1995,-0.12609293833666932,0.09038592761449551,-0.1783248821800913,-0.3227940861406996,0.10613150142717488,-0.2364878827665003,-0.07397989471999172,-0.08868991189127629
Thailand,1996,-0.07716071979873072,0.14910486084559949,-0.13947416440240648,-0.29036192189578036,0.15106472222210404,-0.2229841891735966,-0.07376548021017502,-0.04327832614197566
Thailand,1997,-0.0634988639533129,0.16358723768015923,-0.11936567747328918,-0.2225350751305793,0.14893579718802988,-0.2591683580172386,-0.07378320108388407,-0.028153868331765333
Thailand,1998,-0.112507161836677,0.11119806479002735,-0.13755615105855773,-0.20933213698182582,0.09413210578057499,-0.3285333184944739,-0.07383969284132202,-0.06722012300441942
Thailand,1999,-0.09587402010003064,0.11846078300438537,-0.13310355752425324,-0.18095978777516344,0.11866312833229334,-0.3709671137660304,-0.07381526972531778,-0.03697014202471781
Thailand,2000,-0.09117329811287944,0.1245321857804198,-0.10471783584047181,-0.12498240416323919,0.09651908233393088,-0.3039068494350904,-0.07381954634462376,-0.02078303174323918
Thailand,2001,-0.06434273165543916,0.17351965073220615,-0.08563491677694669,-0.0014581399974363547,0.08374553212948585,-0.3100016299698849,-0.07386828353808303,0.0031186012239456853
Thailand,2002,-0.04051504968444609,0.17066336431984008,-0.05107520647788602,0.03748644088862858,0.12372738939819707,-0.28041172087763405,-0.07387147747480016,0.04082352565805975
Thailand,2003,-0.008811024027911082,0.17455308099195674,-0.021398110056431108,0.045862249197724095,0.1752086674948998,-0.2894632571751533,-0.0738975261762907,0.08270463159163331
Thailand,2004,0.05261570064926489,0.22476056777817077,0.014006314338584843,0.05582453280861275,0.2608834540697716,-0.33835075478122806,-0.0739223053940377,0.12687513930497318
Thailand,2005,0.04438163177390437,0.21481380152807178,0.04109058952512459,0.1055944737614974,0.24186660056935866,-0.34807366056380873,-0.07387215516173087,0.1402745640636494
Thailand,2006,0.05211478997516399,0.2207560255216374,0.07148978731735721,0.11675408553132062,0.23768939160098584,-0.300209448225419,-0.07384272388426244,0.13258847283223021
Thailand,2007,0.06498238181056941,0.2527205975836439,0.0934155699946417,0.15190722857516717,0.20565874677014262,-0.3003094186880686,-0.0737642179686181,0.1527429687963208
Thailand,2008,0.07143796194685884,0.28421151410993145,0.10336471683761957,0.18309997813292675,0.18946601393521473,-0.3113123985816705,-0.07348006872713445,0.16085118221113717
Thailand,2009,0.09714467953168751,0.2610310992558046,0.10230937159591291,0.29395683864570776,0.20132025560221864,-0.3008670369136336,-0.07247982833481469,0.20580816211854558
Thailand,2010,0.14128147551442136,0.2808241593696379,0.1641018060594961,0.3682198585304526,0.21981932389072692,-0.3456727353701376,-0.07040326782083994,0.2631808527149219
Thailand,2011,0.1304602623763081,0.3194342621297626,0.1613868100019933,0.30961359829369606,0.3101050991994181,-0.25956164931405884,-0.06002191454665948,0.2807377022379066
Thailand,2012,0.18449351135538525,0.3098606790290179,0.21852871896062828,0.4342528477194046,0.35161913736386446,-0.25069152424278646,0.009953971382838652,0.34081461566891114
Thailand,2013,0.21509296817572748,0.3307732885909144,0.2297959525992648,0.5095820570102302,0.41667069973079457,-0.2606992800805099,0.10447729507860339,0.4076588287419992
Thailand,2014,0.20724956699674546,0.30851147841212134,0.2493526822650832,0.511082529515355,0.4140917973599729,-0.25439114871311536,0.14115561516494293,0.4088771294202605
Thailand,2015,0.23178255350873675,0.30574131118806785,0.2724082536243607,0.5058625930524042,0.4282878565644585,-0.2654953530244116,0.2609378441623513,0.4043363598571913
Thailand,2016,0.22064204283414843,0.28640755341190133,0.32017028910691353,0.485451287397323,0.4519237629086683,-0.07151222710887843,0.35955450557444313,0.3895442992822706
Thailand,2017,0.22084511745842955,0.30330128187241046,0.3219613063206596,0.4266857269962722,0.4547227348407774,-0.04538753059004873,0.6074490704487625,0.39203599952051443
Thailand,2018,0.20297372939674801,0.24471151307057717,0.333692721083637,0.49795771590272614,0.5337160150902293,0.03530740647340052,0.6655167202179644,0.41211310557157504
Thailand,2019,0.22494864450418237,0.24363502321667035,0.3561483615156985,0.5841527190737911,0.5356131222794358,0.07305861258922662,0.9354129579802489,0.411468590212136
Thailand,2020,0.1897016002548462,0.25912212391487643,0.37160632731889337,0.40845980693494327,0.5065220113195139,0.1351430823691108,0.8235093081351393,0.3647581560168508
Thailand,2021,0.16169033660065732,0.2258370576320776,0.38258016622228364,0.3867169490455967,0.4940608953779356,0.0767603008407922,0.8726606663925912,0.35147188288668607
Thailand,2022,0.1815124070273508,0.26263865743763876,0.46064068190138757,0.3004574869731021,0.4807852808646708,0.13677616590695169,0.8075906840269806,0.32595502926518816
Thailand,2023,0.24077798439934506,0.19777240561782805,0.5071483645008115,0.35350929522103886,0.4815335937481827,0.12555156431580855,0.8249548972324373,0.34046008451358756
Thailand,2024,0.22620221270325647,0.1812958910354572,0.5375465121933348,0.3253720329991097,0.4762554866116765,0.10610183381063013,0.799588940092586,0.32288197114541134
Turkiye,1990,-0.14509828410863948,0.5716055987069479,-0.2847483486083007,-0.4840723113837535,-0.022297514075345273,0.8667931101487073,-0.0437557785228598,-0.17586291332239656
Turkiye,1991,-0.14030613234303502,0.6207653020353595,-0.273962807818576,-0.46624840579055904,-0.03237765154728739,0.7789375138828477,-0.04475998364522007,-0.18197533641301294
Turkiye,1992,-0.1249697420877265,0.648768391434989,-0.25337262804054694,-0.4570461234188762,-0.01168514534488459,0.8409669689661169,-0.05145110791127644,-0.16612320940705227
Turkiye,1993,-0.10616158967346805,0.5774904099083054,-0.23037398401795894,-0.4450868649455889,0.04315080250248051,1.0696454413311651,-0.051071033322483105,-0.14205288856169485
Turkiye,1994,-0.11322029252132047,0.6439600700875385,-0.22089777197209443,-0.43713679908446385,0.02324857907787802,0.8267325097394229,-0.05212677888292495,-0.1468571936962757
Turkiye,1995,-0.07263147995129124,0.6668677741786756,-0.1946542697582007,-0.4015353468700688,0.07216547020171875,0.9086303714229172,-0.05237978364322336,-0.11088367650680715
Turkiye,1996,-0.018980994460053177,0.7442315116794457,-0.16503891760192455,-0.3740676227781892,0.09327731012295429,0.9566307841745224,-0.05482879928097925,-0.07212451565777424
Turkiye,1997,0.0059218442084803345,0.8329629820374719,-0.1311978054529222,-0.3373090242141064,0.08395519898890222,0.816001489181615,-0.05662719868563035,-0.05000252834645785
Turkiye,1998,0.007056657529588265,0.9132691251389206,-0.105716253745489,-0.32455423759864865,0.07858450174385148,0.7959138811834433,-0.05647070042741169,-0.04252286613620052
Turkiye,1999,0.004591594644480068,0.8794242841320901,-0.0903984211500943,-0.27407580773155465,0.07321380449880069,0.504527519411462,-0.05503740112051816,-0.049902448516972474
Turkiye,2000,0.07787338288865221,0.9462671274606776,-0.05933361142118353,-0.2205853861964166,0.09551913269671419,0.32854947164234105,-0.047035068320263974,-0.004760476471293307
Turkiye,2001,0.02231078005130544,0.8350872553491813,-0.06471105522539873,-0.1948984465539888,0.06490777122192037,0.15058510812221762,-0.03957663949226642,-0.04676953848910375
Turkiye,2002,0.053141932515158814,0.7434707921826849,-0.0389623829381144,-0.15679852135068414,0.08795499753776888,0.3742534369666443,-0.04153504074924787,-0.019482575201379602
Turkiye,2003,0.09605760833381362,0.7151232260298052,-0.0003481325589862245,-0.07351985316513987,0.0779716293855574,0.3409532185929713,-0.046009775200305594,0.010725646760765255
Turkiye,2004,0.09854203498185791,0.7199459005753079,0.04070961427189435,-0.04426918560406414,0.08092309363734206,0.5306309771948474,-0.049216045384887185,0.024680772897065842
Turkiye,2005,0.12434135063346748,0.898958986680986,0.08065070949847952,0.07004486964157333,0.07361700999767841,0.3147128109519843,-0.042964984626933274,0.047040049093141946
Turkiye,2006,0.2005599770409818,0.9980247596365174,0.13673289418950849,0.1583068022596555,0.09616426149491854,0.3395431058261065,-0.0367313176159558,0.10890044707277907
Turkiye,2007,0.28085953542174935,1.2100502012620045,0.18956584166333257,0.28383902613664735,0.10409934571283133,0.12245968316748887,-0.0037033022006504176,0.15859341230319404
Turkiye,2008,0.26211758002602925,1.208068565620379,0.21940452414046796,0.2849052157797038,0.09682551851307794,0.06371515726758697,0.044537803687238496,0.14582168551148453
Turkiye,2009,0.2605041542042182,1.2322393511401009,0.19726854822002193,0.24944282915869953,0.11048612081505386,0.1415338110696701,0.15175708111751143,0.14587115809568574
Turkiye,2010,0.2782352992455813,1.1526804686477972,0.26363706474826715,0.31925505080883854,0.09113225686892501,0.37876668411144776,0.3095829884504974,0.1869632605094615
Turkiye,2011,0.3406914854029568,1.2381537630479988,0.3251623786319992,0.47127974103426135,0.08122952981648907,0.342104255415996,0.45402290726524813,0.23415896783722906
Turkiye,2012,0.3722658728416893,1.2127198960996934,0.36379852414062336,0.48444486173593515,0.1152923303616759,0.4085156569280748,0.5552037861176615,0.27384238387865895
Turkiye,2013,0.33049752854701847,1.0016704719417489,0.3774698429979195,0.49971683968412284,0.13354947535085743,0.4640711263034816,0.7660321006038618,0.24965609213304754
Turkiye,2014,0.406454341906397,1.1798510725604054,0.4183261546374371,0.5648192940974905,0.13390429618986976,0.18720498635817615,0.9043006718522238,0.2890718942469838
Turkiye,2015,0.4431915359086542,1.1192231639883734,0.46184491402366695,0.5493725656628367,0.22028704226942497,0.5734068981231781,1.2469497079741643,0.35531337244722977
Turkiye,2016,0.505512713497613,1.3234261126754707,0.5226739627894267,0.512142829096876,0.2719941154454993,0.6058510066568694,1.6918209775198965,0.41019341217194843
Turkiye,2017,0.6340302779145384,1.403585810097194,0.6007022751120679,0.6868847396300329,0.3102825096189242,0.48226708398451557,1.974885211625194,0.4803048062629855
Turkiye,2018,0.6209332345293479,1.5450602453241378,0.6410310498805345,0.587736870517035,0.27661867285076686,0.5775515111572619,2.5260665226507473,0.4629072919368079
Turkiye,2019,0.592135480713204,1.5796036564801637,0.6368313538499609,0.4851686069423968,0.2822469055120608,0.9768721371362642,2.887768614631698,0.4760661878285386
Turkiye,2020,0.5927196475754731,1.4151129352188188,0.660605085456707,0.5538430815883584,0.28645300012237324,0.9184402152464699,3.293331986820012,0.4808140671360411
Turkiye,2021,0.7007828657437419,1.5929141852331086,0.7656550091052704,0.8159993487142904,0.3073527700794192,0.6941535764086039,3.693104661826191,0.5663899317436658
Turkiye,2022,0.6680708098071981,1.6488332522373874,0.7651507774100553,0.6485609006167657,0.3176918138663004,0.9228129023814782,3.9260152644607227,0.545478605600557
Turkiye,2023,0.6336670734202876,1.3227105952062304,0.7804712812112482,0.5846433856092741,0.35486519968134905,0.9684869251201065,3.9260152644607227,0.5444437975773956
Turkiye,2024,0.6573087366437809,1.4963270634644805,0.8475166801199878,0.6451643924941517,0.3771502290393275,1.0775739648859157,3.9260152644607227,0.6073156720207646
United Arab Emirates,1990,-0.4020920730694517,-0.20995474162550717,-0.42242492287908645,-0.1838051960013452,-0.2960901760332483,-0.5415295799690442,-0.07425381783133841,-0.3962601202232481
United Arab Emirates,1991,-0.38151061025138405,-0.20995474162550717,-0.42189943977118266,-0.1082033398772715,-0.294396712937962,-0.5415295799690442,-0.07425381783133841,-0.37844014299952466
United Arab Emirates,1992,-0.38813714674438354,-0.20995474162550717,-0.4159877548072653,-0.14284351650778102,-0.2906710941283322,-0.5415295799690442,-0.07425381783133841,-0.37964246578223915
United Arab Emirates,1993,-0.37772067538551873,-0.20995474162550717,-0.40416438487943074,-0.12306960669329162,-0.27909103220056514,-0.5415295799690442,-0.07425381783133841,-0.3589829516843714
United Arab Emirates,1994,-0.36022843350016465,-0.20995474162550717,-0.3961507674838983,-0.05277734941357242,-0.2794942376994428,-0.5415295799690442,-0.07425381783133841,-0.33955575993970544
United Arab Emirates,1995,-0.3531031483128634,-0.20995474162550717,-0.39825269991551343,-0.008059609071813167,-0.28659065447969,-0.5415295799690442,-0.07425381783133841,-0.34383976332158983
United Arab Emirates,1996,-0.32210016855012374,-0.20995474162550717,-0.39378171447243215,0.10806110417236109,-0.2849878207383606,-0.5415295799690442,-0.07425381783133841,-0.3311123867651483
United Arab Emirates,1997,-0.32975389915333575,-0.20995474162550717,-0.3891092938379879,0.09462882551062908,-0.2914250992210324,-0.5415295799690442,-0.07425381783133841,-0.33543972739644234
United Arab Emirates,1998,-0.3131966133129515,-0.20995474162550717,-0.3657953599506577,0.12871943883743237,-0.2777969695549446,-0.5415295799690442,-0.07425381783133841,-0.31732705758510477
United Arab Emirates,1999,-0.3115871893383374,-0.20995474162550717,-0.35192698492789753,0.1482646172331888,-0.2828669814338618,-0.5415295799690442,-0.07425381783133841,-0.323117705359848
United Arab Emirates,2000,-0.3015178445805888,-0.20995474162550717,-0.34146549205471344,0.18031007390957976,-0.2791443461287277,-0.5415295799690442,-0.07425381783133841,-0.2419560435715369
United Arab Emirates,2001,-0.2986855555520849,-0.20952414568394445,-0.3215960999396924,0.20342223141577184,-0.28246183017118254,-0.5415295799690442,-0.07425381783133841,-0.2640748486425912
United Arab Emirates,2002,-0.2659835917001274,-0.20775870232353727,-0.30540465167740777,0.2976226258834347,-0.2664465077557609,-0.5415295799690442,-0.07425381783133841,-0.2967897374168835
United Arab Emirates,2003,-0.24098004825439684,-0.2073711659761308,-0.2952650172078147,0.3309257970340562,-0.23706089099755526,-0.5415295799690442,-0.07425381783133841,-0.24609445751118778
United Arab Emirates,2004,-0.22422106686717583,-0.20702668922288062,-0.28359228577091244,0.39120697294053347,-0.23523840214262812,-0.5415295799690442,-0.07425381783133841,-0.22817845949617835
United Arab Emirates,2005,-0.2183922221067128,-0.2065673868852137,-0.2538586999153579,0.40547976256320273,-0.22901290923995665,-0.5415295799690442,-0.07425381783133841,-0.22130024610963275
United Arab Emirates,2006,-0.20081790724144363,-0.20339533011570163,-0.23026888739637819,0.4592405945151167,-0.2225938776978239,-0.5415295799690442,-0.07425381783133841,-0.20355567631228463
United Arab Emirates,2007,-0.165128697503681,-0.20679703805404717,-0.19536532423843522,0.5675356727020747,-0.21012676367252592,-0.5415295799690442,-0.07425381783133841,-0.1733237234333278
United Arab Emirates,2008,-0.10544298947493333,-0.20150357861243606,-0.15848244137405468,0.7722208606389872,-0.20328839841156035,-0.5415295799690442,-0.07425381783133841,-0.11949371829287825
United Arab Emirates,2009,-0.08196614522721984,-0.2040782552790201,-0.13939154073811574,0.8193613151231675,-0.17446726935178347,-0.5415295799690442,-0.07425381783133841,-0.07957826512017727
United Arab Emirates,2010,-0.06615455545128933,-0.19599180702845262,-0.10327936643199412,0.8609622203018419,-0.17474875219115552,-0.5415295799690442,-0.07425381783133841,-0.03535817025007415
United Arab Emirates,2011,-0.04302504780169757,-0.2004964147051208,-0.10115719115544738,0.9278296185912045,-0.1521342075338185,-0.5415295799690442,-0.07425381783133841,0.0066580797648256515
United Arab Emirates,2012,0.002508831991653723,-0.17989430787668523,-0.10534045104144113,1.0797253591278344,-0.1603081580399297,-0.540905526235455,-0.07032995732661401,0.02971235214695346
United Arab Emirates,2013,0.029518670012948427,-0.1717802368964665,-0.08692335358235416,1.0918885985296014,-0.125947430789288,-0.5391380287764371,-0.059216469659851806,0.044356059028090665
United Arab Emirates,2014,0.03545558529467271,-0.1677270014155414,-0.06371834489894831,1.114597822930946,-0.12346560473648564,-0.53281529433449,-0.019461034152839955,0.029428830071804402
United Arab Emirates,2015,0.055933691117360594,-0.17291392567993066,-0.012692042550289637,1.1987324276389288,-0.09426463663912797,-0.5335457745189093,-0.02405407188476894,0.06130468687599899
United Arab Emirates,2016,0.03453501638104573,-0.16999789264535292,-0.005255943351616023,1.1083536614962037,-0.07789632672658695,-0.5332120806165186,-0.021955905887543675,0.07257797521934227
United Arab Emirates,2017,-0.0004726326099045606,-0.1638166591978239,0.011559308973379326,0.9229383831985841,-0.05569212246779209,-0.5225049372444608,0.04536736250218359,-0.009317697118397849
United Arab Emirates,2018,-0.010161544049311775,-0.16837457465205757,0.019898225373151765,0.8933881020805808,-0.0594988662237958,-0.5077194400749474,0.13591482812635383,0.00884969919455993
United Arab Emirates,2019,0.0004726326099044721,-0.1715580709204172,0.03544891223283366,0.9967097165418444,-0.07984324479846774,-0.44618297994201644,0.5246229042440511,0.02021693364797688
United Arab Emirates,2020,-0.004555016758516902,-0.16384519335555142,0.027929149992745508,1.0230793997346734,-0.10559218988009585,-0.40237853120257194,0.8004860494062691,0.04990608862752115
United Arab Emirates,2021,0.005122367990007343,-0.15168514961262194,0.07524243034549237,0.9807568136370945,-0.0857816876423782,-0.40666650095441204,0.7722525483089601,0.053012828031498954
United Arab Emirates,2022,-0.003107788636473882,-0.18766810041408402,0.09966754906118568,1.01318512361951,-0.08826193369173449,-0.3680033145026207,1.0137354043920568,0.06939874113404909
United Arab Emirates,2023,0.011984377496755688,-0.1912185918969373,0.15222075798566465,1.0758449594897839,-0.07217439913291739,-0.2344214586230464,1.8538807386514147,0.09957450147501401
United Arab Emirates,2024,0.010996967441981061,-0.19423249743852342,0.18865021488552855,1.0792191695956217,-0.07217439913291739,-0.2518031208515866,1.744752450395562,0.10436937242328057
United Kingdom,1990,1.2181224794254966,1.3212587797696054,0.7556906889375515,0.7767521656148297,0.8082735571727752,-0.45649518233552,-0.07363633619473758,0.9208098908393095
United Kingdom,1991,1.2489407522964173,1.3128042419695034,0.783830309365798,0.8798059591527883,0.8214503128760978,-0.46755451848948054,-0.07350645292869791,0.9680887394610832
United Kingdom,1992,1.1917238607314358,1.2261767890058102,0.7865058941902079,0.9027009737675724,0.8163215389303737,-0.45348312127120927,-0.07152061904499568,0.9586267657017774
United Kingdom,1993,1.1269214866239305,1.0437122047581626,0.805305052375465,1.054233448080867,0.8117411244631231,-0.4642699095900523,-0.05945281027984318,0.9630479445458027
United Kingdom,1994,1.1047695785347662,0.9687080827083293,0.787946593711044,1.1237431418548642,0.7983708301203392,-0.4515744599646408,-0.05127463155564822,0.9732852834409764
United Kingdom,1995,1.077093496174883,0.8983099550240707,0.8405956220971019,1.2365707449140109,0.7746623467863313,-0.4535564822432336,-0.0485763960370167,0.9597480569547564
United Kingdom,1996,1.135124211525878,0.825838697385615,0.910541802784992,1.5331177873658992,0.8046285794629207,-0.4695289315599515,-0.0437433226802721,1.0209051540215246
United Kingdom,1997,1.064343664113969,0.7017297165118765,0.9161819881431588,1.5925590666512397,0.7725979346320776,-0.4576377249616663,-0.032527831891589795,0.9738158287645621
United Kingdom,1998,1.0728955226839934,0.7028135061001135,0.9349417350953233,1.6800366137000216,0.744002600651672,-0.44271318644359486,-0.021211452976737415,0.9935795284576497
United Kingdom,1999,1.0602512300650493,0.6011897344048197,0.9642987247235466,1.8249157733442507,0.7527118394274301,-0.4229006420419639,-0.02354577729324062,0.9929041438699112
United Kingdom,2000,1.0881627803169782,0.6527009518548545,1.000395035210636,1.9077998007035628,0.7179393972042185,-0.42435512777545314,-0.01910173211295727,1.0050198919165323
United Kingdom,2001,1.1341063788893266,0.7065675891866339,1.0100639243960652,1.8962803195117786,0.7092785430883259,-0.43298965601369177,-0.019125196712605805,1.0133997126687635
United Kingdom,2002,1.084155488717894,0.6370800748092327,1.0170878819383788,1.8641866765027715,0.6987306872376857,-0.41738936379488367,-0.002933691949372739,0.9798982562684169
United Kingdom,2003,1.126184597356002,0.7049594738719239,1.0280660998676683,1.870860729409713,0.7117622889614125,-0.4245445990875719,-0.003297475302150992,1.008707668112846
United Kingdom,2004,1.1242662760072744,0.670370378086587,1.0329049234862822,1.9239323199263463,0.7256970710026253,-0.39286266502222117,0.033724484069266904,1.0001290588549903
United Kingdom,2005,1.1199507695750526,0.6870569248321426,1.074391814855284,1.8604842910937844,0.729858151751043,-0.3675230094543125,0.08610558883950746,1.0076669221372414
United Kingdom,2006,1.1258217308820253,0.7693431151487665,1.0598009005591564,1.7354253973251792,0.7145847274535562,-0.34869032889537294,0.15964627955610675,0.9845216305373218
United Kingdom,2007,1.0890842356774735,0.7060881085428211,1.0492299320384924,1.7608035109514935,0.674167408246057,-0.3345000055905086,0.2180681020810342,0.9274940615030112
United Kingdom,2008,1.0531995531251528,0.6388352280186894,1.0458142918371178,1.8243436419581502,0.6417013014764259,-0.30527641166674274,0.3439258141884283,0.9049516054680388
United Kingdom,2009,0.9063850424265968,0.489662817337711,0.9537058610733867,1.6634893297197237,0.5879136879261428,-0.2698642618736164,0.48492180443972105,0.8190322074733147
United Kingdom,2010,0.96035560374306,0.5182352602623583,0.983167947323191,1.84059449112646,0.5833977863387128,-0.27415311792900554,0.5176212940113888,0.8700427207417127
United Kingdom,2011,0.8365641402859795,0.5153764604193747,0.9325420289025628,1.4357718888291437,0.5419321328341316,-0.18013100556611472,0.8920451435658241,0.7676925247718069
United Kingdom,2012,0.9102891767682668,0.70576802657899,0.9309174102939601,1.3118365195948631,0.5298359678678011,-0.1179301242535038,1.2034886329747432,0.8064287354063178
United Kingdom,2013,0.8666032197048537,0.6627780544893942,0.9261880623228264,1.297869316385573,0.5067081004521771,0.005176032398059329,1.7881796403734582,0.7850883546658958
United Kingdom,2014,0.738199216474939,0.49212715364432014,0.8661341011412248,1.1450626603392675,0.5052404324362623,0.15480740751035915,2.26510439706586,0.7048697881661995
United Kingdom,2015,0.6867844456949143,0.3431003289859983,0.8648160143455662,1.1938304565485176,0.5386581041832449,0.3471949472232376,3.0283686834077126,0.7140370187629528
United Kingdom,2016,0.6053314104218942,0.06469394017153568,0.8652845701167803,1.3846990984748255,0.5646245383109677,0.3476294748307542,3.019012086642503,0.6829280561573677
United Kingdom,2017,0.5683618193285275,0.011252507618134074,0.8462619852720943,1.343622138776599,0.5704562768516552,0.5105224127516074,3.8981295332603723,0.6712737149285165
United Kingdom,2018,0.5486365741910426,-0.02373497334665165,0.8583387519126121,1.359694273130274,0.5514417829098217,0.6402913261289017,3.9260152644607227,0.6659653502549727
United Kingdom,2019,0.5054031889467301,-0.0830875729033263,0.8463414032858023,1.3361313652662579,0.5297875832079357,0.7690797010584688,3.9260152644607227,0.6186123627610312
United Kingdom,2020,0.38531750799898046,-0.09476343711127475,0.7810244003516019,1.2205949823716404,0.3814886007207234,0.9863574744733155,3.9260152644607227,0.5308740550571349
United Kingdom,2021,0.44217591433598064,-0.09030289841395886,0.7903858556447521,1.3130405572880004,0.41506755466725687,0.8665763933377832,3.9260152644607227,0.5602438440185226
United Kingdom,2022,0.4114710542163465,-0.10025810312027657,0.7369115647957837,1.165546549826914,0.4249218970598276,0.9349358743756128,3.9260152644607227,0.5185848297935122
United Kingdom,2023,0.35825061821136994,-0.11608451008425001,0.7224548712729107,0.9846823062519616,0.4171897906745085,1.1149687182014822,3.9260152644607227,0.47287700247641795
United Kingdom,2024,0.3204372238090096,-0.15828489504704646,0.7344036759830094,0.9396307688100037,0.4029331732442909,1.2726484339877924,3.9260152644607227,0.464055763754348
United States,1990,3.66857840692225,3.8226776410286445,3.716784138579652,3.621502293173357,3.7943842562517074,-0.12415209432933662,0.060313542916938065,3.7372639072294906
United States,1991,3.66857840692225,3.8226776410286445,3.716784138579652,3.621502293173357,3.7943842562517074,-0.14630698124273508,0.0603470341110205,3.7372639072294906
United States,1992,3.66857840692225,3.8226776410286445,3.716784138579652,3.621502293173357,3.7943842562517074,-0.17598267071690582,0.06461502818029288,3.7372639072294906
United States,1993,3.66857840692225,3.8226776410286445,3.716784138579652,3.621502293173357,3.7943842562517074,-0.15765617348792862,0.06547205057641083,3.7372639072294906
United States,1994,3.66857840692225,3.8226776410286445,3.716784138579652,3.621502293173357,3.7943842562517074,-0.18187704223585774,0.06336330919301383,3.7372639072294906
United States,1995,3.66857840692225,3.8226776410286445,3.716784138579652,3.621502293173357,3.7943842562517074,-0.14407092427308535,0.04188780147143394,3.7372639072294906
United States,1996,3.66857840692225,3.8226776410286445,3.716784138579652,3.621502293173357,3.7943842562517074,-0.11584348627070983,0.045434683952385195,3.7372639072294906
United States,1997,3.66857840692225,3.8226776410286445,3.716784138579652,3.621502293173357,3.7943842562517074,-0.13710404638680515,0.03880821602374687,3.7372639072294906
United States,1998,3.66857840692225,3.8226776410286445,3.716784138579652,3.621502293173357,3.7943842562517074,-0.18490669180793015,0.036143789451504364,3.7372639072294906
United States,1999,3.66857840692225,3.8226776410286445,3.716784138579652,3.621502293173357,3.7943842562517074,-0.20568088192982914,0.045113660135012675,3.7372639072294906
United States,2000,3.66857840692225,3.8226776410286445,3.716784138579652,3.621502293173357,3.7943842562517074,-0.23407021239316558,0.039309741736240834,3.7372639072294906
United States,2001,3.66857840692225,3.8226776410286445,3.716784138579652,3.621502293173357,3.7943842562517074,-0.28256972590888385,0.049678169447534525,3.7372639072294906
United States,2002,3.66857840692225,3.8226776410286445,3.716784138579652,3.621502293173357,3.7943842562517074,-0.22042151235411578,0.06979629879391275,3.7372639072294906
United States,2003,3.66857840692225,3.8226776410286445,3.716784138579652,3.621502293173357,3.7943842562517074,-0.21027608573773587,0.07707196272609566,3.7372639072294906
United States,2004,3.66857840692225,3.8226776410286445,3.716784138579652,3.621502293173357,3.7943842562517074,-0.2199898363665555,0.09098502816688636,3.7372639072294906
United States,2005,3.66857840692225,3.8226776410286445,3.716784138579652,3.621502293173357,3.7943842562517074,-0.22331384540931548,0.11182059541569131,3.7372639072294906
United States,2006,3.66857840692225,3.8226776410286445,3.716784138579652,3.621502293173357,3.7943842562517074,-0.19998885784448991,0.15905825120336928,3.7372639072294906
United States,2007,3.66857840692225,3.8226776410286445,3.716784138579652,3.621502293173357,3.7943842562517074,-0.2305361582444376,0.19919533555770674,3.7372639072294906
United States,2008,3.66857840692225,3.8226776410286445,3.716784138579652,3.621502293173357,3.7943842562517074,-0.20903557398781306,0.3046415900039413,3.7372639072294906
United States,2009,3.66857840692225,3.8226776410286445,3.716784138579652,3.621502293173357,3.7943842562517074,-0.16540905298536646,0.42030580923667776,3.7372639072294906
United States,2010,3.66857840692225,3.8226776410286445,3.716784138579652,3.621502293173357,3.7943842562517074,-0.17120866576492327,0.5290307071500504,3.7372639072294906
United States,2011,3.66857840692225,3.8226776410286445,3.716784138579652,3.621502293173357,3.7943842562517074,-0.0989197612274931,0.6772242608050725,3.7372639072294906
United States,2012,3.66857840692225,3.8226776410286445,3.716784138579652,3.621502293173357,3.7943842562517074,-0.10845939163022172,0.8170738927264402,3.7372639072294906
United States,2013,3.66857840692225,3.8226776410286445,3.716784138579652,3.621502293173357,3.7943842562517074,-0.08698137162704586,0.987157202498604,3.7372639072294906
United States,2014,3.66857840692225,3.8226776410286445,3.716784138579652,3.621502293173357,3.7943842562517074,-0.07474547526100107,1.1018656218522176,3.7372639072294906
United States,2015,3.66857840692225,3.8226776410286445,3.716784138579652,3.621502293173357,3.7943842562517074,-0.06590074122593502,1.210669269259072,3.7372639072294906
United States,2016,3.66857840692225,3.8226776410286445,3.716784138579652,3.621502293173357,3.7943842562517074,-0.009149754165336886,1.4685556281283636,3.7372639072294906
United States,2017,3.66857840692225,3.8226776410286445,3.716784138579652,3.621502293173357,3.7943842562517074,0.061533522457302176,1.7292355982483507,3.7372639072294906
United States,2018,3.66857840692225,3.8226776410286445,3.716784138579652,3.621502293173357,3.7943842562517074,0.05725843270086859,1.8216565161517602,3.7372639072294906
United States,2019,3.66857840692225,3.8226776410286445,3.716784138579652,3.621502293173357,3.7943842562517074,0.08431060926421356,2.0192335828975527,3.7372639072294906
United States,2020,3.66857840692225,3.8226776410286445,3.716784138579652,3.621502293173357,3.7943842562517074,0.1533349752112774,2.4224200490748893,3.7372639072294906
United States,2021,3.66857840692225,3.8226776410286445,3.716784138579652,3.621502293173357,3.7943842562517074,0.165776603407114,2.7233482255178014,3.7372639072294906
United States,2022,3.66857840692225,3.8226776410286445,3.716784138579652,3.621502293173357,3.7943842562517074,0.22036615414086155,3.0975028452086613,3.7372639072294906
United States,2023,3.66857840692225,3.8226776410286445,3.716784138579652,3.621502293173357,3.7943842562517074,0.23132076096959384,3.2201113962123133,3.7372639072294906
United States,2024,3.66857840692225,3.8226776410286445,3.716784138579652,3.621502293173357,3.7943842562517074,0.27556004363254877,3.557633067284585,3.7372639072294906
Uzbekistan,1990,-0.2082158058873094,-0.08163715103981428,-0.2900031796873384,0.3647996218937402,-0.20738496628015765,-0.12974254433227123,-0.07425381783133841,-0.19700726984590233
Uzbekistan,1991,-0.2061688441139767,-0.07661353172158246,-0.2901870987751047,0.38985519657228096,-0.21627161547542184,-0.15306319854943004,-0.07425381783133841,-0.19283578598555354
Uzbekistan,1992,-0.23757196323797308,-0.11361607629987287,-0.30354750679355785,0.3883719362120873,-0.2436608811675843,-0.11110206573666968,-0.07425381783133841,-0.21591676453119102
Uzbekistan,1993,-0.22760827063400682,-0.135418584140999,-0.30768568626829995,0.44668786111858394,-0.254753933752765,-0.0192200419455698,-0.07425381783133841,-0.20201711347905688
Uzbekistan,1994,-0.2460514924530444,-0.1347726902286549,-0.3126821548192849,0.4045806989564732,-0.2672934312292215,-0.019223243707475177,-0.07425381783133841,-0.2210514715276958
Uzbekistan,1995,-0.2744958884853683,-0.16649325792377584,-0.3180683566752985,0.4062031610961611,-0.2821076222045285,-0.08657348219529414,-0.07425381783133841,-0.23605344137564804
Uzbekistan,1996,-0.2730013513325779,-0.1611969278425543,-0.3155416587314612,0.4430409809933228,-0.2857122277541911,-0.04030152770968324,-0.07425381783133841,-0.22626948543907166
Uzbekistan,1997,-0.2660772378460903,-0.1698806126640693,-0.31333025065236625,0.4585489132871443,-0.2758008753297232,-0.10397422091595343,-0.07425381783133841,-0.22181109306403696
Uzbekistan,1998,-0.21759648862802303,-0.16804340331340167,-0.3140133786926411,0.605482988325587,-0.2758573240995661,-0.10386456322888729,-0.07425381783133841,-0.1866080827179047
Uzbekistan,1999,-0.21425919299323282,-0.16835917367054767,-0.31576061002642114,0.6374454924774388,-0.27957487879921833,-0.10384392477862697,-0.07425381783133841,-0.17687343666847202
Uzbekistan,2000,-0.21608193040284013,-0.17397127410891522,-0.3095861835085519,0.6179857059719488,-0.28231667619158657,-0.10385939253137644,-0.07425381783133841,-0.179824276338169
Uzbekistan,2001,-0.21212181025950025,-0.17200488597577876,-0.3101029085646573,0.6362884207936086,-0.28444560122566076,-0.1038436004979708,-0.07425381783133841,-0.17647737341905917
Uzbekistan,2002,-0.20000371304867012,-0.1716460560244765,-0.3055312055258945,0.7009282883558514,-0.28699385997856774,-0.10384850110800523,-0.07425381783133841,-0.1618273102868675
Uzbekistan,2003,-0.20709935657328915,-0.18317167406030552,-0.3051721254021603,0.6381377836535839,-0.277429825545189,-0.0033702405778229436,-0.07425381783133841,-0.16503371513822288
Uzbekistan,2004,-0.21251329124435772,-0.16264660084581548,-0.3029300641417709,0.6030450254788455,-0.29253390353314707,0.08716200272648411,-0.07425381783133841,-0.1676324680884157
Uzbekistan,2005,-0.22706195219096706,-0.16423980582959757,-0.305894664675528,0.5679516573559344,-0.3108313690722164,0.07043819281530664,-0.07425381783133841,-0.19264753964968026
Uzbekistan,2006,-0.21863663235992686,-0.16096727667372085,-0.29947501270730364,0.5931400771005029,-0.31058944577288977,0.08608054004806145,-0.07425381783133841,-0.18393330522632273
Uzbekistan,2007,-0.2173669429189255,-0.1581684030535631,-0.30682739719205715,0.6079118019497362,-0.3186374275304884,-0.08537699848242218,-0.07425381783133841,-0.18506271825197607
Uzbekistan,2008,-0.21966929506436314,-0.15946019087825128,-0.3051414722208659,0.6511467582833822,-0.32142438393873096,0.26076570815225153,-0.07425381783133841,-0.17175926551366577
Uzbekistan,2009,-0.25086245987829,-0.1551685846606761,-0.3024396132410607,0.5034740360076608,-0.31953254373799683,0.11014234351373695,-0.07425381783133841,-0.22500810883246763
Uzbekistan,2010,-0.25742459151621905,-0.15666131725809354,-0.29587107439226373,0.4919191778218532,-0.3265483194184686,0.19038755765320864,-0.07425381783133841,-0.2294613037889681
Uzbekistan,2011,-0.23080776316911406,-0.15390550323209212,-0.2932392798268457,0.6150976013736699,-0.3310884133358313,0.14026183571859388,-0.07425381783133841,-0.20205384022697287
Uzbekistan,2012,-0.22512246684643092,-0.15334572850806058,-0.2928539255477162,0.6536914620603661,-0.33686231607975975,0.20342392587281094,-0.07425381783133841,-0.1946957541085072
Uzbekistan,2013,-0.2402334629574926,-0.12789328852147605,-0.2946249459396937,0.5305862323136853,-0.32672572983797477,-0.1771625396135386,-0.07425381783133841,-0.2068536727407931
Uzbekistan,2014,-0.24057278983982022,-0.13439205217176425,-0.2663411132410219,0.48293507277462056,-0.33092764723931883,-0.16146191645061445,-0.07425381783133841,-0.22986142332741138
Uzbekistan,2015,-0.25011075153487944,-0.14915996277292148,-0.26193581318642867,0.4523051431951504,-0.32751649646237374,-0.1268140482228642,-0.0742526715812747,-0.2320692711485613
Uzbekistan,2016,-0.23275792012758045,-0.13812125909692488,-0.25791937063168424,0.5151171372864684,-0.3265726891588207,-0.13333402703377645,-0.07414157728688246,-0.23269709140557762
Uzbekistan,2017,-0.2393096190332324,-0.14212302323456247,-0.24744036165490338,0.5012581000293364,-0.32633170129625155,-0.0828733377223124,-0.07399925799713465,-0.22598649873790805
Uzbekistan,2018,-0.2509141264539802,-0.11303141313041899,-0.23267732361517135,0.42500296522163333,-0.32280080766148406,-0.21183351838365516,-0.07418351610658257,-0.24638521722163476
Uzbekistan,2019,-0.23728764099976019,-0.12816935649749014,-0.22947274545569682,0.4614233302092629,-0.3201148047348162,-0.18293045501727292,-0.0688271413921694,-0.22890878533900086
Uzbekistan,2020,-0.24714770524768181,-0.09506649114608433,-0.24102344219884023,0.3999871698006079,-0.31633200170851355,-0.27848866829323454,-0.06904304487834098,-0.2328026479178448
Uzbekistan,2021,-0.18854432061991497,-0.11180315256030937,-0.21577810390646146,0.677465071031148,-0.31399616128934726,-0.2961606271971763,-0.05883337151853318,-0.18275164994038423
Uzbekistan,2022,-0.206582378892794,-0.09283320529516922,-0.21053688283991853,0.5454349899330586,-0.3077148486174112,-0.21644731758911323,0.054479244434025145,-0.19452216216926962
Uzbekistan,2023,-0.19886318143128684,-0.05536841082333922,-0.21948101883313062,0.5213875021311836,-0.30257417229765354,-0.20475603131538936,0.10280695716816862,-0.18744664556741894
Uzbekistan,2024,-0.1817130937324512,-0.03229348133075343,-0.2118046768847939,0.5696206511932738,-0.30512705911392457,-0.1607545598926717,0.09493300550321339,-0.16897871864271916
Vietnam,1990,-0.50145357500177,-0.15697708761523957,-0.46262438063372424,-0.5643799186365742,-0.3408782428485815,1.6165537521761941,-0.07425381783133841,-0.3927965491227935
Vietnam,1991,-0.49793318663680297,-0.14786280685216183,-0.46109172156900496,-0.5643927275482032,-0.34249106484409225,1.8526116873349436,-0.07425381783133841,-0.39161742481632167
Vietnam,1992,-0.49614834369988237,-0.15224053225804954,-0.4592306355618458,-0.5644537223654847,-0.33560431492326137,2.0443058473219966,-0.07425381783133841,-0.388858907007677
Vietnam,1993,-0.4864613098496864,-0.15336008170611265,-0.4554734313403339,-0.5644537223654847,-0.319024504809411,2.0561950300638796,-0.07425381783133841,-0.37918468371059366
Vietnam,1994,-0.4814210378535527,-0.1494990714301002,-0.44934279508145664,-0.5644537223654847,-0.3139602437435073,2.0581006910362527,-0.07425381783133841,-0.37910229577424465
Vietnam,1995,-0.47568958052159793,-0.140944565391054,-0.4407380091895326,-0.5591673015516971,-0.3127828836867844,1.978886751573825,-0.07425381783133841,-0.37352078776077485
Vietnam,1996,-0.4615001998392195,-0.12855775547209952,-0.4312048698069785,-0.5566903020218954,-0.3009125137998254,1.9309777946561177,-0.07425381783133841,-0.3622750706473763
Vietnam,1997,-0.4387047474143007,-0.09349289263084137,-0.4227708659251231,-0.5503059744970408,-0.2939773792191292,1.5856296782207333,-0.07425381783133841,-0.3426343643966272
Vietnam,1998,-0.42960839937826995,-0.0926604071438201,-0.4121561071454671,-0.5409341208217382,-0.28125221367454944,1.2432749565512218,-0.07425381783133841,-0.33477219431951777
Vietnam,1999,-0.4293483982873665,-0.10160244953027275,-0.40416438487943074,-0.5376910263868809,-0.27263974421852216,1.4982633662614966,-0.07425381783133841,-0.327768553558326
Vietnam,2000,-0.41713726864315875,-0.09788497123478121,-0.39040548550415055,-0.532685791680761,-0.2602371430730445,1.3697810624949978,-0.07425381783133841,-0.31463735797285425
Vietnam,2001,-0.403269947723948,-0.08117784870214738,-0.3770319404079998,-0.5326339460860717,-0.2486893375851877,1.5341382397658612,-0.07425381783133841,-0.3023474940347934
Vietnam,2002,-0.37744497588355685,-0.06856138761435943,-0.35810579047166596,-0.4987976811473323,-0.2312708600336717,1.2321371529711287,-0.07425381783133841,-0.28719818399139374
Vietnam,2003,-0.36774741010092754,-0.06068148188376152,-0.33723097401018903,-0.48760452222800427,-0.221706825600293,1.077026112790348,-0.07425381783133841,-0.2702510042791621
Vietnam,2004,-0.327435468666535,-0.021726902370386728,-0.3163824317041073,-0.461027860442109,-0.1989660354635916,0.8037583435640352,-0.07425381783133841,-0.24582732573156255
Vietnam,2005,-0.31117090488064597,-0.0007712332143339849,-0.2834828101234325,-0.43132765406322815,-0.19959503604184078,0.5635301038843856,-0.07425381783133841,-0.23740749513001316
Vietnam,2006,-0.3050600735798391,0.0131944284903505,-0.25399882874413227,-0.4191280806587553,-0.20540119522567943,0.6383587635557483,-0.07425381783133841,-0.22708305507812088
Vietnam,2007,-0.2795120946169509,0.029083418734015147,-0.22116927157784472,-0.4095897111322743,-0.1758381680479676,0.6605063130765693,-0.07425381783133841,-0.20326284233197606
Vietnam,2008,-0.24553613637193522,0.08626655977354543,-0.1927187403107552,-0.3840304428986344,-0.18007988989616086,0.6963682502735399,-0.07395493426208277,-0.17931916279652407
Vietnam,2009,-0.20592491552792927,0.11307833373485127,-0.1529703222237348,-0.36296405290595,-0.15090393999737156,0.7190720982750278,-0.07161638369258325,-0.1630156034654094
Vietnam,2010,-0.15433897286347606,0.18148567565111662,-0.11462757145035694,-0.3339390591543753,-0.12611486592637153,0.48821785211829294,-0.06275747661828644,-0.1369425211526818
Vietnam,2011,-0.14217487321084912,0.23495133839515533,-0.08023470203805572,-0.34993555993462155,-0.14424298515591222,0.84052307444866,-0.05596188901413767,-0.11591835903473244
Vietnam,2012,-0.16591661921006493,0.19362848120318554,-0.033238996087862585,-0.3302720507394115,-0.15851645981618226,1.0353366051717072,-0.057146735107035225,-0.1161593960501209
Vietnam,2013,-0.1517830780969426,0.2271001390606616,0.015052901528493187,-0.32261049174068224,-0.15924222971416208,1.063148687993427,-0.05833723415244015,-0.10402122045176891
Vietnam,2014,-0.122632485065769,0.2602990861551479,0.07348662312739158,-0.3108756988438945,-0.1383239284323878,0.9971154969582557,-0.027319682409396966,-0.0514473384255871
Vietnam,2015,-0.05609185147932245,0.3373901128929283,0.13941723706571688,-0.2983516330114841,-0.08395569896372077,0.6872964745423255,-0.039234061416947755,-0.04912588265231039
Vietnam,2016,-0.038667483392571735,0.34588720613976615,0.20995458624999858,-0.2952848135985702,-0.05372818912385853,0.7419981242053424,-0.04756531988607735,-0.0005928943529626064
Vietnam,2017,-0.04973946804676521,0.3373039937046158,0.2750356691638795,-0.34455276730952916,-0.0630954592737849,1.0266349358900062,-0.04441511949403562,-0.0026139441121989094
Vietnam,2018,0.19482055166536658,0.8134257164174952,0.35406832859260534,-0.3302174603779446,-0.036979032700479524,0.8453293211747054,-0.031244203190919445,0.08621063532968802
Vietnam,2019,0.37906159859239197,1.1689908277771341,0.41689810563586527,-0.32255638933775355,-0.026432789671834798,0.8148821922645231,0.4260644686514154,0.18281900806730886
Vietnam,2020,0.40252990635361374,1.253544235966461,0.4549698433619261,-0.35654313093051915,-0.0443804018636379,0.6990159595581891,0.875110572234784,0.1648379732883359
Vietnam,2021,0.3467661601613793,1.2155055668281,0.48906299910460854,-0.38827692830554394,-0.07872570430955834,0.9980225538480215,2.620232454409663,0.17983557713588105
Vietnam,2022,0.34786909385622417,1.1567931670230662,0.497469082553798,-0.3720905982350579,0.03673862113124753,1.1711174479433097,2.7417645697479696,0.19611095377277077
Vietnam,2023,0.5100146028782877,1.483913506786985,0.5399966319096059,-0.38666591405871253,0.051188029921605795,0.8535561188188039,2.71543477995079,0.2643155621964974
Vietnam,2024,0.6551312779337887,1.6668652042757826,0.6351165565511909,-0.4139914767585172,0.16902006153635457,0.8202179448022874,2.545312767820216,0.33317937711767637
